selection_category,cell_id,official_cycle_life,cutoff_cycle,family,cycle,true_soh,prediction_median,prediction_min,prediction_max
短寿命,MATR_b2c37,478.0,20,current_hybrid,21,1.0030015707015991,1.0023834705352783,1.0022788047790527,1.0025004148483276
短寿命,MATR_b2c37,478.0,20,current_hybrid,22,1.0030971765518188,1.002092719078064,1.0019468069076538,1.0022584199905396
短寿命,MATR_b2c37,478.0,20,current_hybrid,23,1.0031027793884277,1.0018593072891235,1.0016812086105347,1.0020614862442017
短寿命,MATR_b2c37,478.0,20,current_hybrid,24,1.0030995607376099,1.0016552209854126,1.0014504194259644,1.0018880367279053
短寿命,MATR_b2c37,478.0,20,current_hybrid,25,1.0032267570495605,1.0014698505401611,1.0012415647506714,1.0017293691635132
短寿命,MATR_b2c37,478.0,20,current_hybrid,26,1.0033069849014282,1.0012977123260498,1.0010484457015991,1.0015813112258911
短寿命,MATR_b2c37,478.0,20,current_hybrid,27,1.003395676612854,1.0011355876922607,1.0008671283721924,1.001441240310669
短寿命,MATR_b2c37,478.0,20,current_hybrid,28,1.003329873085022,1.0009816884994507,1.0006952285766602,1.001307487487793
短寿命,MATR_b2c37,478.0,20,current_hybrid,29,1.0033674240112305,1.0008341073989868,1.0005310773849487,1.0011789798736572
短寿命,MATR_b2c37,478.0,20,current_hybrid,30,1.0033595561981201,1.0006918907165527,1.000373363494873,1.0010550022125244
短寿命,MATR_b2c37,478.0,20,current_hybrid,31,1.0033422708511353,1.0005544424057007,1.0002210140228271,1.0009344816207886
短寿命,MATR_b2c37,478.0,20,current_hybrid,32,1.0034804344177246,1.0004210472106934,1.0000734329223633,1.0008171796798706
短寿命,MATR_b2c37,478.0,20,current_hybrid,33,1.003463625907898,1.000291109085083,0.9999301433563232,1.0007027387619019
短寿命,MATR_b2c37,478.0,20,current_hybrid,34,1.0034518241882324,1.0001643896102905,0.9997905492782593,1.0005909204483032
短寿命,MATR_b2c37,478.0,20,current_hybrid,35,1.0036042928695679,1.0000404119491577,0.9996541738510132,1.0004812479019165
短寿命,MATR_b2c37,478.0,20,current_hybrid,36,1.0036916732788086,0.9999189972877502,0.9995208382606506,1.0003736019134521
短寿命,MATR_b2c37,478.0,20,current_hybrid,37,1.0038371086120605,0.9997998476028442,0.999390184879303,1.000267744064331
短寿命,MATR_b2c37,478.0,20,current_hybrid,38,1.003952145576477,0.9996827840805054,0.9992619752883911,1.0001636743545532
短寿命,MATR_b2c37,478.0,20,current_hybrid,40,1.0039879083633423,0.9994543194770813,0.999012291431427,0.9999597072601318
短寿命,MATR_b2c37,478.0,20,current_hybrid,41,1.00395929813385,0.999342679977417,0.9988903403282166,0.9998598098754883
短寿命,MATR_b2c37,478.0,20,current_hybrid,42,1.0039581060409546,0.9992324709892273,0.9987702965736389,0.999761164188385
短寿命,MATR_b2c37,478.0,20,current_hybrid,43,1.003932237625122,0.999123752117157,0.998651921749115,0.9996635317802429
短寿命,MATR_b2c37,478.0,20,current_hybrid,44,1.0040576457977295,0.999016284942627,0.9985350370407104,0.9995670914649963
短寿命,MATR_b2c37,478.0,20,current_hybrid,45,1.004038691520691,0.9989101886749268,0.9984196424484253,0.9994716048240662
短寿命,MATR_b2c37,478.0,20,current_hybrid,46,1.004085898399353,0.9988051652908325,0.9983056783676147,0.9993770718574524
短寿命,MATR_b2c37,478.0,20,current_hybrid,47,1.0040255784988403,0.998701274394989,0.9981929659843445,0.9992833137512207
短寿命,MATR_b2c37,478.0,20,current_hybrid,48,1.0040149688720703,0.9985984563827515,0.9980815649032593,0.9991905093193054
短寿命,MATR_b2c37,478.0,20,current_hybrid,49,1.0040967464447021,0.9984965920448303,0.9979712963104248,0.9990984797477722
短寿命,MATR_b2c37,478.0,20,current_hybrid,50,1.0041536092758179,0.9983956813812256,0.9978621006011963,0.9990071654319763
短寿命,MATR_b2c37,478.0,20,current_hybrid,51,1.004104495048523,0.9982956647872925,0.9977539777755737,0.9989166259765625
短寿命,MATR_b2c37,478.0,20,current_hybrid,52,1.00429368019104,0.9981964826583862,0.9976469278335571,0.9988266229629517
短寿命,MATR_b2c37,478.0,20,current_hybrid,53,1.004158854484558,0.9980981349945068,0.9975407719612122,0.9987373948097229
短寿命,MATR_b2c37,478.0,20,current_hybrid,54,1.0041342973709106,0.9980005621910095,0.9974355101585388,0.9986487627029419
短寿命,MATR_b2c37,478.0,20,current_hybrid,55,1.0041929483413696,0.9979037046432495,0.9973311424255371,0.9985606670379639
短寿命,MATR_b2c37,478.0,20,current_hybrid,56,1.0040580034255981,0.9978075623512268,0.9972276091575623,0.9984732270240784
短寿命,MATR_b2c37,478.0,20,current_hybrid,57,1.0041232109069824,0.9977121353149414,0.9971249103546143,0.9983862638473511
短寿命,MATR_b2c37,478.0,20,current_hybrid,58,1.004174828529358,0.9976173043251038,0.9970228672027588,0.9982998371124268
短寿命,MATR_b2c37,478.0,20,current_hybrid,59,1.0041849613189697,0.9975231289863586,0.9969216585159302,0.9982138872146606
短寿命,MATR_b2c37,478.0,20,current_hybrid,60,1.0042017698287964,0.997429609298706,0.9968211650848389,0.9981284737586975
短寿命,MATR_b2c37,478.0,20,current_hybrid,61,1.0042556524276733,0.9973365664482117,0.9967213869094849,0.9980434775352478
短寿命,MATR_b2c37,478.0,20,current_hybrid,62,1.0043575763702393,0.9972441792488098,0.9966222047805786,0.9979589581489563
短寿命,MATR_b2c37,478.0,20,current_hybrid,63,1.0042717456817627,0.9971522688865662,0.9965236186981201,0.9978748559951782
短寿命,MATR_b2c37,478.0,20,current_hybrid,64,1.0042767524719238,0.9970608949661255,0.9964257478713989,0.9977911710739136
短寿命,MATR_b2c37,478.0,20,current_hybrid,65,1.004307746887207,0.9969700574874878,0.9963284134864807,0.9977078437805176
短寿命,MATR_b2c37,478.0,20,current_hybrid,66,1.004297137260437,0.9968796372413635,0.9962316751480103,0.997624933719635
短寿命,MATR_b2c37,478.0,20,current_hybrid,67,1.0043638944625854,0.9967897534370422,0.9961355328559875,0.9975425004959106
短寿命,MATR_b2c37,478.0,20,current_hybrid,68,1.0042990446090698,0.9967002868652344,0.996039867401123,0.9974603056907654
短寿命,MATR_b2c37,478.0,20,current_hybrid,69,1.0043764114379883,0.9966112971305847,0.9959447383880615,0.9973784685134888
短寿命,MATR_b2c37,478.0,20,current_hybrid,70,1.0042705535888672,0.9965226650238037,0.9958500266075134,0.9972969889640808
短寿命,MATR_b2c37,478.0,20,current_hybrid,71,1.0042451620101929,0.9964345097541809,0.9957559108734131,0.9972158670425415
短寿命,MATR_b2c37,478.0,20,current_hybrid,72,1.0043524503707886,0.9963467717170715,0.995662271976471,0.9971351027488708
短寿命,MATR_b2c37,478.0,20,current_hybrid,73,1.004379391670227,0.996259331703186,0.9955690503120422,0.9970545768737793
短寿命,MATR_b2c37,478.0,20,current_hybrid,74,1.0043708086013794,0.9961723685264587,0.9954763054847717,0.9969744086265564
短寿命,MATR_b2c37,478.0,20,current_hybrid,75,1.0044161081314087,0.9960857033729553,0.9953839778900146,0.9968945384025574
短寿命,MATR_b2c37,478.0,20,current_hybrid,76,1.0043278932571411,0.9959995150566101,0.9952921271324158,0.9968149065971375
短寿命,MATR_b2c37,478.0,20,current_hybrid,77,1.0042239427566528,0.995913565158844,0.9952006340026855,0.9967355728149414
短寿命,MATR_b2c37,478.0,20,current_hybrid,78,1.0043063163757324,0.9958279728889465,0.9951095581054688,0.9966565370559692
短寿命,MATR_b2c37,478.0,20,current_hybrid,79,1.0042643547058105,0.9957427382469177,0.9950188994407654,0.9965777397155762
短寿命,MATR_b2c37,478.0,20,current_hybrid,80,1.0042314529418945,0.9956578612327576,0.9949285387992859,0.9964991807937622
短寿命,MATR_b2c37,478.0,20,current_hybrid,81,1.0041708946228027,0.9955732226371765,0.9948385953903198,0.9964209198951721
短寿命,MATR_b2c37,478.0,20,current_hybrid,82,1.0041719675064087,0.9954889416694641,0.9947490096092224,0.9963428378105164
短寿命,MATR_b2c37,478.0,20,current_hybrid,83,1.0042191743850708,0.9954048991203308,0.9946598410606384,0.9962651133537292
短寿命,MATR_b2c37,478.0,20,current_hybrid,84,1.0043021440505981,0.9953212738037109,0.9945709705352783,0.9961875081062317
短寿命,MATR_b2c37,478.0,20,current_hybrid,85,1.0043832063674927,0.9952378869056702,0.9944824576377869,0.996110200881958
短寿命,MATR_b2c37,478.0,20,current_hybrid,86,1.0042057037353516,0.9951546788215637,0.9943942427635193,0.9960330724716187
短寿命,MATR_b2c37,478.0,20,current_hybrid,87,1.004202961921692,0.9950718879699707,0.9943063855171204,0.9959562420845032
短寿命,MATR_b2c37,478.0,20,current_hybrid,88,1.0041534900665283,0.9949892163276672,0.9942188262939453,0.9958795309066772
短寿命,MATR_b2c37,478.0,20,current_hybrid,89,1.0043870210647583,0.9949069619178772,0.9941315650939941,0.9958030581474304
短寿命,MATR_b2c37,478.0,20,current_hybrid,90,1.004217505455017,0.9948248267173767,0.9940446019172668,0.9957268834114075
短寿命,MATR_b2c37,478.0,20,current_hybrid,91,1.004300832748413,0.9947430491447449,0.9939579367637634,0.9956507682800293
短寿命,MATR_b2c37,478.0,20,current_hybrid,92,1.004186749458313,0.9946615099906921,0.9938715696334839,0.995574951171875
短寿命,MATR_b2c37,478.0,20,current_hybrid,93,1.0041828155517578,0.994580090045929,0.9937855005264282,0.9954991936683655
短寿命,MATR_b2c37,478.0,20,current_hybrid,94,1.004070520401001,0.9944990277290344,0.9936997294425964,0.9954237937927246
短寿命,MATR_b2c37,478.0,20,current_hybrid,95,1.0040165185928345,0.994418203830719,0.9936141967773438,0.9953485131263733
短寿命,MATR_b2c37,478.0,20,current_hybrid,96,1.0039961338043213,0.9943374991416931,0.9935289621353149,0.9952734112739563
短寿命,MATR_b2c37,478.0,20,current_hybrid,97,1.0039904117584229,0.9942570924758911,0.9934439659118652,0.9951984286308289
短寿命,MATR_b2c37,478.0,20,current_hybrid,98,1.0040664672851562,0.9941768646240234,0.9933592081069946,0.9951236844062805
短寿命,MATR_b2c37,478.0,20,current_hybrid,99,1.0040363073349,0.9940969347953796,0.9932747483253479,0.9950491189956665
短寿命,MATR_b2c37,478.0,20,current_hybrid,100,1.0041383504867554,0.9940171241760254,0.9931904673576355,0.994974672794342
短寿命,MATR_b2c37,478.0,20,current_hybrid,101,1.0028942823410034,0.9939375519752502,0.993106484413147,0.9949004650115967
短寿命,MATR_b2c37,478.0,20,current_hybrid,102,1.0040076971054077,0.9938581585884094,0.9930226802825928,0.9948263168334961
短寿命,MATR_b2c37,478.0,20,current_hybrid,103,1.0039165019989014,0.9937790036201477,0.9929391741752625,0.9947523474693298
短寿命,MATR_b2c37,478.0,20,current_hybrid,104,1.0038963556289673,0.9937000274658203,0.9928558468818665,0.9946786165237427
短寿命,MATR_b2c37,478.0,20,current_hybrid,105,1.0039175748825073,0.9936212301254272,0.9927727580070496,0.9946050047874451
短寿命,MATR_b2c37,478.0,20,current_hybrid,106,1.002835750579834,0.9935426712036133,0.9926899671554565,0.994531512260437
短寿命,MATR_b2c37,478.0,20,current_hybrid,107,1.0038481950759888,0.9934642314910889,0.9926072955131531,0.9944581985473633
短寿命,MATR_b2c37,478.0,20,current_hybrid,108,1.0038063526153564,0.9933859705924988,0.9925248622894287,0.9943850040435791
短寿命,MATR_b2c37,478.0,20,current_hybrid,109,1.003943681716919,0.9933079481124878,0.9924426674842834,0.9943119883537292
短寿命,MATR_b2c37,478.0,20,current_hybrid,110,1.0039074420928955,0.9932300448417664,0.9923606514930725,0.994239091873169
短寿命,MATR_b2c37,478.0,20,current_hybrid,111,1.0028374195098877,0.9931523203849792,0.9922788143157959,0.9941663146018982
短寿命,MATR_b2c37,478.0,20,current_hybrid,112,1.0038927793502808,0.9930747747421265,0.9921972155570984,0.994093656539917
短寿命,MATR_b2c37,478.0,20,current_hybrid,113,1.003780484199524,0.992997407913208,0.99211585521698,0.9940211772918701
短寿命,MATR_b2c37,478.0,20,current_hybrid,114,1.0035905838012695,0.9929202198982239,0.9920346140861511,0.9939488172531128
短寿命,MATR_b2c37,478.0,20,current_hybrid,115,1.0037310123443604,0.9928431510925293,0.9919536113739014,0.993876576423645
短寿命,MATR_b2c37,478.0,20,current_hybrid,116,1.0025628805160522,0.992766261100769,0.9918727278709412,0.9938044548034668
短寿命,MATR_b2c37,478.0,20,current_hybrid,117,1.0036664009094238,0.9926895499229431,0.9917920827865601,0.9937324523925781
短寿命,MATR_b2c37,478.0,20,current_hybrid,118,1.003627061843872,0.9926129579544067,0.9917116761207581,0.9936606287956238
短寿命,MATR_b2c37,478.0,20,current_hybrid,119,1.0035253763198853,0.9925365447998047,0.9916313290596008,0.993588924407959
短寿命,MATR_b2c37,478.0,20,current_hybrid,120,1.0035406351089478,0.9924602508544922,0.9915512204170227,0.993517279624939
短寿命,MATR_b2c37,478.0,20,current_hybrid,121,1.00242018699646,0.992384135723114,0.9914712309837341,0.9934458136558533
短寿命,MATR_b2c37,478.0,20,current_hybrid,122,1.0035375356674194,0.9923081398010254,0.9913915395736694,0.9933744072914124
短寿命,MATR_b2c37,478.0,20,current_hybrid,123,1.0035086870193481,0.9922323226928711,0.9913119077682495,0.993303120136261
短寿命,MATR_b2c37,478.0,20,current_hybrid,124,1.0035194158554077,0.9921566247940063,0.9912324547767639,0.993232011795044
短寿命,MATR_b2c37,478.0,20,current_hybrid,125,1.0033828020095825,0.9920810461044312,0.9911531805992126,0.9931609630584717
短寿命,MATR_b2c37,478.0,20,current_hybrid,126,1.0023292303085327,0.9920055866241455,0.9910740852355957,0.9930899739265442
短寿命,MATR_b2c37,478.0,20,current_hybrid,127,1.003364086151123,0.9919303059577942,0.9909951090812683,0.9930192232131958
短寿命,MATR_b2c37,478.0,20,current_hybrid,128,1.0033020973205566,0.9918551445007324,0.9909163117408752,0.9929484724998474
短寿命,MATR_b2c37,478.0,20,current_hybrid,129,1.0031623840332031,0.9917801022529602,0.9908376932144165,0.9928778409957886
短寿命,MATR_b2c37,478.0,20,current_hybrid,130,1.0032325983047485,0.9917052388191223,0.9907591938972473,0.9928073883056641
短寿命,MATR_b2c37,478.0,20,current_hybrid,131,1.0019917488098145,0.9916304349899292,0.9906808137893677,0.9927369356155396
短寿命,MATR_b2c37,478.0,20,current_hybrid,132,1.0032650232315063,0.9915558099746704,0.9906026721000671,0.9926666617393494
短寿命,MATR_b2c37,478.0,20,current_hybrid,133,1.0032097101211548,0.9914812445640564,0.9905245900154114,0.992596447467804
短寿命,MATR_b2c37,478.0,20,current_hybrid,134,1.0030523538589478,0.9914068579673767,0.9904466867446899,0.9925263524055481
短寿命,MATR_b2c37,478.0,20,current_hybrid,135,1.0031278133392334,0.9913325905799866,0.9903689622879028,0.992456316947937
短寿命,MATR_b2c37,478.0,20,current_hybrid,136,1.0029821395874023,0.991258442401886,0.9902913570404053,0.9923864006996155
短寿命,MATR_b2c37,478.0,20,current_hybrid,137,1.0030015707015991,0.9911843538284302,0.9902138113975525,0.9923166036605835
短寿命,MATR_b2c37,478.0,20,current_hybrid,138,1.0028769969940186,0.9911104440689087,0.9901365041732788,0.9922469258308411
短寿命,MATR_b2c37,478.0,20,current_hybrid,139,1.0029356479644775,0.9910366535186768,0.9900593161582947,0.9921772480010986
短寿命,MATR_b2c37,478.0,20,current_hybrid,140,1.00288987159729,0.9909629821777344,0.9899821877479553,0.9921077489852905
短寿命,MATR_b2c37,478.0,20,current_hybrid,141,1.002808928489685,0.9908893704414368,0.9899052977561951,0.9920382499694824
短寿命,MATR_b2c37,478.0,20,current_hybrid,142,1.002798080444336,0.9908158779144287,0.9898284673690796,0.9919689297676086
短寿命,MATR_b2c37,478.0,20,current_hybrid,143,1.0027616024017334,0.990742564201355,0.9897518157958984,0.9918996691703796
短寿命,MATR_b2c37,478.0,20,current_hybrid,144,1.0027766227722168,0.990669310092926,0.9896752238273621,0.9918304085731506
短寿命,MATR_b2c37,478.0,20,current_hybrid,145,1.002648949623108,0.9905961155891418,0.98959881067276,0.991761326789856
短寿命,MATR_b2c37,478.0,20,current_hybrid,146,1.0027140378952026,0.990523099899292,0.9895225167274475,0.9916923642158508
短寿命,MATR_b2c37,478.0,20,current_hybrid,147,1.0026671886444092,0.9904501438140869,0.9894462823867798,0.9916234016418457
短寿命,MATR_b2c37,478.0,20,current_hybrid,148,1.0025529861450195,0.9903773069381714,0.9893702864646912,0.9915545582771301
短寿命,MATR_b2c37,478.0,20,current_hybrid,149,1.0024982690811157,0.9903045892715454,0.9892942905426025,0.9914857745170593
短寿命,MATR_b2c37,478.0,20,current_hybrid,150,1.0025423765182495,0.9902319312095642,0.989218533039093,0.9914170503616333
短寿命,MATR_b2c37,478.0,20,current_hybrid,151,1.0024322271347046,0.9901593923568726,0.9891427755355835,0.9913484454154968
短寿命,MATR_b2c37,478.0,20,current_hybrid,152,1.0023744106292725,0.9900869727134705,0.9890671968460083,0.9912799596786499
短寿命,MATR_b2c37,478.0,20,current_hybrid,153,1.0023101568222046,0.9900146126747131,0.9889917373657227,0.9912115335464478
短寿命,MATR_b2c37,478.0,20,current_hybrid,154,1.0021651983261108,0.9899423718452454,0.9889163374900818,0.9911431670188904
短寿命,MATR_b2c37,478.0,20,current_hybrid,155,1.0022518634796143,0.9898701906204224,0.9888411164283752,0.9910762310028076
短寿命,MATR_b2c37,478.0,20,current_hybrid,156,1.002179741859436,0.9897981882095337,0.9887659549713135,0.9910094141960144
短寿命,MATR_b2c37,478.0,20,current_hybrid,157,1.002097725868225,0.989726185798645,0.988690972328186,0.9909427165985107
短寿命,MATR_b2c37,478.0,20,current_hybrid,158,1.002138376235962,0.9896543025970459,0.9886159896850586,0.9908760786056519
短寿命,MATR_b2c37,478.0,20,current_hybrid,159,1.0020493268966675,0.9895825386047363,0.9885412454605103,0.9908095002174377
短寿命,MATR_b2c37,478.0,20,current_hybrid,160,1.001994013786316,0.9895108342170715,0.9884665012359619,0.9907430410385132
短寿命,MATR_b2c37,478.0,20,current_hybrid,161,1.0019510984420776,0.9894392490386963,0.9883918762207031,0.9906766414642334
短寿命,MATR_b2c37,478.0,20,current_hybrid,162,1.0018484592437744,0.9893677234649658,0.9883173704147339,0.9906103014945984
短寿命,MATR_b2c37,478.0,20,current_hybrid,163,1.0018131732940674,0.9892962574958801,0.9882429838180542,0.9905440211296082
短寿命,MATR_b2c37,478.0,20,current_hybrid,164,1.0018049478530884,0.989224910736084,0.9881687164306641,0.9904778599739075
短寿命,MATR_b2c37,478.0,20,current_hybrid,165,1.0016716718673706,0.9891536831855774,0.9880945086479187,0.9904116988182068
短寿命,MATR_b2c37,478.0,20,current_hybrid,166,1.0016807317733765,0.9890825748443604,0.9880204200744629,0.9903457164764404
短寿命,MATR_b2c37,478.0,20,current_hybrid,167,1.0015869140625,0.9890114665031433,0.9879463911056519,0.9902797937393188
短寿命,MATR_b2c37,478.0,20,current_hybrid,168,1.0014808177947998,0.988940417766571,0.9878725409507751,0.9902138710021973
短寿命,MATR_b2c37,478.0,20,current_hybrid,169,1.0014667510986328,0.9888694882392883,0.9877986907958984,0.9901480674743652
短寿命,MATR_b2c37,478.0,20,current_hybrid,170,1.0014549493789673,0.9887986779212952,0.987725019454956,0.9900822639465332
短寿命,MATR_b2c37,478.0,20,current_hybrid,171,1.0014142990112305,0.988727867603302,0.9876514077186584,0.9900165796279907
短寿命,MATR_b2c37,478.0,20,current_hybrid,172,1.0013647079467773,0.9886571764945984,0.9875778555870056,0.989950954914093
短寿命,MATR_b2c37,478.0,20,current_hybrid,173,1.0012167692184448,0.9885866045951843,0.9875044822692871,0.9898854494094849
短寿命,MATR_b2c37,478.0,20,current_hybrid,174,1.0011529922485352,0.988516092300415,0.9874311089515686,0.9898199439048767
短寿命,MATR_b2c37,478.0,20,current_hybrid,175,1.0011311769485474,0.9884456396102905,0.9873578548431396,0.9897545576095581
短寿命,MATR_b2c37,478.0,20,current_hybrid,176,1.0011615753173828,0.9883752465248108,0.9872847199440002,0.9896891713142395
短寿命,MATR_b2c37,478.0,20,current_hybrid,177,1.0010302066802979,0.9883049726486206,0.9872116446495056,0.9896239042282104
短寿命,MATR_b2c37,478.0,20,current_hybrid,178,1.0009533166885376,0.9882346987724304,0.9871386885643005,0.9895586371421814
短寿命,MATR_b2c37,478.0,20,current_hybrid,179,1.0008516311645508,0.9881646037101746,0.9870657920837402,0.9894935488700867
短寿命,MATR_b2c37,478.0,20,current_hybrid,180,1.000821590423584,0.9880945086479187,0.9869929552078247,0.9894284605979919
短寿命,MATR_b2c37,478.0,20,current_hybrid,181,1.0008479356765747,0.9880245327949524,0.9869202971458435,0.9893633723258972
短寿命,MATR_b2c37,478.0,20,current_hybrid,182,1.0007580518722534,0.9879545569419861,0.9868476390838623,0.989298403263092
短寿命,MATR_b2c37,478.0,20,current_hybrid,183,1.000765085220337,0.9878847002983093,0.9867751002311707,0.9892335534095764
短寿命,MATR_b2c37,478.0,20,current_hybrid,184,1.0006476640701294,0.9878149628639221,0.9867026209831238,0.989168643951416
短寿命,MATR_b2c37,478.0,20,current_hybrid,185,1.0005196332931519,0.9877452254295349,0.9866302609443665,0.9891038537025452
短寿命,MATR_b2c37,478.0,20,current_hybrid,186,1.0005170106887817,0.9876755475997925,0.9865579605102539,0.9890391230583191
短寿命,MATR_b2c37,478.0,20,current_hybrid,187,1.0004446506500244,0.9876059889793396,0.9864857196807861,0.9889744520187378
短寿命,MATR_b2c37,478.0,20,current_hybrid,188,1.0003488063812256,0.9875364899635315,0.9864135980606079,0.988909900188446
短寿命,MATR_b2c37,478.0,20,current_hybrid,189,1.0003012418746948,0.9874670505523682,0.9863415956497192,0.9888452887535095
短寿命,MATR_b2c37,478.0,20,current_hybrid,190,1.0002174377441406,0.9873976707458496,0.9862695336341858,0.9887807965278625
短寿命,MATR_b2c37,478.0,20,current_hybrid,191,1.0001345872879028,0.9873283505439758,0.9861976504325867,0.9887163043022156
短寿命,MATR_b2c37,478.0,20,current_hybrid,192,1.0000866651535034,0.9872591495513916,0.9861258864402771,0.9886519908905029
短寿命,MATR_b2c37,478.0,20,current_hybrid,193,1.0000470876693726,0.9871899485588074,0.9860541224479675,0.9885876178741455
短寿命,MATR_b2c37,478.0,20,current_hybrid,194,1.0000730752944946,0.9871208071708679,0.9859824180603027,0.9885233640670776
短寿命,MATR_b2c37,478.0,20,current_hybrid,195,0.9999242424964905,0.987051784992218,0.9859108328819275,0.9884591698646545
短寿命,MATR_b2c37,478.0,20,current_hybrid,196,0.9998583793640137,0.9869828224182129,0.9858393669128418,0.9883949756622314
短寿命,MATR_b2c37,478.0,20,current_hybrid,197,0.9997220635414124,0.9869138598442078,0.9857679009437561,0.9883309006690979
短寿命,MATR_b2c37,478.0,20,current_hybrid,198,0.999647319316864,0.986845076084137,0.98569655418396,0.9882667660713196
短寿命,MATR_b2c37,478.0,20,current_hybrid,199,0.999542772769928,0.9867762327194214,0.9856252074241638,0.9882028102874756
短寿命,MATR_b2c37,478.0,20,current_hybrid,200,0.9994938373565674,0.9867075085639954,0.9855539798736572,0.9881388545036316
短寿命,MATR_b2c37,478.0,20,current_hybrid,201,0.9994252324104309,0.9866388440132141,0.9854828715324402,0.9880749583244324
短寿命,MATR_b2c37,478.0,20,current_hybrid,202,0.9993231892585754,0.9865702390670776,0.9854118227958679,0.9880111217498779
短寿命,MATR_b2c37,478.0,20,current_hybrid,203,0.9993907809257507,0.9865016341209412,0.9853407740592957,0.9879473447799683
短寿命,MATR_b2c37,478.0,20,current_hybrid,204,0.9993138909339905,0.986433207988739,0.9852697849273682,0.9878835678100586
短寿命,MATR_b2c37,478.0,20,current_hybrid,205,0.9992566108703613,0.9863647222518921,0.985198974609375,0.9878199100494385
短寿命,MATR_b2c37,478.0,20,current_hybrid,206,0.9992185831069946,0.9862963557243347,0.9851281642913818,0.9877562522888184
短寿命,MATR_b2c37,478.0,20,current_hybrid,207,0.9990367889404297,0.9862280488014221,0.9850574135780334,0.9876927137374878
短寿命,MATR_b2c37,478.0,20,current_hybrid,208,0.9989162683486938,0.9861598014831543,0.9849867820739746,0.9876291155815125
短寿命,MATR_b2c37,478.0,20,current_hybrid,209,0.9988608956336975,0.9860916137695312,0.9849162101745605,0.9875656366348267
短寿命,MATR_b2c37,478.0,20,current_hybrid,210,0.9988260865211487,0.9860234260559082,0.9848456382751465,0.9875022172927856
短寿命,MATR_b2c37,478.0,20,current_hybrid,211,0.9986433386802673,0.9859552979469299,0.984775185585022,0.9874387979507446
短寿命,MATR_b2c37,478.0,20,current_hybrid,212,0.9985769391059875,0.985887348651886,0.9847047924995422,0.9873754382133484
短寿命,MATR_b2c37,478.0,20,current_hybrid,213,0.9984161257743835,0.9858193397521973,0.9846344590187073,0.9873121380805969
短寿命,MATR_b2c37,478.0,20,current_hybrid,214,0.9983204007148743,0.9857514500617981,0.9845641851425171,0.9872488379478455
短寿命,MATR_b2c37,478.0,20,current_hybrid,215,0.9981914162635803,0.9856835603713989,0.9844940304756165,0.9871857166290283
短寿命,MATR_b2c37,478.0,20,current_hybrid,216,0.9981123805046082,0.9856157898902893,0.9844238758087158,0.9871225357055664
短寿命,MATR_b2c37,478.0,20,current_hybrid,217,0.9980977177619934,0.9855479598045349,0.98435378074646,0.9870593547821045
短寿命,MATR_b2c37,478.0,20,current_hybrid,218,0.9980428218841553,0.9854803085327148,0.9842838048934937,0.9869963526725769
短寿命,MATR_b2c37,478.0,20,current_hybrid,219,0.9979259967803955,0.98541259765625,0.9842138290405273,0.9869332909584045
短寿命,MATR_b2c37,478.0,20,current_hybrid,220,0.9978949427604675,0.9853450059890747,0.9841439723968506,0.9868703484535217
短寿命,MATR_b2c37,478.0,20,current_hybrid,221,0.9977402091026306,0.9852774739265442,0.9840741753578186,0.9868073463439941
短寿命,MATR_b2c37,478.0,20,current_hybrid,222,0.9975361824035645,0.9852099418640137,0.9840043187141418,0.9867444634437561
短寿命,MATR_b2c37,478.0,20,current_hybrid,223,0.9974730014801025,0.9851425290107727,0.9839346408843994,0.9866816401481628
短寿命,MATR_b2c37,478.0,20,current_hybrid,224,0.9973543286323547,0.9850751161575317,0.9838650226593018,0.9866188168525696
短寿命,MATR_b2c37,478.0,20,current_hybrid,225,0.9972070455551147,0.9850078225135803,0.9837954044342041,0.9865561127662659
短寿命,MATR_b2c37,478.0,20,current_hybrid,226,0.9971705079078674,0.9849404692649841,0.983725905418396,0.9864933490753174
短寿命,MATR_b2c37,478.0,20,current_hybrid,227,0.9971069097518921,0.9848732948303223,0.9836564064025879,0.9864307045936584
短寿命,MATR_b2c37,478.0,20,current_hybrid,228,0.9969386458396912,0.9848060607910156,0.9835870265960693,0.9863680601119995
短寿命,MATR_b2c37,478.0,20,current_hybrid,229,0.9969096779823303,0.9847389459609985,0.9835177063941956,0.9863054752349854
短寿命,MATR_b2c37,478.0,20,current_hybrid,230,0.9965629577636719,0.9846718907356262,0.9834483861923218,0.9862428903579712
短寿命,MATR_b2c37,478.0,20,current_hybrid,231,0.99666827917099,0.9846047759056091,0.9833791851997375,0.9861804246902466
短寿命,MATR_b2c37,478.0,20,current_hybrid,232,0.9965616464614868,0.9845378398895264,0.9833099842071533,0.986117959022522
短寿命,MATR_b2c37,478.0,20,current_hybrid,233,0.9963818788528442,0.9844708442687988,0.9832408428192139,0.9860555529594421
短寿命,MATR_b2c37,478.0,20,current_hybrid,234,0.9963432550430298,0.9844039678573608,0.983171820640564,0.9859931468963623
短寿命,MATR_b2c37,478.0,20,current_hybrid,235,0.9950261116027832,0.9843370914459229,0.9831027984619141,0.9859308004379272
短寿命,MATR_b2c37,478.0,20,current_hybrid,236,0.9961289763450623,0.9842702746391296,0.9830338954925537,0.9858684539794922
短寿命,MATR_b2c37,478.0,20,current_hybrid,237,0.9960505962371826,0.984203577041626,0.9829649925231934,0.9858062267303467
短寿命,MATR_b2c37,478.0,20,current_hybrid,238,0.9958703517913818,0.9841368198394775,0.9828961491584778,0.9857439994812012
短寿命,MATR_b2c37,478.0,20,current_hybrid,239,0.9956219792366028,0.9840701818466187,0.982827365398407,0.9856818318367004
短寿命,MATR_b2c37,478.0,20,current_hybrid,240,0.9943782091140747,0.984003484249115,0.9827585816383362,0.9856196641921997
短寿命,MATR_b2c37,478.0,20,current_hybrid,241,0.9954348206520081,0.9839369654655457,0.9826899170875549,0.9855575561523438
短寿命,MATR_b2c37,478.0,20,current_hybrid,242,0.9953758120536804,0.9838704466819763,0.9826213121414185,0.9854954481124878
短寿命,MATR_b2c37,478.0,20,current_hybrid,243,0.9953089952468872,0.983803927898407,0.982552707195282,0.9854334592819214
短寿命,MATR_b2c37,478.0,20,current_hybrid,244,0.9951943159103394,0.9837374687194824,0.9824841618537903,0.985371470451355
短寿命,MATR_b2c37,478.0,20,current_hybrid,245,0.9938005208969116,0.9836710691452026,0.9824156761169434,0.9853095412254333
短寿命,MATR_b2c37,478.0,20,current_hybrid,246,0.8758271336555481,0.9836047291755676,0.9823472499847412,0.9852476119995117
短寿命,MATR_b2c37,478.0,20,current_hybrid,247,0.9919900298118591,0.9835384488105774,0.9822788834571838,0.9851857423782349
短寿命,MATR_b2c37,478.0,20,current_hybrid,248,0.9932363629341125,0.9834721088409424,0.982210636138916,0.985123872756958
短寿命,MATR_b2c37,478.0,20,current_hybrid,249,0.9935219883918762,0.9834058880805969,0.9821423888206482,0.9850620627403259
短寿命,MATR_b2c37,478.0,20,current_hybrid,250,0.9936267137527466,0.9833397269248962,0.9820741415023804,0.9850003123283386
短寿命,MATR_b2c37,478.0,20,current_hybrid,251,0.993647038936615,0.9832735657691956,0.9820059537887573,0.9849385619163513
短寿命,MATR_b2c37,478.0,20,current_hybrid,252,0.9936241507530212,0.9832074642181396,0.981937825679779,0.9848768711090088
短寿命,MATR_b2c37,478.0,20,current_hybrid,253,0.9935243725776672,0.9831414222717285,0.9818697571754456,0.984815239906311
短寿命,MATR_b2c37,478.0,20,current_hybrid,254,0.9935376048088074,0.9830753803253174,0.9818018078804016,0.9847535490989685
短寿命,MATR_b2c37,478.0,20,current_hybrid,255,0.99336838722229,0.9830094575881958,0.9817337989807129,0.9846920371055603
短寿命,MATR_b2c37,478.0,20,current_hybrid,256,0.993294358253479,0.9829435348510742,0.9816659092903137,0.9846301674842834
短寿命,MATR_b2c37,478.0,20,current_hybrid,257,0.993277370929718,0.9828776717185974,0.9815980195999146,0.9845678210258484
短寿命,MATR_b2c37,478.0,20,current_hybrid,258,0.993166446685791,0.9828117489814758,0.9815301299095154,0.9845048785209656
短寿命,MATR_b2c37,478.0,20,current_hybrid,259,0.9930335283279419,0.9827459454536438,0.9814623594284058,0.984441339969635
短寿命,MATR_b2c37,478.0,20,current_hybrid,260,0.9929617643356323,0.9826802015304565,0.9813947081565857,0.9843773245811462
短寿命,MATR_b2c37,478.0,20,current_hybrid,261,0.9928333163261414,0.9826144576072693,0.9813269972801208,0.9843127131462097
短寿命,MATR_b2c37,478.0,20,current_hybrid,262,0.9926112294197083,0.9825487732887268,0.9812593460083008,0.9842475056648254
短寿命,MATR_b2c37,478.0,20,current_hybrid,263,0.9924880862236023,0.9824830889701843,0.9811917543411255,0.984181821346283
短寿命,MATR_b2c37,478.0,20,current_hybrid,264,0.9923864006996155,0.9824175238609314,0.981124222278595,0.9841155409812927
短寿命,MATR_b2c37,478.0,20,current_hybrid,265,0.9922066330909729,0.9823518991470337,0.9810567498207092,0.9840486645698547
短寿命,MATR_b2c37,478.0,20,current_hybrid,266,0.9922084212303162,0.9822863936424255,0.9809892773628235,0.9839812517166138
短寿命,MATR_b2c37,478.0,20,current_hybrid,267,0.9921350479125977,0.9822208881378174,0.9809218645095825,0.9839133024215698
短寿命,MATR_b2c37,478.0,20,current_hybrid,268,0.9920112490653992,0.982155442237854,0.9808545112609863,0.9838447570800781
短寿命,MATR_b2c37,478.0,20,current_hybrid,269,0.991901695728302,0.9820900559425354,0.9807871580123901,0.9837756752967834
短寿命,MATR_b2c37,478.0,20,current_hybrid,270,0.9917861819267273,0.982024610042572,0.9807198643684387,0.9837060570716858
短寿命,MATR_b2c37,478.0,20,current_hybrid,271,0.9916912913322449,0.9819592833518982,0.9806526303291321,0.9836357831954956
短寿命,MATR_b2c37,478.0,20,current_hybrid,272,0.9915444850921631,0.9818939566612244,0.980585515499115,0.9835650324821472
短寿命,MATR_b2c37,478.0,20,current_hybrid,273,0.9913856983184814,0.9818286895751953,0.9805183410644531,0.9834936857223511
短寿命,MATR_b2c37,478.0,20,current_hybrid,274,0.9912234544754028,0.981763482093811,0.980451226234436,0.9834217429161072
短寿命,MATR_b2c37,478.0,20,current_hybrid,275,0.9910072088241577,0.9816983342170715,0.9803842306137085,0.9833493232727051
短寿命,MATR_b2c37,478.0,20,current_hybrid,276,0.9907628893852234,0.9816330671310425,0.9803171753883362,0.9832763075828552
短寿命,MATR_b2c37,478.0,20,current_hybrid,277,0.9907026290893555,0.9815679788589478,0.9802501797676086,0.9832027554512024
短寿命,MATR_b2c37,478.0,20,current_hybrid,278,0.9905007481575012,0.981502890586853,0.9801833033561707,0.983128547668457
短寿命,MATR_b2c37,478.0,20,current_hybrid,279,0.990321159362793,0.9814378619194031,0.9801163673400879,0.9830538630485535
短寿命,MATR_b2c37,478.0,20,current_hybrid,280,0.9901941418647766,0.9813728332519531,0.9800495505332947,0.9829786419868469
短寿命,MATR_b2c37,478.0,20,current_hybrid,281,0.9900543093681335,0.981307864189148,0.9799827933311462,0.9829028248786926
短寿命,MATR_b2c37,478.0,20,current_hybrid,282,0.9898903965950012,0.9812428951263428,0.979915976524353,0.9828348159790039
短寿命,MATR_b2c37,478.0,20,current_hybrid,283,0.9897236227989197,0.9811779856681824,0.9798492193222046,0.9827724099159241
短寿命,MATR_b2c37,478.0,20,current_hybrid,284,0.9894670844078064,0.981113076210022,0.9797825813293457,0.982710063457489
短寿命,MATR_b2c37,478.0,20,current_hybrid,285,0.9893386363983154,0.9810482859611511,0.9797159433364868,0.9826476573944092
短寿命,MATR_b2c37,478.0,20,current_hybrid,286,0.9891120791435242,0.9809834361076355,0.9796493053436279,0.9825853109359741
短寿命,MATR_b2c37,478.0,20,current_hybrid,287,0.9889931082725525,0.9809187054634094,0.9795827865600586,0.9825230240821838
短寿命,MATR_b2c37,478.0,20,current_hybrid,288,0.9887494444847107,0.9808539748191833,0.9795162677764893,0.9824602007865906
短寿命,MATR_b2c37,478.0,20,current_hybrid,289,0.9885673522949219,0.9807892441749573,0.9794498085975647,0.98239666223526
短寿命,MATR_b2c37,478.0,20,current_hybrid,290,0.988364577293396,0.980724573135376,0.9793833494186401,0.9823325872421265
短寿命,MATR_b2c37,478.0,20,current_hybrid,291,0.9882929921150208,0.9806599617004395,0.9793169498443604,0.9822677373886108
短寿命,MATR_b2c37,478.0,20,current_hybrid,292,0.9881789684295654,0.9805953502655029,0.9792506098747253,0.9822022318840027
短寿命,MATR_b2c37,478.0,20,current_hybrid,293,0.9879158735275269,0.9805307984352112,0.9791842699050903,0.982136070728302
短寿命,MATR_b2c37,478.0,20,current_hybrid,294,0.9878034591674805,0.9804662466049194,0.9791180491447449,0.982069194316864
短寿命,MATR_b2c37,478.0,20,current_hybrid,295,0.9875313639640808,0.9804016351699829,0.9790517687797546,0.9820016622543335
短寿命,MATR_b2c37,478.0,20,current_hybrid,296,0.9873269200325012,0.9803372025489807,0.978985607624054,0.9819334149360657
短寿命,MATR_b2c37,478.0,20,current_hybrid,297,0.9872167706489563,0.9802727103233337,0.9789193868637085,0.9818645715713501
短寿命,MATR_b2c37,478.0,20,current_hybrid,298,0.986926794052124,0.9802078008651733,0.9788532853126526,0.9817950129508972
短寿命,MATR_b2c37,478.0,20,current_hybrid,299,0.9867432117462158,0.98014235496521,0.9787871837615967,0.9817247986793518
短寿命,MATR_b2c37,478.0,20,current_hybrid,300,0.986514687538147,0.9800763726234436,0.9787211418151855,0.9816538691520691
短寿命,MATR_b2c37,478.0,20,current_hybrid,301,0.9862727522850037,0.9800097942352295,0.9786550998687744,0.9815823435783386
短寿命,MATR_b2c37,478.0,20,current_hybrid,302,0.9861184358596802,0.9799426198005676,0.9785891771316528,0.9815101027488708
短寿命,MATR_b2c37,478.0,20,current_hybrid,303,0.9858371019363403,0.9798749089241028,0.9785231947898865,0.9814371466636658
短寿命,MATR_b2c37,478.0,20,current_hybrid,304,0.9855899214744568,0.979806661605835,0.9784573316574097,0.9813635349273682
短寿命,MATR_b2c37,478.0,20,current_hybrid,305,0.9854093790054321,0.9797378182411194,0.9783914089202881,0.981289267539978
短寿命,MATR_b2c37,478.0,20,current_hybrid,306,0.9852806925773621,0.9796684384346008,0.978325605392456,0.9812142848968506
短寿命,MATR_b2c37,478.0,20,current_hybrid,307,0.9850305318832397,0.9795984625816345,0.978259801864624,0.9811386466026306
短寿命,MATR_b2c37,478.0,20,current_hybrid,308,0.9848352670669556,0.97952800989151,0.9781940579414368,0.9810623526573181
短寿命,MATR_b2c37,478.0,20,current_hybrid,309,0.9845796823501587,0.9794569611549377,0.9781283140182495,0.9809853434562683
短寿命,MATR_b2c37,478.0,20,current_hybrid,310,0.9842662811279297,0.9793853163719177,0.978062629699707,0.980907678604126
短寿命,MATR_b2c37,478.0,20,current_hybrid,311,0.9840285778045654,0.97931307554245,0.9779969453811646,0.9808293581008911
短寿命,MATR_b2c37,478.0,20,current_hybrid,312,0.9837406277656555,0.9792402982711792,0.9779313802719116,0.9807503819465637
短寿命,MATR_b2c37,478.0,20,current_hybrid,313,0.9834815859794617,0.9791669845581055,0.9778657555580139,0.9806706309318542
短寿命,MATR_b2c37,478.0,20,current_hybrid,314,0.983295738697052,0.979093074798584,0.977800190448761,0.980590283870697
短寿命,MATR_b2c37,478.0,20,current_hybrid,315,0.9830718040466309,0.9790185689926147,0.9777347445487976,0.9805092215538025
短寿命,MATR_b2c37,478.0,20,current_hybrid,316,0.982787013053894,0.9789435267448425,0.9776692390441895,0.9804275035858154
短寿命,MATR_b2c37,478.0,20,current_hybrid,317,0.9826392531394958,0.9788679480552673,0.9776037931442261,0.9803450703620911
短寿命,MATR_b2c37,478.0,20,current_hybrid,318,0.9823484420776367,0.9787917733192444,0.9775383472442627,0.980262041091919
短寿命,MATR_b2c37,478.0,20,current_hybrid,319,0.9821272492408752,0.9787150621414185,0.9774730205535889,0.9801782369613647
短寿命,MATR_b2c37,478.0,20,current_hybrid,320,0.9818904399871826,0.9786378145217896,0.9774076342582703,0.980093777179718
短寿命,MATR_b2c37,478.0,20,current_hybrid,321,0.9812669157981873,0.9785599708557129,0.9773423671722412,0.9800086617469788
短寿命,MATR_b2c37,478.0,20,current_hybrid,322,0.9812339544296265,0.9784815311431885,0.9772771000862122,0.9799228310585022
短寿命,MATR_b2c37,478.0,20,current_hybrid,323,0.9809966087341309,0.9784025549888611,0.9772118330001831,0.9798364043235779
短寿命,MATR_b2c37,478.0,20,current_hybrid,324,0.9806703329086304,0.9783229827880859,0.9771466255187988,0.9797492027282715
短寿命,MATR_b2c37,478.0,20,current_hybrid,325,0.980436384677887,0.9782428741455078,0.9770814776420593,0.9796614050865173
短寿命,MATR_b2c37,478.0,20,current_hybrid,326,0.9790205955505371,0.9781621694564819,0.977016270160675,0.9795728921890259
短寿命,MATR_b2c37,478.0,20,current_hybrid,327,0.9798041582107544,0.9780809879302979,0.9769511818885803,0.9794836640357971
短寿命,MATR_b2c37,478.0,20,current_hybrid,328,0.979512631893158,0.9779991507530212,0.9768861532211304,0.9793938398361206
短寿命,MATR_b2c37,478.0,20,current_hybrid,329,0.9792158603668213,0.9779167771339417,0.9768210649490356,0.979303240776062
短寿命,MATR_b2c37,478.0,20,current_hybrid,330,0.9789082407951355,0.9778338074684143,0.9767560362815857,0.9792121052742004
短寿命,MATR_b2c37,478.0,20,current_hybrid,331,0.9775498509407043,0.977750301361084,0.9766911268234253,0.9791201949119568
短寿命,MATR_b2c37,478.0,20,current_hybrid,332,0.9783450365066528,0.9776661992073059,0.9766260981559753,0.9790275692939758
短寿命,MATR_b2c37,478.0,20,current_hybrid,333,0.977924108505249,0.9775815606117249,0.9765611886978149,0.9789342880249023
短寿命,MATR_b2c37,478.0,20,current_hybrid,334,0.9775339365005493,0.9774963855743408,0.9764963388442993,0.9788403511047363
短寿命,MATR_b2c37,478.0,20,current_hybrid,335,0.9772151708602905,0.9774105548858643,0.9764314293861389,0.978745698928833
短寿命,MATR_b2c37,478.0,20,current_hybrid,336,0.9757717847824097,0.9773241877555847,0.9763666391372681,0.9786504507064819
短寿命,MATR_b2c37,478.0,20,current_hybrid,337,0.9765297770500183,0.977237343788147,0.9763018488883972,0.9785544276237488
短寿命,MATR_b2c37,478.0,20,current_hybrid,338,0.9762150049209595,0.9771498441696167,0.9762371182441711,0.9784577488899231
短寿命,MATR_b2c37,478.0,20,current_hybrid,339,0.9758501648902893,0.9770618081092834,0.9761723279953003,0.9783604145050049
短寿命,MATR_b2c37,478.0,20,current_hybrid,340,0.9755899906158447,0.9769731760025024,0.976107656955719,0.9782624244689941
短寿命,MATR_b2c37,478.0,20,current_hybrid,341,0.9741219878196716,0.9768839478492737,0.9760430455207825,0.9781637191772461
短寿命,MATR_b2c37,478.0,20,current_hybrid,342,0.9748666882514954,0.9767942428588867,0.9759783744812012,0.9780642986297607
短寿命,MATR_b2c37,478.0,20,current_hybrid,343,0.9745612740516663,0.976703941822052,0.9759137630462646,0.9779642224311829
短寿命,MATR_b2c37,478.0,20,current_hybrid,344,0.9742059111595154,0.9766129851341248,0.9758491516113281,0.9778634905815125
短寿命,MATR_b2c37,478.0,20,current_hybrid,345,0.9736873507499695,0.9765216112136841,0.9757846593856812,0.9777620434761047
短寿命,MATR_b2c37,478.0,20,current_hybrid,346,0.972189724445343,0.9764295816421509,0.9757201671600342,0.9776600003242493
短寿命,MATR_b2c37,478.0,20,current_hybrid,347,0.9729909896850586,0.9763369560241699,0.9756556153297424,0.9775571823120117
短寿命,MATR_b2c37,478.0,20,current_hybrid,348,0.9724220633506775,0.976243793964386,0.9755911827087402,0.9774537086486816
短寿命,MATR_b2c37,478.0,20,current_hybrid,349,0.9720165133476257,0.9761500954627991,0.975526750087738,0.977349579334259
短寿命,MATR_b2c37,478.0,20,current_hybrid,350,0.9716160297393799,0.9760557413101196,0.9754623770713806,0.9772447347640991
短寿命,MATR_b2c37,478.0,20,current_hybrid,351,0.9711475968360901,0.975960910320282,0.9753980040550232,0.9771392345428467
短寿命,MATR_b2c37,478.0,20,current_hybrid,352,0.970693051815033,0.9758654832839966,0.9753336310386658,0.9770330190658569
短寿命,MATR_b2c37,478.0,20,current_hybrid,353,0.9703131318092346,0.9757694602012634,0.9752693176269531,0.9769261479377747
短寿命,MATR_b2c37,478.0,20,current_hybrid,354,0.9698216915130615,0.9756729006767273,0.9752050638198853,0.9768185615539551
短寿命,MATR_b2c37,478.0,20,current_hybrid,355,0.9693503379821777,0.9755757451057434,0.9751408100128174,0.9767103791236877
短寿命,MATR_b2c37,478.0,20,current_hybrid,356,0.9688690304756165,0.9754780530929565,0.9750765562057495,0.9766014218330383
短寿命,MATR_b2c37,478.0,20,current_hybrid,357,0.9683430790901184,0.9753797054290771,0.9750123620033264,0.9764918088912964
短寿命,MATR_b2c37,478.0,20,current_hybrid,358,0.9678565263748169,0.9752809405326843,0.9749482274055481,0.9763815402984619
短寿命,MATR_b2c37,478.0,20,current_hybrid,359,0.9673932790756226,0.9751814603805542,0.9748786091804504,0.9762705564498901
短寿命,MATR_b2c37,478.0,20,current_hybrid,360,0.9669048190116882,0.9750814437866211,0.974802553653717,0.9761589169502258
短寿命,MATR_b2c37,478.0,20,current_hybrid,361,0.9665366411209106,0.9749809503555298,0.974726140499115,0.9760465621948242
短寿命,MATR_b2c37,478.0,20,current_hybrid,362,0.965920090675354,0.9748789072036743,0.9746493697166443,0.9759335517883301
短寿命,MATR_b2c37,478.0,20,current_hybrid,363,0.9654893279075623,0.9747564792633057,0.9745721817016602,0.9758198857307434
短寿命,MATR_b2c37,478.0,20,current_hybrid,364,0.9650065302848816,0.9746334552764893,0.9744946360588074,0.9757055044174194
短寿命,MATR_b2c37,478.0,20,current_hybrid,365,0.9644641280174255,0.9745098948478699,0.9744166135787964,0.9755904078483582
短寿命,MATR_b2c37,478.0,20,current_hybrid,366,0.963873565196991,0.9744358658790588,0.9743382334709167,0.9754747152328491
短寿命,MATR_b2c37,478.0,20,current_hybrid,367,0.9634374380111694,0.9743655920028687,0.9742594957351685,0.9753583073616028
短寿命,MATR_b2c37,478.0,20,current_hybrid,368,0.9627838134765625,0.9742610454559326,0.9741357564926147,0.9752411246299744
短寿命,MATR_b2c37,478.0,20,current_hybrid,369,0.962231457233429,0.9741559028625488,0.9740098714828491,0.9751233458518982
短寿命,MATR_b2c37,478.0,20,current_hybrid,370,0.9617002606391907,0.9740501642227173,0.9738834500312805,0.9750049114227295
短寿命,MATR_b2c37,478.0,20,current_hybrid,371,0.9611688256263733,0.9739439487457275,0.9737564325332642,0.9748857617378235
短寿命,MATR_b2c37,478.0,20,current_hybrid,372,0.9605027437210083,0.9738598465919495,0.9736288785934448,0.974765956401825
短寿命,MATR_b2c37,478.0,20,current_hybrid,373,0.9599419236183167,0.9737787246704102,0.973500669002533,0.9746454358100891
短寿命,MATR_b2c37,478.0,20,current_hybrid,374,0.9593275785446167,0.9736972451210022,0.9733719229698181,0.9745241403579712
短寿命,MATR_b2c37,478.0,20,current_hybrid,375,0.9587029814720154,0.9736153483390808,0.9732427000999451,0.9744023084640503
短寿命,MATR_b2c37,478.0,20,current_hybrid,376,0.9580614566802979,0.9735330939292908,0.9731127619743347,0.9742797017097473
短寿命,MATR_b2c37,478.0,20,current_hybrid,377,0.9574776291847229,0.9734504222869873,0.9729822874069214,0.9741564989089966
短寿命,MATR_b2c37,478.0,20,current_hybrid,378,0.9568046927452087,0.9733673334121704,0.9728512763977051,0.9740325212478638
短寿命,MATR_b2c37,478.0,20,current_hybrid,379,0.9561523795127869,0.9732838869094849,0.9727197289466858,0.9739079475402832
短寿命,MATR_b2c37,478.0,20,current_hybrid,380,0.9554152488708496,0.9732000231742859,0.972587525844574,0.9737825989723206
短寿命,MATR_b2c37,478.0,20,current_hybrid,381,0.9547932147979736,0.9731158018112183,0.9724547266960144,0.9736565947532654
短寿命,MATR_b2c37,478.0,20,current_hybrid,382,0.9540017247200012,0.9730311632156372,0.9723213911056519,0.9735299348831177
短寿命,MATR_b2c37,478.0,20,current_hybrid,383,0.9532970786094666,0.9729461073875427,0.9721875190734863,0.9734026193618774
短寿命,MATR_b2c37,478.0,20,current_hybrid,384,0.9525777101516724,0.9728606939315796,0.972053050994873,0.9732745289802551
短寿命,MATR_b2c37,478.0,20,current_hybrid,385,0.9518823027610779,0.9727749228477478,0.971917986869812,0.9731458425521851
短寿命,MATR_b2c37,478.0,20,current_hybrid,386,0.951177716255188,0.9726887345314026,0.971782386302948,0.973071813583374
短寿命,MATR_b2c37,478.0,20,current_hybrid,387,0.9504274129867554,0.972602128982544,0.9716461896896362,0.9729989171028137
短寿命,MATR_b2c37,478.0,20,current_hybrid,388,0.9496672749519348,0.9725151658058167,0.9715093970298767,0.9729254841804504
短寿命,MATR_b2c37,478.0,20,current_hybrid,389,0.9489409923553467,0.9724277853965759,0.9713720083236694,0.9728516936302185
短寿命,MATR_b2c37,478.0,20,current_hybrid,390,0.9480998516082764,0.9723399877548218,0.971234142780304,0.9727773666381836
短寿命,MATR_b2c37,478.0,20,current_hybrid,391,0.9473012089729309,0.9722517728805542,0.971095621585846,0.97270268201828
短寿命,MATR_b2c37,478.0,20,current_hybrid,392,0.9464230537414551,0.9721632599830627,0.970956563949585,0.9726275205612183
短寿命,MATR_b2c37,478.0,20,current_hybrid,393,0.9455692172050476,0.9720743298530579,0.9708169102668762,0.9725518822669983
短寿命,MATR_b2c37,478.0,20,current_hybrid,394,0.9446342587471008,0.9719565510749817,0.9706767201423645,0.9724757671356201
短寿命,MATR_b2c37,478.0,20,current_hybrid,395,0.9437673091888428,0.9718210101127625,0.9705358743667603,0.9723992347717285
短寿命,MATR_b2c37,478.0,20,current_hybrid,396,0.9428094029426575,0.9716846942901611,0.9703945517539978,0.9723222255706787
短寿命,MATR_b2c37,478.0,20,current_hybrid,397,0.9418877959251404,0.9715477824211121,0.9702525734901428,0.9722447395324707
短寿命,MATR_b2c37,478.0,20,current_hybrid,398,0.9409063458442688,0.9714101552963257,0.9701101183891296,0.9721668362617493
短寿命,MATR_b2c37,478.0,20,current_hybrid,399,0.9399027824401855,0.9712718725204468,0.9699669480323792,0.9720885157585144
短寿命,MATR_b2c37,478.0,20,current_hybrid,400,0.9387214183807373,0.9711328744888306,0.9698233008384705,0.9720097184181213
短寿命,MATR_b2c37,478.0,20,current_hybrid,401,0.9380111694335938,0.9709932208061218,0.969679057598114,0.9719305038452148
短寿命,MATR_b2c37,478.0,20,current_hybrid,402,0.9370734691619873,0.9708528518676758,0.9695342183113098,0.9718507528305054
短寿命,MATR_b2c37,478.0,20,current_hybrid,403,0.9360023736953735,0.9707117676734924,0.9693887829780579,0.9717705845832825
短寿命,MATR_b2c37,478.0,20,current_hybrid,404,0.9348425269126892,0.9705700874328613,0.9692428708076477,0.9716899394989014
短寿命,MATR_b2c37,478.0,20,current_hybrid,405,0.9326972365379333,0.9704276323318481,0.969096302986145,0.9716088771820068
短寿命,MATR_b2c37,478.0,20,current_hybrid,406,0.9326837658882141,0.9702845811843872,0.9689491987228394,0.9715273380279541
短寿命,MATR_b2c37,478.0,20,current_hybrid,407,0.9315671324729919,0.9701407551765442,0.9688014388084412,0.9714454412460327
短寿命,MATR_b2c37,478.0,20,current_hybrid,408,0.9305115938186646,0.9699963331222534,0.96865314245224,0.9713630080223083
短寿命,MATR_b2c37,478.0,20,current_hybrid,409,0.9293326139450073,0.9698511362075806,0.9685043096542358,0.9712800979614258
短寿命,MATR_b2c37,478.0,20,current_hybrid,410,0.9270399808883667,0.96970534324646,0.9683548808097839,0.9711967706680298
短寿命,MATR_b2c37,478.0,20,current_hybrid,411,0.926984965801239,0.9695587754249573,0.968204915523529,0.9711129665374756
短寿命,MATR_b2c37,478.0,20,current_hybrid,412,0.9257804155349731,0.9694115519523621,0.9680542945861816,0.971028745174408
短寿命,MATR_b2c37,478.0,20,current_hybrid,413,0.9245554208755493,0.9692636132240295,0.9679031372070312,0.9709440469741821
短寿命,MATR_b2c37,478.0,20,current_hybrid,414,0.9233962893486023,0.9691150784492493,0.9677513837814331,0.9708588719367981
短寿命,MATR_b2c37,478.0,20,current_hybrid,415,0.922035276889801,0.9689657688140869,0.9675990343093872,0.9707732796669006
短寿命,MATR_b2c37,478.0,20,current_hybrid,416,0.920770525932312,0.9688158631324768,0.9674462080001831,0.9706872701644897
短寿命,MATR_b2c37,478.0,20,current_hybrid,417,0.91949862241745,0.9686652421951294,0.9672926664352417,0.9706007242202759
短寿命,MATR_b2c37,478.0,20,current_hybrid,418,0.9182405471801758,0.9685138463973999,0.9671387076377869,0.9705137610435486
短寿命,MATR_b2c37,478.0,20,current_hybrid,419,0.9168751239776611,0.9683618545532227,0.9669840335845947,0.9704263210296631
短寿命,MATR_b2c37,478.0,20,current_hybrid,420,0.915486216545105,0.9682092070579529,0.9668288826942444,0.9703384637832642
短寿命,MATR_b2c37,478.0,20,current_hybrid,421,0.9141159653663635,0.968055784702301,0.9666730761528015,0.970250129699707
短寿命,MATR_b2c37,478.0,20,current_hybrid,422,0.9127539396286011,0.9679017066955566,0.9665167331695557,0.9701613187789917
短寿命,MATR_b2c37,478.0,20,current_hybrid,423,0.9112129807472229,0.9677469730377197,0.9663597941398621,0.9700720906257629
短寿命,MATR_b2c37,478.0,20,current_hybrid,424,0.9097871780395508,0.9675914645195007,0.9662023186683655,0.9699824452400208
短寿命,MATR_b2c37,478.0,20,current_hybrid,425,0.9081827402114868,0.967435359954834,0.9660441875457764,0.9698922634124756
短寿命,MATR_b2c37,478.0,20,current_hybrid,426,0.906765341758728,0.9672785401344299,0.965885579586029,0.969801664352417
短寿命,MATR_b2c37,478.0,20,current_hybrid,427,0.9049901366233826,0.9671210646629333,0.9657263159751892,0.969710648059845
短寿命,MATR_b2c37,478.0,20,current_hybrid,428,0.9037327170372009,0.9669628739356995,0.9655665159225464,0.96961909532547
短寿命,MATR_b2c37,478.0,20,current_hybrid,429,0.9025159478187561,0.9668039679527283,0.9654061198234558,0.9695271253585815
短寿命,MATR_b2c37,478.0,20,current_hybrid,430,0.9005792140960693,0.9666605591773987,0.9652451276779175,0.9694347381591797
短寿命,MATR_b2c37,478.0,20,current_hybrid,431,0.8991611003875732,0.9665199518203735,0.9650835990905762,0.9693418145179749
短寿命,MATR_b2c37,478.0,20,current_hybrid,432,0.89789217710495,0.9663786292076111,0.9649214744567871,0.9692484736442566
短寿命,MATR_b2c37,478.0,20,current_hybrid,433,0.8960234522819519,0.9662368297576904,0.9647587537765503,0.9691547155380249
短寿命,MATR_b2c37,478.0,20,current_hybrid,434,0.8945072293281555,0.966094434261322,0.9645954966545105,0.969060480594635
短寿命,MATR_b2c37,478.0,20,current_hybrid,435,0.8931215405464172,0.9659514427185059,0.964431643486023,0.9689657688140869
短寿命,MATR_b2c37,478.0,20,current_hybrid,436,0.8915228247642517,0.9658079147338867,0.9642671942710876,0.9688706398010254
短寿命,MATR_b2c37,478.0,20,current_hybrid,437,0.8899222016334534,0.9656637907028198,0.9641022086143494,0.9687750339508057
短寿命,MATR_b2c37,478.0,20,current_hybrid,438,0.8886086940765381,0.9655190110206604,0.9639365673065186,0.9686789512634277
短寿命,MATR_b2c37,478.0,20,current_hybrid,439,0.8868920207023621,0.9653737545013428,0.9637704491615295,0.9685824513435364
短寿命,MATR_b2c37,478.0,20,current_hybrid,440,0.885101318359375,0.9652279019355774,0.963603675365448,0.968485414981842
短寿命,MATR_b2c37,478.0,20,current_hybrid,441,0.8834030628204346,0.9650814533233643,0.9634363651275635,0.968388020992279
短寿命,MATR_b2c37,478.0,20,current_hybrid,442,0.8814128637313843,0.9649344682693481,0.9632684588432312,0.9682901501655579
短寿命,MATR_b2c37,478.0,20,current_hybrid,443,0.8799871206283569,0.9647868871688843,0.9630999565124512,0.9681917428970337
短寿命,MATR_b2c37,478.0,20,current_hybrid,444,0.8781083822250366,0.9646387100219727,0.9629309177398682,0.9680929780006409
短寿命,MATR_b2c37,478.0,20,current_hybrid,445,0.8765215873718262,0.9644899368286133,0.9627612829208374,0.9679937362670898
短寿命,MATR_b2c37,478.0,20,current_hybrid,446,0.8746012449264526,0.9643406271934509,0.9625910520553589,0.9678940176963806
短寿命,MATR_b2c37,478.0,20,current_hybrid,447,0.8729679584503174,0.9641907215118408,0.9624202847480774,0.9677938222885132
短寿命,MATR_b2c37,478.0,20,current_hybrid,448,0.8711294531822205,0.9640402793884277,0.9622489213943481,0.9676932096481323
短寿命,MATR_b2c37,478.0,20,current_hybrid,449,0.8696674704551697,0.9638892412185669,0.9620769619941711,0.967592179775238
短寿命,MATR_b2c37,478.0,20,current_hybrid,450,0.8676565885543823,0.9637376070022583,0.9619044065475464,0.9674906134605408
短寿命,MATR_b2c37,478.0,20,current_hybrid,451,0.8659331798553467,0.963585376739502,0.9617313146591187,0.9673886299133301
短寿命,MATR_b2c37,478.0,20,current_hybrid,452,0.8641740083694458,0.9634326100349426,0.9615576863288879,0.9672861695289612
短寿命,MATR_b2c37,478.0,20,current_hybrid,453,0.8625092506408691,0.9632792472839355,0.9613833427429199,0.9671832919120789
短寿命,MATR_b2c37,478.0,20,current_hybrid,454,0.8605647087097168,0.9631253480911255,0.9612085223197937,0.9670798778533936
短寿命,MATR_b2c37,478.0,20,current_hybrid,455,0.8587241768836975,0.9629708528518677,0.9610331654548645,0.9669761061668396
短寿命,MATR_b2c37,478.0,20,current_hybrid,456,0.8567160964012146,0.9628157615661621,0.960857093334198,0.9668717980384827
短寿命,MATR_b2c37,478.0,20,current_hybrid,457,0.8552122712135315,0.9626600742340088,0.9606805443763733,0.9667670726776123
短寿命,MATR_b2c37,478.0,20,current_hybrid,458,0.8533575534820557,0.9625038504600525,0.9605033993721008,0.9666618704795837
短寿命,MATR_b2c37,478.0,20,current_hybrid,459,0.8515846133232117,0.9623470306396484,0.9603256583213806,0.9665562510490417
短寿命,MATR_b2c37,478.0,20,current_hybrid,460,0.8496330380439758,0.9621896147727966,0.9601473212242126,0.9664500951766968
短寿命,MATR_b2c37,478.0,20,current_hybrid,461,0.8477823734283447,0.9620316624641418,0.9599684476852417,0.9663435816764832
短寿命,MATR_b2c37,478.0,20,current_hybrid,462,0.8461616635322571,0.9618731141090393,0.959788978099823,0.9662365317344666
短寿命,MATR_b2c37,478.0,20,current_hybrid,463,0.8440824747085571,0.961713969707489,0.9596089124679565,0.9661290645599365
短寿命,MATR_b2c37,478.0,20,current_hybrid,464,0.8423097729682922,0.9615542888641357,0.9594283103942871,0.9660210609436035
短寿命,MATR_b2c37,478.0,20,current_hybrid,465,0.8394049406051636,0.9613940119743347,0.9592470526695251,0.9659126996994019
短寿命,MATR_b2c37,478.0,20,current_hybrid,466,0.8387599587440491,0.9612331390380859,0.9590652585029602,0.965803861618042
短寿命,MATR_b2c37,478.0,20,current_hybrid,467,0.8366312384605408,0.9610716700553894,0.9588829278945923,0.9656945466995239
短寿命,MATR_b2c37,478.0,20,current_hybrid,468,0.8349279761314392,0.9609096646308899,0.9587000012397766,0.9655848145484924
短寿命,MATR_b2c37,478.0,20,current_hybrid,469,0.8331052660942078,0.9607470631599426,0.9585164189338684,0.965474545955658
短寿命,MATR_b2c37,478.0,20,current_hybrid,470,0.8307545781135559,0.9605838656425476,0.958332359790802,0.9653639197349548
短寿命,MATR_b2c37,478.0,20,current_hybrid,471,0.8292384743690491,0.9604201316833496,0.9581476449966431,0.965252697467804
短寿命,MATR_b2c37,478.0,20,current_hybrid,472,0.827446699142456,0.9602558016777039,0.9579624533653259,0.9651411771774292
短寿命,MATR_b2c37,478.0,20,current_hybrid,473,0.8254614472389221,0.9600908756256104,0.9577765464782715,0.9650291204452515
短寿命,MATR_b2c37,478.0,20,current_hybrid,474,0.8235593438148499,0.9599254131317139,0.9575901031494141,0.9649165868759155
短寿命,MATR_b2c37,478.0,20,current_hybrid,475,0.8217058181762695,0.9597593545913696,0.9574031233787537,0.9648036360740662
短寿命,MATR_b2c37,478.0,20,current_hybrid,476,0.8198477625846863,0.9595927000045776,0.9572155475616455,0.9646901488304138
短寿命,MATR_b2c37,478.0,20,current_hybrid,477,0.8169805407524109,0.9594254493713379,0.9570273756980896,0.9645763039588928
短寿命,MATR_b2c37,478.0,20,current_hybrid,478,0.8157891035079956,0.9592576622962952,0.9568386077880859,0.9644619822502136
短寿命,MATR_b2c37,478.0,20,current_hybrid,479,0.8137104511260986,0.9590892791748047,0.9566493034362793,0.9643471240997314
短寿命,MATR_b2c37,478.0,20,current_hybrid,480,0.8115367889404297,0.9589203000068665,0.9564594626426697,0.9642319083213806
短寿命,MATR_b2c37,478.0,20,current_hybrid,481,0.8096649646759033,0.95875084400177,0.9562689065933228,0.9641161561012268
短寿命,MATR_b2c37,478.0,20,current_hybrid,482,0.8077495098114014,0.958580732345581,0.9560778737068176,0.9639999866485596
短寿命,MATR_b2c37,478.0,20,current_hybrid,483,0.805753767490387,0.9584100246429443,0.9558862447738647,0.9638833403587341
短寿命,MATR_b2c37,478.0,20,current_hybrid,484,0.8037188649177551,0.9582387208938599,0.9556940197944641,0.9637662768363953
短寿命,MATR_b2c37,478.0,20,current_hybrid,485,0.801743745803833,0.9580668807029724,0.9555011987686157,0.9636486768722534
短寿命,MATR_b2c37,478.0,20,current_hybrid,486,0.7984790802001953,0.9578944444656372,0.9553078413009644,0.9635306596755981
短寿命,MATR_b2c37,478.0,20,current_hybrid,487,0.7975677251815796,0.9577214121818542,0.9551138281822205,0.9634122252464294
短寿命,MATR_b2c37,478.0,20,current_hybrid,488,0.795295000076294,0.9575479030609131,0.9549193382263184,0.9632932543754578
短寿命,MATR_b2c37,478.0,20,current_hybrid,489,0.793419599533081,0.9573737382888794,0.9547241926193237,0.9631738662719727
短寿命,MATR_b2c37,478.0,20,current_hybrid,490,0.7909528017044067,0.957198977470398,0.9545285105705261,0.9630540609359741
短寿命,MATR_b2c37,478.0,20,current_hybrid,491,0.789044201374054,0.9570236206054688,0.9543322324752808,0.9629337191581726
短寿命,MATR_b2c37,478.0,20,current_hybrid,492,0.7868067622184753,0.9568477272987366,0.9541353583335876,0.9628129601478577
短寿命,MATR_b2c37,478.0,20,current_hybrid,493,0.7840194702148438,0.9566712379455566,0.9539378881454468,0.9626917243003845
短寿命,MATR_b2c37,478.0,20,current_hybrid,494,0.7828133702278137,0.9564942121505737,0.9537398815155029,0.962570071220398
短寿命,MATR_b2c37,478.0,20,current_hybrid,495,0.7805933952331543,0.9563165903091431,0.9535412788391113,0.9624478816986084
短寿命,MATR_b2c37,478.0,20,current_hybrid,496,0.7781872153282166,0.9561383724212646,0.9533421397209167,0.9623252749443054
短寿命,MATR_b2c37,478.0,20,current_hybrid,497,0.7761890292167664,0.9559595584869385,0.9531423449516296,0.962202250957489
短寿命,MATR_b2c37,478.0,20,current_hybrid,498,0.774129331111908,0.9557801485061646,0.9529420137405396,0.9620787501335144
短寿命,MATR_b2c37,478.0,20,current_hybrid,499,0.7719972133636475,0.9556002616882324,0.9527410864830017,0.9619547128677368
短寿命,MATR_b2c37,478.0,20,current_hybrid,500,0.7697938680648804,0.9554197192192078,0.9525395631790161,0.9618302583694458
短寿命,MATR_b2c37,478.0,20,hybridpatch_v2,21,1.0030015707015991,1.0025913715362549,1.0024137496948242,1.0026791095733643
短寿命,MATR_b2c37,478.0,20,hybridpatch_v2,22,1.0030971765518188,1.0023971796035767,1.0021389722824097,1.0025213956832886
短寿命,MATR_b2c37,478.0,20,hybridpatch_v2,23,1.0031027793884277,1.0022411346435547,1.001918077468872,1.0023930072784424
短寿命,MATR_b2c37,478.0,20,hybridpatch_v2,24,1.0030995607376099,1.002104640007019,1.0017249584197998,1.0022798776626587
短寿命,MATR_b2c37,478.0,20,hybridpatch_v2,25,1.0032267570495605,1.0019806623458862,1.0015498399734497,1.0021766424179077
短寿命,MATR_b2c37,478.0,20,hybridpatch_v2,26,1.0033069849014282,1.0018657445907593,1.0013872385025024,1.0020802021026611
短寿命,MATR_b2c37,478.0,20,hybridpatch_v2,27,1.003395676612854,1.0017575025558472,1.0012344121932983,1.0019890069961548
短寿命,MATR_b2c37,478.0,20,hybridpatch_v2,28,1.003329873085022,1.0016546249389648,1.0010889768600464,1.0019021034240723
短寿命,MATR_b2c37,478.0,20,hybridpatch_v2,29,1.0033674240112305,1.0015560388565063,1.0009498596191406,1.0018185377120972
短寿命,MATR_b2c37,478.0,20,hybridpatch_v2,30,1.0033595561981201,1.0014612674713135,1.000815987586975,1.0017377138137817
短寿命,MATR_b2c37,478.0,20,hybridpatch_v2,31,1.0033422708511353,1.001369595527649,1.000686526298523,1.0016593933105469
短寿命,MATR_b2c37,478.0,20,hybridpatch_v2,32,1.0034804344177246,1.0012805461883545,1.0005608797073364,1.001583218574524
短寿命,MATR_b2c37,478.0,20,hybridpatch_v2,33,1.003463625907898,1.001193881034851,1.0004385709762573,1.0015088319778442
短寿命,MATR_b2c37,478.0,20,hybridpatch_v2,34,1.0034518241882324,1.0011093616485596,1.0003193616867065,1.0014361143112183
短寿命,MATR_b2c37,478.0,20,hybridpatch_v2,35,1.0036042928695679,1.0010267496109009,1.0002027750015259,1.001364827156067
短寿命,MATR_b2c37,478.0,20,hybridpatch_v2,36,1.0036916732788086,1.000945806503296,1.0000885725021362,1.0012948513031006
短寿命,MATR_b2c37,478.0,20,hybridpatch_v2,37,1.0038371086120605,1.000866413116455,0.9999765157699585,1.0012261867523193
短寿命,MATR_b2c37,478.0,20,hybridpatch_v2,38,1.003952145576477,1.0007884502410889,0.9998664855957031,1.0011584758758545
短寿命,MATR_b2c37,478.0,20,hybridpatch_v2,39,1.0039787292480469,1.0007116794586182,0.9997583031654358,1.0010918378829956
短寿命,MATR_b2c37,478.0,20,hybridpatch_v2,40,1.0039879083633423,1.0006362199783325,0.9996518492698669,1.0010260343551636
短寿命,MATR_b2c37,478.0,20,hybridpatch_v2,41,1.00395929813385,1.0005618333816528,0.9995468854904175,1.000961184501648
短寿命,MATR_b2c37,478.0,20,hybridpatch_v2,42,1.0039581060409546,1.0004884004592896,0.9994434714317322,1.0008971691131592
短寿命,MATR_b2c37,478.0,20,hybridpatch_v2,43,1.003932237625122,1.0004160404205322,0.9993413090705872,1.0008337497711182
短寿命,MATR_b2c37,478.0,20,hybridpatch_v2,44,1.0040576457977295,1.0003445148468018,0.9992404580116272,1.000771164894104
短寿命,MATR_b2c37,478.0,20,hybridpatch_v2,45,1.004038691520691,1.0002738237380981,0.9991407990455627,1.0007091760635376
短寿命,MATR_b2c37,478.0,20,hybridpatch_v2,46,1.004085898399353,1.0002038478851318,0.999042272567749,1.000647783279419
短寿命,MATR_b2c37,478.0,20,hybridpatch_v2,47,1.0040255784988403,1.0001347064971924,0.9989448189735413,1.000586986541748
短寿命,MATR_b2c37,478.0,20,hybridpatch_v2,48,1.0040149688720703,1.0000662803649902,0.9988483190536499,1.0005266666412354
短寿命,MATR_b2c37,478.0,20,hybridpatch_v2,49,1.0040967464447021,0.9999984502792358,0.998752772808075,1.0004669427871704
短寿命,MATR_b2c37,478.0,20,hybridpatch_v2,50,1.0041536092758179,0.999931275844574,0.9986581206321716,1.0004076957702637
短寿命,MATR_b2c37,478.0,20,hybridpatch_v2,51,1.004104495048523,0.9998647570610046,0.9985643625259399,1.0003489255905151
短寿命,MATR_b2c37,478.0,20,hybridpatch_v2,52,1.00429368019104,0.9997987151145935,0.9984713792800903,1.0002905130386353
短寿命,MATR_b2c37,478.0,20,hybridpatch_v2,53,1.004158854484558,0.9997332692146301,0.9983791708946228,1.0002325773239136
短寿命,MATR_b2c37,478.0,20,hybridpatch_v2,54,1.0041342973709106,0.9996683597564697,0.9982876777648926,1.00017511844635
短寿命,MATR_b2c37,478.0,20,hybridpatch_v2,55,1.0041929483413696,0.9996039271354675,0.9981968998908997,1.0001180171966553
短寿命,MATR_b2c37,478.0,20,hybridpatch_v2,56,1.0040580034255981,0.9995399713516235,0.998106837272644,1.0000611543655396
短寿命,MATR_b2c37,478.0,20,hybridpatch_v2,57,1.0041232109069824,0.9994764924049377,0.9980173707008362,1.000004768371582
短寿命,MATR_b2c37,478.0,20,hybridpatch_v2,58,1.004174828529358,0.9994134306907654,0.9979285597801208,0.9999487400054932
短寿命,MATR_b2c37,478.0,20,hybridpatch_v2,59,1.0041849613189697,0.9993507862091064,0.9978403449058533,0.9998930096626282
短寿命,MATR_b2c37,478.0,20,hybridpatch_v2,60,1.0042017698287964,0.9992885589599609,0.9977527260780334,0.9998375773429871
短寿命,MATR_b2c37,478.0,20,hybridpatch_v2,61,1.0042556524276733,0.9992267489433289,0.9976655840873718,0.9997824430465698
短寿命,MATR_b2c37,478.0,20,hybridpatch_v2,62,1.0043575763702393,0.9991652965545654,0.997579038143158,0.9997276067733765
短寿命,MATR_b2c37,478.0,20,hybridpatch_v2,63,1.0042717456817627,0.9991042017936707,0.9974929690361023,0.999673068523407
短寿命,MATR_b2c37,478.0,20,hybridpatch_v2,64,1.0042767524719238,0.9990434050559998,0.9974074363708496,0.9996187686920166
短寿命,MATR_b2c37,478.0,20,hybridpatch_v2,65,1.004307746887207,0.9989830255508423,0.9973223805427551,0.9995647668838501
短寿命,MATR_b2c37,478.0,20,hybridpatch_v2,66,1.004297137260437,0.9989229440689087,0.9972377419471741,0.9995110034942627
短寿命,MATR_b2c37,478.0,20,hybridpatch_v2,67,1.0043638944625854,0.998863160610199,0.9971535801887512,0.9994574785232544
短寿命,MATR_b2c37,478.0,20,hybridpatch_v2,68,1.0042990446090698,0.9988036751747131,0.9970698356628418,0.9994041919708252
短寿命,MATR_b2c37,478.0,20,hybridpatch_v2,69,1.0043764114379883,0.998744547367096,0.9969865679740906,0.9993511438369751
短寿命,MATR_b2c37,478.0,20,hybridpatch_v2,70,1.0042705535888672,0.9986856579780579,0.996903657913208,0.9992983341217041
短寿命,MATR_b2c37,478.0,20,hybridpatch_v2,71,1.0042451620101929,0.9986270666122437,0.9968211650848389,0.9992457032203674
短寿命,MATR_b2c37,478.0,20,hybridpatch_v2,72,1.0043524503707886,0.9985687136650085,0.9967390298843384,0.9991933107376099
短寿命,MATR_b2c37,478.0,20,hybridpatch_v2,73,1.004379391670227,0.9985106587409973,0.9966573119163513,0.9991411566734314
短寿命,MATR_b2c37,478.0,20,hybridpatch_v2,74,1.0043708086013794,0.9984528422355652,0.9965758919715881,0.9990891218185425
短寿命,MATR_b2c37,478.0,20,hybridpatch_v2,75,1.0044161081314087,0.9983952641487122,0.9964948892593384,0.9990373253822327
短寿命,MATR_b2c37,478.0,20,hybridpatch_v2,76,1.0043278932571411,0.998337984085083,0.9964141845703125,0.9989857077598572
短寿命,MATR_b2c37,478.0,20,hybridpatch_v2,77,1.0042239427566528,0.9982808828353882,0.9963338375091553,0.998934268951416
短寿命,MATR_b2c37,478.0,20,hybridpatch_v2,78,1.0043063163757324,0.9982240200042725,0.9962537884712219,0.9988830089569092
短寿命,MATR_b2c37,478.0,20,hybridpatch_v2,79,1.0042643547058105,0.9981673955917358,0.9961740970611572,0.9988319277763367
短寿命,MATR_b2c37,478.0,20,hybridpatch_v2,80,1.0042314529418945,0.9981110095977783,0.9960947036743164,0.9987810254096985
短寿命,MATR_b2c37,478.0,20,hybridpatch_v2,81,1.0041708946228027,0.9980548024177551,0.9960155487060547,0.9987303018569946
短寿命,MATR_b2c37,478.0,20,hybridpatch_v2,82,1.0041719675064087,0.9979987740516663,0.9959367513656616,0.9986796975135803
短寿命,MATR_b2c37,478.0,20,hybridpatch_v2,83,1.0042191743850708,0.9979429841041565,0.9958582520484924,0.9986292719841003
短寿命,MATR_b2c37,478.0,20,hybridpatch_v2,84,1.0043021440505981,0.9978874325752258,0.9957799911499023,0.9985789656639099
短寿命,MATR_b2c37,478.0,20,hybridpatch_v2,85,1.0043832063674927,0.9978320002555847,0.9957020282745361,0.9985288977622986
短寿命,MATR_b2c37,478.0,20,hybridpatch_v2,86,1.0042057037353516,0.9977768063545227,0.995624303817749,0.998478889465332
短寿命,MATR_b2c37,478.0,20,hybridpatch_v2,87,1.004202961921692,0.997721791267395,0.9955468773841858,0.9984290599822998
短寿命,MATR_b2c37,478.0,20,hybridpatch_v2,88,1.0041534900665283,0.9976669549942017,0.9954696893692017,0.9983793497085571
短寿命,MATR_b2c37,478.0,20,hybridpatch_v2,89,1.0043870210647583,0.9976122379302979,0.9953927397727966,0.9983298182487488
短寿命,MATR_b2c37,478.0,20,hybridpatch_v2,90,1.004217505455017,0.9975577592849731,0.9953160881996155,0.9982803463935852
短寿命,MATR_b2c37,478.0,20,hybridpatch_v2,91,1.004300832748413,0.9975034594535828,0.9952396154403687,0.998231053352356
短寿命,MATR_b2c37,478.0,20,hybridpatch_v2,92,1.004186749458313,0.9974492788314819,0.9951633810997009,0.9981818795204163
短寿命,MATR_b2c37,478.0,20,hybridpatch_v2,93,1.0041828155517578,0.9973952770233154,0.9950873851776123,0.9981328248977661
短寿命,MATR_b2c37,478.0,20,hybridpatch_v2,94,1.004070520401001,0.9973414540290833,0.9950116276741028,0.9980839490890503
短寿命,MATR_b2c37,478.0,20,hybridpatch_v2,95,1.0040165185928345,0.9972877502441406,0.9949360489845276,0.9980351328849792
短寿命,MATR_b2c37,478.0,20,hybridpatch_v2,96,1.0039961338043213,0.9972342252731323,0.9948607683181763,0.9979864358901978
短寿命,MATR_b2c37,478.0,20,hybridpatch_v2,97,1.0039904117584229,0.9971808195114136,0.9947856068611145,0.9979378581047058
短寿命,MATR_b2c37,478.0,20,hybridpatch_v2,98,1.0040664672851562,0.9971275925636292,0.9947106838226318,0.9978894591331482
短寿命,MATR_b2c37,478.0,20,hybridpatch_v2,99,1.0040363073349,0.9970744848251343,0.9946359992027283,0.9978411197662354
短寿命,MATR_b2c37,478.0,20,hybridpatch_v2,100,1.0041383504867554,0.997021496295929,0.994561493396759,0.9977928400039673
短寿命,MATR_b2c37,478.0,20,hybridpatch_v2,101,1.0028942823410034,0.996968686580658,0.9944871664047241,0.9977447390556335
短寿命,MATR_b2c37,478.0,20,hybridpatch_v2,102,1.0040076971054077,0.9969159960746765,0.9944130182266235,0.9976966977119446
短寿命,MATR_b2c37,478.0,20,hybridpatch_v2,103,1.0039165019989014,0.9968634843826294,0.994339108467102,0.9976487755775452
短寿命,MATR_b2c37,478.0,20,hybridpatch_v2,104,1.0038963556289673,0.996811032295227,0.9942653775215149,0.9976009726524353
短寿命,MATR_b2c37,478.0,20,hybridpatch_v2,105,1.0039175748825073,0.996758759021759,0.9941917657852173,0.997553288936615
短寿命,MATR_b2c37,478.0,20,hybridpatch_v2,106,1.002835750579834,0.9967066049575806,0.9941183924674988,0.9975056648254395
短寿命,MATR_b2c37,478.0,20,hybridpatch_v2,107,1.0038481950759888,0.9966545701026917,0.9940451979637146,0.9974581003189087
短寿命,MATR_b2c37,478.0,20,hybridpatch_v2,108,1.0038063526153564,0.9966026544570923,0.99397212266922,0.9974107146263123
短寿命,MATR_b2c37,478.0,20,hybridpatch_v2,109,1.003943681716919,0.9965508580207825,0.9938992857933044,0.9973633885383606
短寿命,MATR_b2c37,478.0,20,hybridpatch_v2,110,1.0039074420928955,0.9964991807937622,0.9938265681266785,0.9973161220550537
短寿命,MATR_b2c37,478.0,20,hybridpatch_v2,111,1.0028374195098877,0.9964476227760315,0.9937540292739868,0.9972689747810364
短寿命,MATR_b2c37,478.0,20,hybridpatch_v2,112,1.0038927793502808,0.9963961243629456,0.9936816692352295,0.9972218871116638
短寿命,MATR_b2c37,478.0,20,hybridpatch_v2,113,1.003780484199524,0.996344804763794,0.9936094284057617,0.9971749186515808
短寿命,MATR_b2c37,478.0,20,hybridpatch_v2,114,1.0035905838012695,0.9962936043739319,0.9935373663902283,0.9971280097961426
短寿命,MATR_b2c37,478.0,20,hybridpatch_v2,115,1.0037310123443604,0.9962424635887146,0.9934654235839844,0.9970812201499939
短寿命,MATR_b2c37,478.0,20,hybridpatch_v2,116,1.0025628805160522,0.9961914420127869,0.9933936595916748,0.99703449010849
短寿命,MATR_b2c37,478.0,20,hybridpatch_v2,117,1.0036664009094238,0.9961405396461487,0.9933220744132996,0.9969878792762756
短寿命,MATR_b2c37,478.0,20,hybridpatch_v2,118,1.003627061843872,0.9960897564888,0.9932506084442139,0.9969412684440613
短寿命,MATR_b2c37,478.0,20,hybridpatch_v2,119,1.0035253763198853,0.9960390329360962,0.9931792616844177,0.9968947768211365
短寿命,MATR_b2c37,478.0,20,hybridpatch_v2,120,1.0035406351089478,0.9959884285926819,0.9931080937385559,0.9968484044075012
短寿命,MATR_b2c37,478.0,20,hybridpatch_v2,121,1.00242018699646,0.9959379434585571,0.9930370450019836,0.9968020915985107
短寿命,MATR_b2c37,478.0,20,hybridpatch_v2,122,1.0035375356674194,0.9958875179290771,0.9929661750793457,0.996755838394165
短寿命,MATR_b2c37,478.0,20,hybridpatch_v2,123,1.0035086870193481,0.9958372116088867,0.9928953647613525,0.9967096447944641
短寿命,MATR_b2c37,478.0,20,hybridpatch_v2,124,1.0035194158554077,0.9957870244979858,0.9928247332572937,0.996663510799408
短寿命,MATR_b2c37,478.0,20,hybridpatch_v2,125,1.0033828020095825,0.9957368969917297,0.9927542209625244,0.9966174960136414
短寿命,MATR_b2c37,478.0,20,hybridpatch_v2,126,1.0023292303085327,0.9956868290901184,0.9926838874816895,0.9965715408325195
短寿命,MATR_b2c37,478.0,20,hybridpatch_v2,127,1.003364086151123,0.9956369400024414,0.9926136136054993,0.9965256452560425
短寿命,MATR_b2c37,478.0,20,hybridpatch_v2,128,1.0033020973205566,0.9955870509147644,0.9925435185432434,0.9964798092842102
短寿命,MATR_b2c37,478.0,20,hybridpatch_v2,129,1.0031623840332031,0.9955373406410217,0.9924735426902771,0.9964340329170227
短寿命,MATR_b2c37,478.0,20,hybridpatch_v2,130,1.0032325983047485,0.995487630367279,0.9924036860466003,0.9963883757591248
短寿命,MATR_b2c37,478.0,20,hybridpatch_v2,131,1.0019917488098145,0.9954380393028259,0.9923338890075684,0.9963427782058716
短寿命,MATR_b2c37,478.0,20,hybridpatch_v2,132,1.0032650232315063,0.9953885674476624,0.9922642707824707,0.9962971806526184
短寿命,MATR_b2c37,478.0,20,hybridpatch_v2,133,1.0032097101211548,0.9953391551971436,0.9921947717666626,0.9962517023086548
短寿命,MATR_b2c37,478.0,20,hybridpatch_v2,134,1.0030523538589478,0.9952898025512695,0.992125391960144,0.9962062835693359
短寿命,MATR_b2c37,478.0,20,hybridpatch_v2,135,1.0031278133392334,0.9952405691146851,0.992056131362915,0.9961609244346619
短寿命,MATR_b2c37,478.0,20,hybridpatch_v2,136,1.0029821395874023,0.9951913952827454,0.9919869303703308,0.9961156249046326
短寿命,MATR_b2c37,478.0,20,hybridpatch_v2,137,1.0030015707015991,0.9951422810554504,0.9919179081916809,0.996070384979248
短寿命,MATR_b2c37,478.0,20,hybridpatch_v2,138,1.0028769969940186,0.9950932860374451,0.9918489456176758,0.9960252046585083
短寿命,MATR_b2c37,478.0,20,hybridpatch_v2,139,1.0029356479644775,0.9950443506240845,0.9917801022529602,0.9959800839424133
短寿命,MATR_b2c37,478.0,20,hybridpatch_v2,140,1.00288987159729,0.9949954748153687,0.9917113780975342,0.9959350228309631
短寿命,MATR_b2c37,478.0,20,hybridpatch_v2,141,1.002808928489685,0.9949466586112976,0.9916427731513977,0.9958900213241577
短寿命,MATR_b2c37,478.0,20,hybridpatch_v2,142,1.002798080444336,0.9948979616165161,0.9915742874145508,0.9958450794219971
短寿命,MATR_b2c37,478.0,20,hybridpatch_v2,143,1.0027616024017334,0.9948493242263794,0.9915058612823486,0.9958001971244812
短寿命,MATR_b2c37,478.0,20,hybridpatch_v2,144,1.0027766227722168,0.9948007464408875,0.991437554359436,0.9957553744316101
短寿命,MATR_b2c37,478.0,20,hybridpatch_v2,145,1.002648949623108,0.9947522878646851,0.991369366645813,0.995710551738739
短寿命,MATR_b2c37,478.0,20,hybridpatch_v2,146,1.0027140378952026,0.9947038292884827,0.9913012385368347,0.9956658482551575
短寿命,MATR_b2c37,478.0,20,hybridpatch_v2,147,1.0026671886444092,0.9946554899215698,0.991233229637146,0.9956212639808655
短寿命,MATR_b2c37,478.0,20,hybridpatch_v2,148,1.0025529861450195,0.9946072101593018,0.9911653399467468,0.9955781102180481
短寿命,MATR_b2c37,478.0,20,hybridpatch_v2,149,1.0024982690811157,0.9945589900016785,0.9910975098609924,0.9955350160598755
短寿命,MATR_b2c37,478.0,20,hybridpatch_v2,150,1.0025423765182495,0.9945108294487,0.9910297989845276,0.9954919815063477
短寿命,MATR_b2c37,478.0,20,hybridpatch_v2,151,1.0024322271347046,0.994462788105011,0.9909621477127075,0.9954489469528198
短寿命,MATR_b2c37,478.0,20,hybridpatch_v2,152,1.0023744106292725,0.994414746761322,0.9908946752548218,0.9954060316085815
短寿命,MATR_b2c37,478.0,20,hybridpatch_v2,153,1.0023101568222046,0.9943668246269226,0.990827202796936,0.995363175868988
短寿命,MATR_b2c37,478.0,20,hybridpatch_v2,154,1.0021651983261108,0.9943189024925232,0.9907598495483398,0.9953203797340393
短寿命,MATR_b2c37,478.0,20,hybridpatch_v2,155,1.0022518634796143,0.9942710995674133,0.9906926155090332,0.9952776432037354
短寿命,MATR_b2c37,478.0,20,hybridpatch_v2,156,1.002179741859436,0.9942233562469482,0.9906254410743713,0.9952349066734314
短寿命,MATR_b2c37,478.0,20,hybridpatch_v2,157,1.002097725868225,0.9941756725311279,0.990558385848999,0.995192289352417
短寿命,MATR_b2c37,478.0,20,hybridpatch_v2,158,1.002138376235962,0.9941279888153076,0.9904913902282715,0.9951496720314026
短寿命,MATR_b2c37,478.0,20,hybridpatch_v2,159,1.0020493268966675,0.9940804243087769,0.9904245138168335,0.995107114315033
短寿命,MATR_b2c37,478.0,20,hybridpatch_v2,160,1.001994013786316,0.9940329194068909,0.9903576374053955,0.9950646162033081
短寿命,MATR_b2c37,478.0,20,hybridpatch_v2,161,1.0019510984420776,0.9939854741096497,0.9902909398078918,0.995022177696228
短寿命,MATR_b2c37,478.0,20,hybridpatch_v2,162,1.0018484592437744,0.9939380884170532,0.990224301815033,0.9949797987937927
短寿命,MATR_b2c37,478.0,20,hybridpatch_v2,163,1.0018131732940674,0.9938907623291016,0.9901577234268188,0.9949374794960022
短寿命,MATR_b2c37,478.0,20,hybridpatch_v2,164,1.0018049478530884,0.9938434958457947,0.9900912046432495,0.9948951601982117
短寿命,MATR_b2c37,478.0,20,hybridpatch_v2,165,1.0016716718673706,0.9937962889671326,0.9900248050689697,0.9948529601097107
短寿命,MATR_b2c37,478.0,20,hybridpatch_v2,166,1.0016807317733765,0.9937491416931152,0.9899585247039795,0.9948107600212097
短寿命,MATR_b2c37,478.0,20,hybridpatch_v2,167,1.0015869140625,0.9937019944190979,0.9898922443389893,0.9947686195373535
短寿命,MATR_b2c37,478.0,20,hybridpatch_v2,168,1.0014808177947998,0.9936549663543701,0.9898260831832886,0.9947264790534973
短寿命,MATR_b2c37,478.0,20,hybridpatch_v2,169,1.0014667510986328,0.9936079978942871,0.9897600412368774,0.9946844577789307
短寿命,MATR_b2c37,478.0,20,hybridpatch_v2,170,1.0014549493789673,0.9935610294342041,0.9896939992904663,0.994642436504364
短寿命,MATR_b2c37,478.0,20,hybridpatch_v2,171,1.0014142990112305,0.9935141801834106,0.9896280765533447,0.9946004748344421
短寿命,MATR_b2c37,478.0,20,hybridpatch_v2,172,1.0013647079467773,0.9934673309326172,0.9895622134208679,0.994558572769165
短寿命,MATR_b2c37,478.0,20,hybridpatch_v2,173,1.0012167692184448,0.9934205412864685,0.9894964098930359,0.9945167303085327
短寿命,MATR_b2c37,478.0,20,hybridpatch_v2,174,1.0011529922485352,0.9933738112449646,0.9894307255744934,0.9944748878479004
短寿命,MATR_b2c37,478.0,20,hybridpatch_v2,175,1.0011311769485474,0.9933271408081055,0.9893651008605957,0.9944331049919128
短寿命,MATR_b2c37,478.0,20,hybridpatch_v2,176,1.0011615753173828,0.9932805299758911,0.9892995357513428,0.9943913817405701
短寿命,MATR_b2c37,478.0,20,hybridpatch_v2,177,1.0010302066802979,0.9932339787483215,0.9892340302467346,0.9943497180938721
短寿命,MATR_b2c37,478.0,20,hybridpatch_v2,178,1.0009533166885376,0.993187427520752,0.9891685843467712,0.9943080544471741
短寿命,MATR_b2c37,478.0,20,hybridpatch_v2,179,1.0008516311645508,0.9931409955024719,0.9891032576560974,0.9942664504051208
短寿命,MATR_b2c37,478.0,20,hybridpatch_v2,180,1.000821590423584,0.9930945634841919,0.9890379905700684,0.9942249059677124
短寿命,MATR_b2c37,478.0,20,hybridpatch_v2,181,1.0008479356765747,0.9930481910705566,0.9889727830886841,0.9941834211349487
短寿命,MATR_b2c37,478.0,20,hybridpatch_v2,182,1.0007580518722534,0.9930018782615662,0.9889076352119446,0.9941419363021851
短寿命,MATR_b2c37,478.0,20,hybridpatch_v2,183,1.000765085220337,0.9929556250572205,0.9888425469398499,0.9941005110740662
短寿命,MATR_b2c37,478.0,20,hybridpatch_v2,184,1.0006476640701294,0.9929093718528748,0.9887775182723999,0.9940590858459473
短寿命,MATR_b2c37,478.0,20,hybridpatch_v2,185,1.0005196332931519,0.9928631782531738,0.9887126088142395,0.9940177202224731
短寿命,MATR_b2c37,478.0,20,hybridpatch_v2,186,1.0005170106887817,0.9928170442581177,0.9886476993560791,0.9939764142036438
短寿命,MATR_b2c37,478.0,20,hybridpatch_v2,187,1.0004446506500244,0.9927709698677063,0.9885829091072083,0.9939351677894592
短寿命,MATR_b2c37,478.0,20,hybridpatch_v2,188,1.0003488063812256,0.9927249550819397,0.9885181784629822,0.9938939213752747
短寿命,MATR_b2c37,478.0,20,hybridpatch_v2,189,1.0003012418746948,0.9926789402961731,0.9884535074234009,0.9938527345657349
短寿命,MATR_b2c37,478.0,20,hybridpatch_v2,190,1.0002174377441406,0.9926329851150513,0.9883888959884644,0.9938116073608398
短寿命,MATR_b2c37,478.0,20,hybridpatch_v2,191,1.0001345872879028,0.9925870895385742,0.9883243441581726,0.9937704801559448
短寿命,MATR_b2c37,478.0,20,hybridpatch_v2,192,1.0000866651535034,0.9925412535667419,0.9882598519325256,0.9937294125556946
短寿命,MATR_b2c37,478.0,20,hybridpatch_v2,193,1.0000470876693726,0.9924954175949097,0.9881954193115234,0.9936883449554443
短寿命,MATR_b2c37,478.0,20,hybridpatch_v2,194,1.0000730752944946,0.9924497008323669,0.988131046295166,0.9936473369598389
短寿命,MATR_b2c37,478.0,20,hybridpatch_v2,195,0.9999242424964905,0.9924039244651794,0.9880667328834534,0.9936063885688782
短寿命,MATR_b2c37,478.0,20,hybridpatch_v2,196,0.9998583793640137,0.9923582673072815,0.9880024790763855,0.9935654401779175
短寿命,MATR_b2c37,478.0,20,hybridpatch_v2,197,0.9997220635414124,0.9923126101493835,0.9879382848739624,0.9935245513916016
短寿命,MATR_b2c37,478.0,20,hybridpatch_v2,198,0.999647319316864,0.9922670125961304,0.9878741502761841,0.9934837222099304
短寿命,MATR_b2c37,478.0,20,hybridpatch_v2,199,0.999542772769928,0.992221474647522,0.9878101348876953,0.9934428930282593
短寿命,MATR_b2c37,478.0,20,hybridpatch_v2,200,0.9994938373565674,0.9921759366989136,0.9877461194992065,0.9934021234512329
短寿命,MATR_b2c37,478.0,20,hybridpatch_v2,201,0.9994252324104309,0.99213045835495,0.9876821637153625,0.9933613538742065
短寿命,MATR_b2c37,478.0,20,hybridpatch_v2,202,0.9993231892585754,0.9920850396156311,0.9876182675361633,0.993320643901825
短寿命,MATR_b2c37,478.0,20,hybridpatch_v2,203,0.9993907809257507,0.992039680480957,0.9875544309616089,0.9932799935340881
短寿命,MATR_b2c37,478.0,20,hybridpatch_v2,204,0.9993138909339905,0.991994321346283,0.9874906539916992,0.9932393431663513
短寿命,MATR_b2c37,478.0,20,hybridpatch_v2,205,0.9992566108703613,0.9919490218162537,0.9874269366264343,0.9931986927986145
短寿命,MATR_b2c37,478.0,20,hybridpatch_v2,206,0.9992185831069946,0.9919037222862244,0.9873632788658142,0.9931581020355225
短寿命,MATR_b2c37,478.0,20,hybridpatch_v2,207,0.9990367889404297,0.9918584823608398,0.9872996211051941,0.9931175708770752
短寿命,MATR_b2c37,478.0,20,hybridpatch_v2,208,0.9989162683486938,0.9918133020401001,0.9872360825538635,0.9930770993232727
短寿命,MATR_b2c37,478.0,20,hybridpatch_v2,209,0.9988608956336975,0.9917681813240051,0.9871726036071777,0.9930366277694702
短寿命,MATR_b2c37,478.0,20,hybridpatch_v2,210,0.9988260865211487,0.9917230606079102,0.9871091246604919,0.9929961562156677
短寿命,MATR_b2c37,478.0,20,hybridpatch_v2,211,0.9986433386802673,0.9916779398918152,0.9870457649230957,0.99295574426651
短寿命,MATR_b2c37,478.0,20,hybridpatch_v2,212,0.9985769391059875,0.9916329383850098,0.9869824051856995,0.9929153919219971
短寿命,MATR_b2c37,478.0,20,hybridpatch_v2,213,0.9984161257743835,0.9915879368782043,0.986919105052948,0.9928750395774841
短寿命,MATR_b2c37,478.0,20,hybridpatch_v2,214,0.9983204007148743,0.9915429353713989,0.9868558645248413,0.9928346872329712
短寿命,MATR_b2c37,478.0,20,hybridpatch_v2,215,0.9981914162635803,0.9914980530738831,0.9867926836013794,0.992794394493103
短寿命,MATR_b2c37,478.0,20,hybridpatch_v2,216,0.9981123805046082,0.9914531707763672,0.9867295622825623,0.9927541613578796
短寿命,MATR_b2c37,478.0,20,hybridpatch_v2,217,0.9980977177619934,0.9914082884788513,0.9866664409637451,0.9927139282226562
短寿命,MATR_b2c37,478.0,20,hybridpatch_v2,218,0.9980428218841553,0.9913634657859802,0.9866034388542175,0.9926737546920776
短寿命,MATR_b2c37,478.0,20,hybridpatch_v2,219,0.9979259967803955,0.9913187026977539,0.9865404367446899,0.992633581161499
短寿命,MATR_b2c37,478.0,20,hybridpatch_v2,220,0.9978949427604675,0.9912739396095276,0.9864775538444519,0.9925934672355652
短寿命,MATR_b2c37,478.0,20,hybridpatch_v2,221,0.9977402091026306,0.991229236125946,0.9864146709442139,0.9925533533096313
短寿命,MATR_b2c37,478.0,20,hybridpatch_v2,222,0.9975361824035645,0.9911845326423645,0.9863517880439758,0.9925132989883423
短寿命,MATR_b2c37,478.0,20,hybridpatch_v2,223,0.9974730014801025,0.9911398887634277,0.9862890243530273,0.9924732446670532
短寿命,MATR_b2c37,478.0,20,hybridpatch_v2,224,0.9973543286323547,0.9910953044891357,0.9862263202667236,0.9924332499504089
短寿命,MATR_b2c37,478.0,20,hybridpatch_v2,225,0.9972070455551147,0.9910507202148438,0.9861636161804199,0.9923932552337646
短寿命,MATR_b2c37,478.0,20,hybridpatch_v2,226,0.9971705079078674,0.9910061955451965,0.986100971698761,0.9923533201217651
短寿命,MATR_b2c37,478.0,20,hybridpatch_v2,227,0.9971069097518921,0.9909616708755493,0.9860383868217468,0.9923133850097656
短寿命,MATR_b2c37,478.0,20,hybridpatch_v2,228,0.9969386458396912,0.9909172058105469,0.9859758019447327,0.9922735095024109
短寿命,MATR_b2c37,478.0,20,hybridpatch_v2,229,0.9969096779823303,0.9908728003501892,0.9859133362770081,0.9922336339950562
短寿命,MATR_b2c37,478.0,20,hybridpatch_v2,230,0.9965629577636719,0.9908283948898315,0.9858508706092834,0.9921938180923462
短寿命,MATR_b2c37,478.0,20,hybridpatch_v2,231,0.99666827917099,0.9907839894294739,0.9857884645462036,0.9921540021896362
短寿命,MATR_b2c37,478.0,20,hybridpatch_v2,232,0.9965616464614868,0.990739643573761,0.9857261180877686,0.9921141862869263
短寿命,MATR_b2c37,478.0,20,hybridpatch_v2,233,0.9963818788528442,0.9906953573226929,0.9856637716293335,0.9920744299888611
短寿命,MATR_b2c37,478.0,20,hybridpatch_v2,234,0.9963432550430298,0.9906510710716248,0.985601544380188,0.9920347332954407
短寿命,MATR_b2c37,478.0,20,hybridpatch_v2,235,0.9950261116027832,0.9906068444252014,0.9855393171310425,0.9919950366020203
短寿命,MATR_b2c37,478.0,20,hybridpatch_v2,236,0.9961289763450623,0.9905626177787781,0.9854771494865417,0.9919553399085999
短寿命,MATR_b2c37,478.0,20,hybridpatch_v2,237,0.9960505962371826,0.9905184507369995,0.985414981842041,0.9919157028198242
短寿命,MATR_b2c37,478.0,20,hybridpatch_v2,238,0.9958703517913818,0.990474283695221,0.9853528738021851,0.9918760657310486
短寿命,MATR_b2c37,478.0,20,hybridpatch_v2,239,0.9956219792366028,0.9904301762580872,0.9852908253669739,0.9918364882469177
短寿命,MATR_b2c37,478.0,20,hybridpatch_v2,240,0.9943782091140747,0.9903861284255981,0.9852288365364075,0.9917969107627869
短寿命,MATR_b2c37,478.0,20,hybridpatch_v2,241,0.9954348206520081,0.9903420805931091,0.9851669073104858,0.9917573928833008
短寿命,MATR_b2c37,478.0,20,hybridpatch_v2,242,0.9953758120536804,0.9902980327606201,0.9851049780845642,0.9917178750038147
短寿命,MATR_b2c37,478.0,20,hybridpatch_v2,243,0.9953089952468872,0.9902540445327759,0.9850431084632874,0.9916783571243286
短寿命,MATR_b2c37,478.0,20,hybridpatch_v2,244,0.9951943159103394,0.9902100563049316,0.9849812388420105,0.9916388988494873
短寿命,MATR_b2c37,478.0,20,hybridpatch_v2,245,0.9938005208969116,0.9901661276817322,0.9849194288253784,0.9915995001792908
短寿命,MATR_b2c37,478.0,20,hybridpatch_v2,246,0.8758271336555481,0.9901222586631775,0.9848576784133911,0.9915601015090942
短寿命,MATR_b2c37,478.0,20,hybridpatch_v2,247,0.9919900298118591,0.990078330039978,0.9847959876060486,0.9915207028388977
短寿命,MATR_b2c37,478.0,20,hybridpatch_v2,248,0.9932363629341125,0.9900345206260681,0.984734296798706,0.9914813041687012
短寿命,MATR_b2c37,478.0,20,hybridpatch_v2,249,0.9935219883918762,0.9899907112121582,0.9846726655960083,0.9914419651031494
短寿命,MATR_b2c37,478.0,20,hybridpatch_v2,250,0.9936267137527466,0.9899469017982483,0.9846110939979553,0.9914026856422424
短寿命,MATR_b2c37,478.0,20,hybridpatch_v2,251,0.993647038936615,0.9899031519889832,0.9845495820045471,0.9913634061813354
短寿命,MATR_b2c37,478.0,20,hybridpatch_v2,252,0.9936241507530212,0.989859402179718,0.9844880700111389,0.9913241267204285
短寿命,MATR_b2c37,478.0,20,hybridpatch_v2,253,0.9935243725776672,0.9898157119750977,0.9844265580177307,0.9912849068641663
短寿命,MATR_b2c37,478.0,20,hybridpatch_v2,254,0.9935376048088074,0.9897720217704773,0.9843651652336121,0.991245687007904
短寿命,MATR_b2c37,478.0,20,hybridpatch_v2,255,0.99336838722229,0.9897283911705017,0.9843037724494934,0.9912064671516418
短寿命,MATR_b2c37,478.0,20,hybridpatch_v2,256,0.993294358253479,0.9896847605705261,0.9842423796653748,0.9911673069000244
短寿命,MATR_b2c37,478.0,20,hybridpatch_v2,257,0.993277370929718,0.9896411895751953,0.9841811060905457,0.991128146648407
短寿命,MATR_b2c37,478.0,20,hybridpatch_v2,258,0.993166446685791,0.9895976185798645,0.9841198325157166,0.9910890460014343
短寿命,MATR_b2c37,478.0,20,hybridpatch_v2,259,0.9930335283279419,0.9895541071891785,0.9840585589408875,0.9910499453544617
短寿命,MATR_b2c37,478.0,20,hybridpatch_v2,260,0.9929617643356323,0.9895105957984924,0.9839974045753479,0.9910109043121338
短寿命,MATR_b2c37,478.0,20,hybridpatch_v2,261,0.9928333163261414,0.9894670844078064,0.9839362502098083,0.9909718036651611
短寿命,MATR_b2c37,478.0,20,hybridpatch_v2,262,0.9926112294197083,0.9894236326217651,0.9838750958442688,0.990932822227478
短寿命,MATR_b2c37,478.0,20,hybridpatch_v2,263,0.9924880862236023,0.9893802404403687,0.983814001083374,0.9908937811851501
短寿命,MATR_b2c37,478.0,20,hybridpatch_v2,264,0.9923864006996155,0.9893368482589722,0.983752965927124,0.990854799747467
短寿命,MATR_b2c37,478.0,20,hybridpatch_v2,265,0.9922066330909729,0.9892934560775757,0.9836919903755188,0.9908158779144287
短寿命,MATR_b2c37,478.0,20,hybridpatch_v2,266,0.9922084212303162,0.989250123500824,0.9836310148239136,0.9907768964767456
短寿命,MATR_b2c37,478.0,20,hybridpatch_v2,267,0.9921350479125977,0.9892067909240723,0.9835700392723083,0.9907379746437073
短寿命,MATR_b2c37,478.0,20,hybridpatch_v2,268,0.9920112490653992,0.9891634583473206,0.9835091233253479,0.9906991124153137
短寿命,MATR_b2c37,478.0,20,hybridpatch_v2,269,0.991901695728302,0.9891201853752136,0.9834482669830322,0.9906602501869202
短寿命,MATR_b2c37,478.0,20,hybridpatch_v2,270,0.9917861819267273,0.9890769720077515,0.9833874702453613,0.9906213879585266
短寿命,MATR_b2c37,478.0,20,hybridpatch_v2,271,0.9916912913322449,0.9890337586402893,0.9833266735076904,0.9905825257301331
短寿命,MATR_b2c37,478.0,20,hybridpatch_v2,272,0.9915444850921631,0.9889905452728271,0.9832658767700195,0.9905437231063843
短寿命,MATR_b2c37,478.0,20,hybridpatch_v2,273,0.9913856983184814,0.9889473915100098,0.9832051992416382,0.9905049800872803
短寿命,MATR_b2c37,478.0,20,hybridpatch_v2,274,0.9912234544754028,0.9889042377471924,0.9831444621086121,0.9904661774635315
短寿命,MATR_b2c37,478.0,20,hybridpatch_v2,275,0.9910072088241577,0.9888611435890198,0.9830838441848755,0.9904274344444275
短寿命,MATR_b2c37,478.0,20,hybridpatch_v2,276,0.9907628893852234,0.9888180494308472,0.9830232262611389,0.9903887510299683
短寿命,MATR_b2c37,478.0,20,hybridpatch_v2,277,0.9907026290893555,0.9887749552726746,0.9829626083374023,0.9903500080108643
短寿命,MATR_b2c37,478.0,20,hybridpatch_v2,278,0.9905007481575012,0.9887319207191467,0.9829020500183105,0.990311324596405
短寿命,MATR_b2c37,478.0,20,hybridpatch_v2,279,0.990321159362793,0.9886888861656189,0.9828415513038635,0.9902727007865906
短寿命,MATR_b2c37,478.0,20,hybridpatch_v2,280,0.9901941418647766,0.9886459112167358,0.9827810525894165,0.9902340173721313
短寿命,MATR_b2c37,478.0,20,hybridpatch_v2,281,0.9900543093681335,0.9886029362678528,0.9827206134796143,0.9901954531669617
短寿命,MATR_b2c37,478.0,20,hybridpatch_v2,282,0.9898903965950012,0.9885599613189697,0.982660174369812,0.9901568293571472
短寿命,MATR_b2c37,478.0,20,hybridpatch_v2,283,0.9897236227989197,0.9885170459747314,0.9825997948646545,0.9901182651519775
短寿命,MATR_b2c37,478.0,20,hybridpatch_v2,284,0.9894670844078064,0.9884741306304932,0.9825394749641418,0.9900797009468079
短寿命,MATR_b2c37,478.0,20,hybridpatch_v2,285,0.9893386363983154,0.9884312748908997,0.9824791550636292,0.9900411367416382
短寿命,MATR_b2c37,478.0,20,hybridpatch_v2,286,0.9891120791435242,0.9883884191513062,0.9824188351631165,0.9900026321411133
短寿命,MATR_b2c37,478.0,20,hybridpatch_v2,287,0.9889931082725525,0.9883455634117126,0.9823585748672485,0.9899641275405884
短寿命,MATR_b2c37,478.0,20,hybridpatch_v2,288,0.9887494444847107,0.9883027672767639,0.9822983741760254,0.9899256825447083
短寿命,MATR_b2c37,478.0,20,hybridpatch_v2,289,0.9885673522949219,0.9882599711418152,0.9822381734848022,0.9898871779441833
短寿命,MATR_b2c37,478.0,20,hybridpatch_v2,290,0.988364577293396,0.9882172346115112,0.9821780323982239,0.9898487329483032
短寿命,MATR_b2c37,478.0,20,hybridpatch_v2,291,0.9882929921150208,0.9881744980812073,0.9821178913116455,0.9898103475570679
短寿命,MATR_b2c37,478.0,20,hybridpatch_v2,292,0.9881789684295654,0.9881317615509033,0.9820578098297119,0.9897719621658325
短寿命,MATR_b2c37,478.0,20,hybridpatch_v2,293,0.9879158735275269,0.9880890846252441,0.9819977283477783,0.9897335767745972
短寿命,MATR_b2c37,478.0,20,hybridpatch_v2,294,0.9878034591674805,0.988046407699585,0.9819377064704895,0.9896951913833618
短寿命,MATR_b2c37,478.0,20,hybridpatch_v2,295,0.9875313639640808,0.9880037307739258,0.9818776845932007,0.9896568655967712
短寿命,MATR_b2c37,478.0,20,hybridpatch_v2,296,0.9873269200325012,0.9879611134529114,0.9818177223205566,0.9896185398101807
短寿命,MATR_b2c37,478.0,20,hybridpatch_v2,297,0.9872167706489563,0.987918496131897,0.9817578196525574,0.9895802140235901
短寿命,MATR_b2c37,478.0,20,hybridpatch_v2,298,0.986926794052124,0.9878759384155273,0.9816978573799133,0.9895418882369995
短寿命,MATR_b2c37,478.0,20,hybridpatch_v2,299,0.9867432117462158,0.9878333806991577,0.9816380143165588,0.9895036220550537
短寿命,MATR_b2c37,478.0,20,hybridpatch_v2,300,0.986514687538147,0.9877908229827881,0.9815781712532043,0.9894654154777527
短寿命,MATR_b2c37,478.0,20,hybridpatch_v2,301,0.9862727522850037,0.9877483248710632,0.9815183281898499,0.9894271492958069
短寿命,MATR_b2c37,478.0,20,hybridpatch_v2,302,0.9861184358596802,0.9877058267593384,0.9814585447311401,0.9893889427185059
短寿命,MATR_b2c37,478.0,20,hybridpatch_v2,303,0.9858371019363403,0.9876633286476135,0.9813987612724304,0.9893507361412048
短寿命,MATR_b2c37,478.0,20,hybridpatch_v2,304,0.9855899214744568,0.9876208901405334,0.9813390374183655,0.9893125891685486
短寿命,MATR_b2c37,478.0,20,hybridpatch_v2,305,0.9854093790054321,0.9875784516334534,0.9812793731689453,0.9892743825912476
短寿命,MATR_b2c37,478.0,20,hybridpatch_v2,306,0.9852806925773621,0.9875360131263733,0.9812196493148804,0.9892362356185913
短寿命,MATR_b2c37,478.0,20,hybridpatch_v2,307,0.9850305318832397,0.987493634223938,0.981160044670105,0.9891981482505798
短寿命,MATR_b2c37,478.0,20,hybridpatch_v2,308,0.9848352670669556,0.9874512553215027,0.9811004400253296,0.9891600012779236
短寿命,MATR_b2c37,478.0,20,hybridpatch_v2,309,0.9845796823501587,0.9874088764190674,0.9810408353805542,0.9891219139099121
短寿命,MATR_b2c37,478.0,20,hybridpatch_v2,310,0.9842662811279297,0.9873665571212769,0.9809812903404236,0.9890838861465454
短寿命,MATR_b2c37,478.0,20,hybridpatch_v2,311,0.9840285778045654,0.9873242378234863,0.980921745300293,0.9890457987785339
短寿命,MATR_b2c37,478.0,20,hybridpatch_v2,312,0.9837406277656555,0.9872819781303406,0.9808622598648071,0.9890077710151672
短寿命,MATR_b2c37,478.0,20,hybridpatch_v2,313,0.9834815859794617,0.9872397184371948,0.9808027744293213,0.9889697432518005
短寿命,MATR_b2c37,478.0,20,hybridpatch_v2,314,0.983295738697052,0.9871974587440491,0.9807433485984802,0.9889317154884338
短寿命,MATR_b2c37,478.0,20,hybridpatch_v2,315,0.9830718040466309,0.9871551990509033,0.9806839227676392,0.9888937473297119
短寿命,MATR_b2c37,478.0,20,hybridpatch_v2,316,0.982787013053894,0.9871129989624023,0.9806245565414429,0.98885577917099
短寿命,MATR_b2c37,478.0,20,hybridpatch_v2,317,0.9826392531394958,0.9870707988739014,0.9805651903152466,0.9888178110122681
短寿命,MATR_b2c37,478.0,20,hybridpatch_v2,318,0.9823484420776367,0.9870286583900452,0.9805058240890503,0.9887799024581909
短寿命,MATR_b2c37,478.0,20,hybridpatch_v2,319,0.9821272492408752,0.986986517906189,0.9804465174674988,0.9887419939041138
短寿命,MATR_b2c37,478.0,20,hybridpatch_v2,320,0.9818904399871826,0.9869443774223328,0.980387270450592,0.9887040853500366
短寿命,MATR_b2c37,478.0,20,hybridpatch_v2,321,0.9812669157981873,0.9869022369384766,0.9803280234336853,0.9886661767959595
短寿命,MATR_b2c37,478.0,20,hybridpatch_v2,322,0.9812339544296265,0.9868601560592651,0.9802687764167786,0.9886283278465271
短寿命,MATR_b2c37,478.0,20,hybridpatch_v2,323,0.9809966087341309,0.9868180751800537,0.9802095890045166,0.9885904788970947
短寿命,MATR_b2c37,478.0,20,hybridpatch_v2,324,0.9806703329086304,0.9867760539054871,0.9801504015922546,0.9885526299476624
短寿命,MATR_b2c37,478.0,20,hybridpatch_v2,325,0.980436384677887,0.9867340326309204,0.9800912737846375,0.98851478099823
短寿命,MATR_b2c37,478.0,20,hybridpatch_v2,326,0.9790205955505371,0.9866920113563538,0.9800321459770203,0.9884769916534424
短寿命,MATR_b2c37,478.0,20,hybridpatch_v2,327,0.9798041582107544,0.9866499900817871,0.9799730181694031,0.9884392023086548
短寿命,MATR_b2c37,478.0,20,hybridpatch_v2,328,0.979512631893158,0.9866080284118652,0.9799139499664307,0.9884014129638672
短寿命,MATR_b2c37,478.0,20,hybridpatch_v2,329,0.9792158603668213,0.9865660667419434,0.979854941368103,0.9883636832237244
短寿命,MATR_b2c37,478.0,20,hybridpatch_v2,330,0.9789082407951355,0.9865241050720215,0.9797959327697754,0.9883259534835815
短寿命,MATR_b2c37,478.0,20,hybridpatch_v2,331,0.9775498509407043,0.9864822030067444,0.9797369241714478,0.9882882237434387
短寿命,MATR_b2c37,478.0,20,hybridpatch_v2,332,0.9783450365066528,0.9864403009414673,0.9796779751777649,0.9882504940032959
短寿命,MATR_b2c37,478.0,20,hybridpatch_v2,333,0.977924108505249,0.9863983988761902,0.979619026184082,0.9882127642631531
短寿命,MATR_b2c37,478.0,20,hybridpatch_v2,334,0.9775339365005493,0.9863565564155579,0.979560136795044,0.988175094127655
短寿命,MATR_b2c37,478.0,20,hybridpatch_v2,335,0.9772151708602905,0.9863147139549255,0.9795012474060059,0.988137423992157
短寿命,MATR_b2c37,478.0,20,hybridpatch_v2,336,0.9757717847824097,0.9862728714942932,0.9794423580169678,0.9880998134613037
短寿命,MATR_b2c37,478.0,20,hybridpatch_v2,337,0.9765297770500183,0.9862310290336609,0.9793835282325745,0.9880621433258057
短寿命,MATR_b2c37,478.0,20,hybridpatch_v2,338,0.9762150049209595,0.9861892461776733,0.9793246984481812,0.9880245327949524
短寿命,MATR_b2c37,478.0,20,hybridpatch_v2,339,0.9758501648902893,0.9861474633216858,0.9792659282684326,0.9879869222640991
短寿命,MATR_b2c37,478.0,20,hybridpatch_v2,340,0.9755899906158447,0.986105740070343,0.9792071580886841,0.9879493713378906
短寿命,MATR_b2c37,478.0,20,hybridpatch_v2,341,0.9741219878196716,0.9860639572143555,0.9791484475135803,0.9879117608070374
短寿命,MATR_b2c37,478.0,20,hybridpatch_v2,342,0.9748666882514954,0.9860222339630127,0.9790897369384766,0.9878742098808289
短寿命,MATR_b2c37,478.0,20,hybridpatch_v2,343,0.9745612740516663,0.9859805703163147,0.9790310263633728,0.9878366589546204
短寿命,MATR_b2c37,478.0,20,hybridpatch_v2,344,0.9742059111595154,0.9859388470649719,0.9789723753929138,0.9877991676330566
短寿命,MATR_b2c37,478.0,20,hybridpatch_v2,345,0.9736873507499695,0.9858971834182739,0.9789137244224548,0.9877616167068481
短寿命,MATR_b2c37,478.0,20,hybridpatch_v2,346,0.972189724445343,0.9858555197715759,0.9788551330566406,0.9877241253852844
短寿命,MATR_b2c37,478.0,20,hybridpatch_v2,347,0.9729909896850586,0.9858139157295227,0.9787965416908264,0.9876866340637207
短寿命,MATR_b2c37,478.0,20,hybridpatch_v2,348,0.9724220633506775,0.9857723116874695,0.9787379503250122,0.9876492023468018
短寿命,MATR_b2c37,478.0,20,hybridpatch_v2,349,0.9720165133476257,0.9857307076454163,0.9786794185638428,0.987611711025238
短寿命,MATR_b2c37,478.0,20,hybridpatch_v2,350,0.9716160297393799,0.985689103603363,0.9786208868026733,0.9875742793083191
短寿命,MATR_b2c37,478.0,20,hybridpatch_v2,351,0.9711475968360901,0.9856475591659546,0.9785623550415039,0.9875368475914001
短寿命,MATR_b2c37,478.0,20,hybridpatch_v2,352,0.970693051815033,0.9856060147285461,0.9785038828849792,0.987499475479126
短寿命,MATR_b2c37,478.0,20,hybridpatch_v2,353,0.9703131318092346,0.9855644702911377,0.9784454703330994,0.987462043762207
短寿命,MATR_b2c37,478.0,20,hybridpatch_v2,354,0.9698216915130615,0.9855229258537292,0.9783869981765747,0.9874246716499329
短寿命,MATR_b2c37,478.0,20,hybridpatch_v2,355,0.9693503379821777,0.9854814410209656,0.9783285856246948,0.9873872995376587
短寿命,MATR_b2c37,478.0,20,hybridpatch_v2,356,0.9688690304756165,0.9854399561882019,0.9782702326774597,0.9873499274253845
短寿命,MATR_b2c37,478.0,20,hybridpatch_v2,357,0.9683430790901184,0.9853984713554382,0.9782118797302246,0.9873126149177551
短寿命,MATR_b2c37,478.0,20,hybridpatch_v2,358,0.9678565263748169,0.9853570461273193,0.9781535267829895,0.987275242805481
短寿命,MATR_b2c37,478.0,20,hybridpatch_v2,359,0.9673932790756226,0.9853156208992004,0.9780952334403992,0.9872379302978516
短寿命,MATR_b2c37,478.0,20,hybridpatch_v2,360,0.9669048190116882,0.9852741956710815,0.9780369400978088,0.9872006773948669
短寿命,MATR_b2c37,478.0,20,hybridpatch_v2,361,0.9665366411209106,0.9852327704429626,0.9779786467552185,0.9871633648872375
短寿命,MATR_b2c37,478.0,20,hybridpatch_v2,362,0.965920090675354,0.9851914048194885,0.977920413017273,0.9871261119842529
短寿命,MATR_b2c37,478.0,20,hybridpatch_v2,363,0.9654893279075623,0.9851500391960144,0.9778621792793274,0.9870888590812683
短寿命,MATR_b2c37,478.0,20,hybridpatch_v2,364,0.9650065302848816,0.9851086735725403,0.9778040051460266,0.9870516061782837
短寿命,MATR_b2c37,478.0,20,hybridpatch_v2,365,0.9644641280174255,0.9850673079490662,0.977745771408081,0.9870143532752991
短寿命,MATR_b2c37,478.0,20,hybridpatch_v2,366,0.963873565196991,0.9850260019302368,0.977687656879425,0.9869771599769592
短寿命,MATR_b2c37,478.0,20,hybridpatch_v2,367,0.9634374380111694,0.9849846959114075,0.9776294827461243,0.9869399070739746
短寿命,MATR_b2c37,478.0,20,hybridpatch_v2,368,0.9627838134765625,0.9849433898925781,0.9775713682174683,0.9869027137756348
短寿命,MATR_b2c37,478.0,20,hybridpatch_v2,369,0.962231457233429,0.9849021434783936,0.977513313293457,0.9868655800819397
短寿命,MATR_b2c37,478.0,20,hybridpatch_v2,370,0.9617002606391907,0.984860897064209,0.977455198764801,0.9868283867835999
短寿命,MATR_b2c37,478.0,20,hybridpatch_v2,371,0.9611688256263733,0.9848196506500244,0.9773971438407898,0.9867912530899048
短寿命,MATR_b2c37,478.0,20,hybridpatch_v2,372,0.9605027437210083,0.9847784042358398,0.9773391485214233,0.9867541193962097
短寿命,MATR_b2c37,478.0,20,hybridpatch_v2,373,0.9599419236183167,0.9847371578216553,0.9772811532020569,0.9867169857025146
短寿命,MATR_b2c37,478.0,20,hybridpatch_v2,374,0.9593275785446167,0.9846959710121155,0.9772231578826904,0.9866798520088196
短寿命,MATR_b2c37,478.0,20,hybridpatch_v2,375,0.9587029814720154,0.9846547842025757,0.977165162563324,0.9866427779197693
短寿命,MATR_b2c37,478.0,20,hybridpatch_v2,376,0.9580614566802979,0.9846136569976807,0.9771072268486023,0.9866056442260742
短寿命,MATR_b2c37,478.0,20,hybridpatch_v2,377,0.9574776291847229,0.9845724701881409,0.9770492911338806,0.9865685701370239
短寿命,MATR_b2c37,478.0,20,hybridpatch_v2,378,0.9568046927452087,0.9845313429832458,0.9769914150238037,0.9865314960479736
短寿命,MATR_b2c37,478.0,20,hybridpatch_v2,379,0.9561523795127869,0.9844902157783508,0.9769335389137268,0.9864944815635681
短寿命,MATR_b2c37,478.0,20,hybridpatch_v2,380,0.9554152488708496,0.9844491481781006,0.9768756628036499,0.9864574670791626
短寿命,MATR_b2c37,478.0,20,hybridpatch_v2,381,0.9547932147979736,0.9844080209732056,0.9768178462982178,0.9864203929901123
短寿命,MATR_b2c37,478.0,20,hybridpatch_v2,382,0.9540017247200012,0.9843669533729553,0.9767600297927856,0.9863833785057068
短寿命,MATR_b2c37,478.0,20,hybridpatch_v2,383,0.9532970786094666,0.9843258857727051,0.9767022132873535,0.986346423625946
短寿命,MATR_b2c37,478.0,20,hybridpatch_v2,384,0.9525777101516724,0.9842848181724548,0.9766443967819214,0.9863094091415405
短寿命,MATR_b2c37,478.0,20,hybridpatch_v2,385,0.9518823027610779,0.9842438101768494,0.976586639881134,0.9862724542617798
短寿命,MATR_b2c37,478.0,20,hybridpatch_v2,386,0.951177716255188,0.9842028021812439,0.9765289425849915,0.986235499382019
短寿命,MATR_b2c37,478.0,20,hybridpatch_v2,387,0.9504274129867554,0.9841617941856384,0.9764711856842041,0.9861985445022583
短寿命,MATR_b2c37,478.0,20,hybridpatch_v2,388,0.9496672749519348,0.984120786190033,0.9764134883880615,0.9861615896224976
短寿命,MATR_b2c37,478.0,20,hybridpatch_v2,389,0.9489409923553467,0.9840798377990723,0.9763558506965637,0.9861246347427368
短寿命,MATR_b2c37,478.0,20,hybridpatch_v2,390,0.9480998516082764,0.9840388894081116,0.9762981534004211,0.9860877394676208
短寿命,MATR_b2c37,478.0,20,hybridpatch_v2,391,0.9473012089729309,0.9839979410171509,0.9762405157089233,0.9860508441925049
短寿命,MATR_b2c37,478.0,20,hybridpatch_v2,392,0.9464230537414551,0.9839569926261902,0.9761829376220703,0.9860139489173889
短寿命,MATR_b2c37,478.0,20,hybridpatch_v2,393,0.9455692172050476,0.9839160442352295,0.9761252999305725,0.985977053642273
短寿命,MATR_b2c37,478.0,20,hybridpatch_v2,394,0.9446342587471008,0.9838751554489136,0.9760677218437195,0.9859402179718018
短寿命,MATR_b2c37,478.0,20,hybridpatch_v2,395,0.9437673091888428,0.9838342666625977,0.9760101437568665,0.9859033823013306
短寿命,MATR_b2c37,478.0,20,hybridpatch_v2,396,0.9428094029426575,0.9837933778762817,0.9759526252746582,0.9858665466308594
短寿命,MATR_b2c37,478.0,20,hybridpatch_v2,397,0.9418877959251404,0.9837525486946106,0.97589510679245,0.9858297109603882
短寿命,MATR_b2c37,478.0,20,hybridpatch_v2,398,0.9409063458442688,0.9837117195129395,0.9758375883102417,0.985792875289917
短寿命,MATR_b2c37,478.0,20,hybridpatch_v2,399,0.9399027824401855,0.9836708307266235,0.9757801294326782,0.9857560396194458
短寿命,MATR_b2c37,478.0,20,hybridpatch_v2,400,0.9387214183807373,0.9836300611495972,0.9757226705551147,0.9857192635536194
短寿命,MATR_b2c37,478.0,20,hybridpatch_v2,401,0.9380111694335938,0.983589231967926,0.9756652116775513,0.985682487487793
短寿命,MATR_b2c37,478.0,20,hybridpatch_v2,402,0.9370734691619873,0.9835484623908997,0.9756077527999878,0.9856457114219666
短寿命,MATR_b2c37,478.0,20,hybridpatch_v2,403,0.9360023736953735,0.9835076928138733,0.9755503535270691,0.9856089353561401
短寿命,MATR_b2c37,478.0,20,hybridpatch_v2,404,0.9348425269126892,0.9834669232368469,0.9754929542541504,0.9855722188949585
短寿命,MATR_b2c37,478.0,20,hybridpatch_v2,405,0.9326972365379333,0.9834261536598206,0.9754356145858765,0.9855355024337769
短寿命,MATR_b2c37,478.0,20,hybridpatch_v2,406,0.9326837658882141,0.9833853840827942,0.9753782749176025,0.9854974746704102
短寿命,MATR_b2c37,478.0,20,hybridpatch_v2,407,0.9315671324729919,0.9833446741104126,0.9753209352493286,0.9854557514190674
短寿命,MATR_b2c37,478.0,20,hybridpatch_v2,408,0.9305115938186646,0.983303964138031,0.9752635955810547,0.9854103326797485
短寿命,MATR_b2c37,478.0,20,hybridpatch_v2,409,0.9293326139450073,0.9832632541656494,0.9752063155174255,0.9853611588478088
短寿命,MATR_b2c37,478.0,20,hybridpatch_v2,410,0.9270399808883667,0.9832226037979126,0.9751490354537964,0.9853082299232483
短寿命,MATR_b2c37,478.0,20,hybridpatch_v2,411,0.926984965801239,0.9831819534301758,0.9750917553901672,0.9852516055107117
短寿命,MATR_b2c37,478.0,20,hybridpatch_v2,412,0.9257804155349731,0.9831412434577942,0.9750345349311829,0.9851912260055542
短寿命,MATR_b2c37,478.0,20,hybridpatch_v2,413,0.9245554208755493,0.9831006526947021,0.9749773144721985,0.9851271510124207
短寿命,MATR_b2c37,478.0,20,hybridpatch_v2,414,0.9233962893486023,0.9830600023269653,0.9749200940132141,0.9850593209266663
短寿命,MATR_b2c37,478.0,20,hybridpatch_v2,415,0.922035276889801,0.9830193519592285,0.9748629331588745,0.984987735748291
短寿命,MATR_b2c37,478.0,20,hybridpatch_v2,416,0.920770525932312,0.9829787611961365,0.9748057126998901,0.9849124550819397
短寿命,MATR_b2c37,478.0,20,hybridpatch_v2,417,0.91949862241745,0.9829381704330444,0.9747486114501953,0.9848334193229675
短寿命,MATR_b2c37,478.0,20,hybridpatch_v2,418,0.9182405471801758,0.9828975796699524,0.9746914505958557,0.9847506284713745
短寿命,MATR_b2c37,478.0,20,hybridpatch_v2,419,0.9168751239776611,0.9828570485115051,0.9746343493461609,0.9846641421318054
短寿命,MATR_b2c37,478.0,20,hybridpatch_v2,420,0.915486216545105,0.9828164577484131,0.9745772480964661,0.9845739006996155
短寿命,MATR_b2c37,478.0,20,hybridpatch_v2,421,0.9141159653663635,0.9827759265899658,0.9745201468467712,0.9844799041748047
短寿命,MATR_b2c37,478.0,20,hybridpatch_v2,422,0.9127539396286011,0.9827353954315186,0.9744631052017212,0.984400749206543
短寿命,MATR_b2c37,478.0,20,hybridpatch_v2,423,0.9112129807472229,0.9826949238777161,0.9744060635566711,0.9843620657920837
短寿命,MATR_b2c37,478.0,20,hybridpatch_v2,424,0.9097871780395508,0.9826543927192688,0.9743490219116211,0.9843235015869141
短寿命,MATR_b2c37,478.0,20,hybridpatch_v2,425,0.9081827402114868,0.9826139211654663,0.974291980266571,0.9842848777770996
短寿命,MATR_b2c37,478.0,20,hybridpatch_v2,426,0.906765341758728,0.9825734496116638,0.9742349982261658,0.9842462539672852
短寿命,MATR_b2c37,478.0,20,hybridpatch_v2,427,0.9049901366233826,0.9825329780578613,0.9741780161857605,0.9842076897621155
短寿命,MATR_b2c37,478.0,20,hybridpatch_v2,428,0.9037327170372009,0.9824925065040588,0.97412109375,0.9841691255569458
短寿命,MATR_b2c37,478.0,20,hybridpatch_v2,429,0.9025159478187561,0.9824520945549011,0.9740641117095947,0.9841305017471313
短寿命,MATR_b2c37,478.0,20,hybridpatch_v2,430,0.9005792140960693,0.9824116230010986,0.9740071892738342,0.9840919971466064
短寿命,MATR_b2c37,478.0,20,hybridpatch_v2,431,0.8991611003875732,0.9823712110519409,0.9739502668380737,0.9840534329414368
短寿命,MATR_b2c37,478.0,20,hybridpatch_v2,432,0.89789217710495,0.9823305010795593,0.973893404006958,0.9840148687362671
短寿命,MATR_b2c37,478.0,20,hybridpatch_v2,433,0.8960234522819519,0.9822878241539001,0.9738365411758423,0.9839763641357422
短寿命,MATR_b2c37,478.0,20,hybridpatch_v2,434,0.8945072293281555,0.9822429418563843,0.9737796783447266,0.9839377999305725
短寿命,MATR_b2c37,478.0,20,hybridpatch_v2,435,0.8931215405464172,0.9821957945823669,0.9737228155136108,0.9838992953300476
短寿命,MATR_b2c37,478.0,20,hybridpatch_v2,436,0.8915228247642517,0.9821465015411377,0.9736660122871399,0.9838607907295227
短寿命,MATR_b2c37,478.0,20,hybridpatch_v2,437,0.8899222016334534,0.982094943523407,0.973609209060669,0.9838223457336426
短寿命,MATR_b2c37,478.0,20,hybridpatch_v2,438,0.8886086940765381,0.9820412397384644,0.973552405834198,0.9837838411331177
短寿命,MATR_b2c37,478.0,20,hybridpatch_v2,439,0.8868920207023621,0.9819852709770203,0.973495602607727,0.9837453365325928
短寿命,MATR_b2c37,478.0,20,hybridpatch_v2,440,0.885101318359375,0.9819270968437195,0.9734388589859009,0.9837068915367126
短寿命,MATR_b2c37,478.0,20,hybridpatch_v2,441,0.8834030628204346,0.9818164110183716,0.9733801484107971,0.9836684465408325
短寿命,MATR_b2c37,478.0,20,hybridpatch_v2,442,0.8814128637313843,0.9816440343856812,0.9733151793479919,0.9836300015449524
短寿命,MATR_b2c37,478.0,20,hybridpatch_v2,443,0.8799871206283569,0.9814679026603699,0.9732437133789062,0.9835915565490723
短寿命,MATR_b2c37,478.0,20,hybridpatch_v2,444,0.8781083822250366,0.9812880754470825,0.9731658101081848,0.9835531115531921
短寿命,MATR_b2c37,478.0,20,hybridpatch_v2,445,0.8765215873718262,0.9811044931411743,0.9730814099311829,0.983514666557312
短寿命,MATR_b2c37,478.0,20,hybridpatch_v2,446,0.8746012449264526,0.9809171557426453,0.9729905724525452,0.9834755659103394
短寿命,MATR_b2c37,478.0,20,hybridpatch_v2,447,0.8729679584503174,0.9807261228561401,0.972893238067627,0.9834333658218384
短寿命,MATR_b2c37,478.0,20,hybridpatch_v2,448,0.8711294531822205,0.9805313348770142,0.972789466381073,0.9833879470825195
短寿命,MATR_b2c37,478.0,20,hybridpatch_v2,449,0.8696674704551697,0.9803327918052673,0.9726791977882385,0.9833393692970276
短寿命,MATR_b2c37,478.0,20,hybridpatch_v2,450,0.8676565885543823,0.9801305532455444,0.9725624918937683,0.9832875728607178
短寿命,MATR_b2c37,478.0,20,hybridpatch_v2,451,0.8659331798553467,0.9799245595932007,0.9724393486976624,0.9832326173782349
短寿命,MATR_b2c37,478.0,20,hybridpatch_v2,452,0.8641740083694458,0.9797148108482361,0.9723097085952759,0.9831743836402893
短寿命,MATR_b2c37,478.0,20,hybridpatch_v2,453,0.8625092506408691,0.9795013666152954,0.9721735715866089,0.9831129908561707
短寿命,MATR_b2c37,478.0,20,hybridpatch_v2,454,0.8605647087097168,0.9792841672897339,0.9720309972763062,0.9830483794212341
短寿命,MATR_b2c37,478.0,20,hybridpatch_v2,455,0.8587241768836975,0.9790632128715515,0.9718819856643677,0.9829806089401245
短寿命,MATR_b2c37,478.0,20,hybridpatch_v2,456,0.8567160964012146,0.9788385629653931,0.9717264771461487,0.982909619808197
短寿命,MATR_b2c37,478.0,20,hybridpatch_v2,457,0.8552122712135315,0.9786101579666138,0.971564531326294,0.9828354120254517
短寿命,MATR_b2c37,478.0,20,hybridpatch_v2,458,0.8533575534820557,0.9783779978752136,0.9713960886001587,0.9827579855918884
短寿命,MATR_b2c37,478.0,20,hybridpatch_v2,459,0.8515846133232117,0.9781421422958374,0.9712212085723877,0.9826774001121521
短寿命,MATR_b2c37,478.0,20,hybridpatch_v2,460,0.8496330380439758,0.9779025316238403,0.9710398316383362,0.9825935959815979
短寿命,MATR_b2c37,478.0,20,hybridpatch_v2,461,0.8477823734283447,0.9776592254638672,0.9708520174026489,0.9825065732002258
短寿命,MATR_b2c37,478.0,20,hybridpatch_v2,462,0.8461616635322571,0.9774121046066284,0.9706577062606812,0.9824163317680359
短寿命,MATR_b2c37,478.0,20,hybridpatch_v2,463,0.8440824747085571,0.9771612882614136,0.9704569578170776,0.9823229312896729
短寿命,MATR_b2c37,478.0,20,hybridpatch_v2,464,0.8423097729682922,0.9769067764282227,0.9702497124671936,0.9822263121604919
短寿命,MATR_b2c37,478.0,20,hybridpatch_v2,465,0.8394049406051636,0.9766484498977661,0.9700360298156738,0.9821264743804932
短寿命,MATR_b2c37,478.0,20,hybridpatch_v2,466,0.8387599587440491,0.9763864874839783,0.9698158502578735,0.9820234775543213
短寿命,MATR_b2c37,478.0,20,hybridpatch_v2,467,0.8366312384605408,0.9761207103729248,0.9695892333984375,0.9819172620773315
短寿命,MATR_b2c37,478.0,20,hybridpatch_v2,468,0.8349279761314392,0.9758512377738953,0.9693561792373657,0.9818078279495239
短寿命,MATR_b2c37,478.0,20,hybridpatch_v2,469,0.8331052660942078,0.9755780100822449,0.9691166281700134,0.9816951751708984
短寿命,MATR_b2c37,478.0,20,hybridpatch_v2,470,0.8307545781135559,0.9753010272979736,0.9688705801963806,0.9815793633460999
短寿命,MATR_b2c37,478.0,20,hybridpatch_v2,471,0.8292384743690491,0.9750203490257263,0.9686180949211121,0.9814603328704834
短寿命,MATR_b2c37,478.0,20,hybridpatch_v2,472,0.827446699142456,0.9747359156608582,0.9683591723442078,0.9813380837440491
短寿命,MATR_b2c37,478.0,20,hybridpatch_v2,473,0.8254614472389221,0.9744477272033691,0.968093752861023,0.9812126755714417
短寿命,MATR_b2c37,478.0,20,hybridpatch_v2,474,0.8235593438148499,0.974155843257904,0.9678218364715576,0.9810840487480164
短寿命,MATR_b2c37,478.0,20,hybridpatch_v2,475,0.8217058181762695,0.9738602042198181,0.9675434827804565,0.9809522032737732
短寿命,MATR_b2c37,478.0,20,hybridpatch_v2,476,0.8198477625846863,0.9735608696937561,0.9672586917877197,0.9808171391487122
短寿命,MATR_b2c37,478.0,20,hybridpatch_v2,477,0.8169805407524109,0.9732577204704285,0.9669674038887024,0.980678915977478
短寿命,MATR_b2c37,478.0,20,hybridpatch_v2,478,0.8157891035079956,0.9729509353637695,0.9666696786880493,0.9805374145507812
短寿命,MATR_b2c37,478.0,20,hybridpatch_v2,479,0.8137104511260986,0.972640335559845,0.9663654565811157,0.9803928136825562
短寿命,MATR_b2c37,478.0,20,hybridpatch_v2,480,0.8115367889404297,0.9723260402679443,0.9660547971725464,0.9802449345588684
短寿命,MATR_b2c37,478.0,20,hybridpatch_v2,481,0.8096649646759033,0.9720079898834229,0.9657376408576965,0.9800938963890076
短寿命,MATR_b2c37,478.0,20,hybridpatch_v2,482,0.8077495098114014,0.9716861844062805,0.9654139876365662,0.9799396395683289
短寿命,MATR_b2c37,478.0,20,hybridpatch_v2,483,0.805753767490387,0.9713606834411621,0.9650838971138,0.9797821640968323
短寿命,MATR_b2c37,478.0,20,hybridpatch_v2,484,0.8037188649177551,0.9710314273834229,0.9647473692893982,0.9796214699745178
短寿命,MATR_b2c37,478.0,20,hybridpatch_v2,485,0.801743745803833,0.9706984162330627,0.9644043445587158,0.9794576168060303
短寿命,MATR_b2c37,478.0,20,hybridpatch_v2,486,0.7984790802001953,0.9703617095947266,0.9640548825263977,0.9792905449867249
短寿命,MATR_b2c37,478.0,20,hybridpatch_v2,487,0.7975677251815796,0.9700212478637695,0.9636989235877991,0.9791202545166016
短寿命,MATR_b2c37,478.0,20,hybridpatch_v2,488,0.795295000076294,0.9696770310401917,0.9633365273475647,0.9789468050003052
短寿命,MATR_b2c37,478.0,20,hybridpatch_v2,489,0.793419599533081,0.9693291187286377,0.9629676342010498,0.9787701368331909
短寿命,MATR_b2c37,478.0,20,hybridpatch_v2,490,0.7909528017044067,0.9689774513244629,0.9625923037528992,0.9785902500152588
短寿命,MATR_b2c37,478.0,20,hybridpatch_v2,491,0.789044201374054,0.9686220288276672,0.962210476398468,0.9784071445465088
短寿命,MATR_b2c37,478.0,20,hybridpatch_v2,492,0.7868067622184753,0.9682629108428955,0.9618222117424011,0.9782208800315857
短寿命,MATR_b2c37,478.0,20,hybridpatch_v2,493,0.7840194702148438,0.9679000377655029,0.9614274501800537,0.9780313968658447
短寿命,MATR_b2c37,478.0,20,hybridpatch_v2,494,0.7828133702278137,0.9675334095954895,0.9610262513160706,0.9778386950492859
短寿命,MATR_b2c37,478.0,20,hybridpatch_v2,495,0.7805933952331543,0.9671630859375,0.9606185555458069,0.977642834186554
短寿命,MATR_b2c37,478.0,20,hybridpatch_v2,496,0.7781872153282166,0.9667889475822449,0.9602044224739075,0.9774436950683594
短寿命,MATR_b2c37,478.0,20,hybridpatch_v2,497,0.7761890292167664,0.9664111733436584,0.9597837924957275,0.9772413969039917
短寿命,MATR_b2c37,478.0,20,hybridpatch_v2,498,0.774129331111908,0.9660295844078064,0.9593566656112671,0.9770358800888062
短寿命,MATR_b2c37,478.0,20,hybridpatch_v2,499,0.7719972133636475,0.9656442999839783,0.9589231610298157,0.9768272042274475
短寿命,MATR_b2c37,478.0,20,hybridpatch_v2,500,0.7697938680648804,0.9652552604675293,0.958483099937439,0.976615309715271
短寿命,MATR_b2c37,478.0,150,current_hybrid,151,1.0024322271347046,1.0017973184585571,1.0016640424728394,1.0019524097442627
短寿命,MATR_b2c37,478.0,150,current_hybrid,152,1.0023744106292725,1.001448631286621,1.0012644529342651,1.0016698837280273
短寿命,MATR_b2c37,478.0,150,current_hybrid,153,1.0023101568222046,1.0011651515960693,1.000943660736084,1.0014381408691406
短寿命,MATR_b2c37,478.0,150,current_hybrid,154,1.0021651983261108,1.00091552734375,1.0006636381149292,1.0012325048446655
短寿命,MATR_b2c37,478.0,150,current_hybrid,155,1.0022518634796143,1.0006873607635498,1.0004096031188965,1.0010437965393066
短寿命,MATR_b2c37,478.0,150,current_hybrid,156,1.002179741859436,1.0004745721817017,1.0001741647720337,1.0008668899536133
短寿命,MATR_b2c37,478.0,150,current_hybrid,157,1.002097725868225,1.00027334690094,0.9999528527259827,1.0006989240646362
短寿命,MATR_b2c37,478.0,150,current_hybrid,158,1.002138376235962,1.0000814199447632,0.9997425079345703,1.0005381107330322
短寿命,MATR_b2c37,478.0,150,current_hybrid,159,1.0020493268966675,0.9998968839645386,0.9995412230491638,1.0003831386566162
短寿命,MATR_b2c37,478.0,150,current_hybrid,160,1.001994013786316,0.9997187256813049,0.9993475675582886,1.0002330541610718
短寿命,MATR_b2c37,478.0,150,current_hybrid,161,1.0019510984420776,0.9995458722114563,0.9991604685783386,1.0000872611999512
短寿命,MATR_b2c37,478.0,150,current_hybrid,162,1.0018484592437744,0.9993777275085449,0.9989789128303528,0.9999449253082275
短寿命,MATR_b2c37,478.0,150,current_hybrid,163,1.0018131732940674,0.9992136359214783,0.9988023042678833,0.9998058676719666
短寿命,MATR_b2c37,478.0,150,current_hybrid,164,1.0018049478530884,0.9990531206130981,0.9986300468444824,0.9996695518493652
短寿命,MATR_b2c37,478.0,150,current_hybrid,165,1.0016716718673706,0.9988958835601807,0.9984617233276367,0.9995357394218445
短寿命,MATR_b2c37,478.0,150,current_hybrid,166,1.0016807317733765,0.998741626739502,0.9982969164848328,0.99940425157547
短寿命,MATR_b2c37,478.0,150,current_hybrid,167,1.0015869140625,0.9985899329185486,0.9981352686882019,0.999274730682373
短寿命,MATR_b2c37,478.0,150,current_hybrid,168,1.0014808177947998,0.998440682888031,0.9979766011238098,0.9991471767425537
短寿命,MATR_b2c37,478.0,150,current_hybrid,169,1.0014667510986328,0.9982935786247253,0.9978205561637878,0.9990213513374329
短寿命,MATR_b2c37,478.0,150,current_hybrid,170,1.0014549493789673,0.9981486797332764,0.9976670145988464,0.9988970160484314
短寿命,MATR_b2c37,478.0,150,current_hybrid,171,1.0014142990112305,0.9980055689811707,0.9975157380104065,0.9987742304801941
短寿命,MATR_b2c37,478.0,150,current_hybrid,172,1.0013647079467773,0.9978642463684082,0.9973666071891785,0.9986528158187866
短寿命,MATR_b2c37,478.0,150,current_hybrid,173,1.0012167692184448,0.9977245330810547,0.997219443321228,0.9985326528549194
短寿命,MATR_b2c37,478.0,150,current_hybrid,174,1.0011529922485352,0.9975863695144653,0.9970741271972656,0.9984136819839478
短寿命,MATR_b2c37,478.0,150,current_hybrid,175,1.0011311769485474,0.9974496960639954,0.9969305396080017,0.9982958436012268
短寿命,MATR_b2c37,478.0,150,current_hybrid,176,1.0011615753173828,0.9973142743110657,0.9967886805534363,0.998179018497467
短寿命,MATR_b2c37,478.0,150,current_hybrid,177,1.0010302066802979,0.9971802234649658,0.9966482520103455,0.9980632662773132
短寿命,MATR_b2c37,478.0,150,current_hybrid,178,1.0009533166885376,0.9970473051071167,0.996509313583374,0.9979483485221863
短寿命,MATR_b2c37,478.0,150,current_hybrid,179,1.0008516311645508,0.9969156384468079,0.9963718056678772,0.9978343844413757
短寿命,MATR_b2c37,478.0,150,current_hybrid,180,1.000821590423584,0.9967849254608154,0.9962355494499207,0.997721254825592
短寿命,MATR_b2c37,478.0,150,current_hybrid,181,1.0008479356765747,0.9966553449630737,0.9961006045341492,0.9976089000701904
短寿命,MATR_b2c37,478.0,150,current_hybrid,182,1.0007580518722534,0.9965267777442932,0.9959667325019836,0.9974973201751709
短寿命,MATR_b2c37,478.0,150,current_hybrid,183,1.000765085220337,0.9963990449905396,0.9958341121673584,0.9973865747451782
短寿命,MATR_b2c37,478.0,150,current_hybrid,184,1.0006476640701294,0.9962722659111023,0.9957024455070496,0.9972763657569885
短寿命,MATR_b2c37,478.0,150,current_hybrid,185,1.0005196332931519,0.9961463212966919,0.9955719113349915,0.9971668720245361
短寿命,MATR_b2c37,478.0,150,current_hybrid,186,1.0005170106887817,0.9960211515426636,0.9954423904418945,0.997058093547821
短寿命,MATR_b2c37,478.0,150,current_hybrid,187,1.0004446506500244,0.9958968162536621,0.9953137040138245,0.9969498515129089
短寿命,MATR_b2c37,478.0,150,current_hybrid,188,1.0003488063812256,0.9957732558250427,0.9951860308647156,0.9968421459197998
短寿命,MATR_b2c37,478.0,150,current_hybrid,189,1.0003012418746948,0.9956504106521606,0.9950591325759888,0.9967350959777832
短寿命,MATR_b2c37,478.0,150,current_hybrid,190,1.0002174377441406,0.9955281615257263,0.9949331283569336,0.9966285228729248
短寿命,MATR_b2c37,478.0,150,current_hybrid,191,1.0001345872879028,0.9954066872596741,0.9948079586029053,0.9965225458145142
短寿命,MATR_b2c37,478.0,150,current_hybrid,192,1.0000866651535034,0.9952858686447144,0.9946835041046143,0.9964169859886169
短寿命,MATR_b2c37,478.0,150,current_hybrid,193,1.0000470876693726,0.9951656460762024,0.9945598840713501,0.9963119626045227
短寿命,MATR_b2c37,478.0,150,current_hybrid,194,1.0000730752944946,0.9950460195541382,0.9944368600845337,0.9962074160575867
短寿命,MATR_b2c37,478.0,150,current_hybrid,195,0.9999242424964905,0.994926929473877,0.9943146705627441,0.9961032867431641
短寿命,MATR_b2c37,478.0,150,current_hybrid,196,0.9998583793640137,0.9948084950447083,0.9941931366920471,0.9959996342658997
短寿命,MATR_b2c37,478.0,150,current_hybrid,197,0.9997220635414124,0.9946905374526978,0.9940722584724426,0.9958963990211487
短寿命,MATR_b2c37,478.0,150,current_hybrid,198,0.999647319316864,0.9945731163024902,0.9939519166946411,0.9957935214042664
短寿命,MATR_b2c37,478.0,150,current_hybrid,199,0.999542772769928,0.9944562315940857,0.9938322901725769,0.9956910610198975
短寿命,MATR_b2c37,478.0,150,current_hybrid,200,0.9994938373565674,0.9943397641181946,0.9937132000923157,0.995589017868042
短寿命,MATR_b2c37,478.0,150,current_hybrid,201,0.9994252324104309,0.9942238330841064,0.9935947060585022,0.9954873323440552
短寿命,MATR_b2c37,478.0,150,current_hybrid,202,0.9993231892585754,0.9941083788871765,0.9934768080711365,0.995386004447937
短寿命,MATR_b2c37,478.0,150,current_hybrid,203,0.9993907809257507,0.99399334192276,0.9933594465255737,0.9952850341796875
短寿命,MATR_b2c37,478.0,150,current_hybrid,204,0.9993138909339905,0.9938787817955017,0.993242621421814,0.9951844215393066
短寿命,MATR_b2c37,478.0,150,current_hybrid,205,0.9992566108703613,0.9937646985054016,0.9931262731552124,0.9950841069221497
短寿命,MATR_b2c37,478.0,150,current_hybrid,206,0.9992185831069946,0.9936509728431702,0.993010401725769,0.9949841499328613
短寿命,MATR_b2c37,478.0,150,current_hybrid,207,0.9990367889404297,0.9935376048088074,0.9928950667381287,0.9948844909667969
短寿命,MATR_b2c37,478.0,150,current_hybrid,208,0.9989162683486938,0.993424654006958,0.9927802085876465,0.9947851300239563
短寿命,MATR_b2c37,478.0,150,current_hybrid,209,0.9988608956336975,0.9933121800422668,0.992665708065033,0.9946860671043396
短寿命,MATR_b2c37,478.0,150,current_hybrid,210,0.9988260865211487,0.9932000041007996,0.992551326751709,0.9945873022079468
短寿命,MATR_b2c37,478.0,150,current_hybrid,211,0.9986433386802673,0.9930881857872009,0.9924373626708984,0.9944888353347778
短寿命,MATR_b2c37,478.0,150,current_hybrid,212,0.9985769391059875,0.9929767847061157,0.9923238754272461,0.994390606880188
短寿命,MATR_b2c37,478.0,150,current_hybrid,213,0.9984161257743835,0.9928656220436096,0.9922108054161072,0.994292676448822
短寿命,MATR_b2c37,478.0,150,current_hybrid,214,0.9983204007148743,0.9927548766136169,0.9920981526374817,0.9941949844360352
短寿命,MATR_b2c37,478.0,150,current_hybrid,215,0.9981914162635803,0.9926444888114929,0.9919858574867249,0.9940976500511169
短寿命,MATR_b2c37,478.0,150,current_hybrid,216,0.9981123805046082,0.992534339427948,0.9918739795684814,0.9940004944801331
短寿命,MATR_b2c37,478.0,150,current_hybrid,217,0.9980977177619934,0.9924246072769165,0.9917623996734619,0.9939035773277283
短寿命,MATR_b2c37,478.0,150,current_hybrid,218,0.9980428218841553,0.9923150539398193,0.9916512966156006,0.9938068985939026
短寿命,MATR_b2c37,478.0,150,current_hybrid,219,0.9979259967803955,0.9922059178352356,0.9915404915809631,0.9937105178833008
短寿命,MATR_b2c37,478.0,150,current_hybrid,220,0.9978949427604675,0.992097020149231,0.9914301037788391,0.9936142563819885
短寿命,MATR_b2c37,478.0,150,current_hybrid,221,0.9977402091026306,0.991988480091095,0.991320013999939,0.9935183525085449
短寿命,MATR_b2c37,478.0,150,current_hybrid,222,0.9975361824035645,0.9918801188468933,0.9912102818489075,0.9934225678443909
短寿命,MATR_b2c37,478.0,150,current_hybrid,223,0.9974730014801025,0.9917721152305603,0.9911008477210999,0.9933270215988159
短寿命,MATR_b2c37,478.0,150,current_hybrid,224,0.9973543286323547,0.9916644096374512,0.9909917712211609,0.9932317733764648
短寿命,MATR_b2c37,478.0,150,current_hybrid,225,0.9972070455551147,0.9915568828582764,0.9908830523490906,0.9931365847587585
短寿命,MATR_b2c37,478.0,150,current_hybrid,226,0.9971705079078674,0.9914496541023254,0.9907745718955994,0.9930416941642761
短寿命,MATR_b2c37,478.0,150,current_hybrid,227,0.9971069097518921,0.9913427233695984,0.9906664490699768,0.9929470419883728
短寿命,MATR_b2c37,478.0,150,current_hybrid,228,0.9969386458396912,0.9912360310554504,0.9905585646629333,0.992852509021759
短寿命,MATR_b2c37,478.0,150,current_hybrid,229,0.9969096779823303,0.9911295175552368,0.9904510378837585,0.9927582144737244
短寿命,MATR_b2c37,478.0,150,current_hybrid,230,0.9965629577636719,0.9910233020782471,0.9903437495231628,0.9926640391349792
短寿命,MATR_b2c37,478.0,150,current_hybrid,231,0.99666827917099,0.9909173250198364,0.9902368187904358,0.9925701022148132
短寿命,MATR_b2c37,478.0,150,current_hybrid,232,0.9965616464614868,0.9908115863800049,0.9901301264762878,0.9924763441085815
短寿命,MATR_b2c37,478.0,150,current_hybrid,233,0.9963818788528442,0.9907060861587524,0.990023672580719,0.9923827648162842
短寿命,MATR_b2c37,478.0,150,current_hybrid,234,0.9963432550430298,0.9906008243560791,0.989917516708374,0.9922893643379211
短寿命,MATR_b2c37,478.0,150,current_hybrid,235,0.9950261116027832,0.9904956817626953,0.9898115992546082,0.9921961426734924
短寿命,MATR_b2c37,478.0,150,current_hybrid,236,0.9961289763450623,0.9903908371925354,0.9897060394287109,0.992103099822998
短寿命,MATR_b2c37,478.0,150,current_hybrid,237,0.9960505962371826,0.9902861714363098,0.989600658416748,0.992010235786438
短寿命,MATR_b2c37,478.0,150,current_hybrid,238,0.9958703517913818,0.9901817440986633,0.9894955158233643,0.9919174909591675
短寿命,MATR_b2c37,478.0,150,current_hybrid,239,0.9956219792366028,0.9900774955749512,0.9893906712532043,0.9918248653411865
短寿命,MATR_b2c37,478.0,150,current_hybrid,240,0.9943782091140747,0.9899734854698181,0.9892860054969788,0.9917324781417847
短寿命,MATR_b2c37,478.0,150,current_hybrid,241,0.9954348206520081,0.9898696541786194,0.9891815781593323,0.9916402697563171
短寿命,MATR_b2c37,478.0,150,current_hybrid,242,0.9953758120536804,0.989766001701355,0.9890775084495544,0.9915481209754944
短寿命,MATR_b2c37,478.0,150,current_hybrid,243,0.9953089952468872,0.9896626472473145,0.9889735579490662,0.991456151008606
短寿命,MATR_b2c37,478.0,150,current_hybrid,244,0.9951943159103394,0.9895594120025635,0.988869845867157,0.9913644194602966
短寿命,MATR_b2c37,478.0,150,current_hybrid,245,0.9938005208969116,0.989456295967102,0.9887663125991821,0.9912726879119873
短寿命,MATR_b2c37,478.0,150,current_hybrid,246,0.8758271336555481,0.9893534183502197,0.9886631369590759,0.9911811947822571
短寿命,MATR_b2c37,478.0,150,current_hybrid,247,0.9919900298118591,0.9892507195472717,0.9885600209236145,0.9910898208618164
短寿命,MATR_b2c37,478.0,150,current_hybrid,248,0.9932363629341125,0.9891481995582581,0.988457202911377,0.9909985661506653
短寿命,MATR_b2c37,478.0,150,current_hybrid,249,0.9935219883918762,0.9890459179878235,0.9883546233177185,0.9909074902534485
短寿命,MATR_b2c37,478.0,150,current_hybrid,250,0.9936267137527466,0.9889436960220337,0.9882521629333496,0.990816593170166
短寿命,MATR_b2c37,478.0,150,current_hybrid,251,0.993647038936615,0.988841712474823,0.9881499409675598,0.9907256960868835
短寿命,MATR_b2c37,478.0,150,current_hybrid,252,0.9936241507530212,0.9887399077415466,0.9880479574203491,0.9906350374221802
短寿命,MATR_b2c37,478.0,150,current_hybrid,253,0.9935243725776672,0.9886382222175598,0.9879461526870728,0.9905444979667664
短寿命,MATR_b2c37,478.0,150,current_hybrid,254,0.9935376048088074,0.9885367155075073,0.9878445267677307,0.9904540181159973
短寿命,MATR_b2c37,478.0,150,current_hybrid,255,0.99336838722229,0.9884353876113892,0.9877431392669678,0.9903637170791626
短寿命,MATR_b2c37,478.0,150,current_hybrid,256,0.993294358253479,0.9883342385292053,0.9876418709754944,0.9902735352516174
短寿命,MATR_b2c37,478.0,150,current_hybrid,257,0.993277370929718,0.988233208656311,0.9875408411026001,0.9901834726333618
短寿命,MATR_b2c37,478.0,150,current_hybrid,258,0.993166446685791,0.9881323575973511,0.9874399304389954,0.9900935292243958
短寿命,MATR_b2c37,478.0,150,current_hybrid,259,0.9930335283279419,0.9880316257476807,0.9873393177986145,0.9900036454200745
短寿命,MATR_b2c37,478.0,150,current_hybrid,260,0.9929617643356323,0.9879310727119446,0.9872387647628784,0.9899139404296875
短寿命,MATR_b2c37,478.0,150,current_hybrid,261,0.9928333163261414,0.987830638885498,0.9871383905410767,0.9898243546485901
短寿命,MATR_b2c37,478.0,150,current_hybrid,262,0.9926112294197083,0.9877303242683411,0.987038254737854,0.9897348880767822
短寿命,MATR_b2c37,478.0,150,current_hybrid,263,0.9924880862236023,0.9876302480697632,0.9869383573532104,0.9896455407142639
短寿命,MATR_b2c37,478.0,150,current_hybrid,264,0.9923864006996155,0.9875302314758301,0.9868384599685669,0.9895562529563904
短寿命,MATR_b2c37,478.0,150,current_hybrid,265,0.9922066330909729,0.9874303936958313,0.9867388606071472,0.9894671440124512
短寿命,MATR_b2c37,478.0,150,current_hybrid,266,0.9922084212303162,0.9873307347297668,0.9866393804550171,0.9893781542778015
短寿命,MATR_b2c37,478.0,150,current_hybrid,267,0.9921350479125977,0.9872311353683472,0.9865400791168213,0.9892892241477966
短寿命,MATR_b2c37,478.0,150,current_hybrid,268,0.9920112490653992,0.9871317148208618,0.986440896987915,0.9892003536224365
短寿命,MATR_b2c37,478.0,150,current_hybrid,269,0.991901695728302,0.987032413482666,0.9863418936729431,0.9891116619110107
短寿命,MATR_b2c37,478.0,150,current_hybrid,270,0.9917861819267273,0.986933171749115,0.9862430095672607,0.9890230298042297
短寿命,MATR_b2c37,478.0,150,current_hybrid,271,0.9916912913322449,0.9868341684341431,0.9861443638801575,0.9889345765113831
短寿命,MATR_b2c37,478.0,150,current_hybrid,272,0.9915444850921631,0.9867352843284607,0.9860458374023438,0.9888461232185364
短寿命,MATR_b2c37,478.0,150,current_hybrid,273,0.9913856983184814,0.9866365194320679,0.9859474301338196,0.988757848739624
短寿命,MATR_b2c37,478.0,150,current_hybrid,274,0.9912234544754028,0.9865378737449646,0.9858492016792297,0.9886695742607117
短寿命,MATR_b2c37,478.0,150,current_hybrid,275,0.9910072088241577,0.9864392876625061,0.9857511520385742,0.9885814785957336
短寿命,MATR_b2c37,478.0,150,current_hybrid,276,0.9907628893852234,0.9863409399986267,0.9856531620025635,0.9884935021400452
短寿命,MATR_b2c37,478.0,150,current_hybrid,277,0.9907026290893555,0.9862425923347473,0.9855554103851318,0.9884055256843567
短寿命,MATR_b2c37,478.0,150,current_hybrid,278,0.9905007481575012,0.9861444234848022,0.9854577779769897,0.9883177280426025
短寿命,MATR_b2c37,478.0,150,current_hybrid,279,0.990321159362793,0.9860463738441467,0.9853602647781372,0.9882299304008484
短寿命,MATR_b2c37,478.0,150,current_hybrid,280,0.9901941418647766,0.985948383808136,0.9852628707885742,0.9881423115730286
短寿命,MATR_b2c37,478.0,150,current_hybrid,281,0.9900543093681335,0.9858505725860596,0.9851656556129456,0.9880547523498535
短寿命,MATR_b2c37,478.0,150,current_hybrid,282,0.9898903965950012,0.9857528805732727,0.9850685596466064,0.9879672527313232
短寿命,MATR_b2c37,478.0,150,current_hybrid,283,0.9897236227989197,0.9856553077697754,0.9849715828895569,0.9878799319267273
短寿命,MATR_b2c37,478.0,150,current_hybrid,284,0.9894670844078064,0.9855578541755676,0.9848747253417969,0.9877926111221313
短寿命,MATR_b2c37,478.0,150,current_hybrid,285,0.9893386363983154,0.9854604601860046,0.9847780466079712,0.9877054691314697
短寿命,MATR_b2c37,478.0,150,current_hybrid,286,0.9891120791435242,0.9853631854057312,0.9846814870834351,0.9876182675361633
短寿命,MATR_b2c37,478.0,150,current_hybrid,287,0.9889931082725525,0.9852660298347473,0.9845850467681885,0.9875312447547913
短寿命,MATR_b2c37,478.0,150,current_hybrid,288,0.9887494444847107,0.985168993473053,0.9844887256622314,0.9874443411827087
短寿命,MATR_b2c37,478.0,150,current_hybrid,289,0.9885673522949219,0.9850720167160034,0.9843925833702087,0.9873574376106262
短寿命,MATR_b2c37,478.0,150,current_hybrid,290,0.988364577293396,0.9849752187728882,0.9842965006828308,0.9872706532478333
短寿命,MATR_b2c37,478.0,150,current_hybrid,291,0.9882929921150208,0.9848784804344177,0.9842005372047424,0.9871839880943298
短寿命,MATR_b2c37,478.0,150,current_hybrid,292,0.9881789684295654,0.9847818613052368,0.9841046929359436,0.9870973229408264
短寿命,MATR_b2c37,478.0,150,current_hybrid,293,0.9879158735275269,0.9846853017807007,0.9840090274810791,0.9870107769966125
短寿命,MATR_b2c37,478.0,150,current_hybrid,294,0.9878034591674805,0.9845889210700989,0.9839134216308594,0.9869243502616882
短寿命,MATR_b2c37,478.0,150,current_hybrid,295,0.9875313639640808,0.9844925403594971,0.983817994594574,0.9868379235267639
短寿命,MATR_b2c37,478.0,150,current_hybrid,296,0.9873269200325012,0.9843963384628296,0.9837226271629333,0.9867516160011292
短寿命,MATR_b2c37,478.0,150,current_hybrid,297,0.9872167706489563,0.9843001961708069,0.983627438545227,0.9866654276847839
短寿命,MATR_b2c37,478.0,150,current_hybrid,298,0.986926794052124,0.9842041730880737,0.9835323095321655,0.9865792393684387
短寿命,MATR_b2c37,478.0,150,current_hybrid,299,0.9867432117462158,0.9841082692146301,0.9834372997283936,0.9864931702613831
短寿命,MATR_b2c37,478.0,150,current_hybrid,300,0.986514687538147,0.9840123653411865,0.9833424091339111,0.9864071607589722
短寿命,MATR_b2c37,478.0,150,current_hybrid,301,0.9862727522850037,0.9839166402816772,0.9832476377487183,0.9863212704658508
短寿命,MATR_b2c37,478.0,150,current_hybrid,302,0.9861184358596802,0.9838209748268127,0.9831529855728149,0.9862353801727295
短寿命,MATR_b2c37,478.0,150,current_hybrid,303,0.9858371019363403,0.9837254285812378,0.9830584526062012,0.9861495494842529
短寿命,MATR_b2c37,478.0,150,current_hybrid,304,0.9855899214744568,0.9836298823356628,0.9829639792442322,0.9860638976097107
短寿命,MATR_b2c37,478.0,150,current_hybrid,305,0.9854093790054321,0.9835345149040222,0.9828696250915527,0.9859781861305237
短寿命,MATR_b2c37,478.0,150,current_hybrid,306,0.9852806925773621,0.9834392070770264,0.9827753901481628,0.985892653465271
短寿命,MATR_b2c37,478.0,150,current_hybrid,307,0.9850305318832397,0.9833440184593201,0.9826813340187073,0.9858071208000183
短寿命,MATR_b2c37,478.0,150,current_hybrid,308,0.9848352670669556,0.9832488894462585,0.9825872778892517,0.9857217073440552
短寿命,MATR_b2c37,478.0,150,current_hybrid,309,0.9845796823501587,0.9831538200378418,0.9824933409690857,0.985636293888092
短寿命,MATR_b2c37,478.0,150,current_hybrid,310,0.9842662811279297,0.9830588698387146,0.9823995232582092,0.9855509996414185
短寿命,MATR_b2c37,478.0,150,current_hybrid,311,0.9840285778045654,0.982964038848877,0.9823057651519775,0.9854657649993896
短寿命,MATR_b2c37,478.0,150,current_hybrid,312,0.9837406277656555,0.9828692078590393,0.9822121262550354,0.9853805899620056
短寿命,MATR_b2c37,478.0,150,current_hybrid,313,0.9834815859794617,0.982774555683136,0.9821186661720276,0.9852954745292664
短寿命,MATR_b2c37,478.0,150,current_hybrid,314,0.983295738697052,0.9826799035072327,0.9820252656936646,0.9852104783058167
短寿命,MATR_b2c37,478.0,150,current_hybrid,315,0.9830718040466309,0.9825853705406189,0.9819319248199463,0.9851254820823669
短寿命,MATR_b2c37,478.0,150,current_hybrid,316,0.982787013053894,0.9824909567832947,0.9818386435508728,0.985040545463562
短寿命,MATR_b2c37,478.0,150,current_hybrid,317,0.9826392531394958,0.9823966026306152,0.9817455410957336,0.9849557280540466
短寿命,MATR_b2c37,478.0,150,current_hybrid,318,0.9823484420776367,0.9823022484779358,0.9816524982452393,0.9848709106445312
短寿命,MATR_b2c37,478.0,150,current_hybrid,319,0.9821272492408752,0.9822080135345459,0.9815595746040344,0.9847862124443054
短寿命,MATR_b2c37,478.0,150,current_hybrid,320,0.9818904399871826,0.9821138978004456,0.9814667105674744,0.9847015738487244
短寿命,MATR_b2c37,478.0,150,current_hybrid,321,0.9812669157981873,0.98201984167099,0.9813739657402039,0.9846169352531433
短寿命,MATR_b2c37,478.0,150,current_hybrid,322,0.9812339544296265,0.9819258451461792,0.9812812805175781,0.9845324158668518
短寿命,MATR_b2c37,478.0,150,current_hybrid,323,0.9809966087341309,0.981831967830658,0.9811887145042419,0.9844478964805603
短寿命,MATR_b2c37,478.0,150,current_hybrid,324,0.9806703329086304,0.9817381501197815,0.9810962677001953,0.9843634963035583
短寿命,MATR_b2c37,478.0,150,current_hybrid,325,0.980436384677887,0.9816443920135498,0.9810038208961487,0.9842791557312012
短寿命,MATR_b2c37,478.0,150,current_hybrid,326,0.9790205955505371,0.9815506935119629,0.9809114933013916,0.984194815158844
短寿命,MATR_b2c37,478.0,150,current_hybrid,327,0.9798041582107544,0.9814570546150208,0.9808192849159241,0.9841106534004211
短寿命,MATR_b2c37,478.0,150,current_hybrid,328,0.979512631893158,0.9813635945320129,0.9807271361351013,0.9840264320373535
短寿命,MATR_b2c37,478.0,150,current_hybrid,329,0.9792158603668213,0.9812701344490051,0.9806350469589233,0.9839422702789307
短寿命,MATR_b2c37,478.0,150,current_hybrid,330,0.9789082407951355,0.9811767339706421,0.9805431365966797,0.9838582277297974
短寿命,MATR_b2c37,478.0,150,current_hybrid,331,0.9775498509407043,0.9810833930969238,0.980451226234436,0.9837742447853088
短寿命,MATR_b2c37,478.0,150,current_hybrid,332,0.9783450365066528,0.9809901714324951,0.9803594946861267,0.9836902618408203
短寿命,MATR_b2c37,478.0,150,current_hybrid,333,0.977924108505249,0.9808969497680664,0.9802677035331726,0.9836063385009766
短寿命,MATR_b2c37,478.0,150,current_hybrid,334,0.9775339365005493,0.980803906917572,0.9801761507987976,0.9835224747657776
短寿命,MATR_b2c37,478.0,150,current_hybrid,335,0.9772151708602905,0.9807108640670776,0.9800845384597778,0.9834386706352234
短寿命,MATR_b2c37,478.0,150,current_hybrid,336,0.9757717847824097,0.980617880821228,0.9799931049346924,0.9833549857139587
短寿命,MATR_b2c37,478.0,150,current_hybrid,337,0.9765297770500183,0.980525016784668,0.9799017310142517,0.9832712411880493
短寿命,MATR_b2c37,478.0,150,current_hybrid,338,0.9762150049209595,0.9804321527481079,0.9798104166984558,0.9831876754760742
短寿命,MATR_b2c37,478.0,150,current_hybrid,339,0.9758501648902893,0.9803393483161926,0.9797191619873047,0.9831040501594543
短寿命,MATR_b2c37,478.0,150,current_hybrid,340,0.9755899906158447,0.9802466630935669,0.9796280264854431,0.983020544052124
短寿命,MATR_b2c37,478.0,150,current_hybrid,341,0.9741219878196716,0.9801540374755859,0.9795369505882263,0.9829370975494385
短寿命,MATR_b2c37,478.0,150,current_hybrid,342,0.9748666882514954,0.9800615310668945,0.9794459939002991,0.9828535914421082
短寿命,MATR_b2c37,478.0,150,current_hybrid,343,0.9745612740516663,0.9799689650535583,0.9793550968170166,0.9827702641487122
短寿命,MATR_b2c37,478.0,150,current_hybrid,344,0.9742059111595154,0.9798765182495117,0.9792641997337341,0.9826868772506714
短寿命,MATR_b2c37,478.0,150,current_hybrid,345,0.9736873507499695,0.9797841310501099,0.979173481464386,0.9826025366783142
短寿命,MATR_b2c37,478.0,150,current_hybrid,346,0.972189724445343,0.9796918630599976,0.9790827631950378,0.982516884803772
短寿命,MATR_b2c37,478.0,150,current_hybrid,347,0.9729909896850586,0.9795995950698853,0.9789921641349792,0.9824299812316895
短寿命,MATR_b2c37,478.0,150,current_hybrid,348,0.9724220633506775,0.9795074462890625,0.9789016246795654,0.9823418855667114
短寿命,MATR_b2c37,478.0,150,current_hybrid,349,0.9720165133476257,0.9794152975082397,0.9788111448287964,0.9822524785995483
短寿命,MATR_b2c37,478.0,150,current_hybrid,350,0.9716160297393799,0.9793232083320618,0.9787207841873169,0.982161819934845
短寿命,MATR_b2c37,478.0,150,current_hybrid,351,0.9711475968360901,0.9792312383651733,0.9786304831504822,0.9820699095726013
短寿命,MATR_b2c37,478.0,150,current_hybrid,352,0.970693051815033,0.9791392683982849,0.9785401821136475,0.9819766879081726
短寿命,MATR_b2c37,478.0,150,current_hybrid,353,0.9703131318092346,0.979047417640686,0.9784500002861023,0.9818822145462036
短寿命,MATR_b2c37,478.0,150,current_hybrid,354,0.9698216915130615,0.9789556264877319,0.9783599376678467,0.9817865490913391
短寿命,MATR_b2c37,478.0,150,current_hybrid,355,0.9693503379821777,0.9788638353347778,0.9782699346542358,0.9816895723342896
短寿命,MATR_b2c37,478.0,150,current_hybrid,356,0.9688690304756165,0.9787721037864685,0.978179931640625,0.9815912842750549
短寿命,MATR_b2c37,478.0,150,current_hybrid,357,0.9683430790901184,0.9786804914474487,0.9780900478363037,0.9814918041229248
短寿命,MATR_b2c37,478.0,150,current_hybrid,358,0.9678565263748169,0.9785889387130737,0.9780002236366272,0.9813910722732544
短寿命,MATR_b2c37,478.0,150,current_hybrid,359,0.9673932790756226,0.9784973859786987,0.9779104590415955,0.9812890291213989
短寿命,MATR_b2c37,478.0,150,current_hybrid,360,0.9669048190116882,0.9784058928489685,0.9778208136558533,0.9811857342720032
短寿命,MATR_b2c37,478.0,150,current_hybrid,361,0.9665366411209106,0.9783144593238831,0.9777311086654663,0.9810811281204224
短寿命,MATR_b2c37,478.0,150,current_hybrid,362,0.965920090675354,0.9782231450080872,0.9776415824890137,0.980975329875946
短寿命,MATR_b2c37,478.0,150,current_hybrid,363,0.9654893279075623,0.9781318306922913,0.9775521159172058,0.9808682203292847
短寿命,MATR_b2c37,478.0,150,current_hybrid,364,0.9650065302848816,0.9780405759811401,0.977462649345398,0.980759859085083
短寿命,MATR_b2c37,478.0,150,current_hybrid,365,0.9644641280174255,0.9779494404792786,0.9773733019828796,0.9806502461433411
短寿命,MATR_b2c37,478.0,150,current_hybrid,366,0.963873565196991,0.977858304977417,0.9772840142250061,0.9805393218994141
短寿命,MATR_b2c37,478.0,150,current_hybrid,367,0.9634374380111694,0.9777671694755554,0.9771948456764221,0.9804272055625916
短寿命,MATR_b2c37,478.0,150,current_hybrid,368,0.9627838134765625,0.9776761531829834,0.9771056771278381,0.980313777923584
短寿命,MATR_b2c37,478.0,150,current_hybrid,369,0.962231457233429,0.9775851964950562,0.9770165681838989,0.9801990985870361
短寿命,MATR_b2c37,478.0,150,current_hybrid,370,0.9617002606391907,0.9774942994117737,0.9769274592399597,0.980083167552948
短寿命,MATR_b2c37,478.0,150,current_hybrid,371,0.9611688256263733,0.9774034023284912,0.9768384695053101,0.9799659252166748
短寿命,MATR_b2c37,478.0,150,current_hybrid,372,0.9605027437210083,0.9773125648498535,0.97674959897995,0.9798474311828613
短寿命,MATR_b2c37,478.0,150,current_hybrid,373,0.9599419236183167,0.9772219061851501,0.9766607284545898,0.9797276258468628
短寿命,MATR_b2c37,478.0,150,current_hybrid,374,0.9593275785446167,0.977131187915802,0.9765719771385193,0.9796066284179688
短寿命,MATR_b2c37,478.0,150,current_hybrid,375,0.9587029814720154,0.9770405292510986,0.9764832258224487,0.9794843196868896
短寿命,MATR_b2c37,478.0,150,current_hybrid,376,0.9580614566802979,0.9769498705863953,0.976394534111023,0.9793607592582703
短寿命,MATR_b2c37,478.0,150,current_hybrid,377,0.9574776291847229,0.9768593311309814,0.9763059616088867,0.9792359471321106
短寿命,MATR_b2c37,478.0,150,current_hybrid,378,0.9568046927452087,0.9767688512802124,0.9762174487113953,0.9791097640991211
短寿命,MATR_b2c37,478.0,150,current_hybrid,379,0.9561523795127869,0.9766783714294434,0.9761289954185486,0.9789823889732361
短寿命,MATR_b2c37,478.0,150,current_hybrid,380,0.9554152488708496,0.9765879511833191,0.9760405421257019,0.9788537621498108
短寿命,MATR_b2c37,478.0,150,current_hybrid,381,0.9547932147979736,0.9764976501464844,0.9759521484375,0.9787238240242004
短寿命,MATR_b2c37,478.0,150,current_hybrid,382,0.9540017247200012,0.9764073491096497,0.9758638739585876,0.9785926342010498
短寿命,MATR_b2c37,478.0,150,current_hybrid,383,0.9532970786094666,0.9763170480728149,0.9757755994796753,0.9784601926803589
短寿命,MATR_b2c37,478.0,150,current_hybrid,384,0.9525777101516724,0.9762269258499146,0.9756873846054077,0.9783264398574829
短寿命,MATR_b2c37,478.0,150,current_hybrid,385,0.9518823027610779,0.9761367440223694,0.9755992293357849,0.9781914353370667
短寿命,MATR_b2c37,478.0,150,current_hybrid,386,0.951177716255188,0.9760466814041138,0.9755111932754517,0.9780551791191101
短寿命,MATR_b2c37,478.0,150,current_hybrid,387,0.9504274129867554,0.9759565591812134,0.9754232168197632,0.9779176115989685
短寿命,MATR_b2c37,478.0,150,current_hybrid,388,0.9496672749519348,0.9758666157722473,0.9753352403640747,0.9777787923812866
短寿命,MATR_b2c37,478.0,150,current_hybrid,389,0.9489409923553467,0.9757766127586365,0.975247323513031,0.9776387214660645
短寿命,MATR_b2c37,478.0,150,current_hybrid,390,0.9480998516082764,0.9756866693496704,0.9751594662666321,0.9774973392486572
短寿命,MATR_b2c37,478.0,150,current_hybrid,391,0.9473012089729309,0.9755961298942566,0.9750716090202332,0.9773547053337097
短寿命,MATR_b2c37,478.0,150,current_hybrid,392,0.9464230537414551,0.975504994392395,0.9749839305877686,0.9772108197212219
短寿命,MATR_b2c37,478.0,150,current_hybrid,393,0.9455692172050476,0.9754132032394409,0.974896252155304,0.9770656228065491
短寿命,MATR_b2c37,478.0,150,current_hybrid,394,0.9446342587471008,0.9753207564353943,0.9748085737228394,0.9769191145896912
短寿命,MATR_b2c37,478.0,150,current_hybrid,395,0.9437673091888428,0.9752276539802551,0.9747209548950195,0.9767714142799377
短寿命,MATR_b2c37,478.0,150,current_hybrid,396,0.9428094029426575,0.9751338362693787,0.974633514881134,0.9766224026679993
短寿命,MATR_b2c37,478.0,150,current_hybrid,397,0.9418877959251404,0.9750394225120544,0.9745460152626038,0.9764721393585205
短寿命,MATR_b2c37,478.0,150,current_hybrid,398,0.9409063458442688,0.9749443531036377,0.9744585156440735,0.9763205647468567
短寿命,MATR_b2c37,478.0,150,current_hybrid,399,0.9399027824401855,0.9748486280441284,0.9743704795837402,0.9761676788330078
短寿命,MATR_b2c37,478.0,150,current_hybrid,400,0.9387214183807373,0.9747284650802612,0.9742817282676697,0.9760136008262634
短寿命,MATR_b2c37,478.0,150,current_hybrid,401,0.9380111694335938,0.9745888113975525,0.9741922616958618,0.9758582711219788
短寿命,MATR_b2c37,478.0,150,current_hybrid,402,0.9370734691619873,0.9744482636451721,0.9741021990776062,0.9757015705108643
短寿命,MATR_b2c37,478.0,150,current_hybrid,403,0.9360023736953735,0.9743069410324097,0.9740113615989685,0.9755436778068542
短寿命,MATR_b2c37,478.0,150,current_hybrid,404,0.9348425269126892,0.9741647839546204,0.9739198684692383,0.9753844738006592
短寿命,MATR_b2c37,478.0,150,current_hybrid,405,0.9326972365379333,0.974021852016449,0.9738277196884155,0.975223958492279
短寿命,MATR_b2c37,478.0,150,current_hybrid,406,0.9326837658882141,0.973878026008606,0.9737348556518555,0.9750622510910034
短寿命,MATR_b2c37,478.0,150,current_hybrid,407,0.9315671324729919,0.9737842082977295,0.9736413359642029,0.974899172782898
短寿命,MATR_b2c37,478.0,150,current_hybrid,408,0.9305115938186646,0.9736979007720947,0.9735470414161682,0.974734902381897
短寿命,MATR_b2c37,478.0,150,current_hybrid,409,0.9293326139450073,0.9736116528511047,0.9734416604042053,0.9745692610740662
短寿命,MATR_b2c37,478.0,150,current_hybrid,410,0.9270399808883667,0.9735254645347595,0.9732945561408997,0.9744024276733398
短寿命,MATR_b2c37,478.0,150,current_hybrid,411,0.926984965801239,0.9734393358230591,0.9731466174125671,0.9742342829704285
短寿命,MATR_b2c37,478.0,150,current_hybrid,412,0.9257804155349731,0.9733532667160034,0.9729978442192078,0.9740648865699768
短寿命,MATR_b2c37,478.0,150,current_hybrid,413,0.9245554208755493,0.9732666015625,0.9728482961654663,0.9738941788673401
短寿命,MATR_b2c37,478.0,150,current_hybrid,414,0.9233962893486023,0.9731792211532593,0.972697913646698,0.9737222194671631
短寿命,MATR_b2c37,478.0,150,current_hybrid,415,0.922035276889801,0.9730911254882812,0.9725466370582581,0.973548948764801
短寿命,MATR_b2c37,478.0,150,current_hybrid,416,0.920770525932312,0.9730022549629211,0.972394585609436,0.9733744263648987
短寿命,MATR_b2c37,478.0,150,current_hybrid,417,0.91949862241745,0.9729126691818237,0.9722416400909424,0.9731985926628113
短寿命,MATR_b2c37,478.0,150,current_hybrid,418,0.9182405471801758,0.9728222489356995,0.9720879793167114,0.9730215072631836
短寿命,MATR_b2c37,478.0,150,current_hybrid,419,0.9168751239776611,0.9727311134338379,0.9719334244728088,0.9728431701660156
短寿命,MATR_b2c37,478.0,150,current_hybrid,420,0.915486216545105,0.9726392030715942,0.9717780351638794,0.9726852774620056
短寿命,MATR_b2c37,478.0,150,current_hybrid,421,0.9141159653663635,0.9724826216697693,0.9716218709945679,0.9725749492645264
短寿命,MATR_b2c37,478.0,150,current_hybrid,422,0.9127539396286011,0.9723004102706909,0.9714648127555847,0.9724639654159546
短寿命,MATR_b2c37,478.0,150,current_hybrid,423,0.9112129807472229,0.9721169471740723,0.9713069200515747,0.9723590016365051
短寿命,MATR_b2c37,478.0,150,current_hybrid,424,0.9097871780395508,0.9719454646110535,0.9711482524871826,0.9722641110420227
短寿命,MATR_b2c37,478.0,150,current_hybrid,425,0.9081827402114868,0.971839427947998,0.9709887504577637,0.9721683859825134
短寿命,MATR_b2c37,478.0,150,current_hybrid,426,0.906765341758728,0.9717327952384949,0.9708284139633179,0.9720720052719116
短寿命,MATR_b2c37,478.0,150,current_hybrid,427,0.9049901366233826,0.9716254472732544,0.9706672430038452,0.9719748497009277
短寿命,MATR_b2c37,478.0,150,current_hybrid,428,0.9037327170372009,0.9715173244476318,0.9705051779747009,0.971876859664917
短寿命,MATR_b2c37,478.0,150,current_hybrid,429,0.9025159478187561,0.9714086055755615,0.9703423976898193,0.9717782139778137
短寿命,MATR_b2c37,478.0,150,current_hybrid,430,0.9005792140960693,0.9712991714477539,0.9701787233352661,0.9716787338256836
短寿命,MATR_b2c37,478.0,150,current_hybrid,431,0.8991611003875732,0.971189022064209,0.970014214515686,0.9715785384178162
短寿命,MATR_b2c37,478.0,150,current_hybrid,432,0.89789217710495,0.9710781574249268,0.9698488712310791,0.9714775085449219
短寿命,MATR_b2c37,478.0,150,current_hybrid,433,0.8960234522819519,0.970966637134552,0.9696827530860901,0.9713758230209351
短寿命,MATR_b2c37,478.0,150,current_hybrid,434,0.8945072293281555,0.9708544611930847,0.9695157408714294,0.9712733626365662
短寿命,MATR_b2c37,478.0,150,current_hybrid,435,0.8931215405464172,0.9707415103912354,0.9693479537963867,0.9711700677871704
短寿命,MATR_b2c37,478.0,150,current_hybrid,436,0.8915228247642517,0.9706278443336487,0.9691792726516724,0.9710661172866821
短寿命,MATR_b2c37,478.0,150,current_hybrid,437,0.8899222016334534,0.9705135822296143,0.9690098762512207,0.970961332321167
短寿命,MATR_b2c37,478.0,150,current_hybrid,438,0.8886086940765381,0.9703985452651978,0.9688395261764526,0.9708557724952698
短寿命,MATR_b2c37,478.0,150,current_hybrid,439,0.8868920207023621,0.9702828526496887,0.9686684012413025,0.97074955701828
短寿命,MATR_b2c37,478.0,150,current_hybrid,440,0.885101318359375,0.9701665043830872,0.9684963822364807,0.9706425070762634
短寿命,MATR_b2c37,478.0,150,current_hybrid,441,0.8834030628204346,0.9700493812561035,0.9683235883712769,0.9705346822738647
短寿命,MATR_b2c37,478.0,150,current_hybrid,442,0.8814128637313843,0.9699315428733826,0.9681500196456909,0.9704261422157288
短寿命,MATR_b2c37,478.0,150,current_hybrid,443,0.8799871206283569,0.9698131084442139,0.9679754972457886,0.9703168272972107
短寿命,MATR_b2c37,478.0,150,current_hybrid,444,0.8781083822250366,0.9696938991546631,0.9678001999855042,0.9702067375183105
短寿命,MATR_b2c37,478.0,150,current_hybrid,445,0.8765215873718262,0.9695740342140198,0.9676240682601929,0.9700958728790283
短寿命,MATR_b2c37,478.0,150,current_hybrid,446,0.8746012449264526,0.9694534540176392,0.9674471020698547,0.9699842929840088
短寿命,MATR_b2c37,478.0,150,current_hybrid,447,0.8729679584503174,0.9693321585655212,0.9672693610191345,0.9698719382286072
短寿命,MATR_b2c37,478.0,150,current_hybrid,448,0.8711294531822205,0.9692102074623108,0.9670906662940979,0.9697588086128235
短寿命,MATR_b2c37,478.0,150,current_hybrid,449,0.8696674704551697,0.969087541103363,0.966897189617157,0.9696449041366577
短寿命,MATR_b2c37,478.0,150,current_hybrid,450,0.8676565885543823,0.968964159488678,0.9666790962219238,0.9695302844047546
短寿命,MATR_b2c37,478.0,150,current_hybrid,451,0.8659331798553467,0.9688401222229004,0.9664597511291504,0.9694148898124695
短寿命,MATR_b2c37,478.0,150,current_hybrid,452,0.8641740083694458,0.9687153100967407,0.9662390947341919,0.9692987203598022
短寿命,MATR_b2c37,478.0,150,current_hybrid,453,0.8625092506408691,0.9685898423194885,0.9660171866416931,0.9691818356513977
短寿命,MATR_b2c37,478.0,150,current_hybrid,454,0.8605647087097168,0.9684637188911438,0.965794026851654,0.9690640568733215
短寿命,MATR_b2c37,478.0,150,current_hybrid,455,0.8587241768836975,0.968336820602417,0.9655695557594299,0.9689456224441528
短寿命,MATR_b2c37,478.0,150,current_hybrid,456,0.8567160964012146,0.9682092666625977,0.9653437733650208,0.968826413154602
短寿命,MATR_b2c37,478.0,150,current_hybrid,457,0.8552122712135315,0.968080997467041,0.9651167392730713,0.9687064290046692
短寿命,MATR_b2c37,478.0,150,current_hybrid,458,0.8533575534820557,0.9679520726203918,0.9648883938789368,0.9685856699943542
短寿命,MATR_b2c37,478.0,150,current_hybrid,459,0.8515846133232117,0.9678223729133606,0.9646587371826172,0.968464195728302
短寿命,MATR_b2c37,478.0,150,current_hybrid,460,0.8496330380439758,0.9676920175552368,0.9644278883934021,0.9683419466018677
短寿命,MATR_b2c37,478.0,150,current_hybrid,461,0.8477823734283447,0.9675609469413757,0.9641956686973572,0.9682189226150513
短寿命,MATR_b2c37,478.0,150,current_hybrid,462,0.8461616635322571,0.9674291610717773,0.9639622569084167,0.9680951237678528
短寿命,MATR_b2c37,478.0,150,current_hybrid,463,0.8440824747085571,0.9672967195510864,0.9637274742126465,0.9679705500602722
短寿命,MATR_b2c37,478.0,150,current_hybrid,464,0.8423097729682922,0.9671635627746582,0.9634914398193359,0.9678451418876648
短寿命,MATR_b2c37,478.0,150,current_hybrid,465,0.8394049406051636,0.9670296907424927,0.9632541537284851,0.9677190780639648
短寿命,MATR_b2c37,478.0,150,current_hybrid,466,0.8387599587440491,0.9668951034545898,0.9630154967308044,0.967592179775238
短寿命,MATR_b2c37,478.0,150,current_hybrid,467,0.8366312384605408,0.9667598605155945,0.9627756476402283,0.9674645662307739
短寿命,MATR_b2c37,478.0,150,current_hybrid,468,0.8349279761314392,0.966623842716217,0.962534487247467,0.9673361778259277
短寿命,MATR_b2c37,478.0,150,current_hybrid,469,0.8331052660942078,0.9664871692657471,0.9622920155525208,0.9672070741653442
短寿命,MATR_b2c37,478.0,150,current_hybrid,470,0.8307545781135559,0.9663498401641846,0.9620482325553894,0.9670771360397339
短寿命,MATR_b2c37,478.0,150,current_hybrid,471,0.8292384743690491,0.9662087559700012,0.9618032574653625,0.9669464826583862
短寿命,MATR_b2c37,478.0,150,current_hybrid,472,0.827446699142456,0.9660643339157104,0.9615569114685059,0.9668150544166565
短寿命,MATR_b2c37,478.0,150,current_hybrid,473,0.8254614472389221,0.9659192562103271,0.9613093137741089,0.9666828513145447
短寿命,MATR_b2c37,478.0,150,current_hybrid,474,0.8235593438148499,0.9657734632492065,0.9610604643821716,0.9665498733520508
短寿命,MATR_b2c37,478.0,150,current_hybrid,475,0.8217058181762695,0.9656270742416382,0.9608103036880493,0.9664161205291748
短寿命,MATR_b2c37,478.0,150,current_hybrid,476,0.8198477625846863,0.9654799699783325,0.9605588316917419,0.9662815928459167
短寿命,MATR_b2c37,478.0,150,current_hybrid,477,0.8169805407524109,0.9653322100639343,0.9603061079978943,0.9661462903022766
短寿命,MATR_b2c37,478.0,150,current_hybrid,478,0.8157891035079956,0.9651837348937988,0.9600520730018616,0.9660102725028992
短寿命,MATR_b2c37,478.0,150,current_hybrid,479,0.8137104511260986,0.9650346040725708,0.9597967267036438,0.9658734202384949
短寿命,MATR_b2c37,478.0,150,current_hybrid,480,0.8115367889404297,0.9648847579956055,0.9595401287078857,0.9657358527183533
短寿命,MATR_b2c37,478.0,150,current_hybrid,481,0.8096649646759033,0.9647343158721924,0.9592822194099426,0.9655975699424744
短寿命,MATR_b2c37,478.0,150,current_hybrid,482,0.8077495098114014,0.9645832180976868,0.9590230584144592,0.9654584527015686
短寿命,MATR_b2c37,478.0,150,current_hybrid,483,0.805753767490387,0.9644313454627991,0.9587625861167908,0.9653185606002808
短寿命,MATR_b2c37,478.0,150,current_hybrid,484,0.8037188649177551,0.9642788767814636,0.9585008025169373,0.9651778936386108
短寿命,MATR_b2c37,478.0,150,current_hybrid,485,0.801743745803833,0.9641256928443909,0.9582378268241882,0.9650364518165588
短寿命,MATR_b2c37,478.0,150,current_hybrid,486,0.7984790802001953,0.9639717936515808,0.9579734802246094,0.9648942947387695
短寿命,MATR_b2c37,478.0,150,current_hybrid,487,0.7975677251815796,0.963817298412323,0.9577078819274902,0.9647513628005981
短寿命,MATR_b2c37,478.0,150,current_hybrid,488,0.795295000076294,0.9636620879173279,0.9574410319328308,0.9646075963973999
短寿命,MATR_b2c37,478.0,150,current_hybrid,489,0.793419599533081,0.963506281375885,0.9571728110313416,0.9644631147384644
短寿命,MATR_b2c37,478.0,150,current_hybrid,490,0.7909528017044067,0.9633496403694153,0.956903338432312,0.9643179178237915
短寿命,MATR_b2c37,478.0,150,current_hybrid,491,0.789044201374054,0.9631924629211426,0.9566326141357422,0.9641718864440918
短寿命,MATR_b2c37,478.0,150,current_hybrid,492,0.7868067622184753,0.9630345702171326,0.9563605189323425,0.96402508020401
短寿命,MATR_b2c37,478.0,150,current_hybrid,493,0.7840194702148438,0.96287602186203,0.9560872316360474,0.9638774991035461
短寿命,MATR_b2c37,478.0,150,current_hybrid,494,0.7828133702278137,0.9627167582511902,0.9558125734329224,0.963729202747345
短寿命,MATR_b2c37,478.0,150,current_hybrid,495,0.7805933952331543,0.9625568389892578,0.9555367231369019,0.9635800719261169
短寿命,MATR_b2c37,478.0,150,current_hybrid,496,0.7781872153282166,0.9623962640762329,0.9552594423294067,0.9634301662445068
短寿命,MATR_b2c37,478.0,150,current_hybrid,497,0.7761890292167664,0.9622349739074707,0.9549810290336609,0.9632796049118042
短寿命,MATR_b2c37,478.0,150,current_hybrid,498,0.774129331111908,0.962073028087616,0.9547012448310852,0.9631281495094299
短寿命,MATR_b2c37,478.0,150,current_hybrid,499,0.7719972133636475,0.9619103670120239,0.9544201493263245,0.9629759788513184
短寿命,MATR_b2c37,478.0,150,current_hybrid,500,0.7697938680648804,0.9617470502853394,0.9541378617286682,0.9628230333328247
短寿命,MATR_b2c37,478.0,150,hybridpatch_v2,151,1.0024322271347046,1.002002477645874,1.0018024444580078,1.0021419525146484
短寿命,MATR_b2c37,478.0,150,hybridpatch_v2,152,1.0023744106292725,1.0017530918121338,1.001460075378418,1.001950740814209
短寿命,MATR_b2c37,478.0,150,hybridpatch_v2,153,1.0023101568222046,1.001551628112793,1.0011831521987915,1.0017938613891602
短寿命,MATR_b2c37,478.0,150,hybridpatch_v2,154,1.0021651983261108,1.0013749599456787,1.0009400844573975,1.0016547441482544
短寿命,MATR_b2c37,478.0,150,hybridpatch_v2,155,1.0022518634796143,1.0012140274047852,1.000718593597412,1.001526951789856
短寿命,MATR_b2c37,478.0,150,hybridpatch_v2,156,1.002179741859436,1.0010643005371094,1.0005124807357788,1.0014073848724365
短寿命,MATR_b2c37,478.0,150,hybridpatch_v2,157,1.002097725868225,1.0009231567382812,1.0003180503845215,1.0012938976287842
短寿命,MATR_b2c37,478.0,150,hybridpatch_v2,158,1.002138376235962,1.000788688659668,1.0001327991485596,1.0011851787567139
短寿命,MATR_b2c37,478.0,150,hybridpatch_v2,159,1.0020493268966675,1.0006598234176636,0.9999550580978394,1.0010805130004883
短寿命,MATR_b2c37,478.0,150,hybridpatch_v2,160,1.001994013786316,1.000535488128662,0.9997836351394653,1.0009791851043701
短寿命,MATR_b2c37,478.0,150,hybridpatch_v2,161,1.0019510984420776,1.0004152059555054,0.9996176362037659,1.0008805990219116
短寿命,MATR_b2c37,478.0,150,hybridpatch_v2,162,1.0018484592437744,1.000298261642456,0.9994562864303589,1.0007845163345337
短寿命,MATR_b2c37,478.0,150,hybridpatch_v2,163,1.0018131732940674,1.0001842975616455,0.9992989897727966,1.0006905794143677
短寿命,MATR_b2c37,478.0,150,hybridpatch_v2,164,1.0018049478530884,1.000072956085205,0.9991453886032104,1.0005985498428345
短寿命,MATR_b2c37,478.0,150,hybridpatch_v2,165,1.0016716718673706,0.9999639987945557,0.9989950060844421,1.000508189201355
短寿命,MATR_b2c37,478.0,150,hybridpatch_v2,166,1.0016807317733765,0.9998572468757629,0.9988475441932678,1.0004193782806396
短寿命,MATR_b2c37,478.0,150,hybridpatch_v2,167,1.0015869140625,0.9997523427009583,0.9987027049064636,1.000331997871399
短寿命,MATR_b2c37,478.0,150,hybridpatch_v2,168,1.0014808177947998,0.9996492862701416,0.9985603094100952,1.0002459287643433
短寿命,MATR_b2c37,478.0,150,hybridpatch_v2,169,1.0014667510986328,0.9995478391647339,0.9984201788902283,1.0001609325408936
短寿命,MATR_b2c37,478.0,150,hybridpatch_v2,170,1.0014549493789673,0.9994478821754456,0.9982820153236389,1.0000771284103394
短寿命,MATR_b2c37,478.0,150,hybridpatch_v2,171,1.0014142990112305,0.9993492960929871,0.9981458187103271,0.9999942183494568
短寿命,MATR_b2c37,478.0,150,hybridpatch_v2,172,1.0013647079467773,0.9992520213127136,0.9980113506317139,0.9999123215675354
短寿命,MATR_b2c37,478.0,150,hybridpatch_v2,173,1.0012167692184448,0.9991559982299805,0.9978785514831543,0.9998312592506409
短寿命,MATR_b2c37,478.0,150,hybridpatch_v2,174,1.0011529922485352,0.9990610480308533,0.9977473020553589,0.9997509717941284
短寿命,MATR_b2c37,478.0,150,hybridpatch_v2,175,1.0011311769485474,0.9989671111106873,0.9976174831390381,0.999671459197998
短寿命,MATR_b2c37,478.0,150,hybridpatch_v2,176,1.0011615753173828,0.9988742470741272,0.9974890351295471,0.999592661857605
短寿命,MATR_b2c37,478.0,150,hybridpatch_v2,177,1.0010302066802979,0.9987822771072388,0.9973618388175964,0.9995145797729492
短寿命,MATR_b2c37,478.0,150,hybridpatch_v2,178,1.0009533166885376,0.998691201210022,0.9972358345985413,0.9994370937347412
短寿命,MATR_b2c37,478.0,150,hybridpatch_v2,179,1.0008516311645508,0.998600959777832,0.9971110224723816,0.999360203742981
短寿命,MATR_b2c37,478.0,150,hybridpatch_v2,180,1.000821590423584,0.998511552810669,0.9969872832298279,0.9992839097976685
短寿命,MATR_b2c37,478.0,150,hybridpatch_v2,181,1.0008479356765747,0.9984228610992432,0.9968645572662354,0.9992081522941589
短寿命,MATR_b2c37,478.0,150,hybridpatch_v2,182,1.0007580518722534,0.9983348846435547,0.996742844581604,0.9991328716278076
短寿命,MATR_b2c37,478.0,150,hybridpatch_v2,183,1.000765085220337,0.9982476234436035,0.9966220259666443,0.9990581274032593
短寿命,MATR_b2c37,478.0,150,hybridpatch_v2,184,1.0006476640701294,0.9981610178947449,0.996502161026001,0.9989838600158691
短寿命,MATR_b2c37,478.0,150,hybridpatch_v2,185,1.0005196332931519,0.998075008392334,0.9963831305503845,0.9989100694656372
短寿命,MATR_b2c37,478.0,150,hybridpatch_v2,186,1.0005170106887817,0.9979896545410156,0.9962649345397949,0.9988366365432739
短寿命,MATR_b2c37,478.0,150,hybridpatch_v2,187,1.0004446506500244,0.9979048371315002,0.9961474537849426,0.9987636804580688
短寿命,MATR_b2c37,478.0,150,hybridpatch_v2,188,1.0003488063812256,0.9978205561637878,0.9960308074951172,0.9986910820007324
短寿命,MATR_b2c37,478.0,150,hybridpatch_v2,189,1.0003012418746948,0.9977368116378784,0.995914876461029,0.9986189007759094
短寿命,MATR_b2c37,478.0,150,hybridpatch_v2,190,1.0002174377441406,0.997653603553772,0.9957996010780334,0.9985470175743103
短寿命,MATR_b2c37,478.0,150,hybridpatch_v2,191,1.0001345872879028,0.9975708723068237,0.9956850409507751,0.9984755516052246
短寿命,MATR_b2c37,478.0,150,hybridpatch_v2,192,1.0000866651535034,0.9974886178970337,0.9955710768699646,0.9984044432640076
短寿命,MATR_b2c37,478.0,150,hybridpatch_v2,193,1.0000470876693726,0.9974067807197571,0.9954577684402466,0.9983336329460144
短寿命,MATR_b2c37,478.0,150,hybridpatch_v2,194,1.0000730752944946,0.9973254203796387,0.9953450560569763,0.9982631206512451
短寿命,MATR_b2c37,478.0,150,hybridpatch_v2,195,0.9999242424964905,0.9972445368766785,0.9952329397201538,0.9981929063796997
短寿命,MATR_b2c37,478.0,150,hybridpatch_v2,196,0.9998583793640137,0.9971640110015869,0.9951213598251343,0.998123049736023
短寿命,MATR_b2c37,478.0,150,hybridpatch_v2,197,0.9997220635414124,0.997083842754364,0.9950103163719177,0.9980534315109253
短寿命,MATR_b2c37,478.0,150,hybridpatch_v2,198,0.999647319316864,0.9970041513442993,0.9948998689651489,0.9979840517044067
短寿命,MATR_b2c37,478.0,150,hybridpatch_v2,199,0.999542772769928,0.9969247579574585,0.9947898387908936,0.9979150295257568
短寿命,MATR_b2c37,478.0,150,hybridpatch_v2,200,0.9994938373565674,0.9968457818031311,0.9946803450584412,0.9978461861610413
短寿命,MATR_b2c37,478.0,150,hybridpatch_v2,201,0.9994252324104309,0.9967671036720276,0.994571328163147,0.9977776408195496
短寿命,MATR_b2c37,478.0,150,hybridpatch_v2,202,0.9993231892585754,0.9966888427734375,0.994462788105011,0.997709333896637
短寿命,MATR_b2c37,478.0,150,hybridpatch_v2,203,0.9993907809257507,0.9966108202934265,0.9943547248840332,0.9976413249969482
短寿命,MATR_b2c37,478.0,150,hybridpatch_v2,204,0.9993138909339905,0.996533215045929,0.9942470788955688,0.9975734353065491
短寿命,MATR_b2c37,478.0,150,hybridpatch_v2,205,0.9992566108703613,0.9964558482170105,0.9941398501396179,0.9975058436393738
短寿命,MATR_b2c37,478.0,150,hybridpatch_v2,206,0.9992185831069946,0.9963788390159607,0.9940330386161804,0.9974384903907776
短寿命,MATR_b2c37,478.0,150,hybridpatch_v2,207,0.9990367889404297,0.99630206823349,0.9939266443252563,0.9973713159561157
短寿命,MATR_b2c37,478.0,150,hybridpatch_v2,208,0.9989162683486938,0.9962256550788879,0.9938206076622009,0.9973043203353882
短寿命,MATR_b2c37,478.0,150,hybridpatch_v2,209,0.9988608956336975,0.996149480342865,0.9937149882316589,0.9972375631332397
短寿命,MATR_b2c37,478.0,150,hybridpatch_v2,210,0.9988260865211487,0.9960736036300659,0.9936097264289856,0.9971709847450256
短寿命,MATR_b2c37,478.0,150,hybridpatch_v2,211,0.9986433386802673,0.995997965335846,0.9935048818588257,0.9971045851707458
短寿命,MATR_b2c37,478.0,150,hybridpatch_v2,212,0.9985769391059875,0.9959226250648499,0.9934003353118896,0.9970384240150452
短寿命,MATR_b2c37,478.0,150,hybridpatch_v2,213,0.9984161257743835,0.9958474636077881,0.9932961463928223,0.9969724416732788
短寿命,MATR_b2c37,478.0,150,hybridpatch_v2,214,0.9983204007148743,0.995772659778595,0.9931923151016235,0.996906578540802
短寿命,MATR_b2c37,478.0,150,hybridpatch_v2,215,0.9981914162635803,0.9956980347633362,0.9930888414382935,0.9968409538269043
短寿命,MATR_b2c37,478.0,150,hybridpatch_v2,216,0.9981123805046082,0.9956236481666565,0.9929856061935425,0.9967754483222961
短寿命,MATR_b2c37,478.0,150,hybridpatch_v2,217,0.9980977177619934,0.9955494999885559,0.9928827881813049,0.9967101812362671
短寿命,MATR_b2c37,478.0,150,hybridpatch_v2,218,0.9980428218841553,0.9954755902290344,0.9927802085876465,0.9966449737548828
短寿命,MATR_b2c37,478.0,150,hybridpatch_v2,219,0.9979259967803955,0.995401918888092,0.9926779270172119,0.9965800046920776
短寿命,MATR_b2c37,478.0,150,hybridpatch_v2,220,0.9978949427604675,0.995328426361084,0.992576003074646,0.996515154838562
短寿命,MATR_b2c37,478.0,150,hybridpatch_v2,221,0.9977402091026306,0.995255172252655,0.9924743175506592,0.9964504837989807
短寿命,MATR_b2c37,478.0,150,hybridpatch_v2,222,0.9975361824035645,0.9951820969581604,0.9923729300498962,0.9963859915733337
短寿命,MATR_b2c37,478.0,150,hybridpatch_v2,223,0.9974730014801025,0.9951092600822449,0.9922718405723572,0.9963215589523315
短寿命,MATR_b2c37,478.0,150,hybridpatch_v2,224,0.9973543286323547,0.9950366020202637,0.9921709895133972,0.9962573051452637
短寿命,MATR_b2c37,478.0,150,hybridpatch_v2,225,0.9972070455551147,0.9949641227722168,0.9920704364776611,0.9961932301521301
短寿命,MATR_b2c37,478.0,150,hybridpatch_v2,226,0.9971705079078674,0.994891881942749,0.9919701218605042,0.9961292743682861
短寿命,MATR_b2c37,478.0,150,hybridpatch_v2,227,0.9971069097518921,0.9948198199272156,0.9918700456619263,0.9960654377937317
短寿命,MATR_b2c37,478.0,150,hybridpatch_v2,228,0.9969386458396912,0.9947479367256165,0.9917702674865723,0.9960017204284668
短寿命,MATR_b2c37,478.0,150,hybridpatch_v2,229,0.9969096779823303,0.9946762323379517,0.9916707277297974,0.9959381818771362
短寿命,MATR_b2c37,478.0,150,hybridpatch_v2,230,0.9965629577636719,0.9946046471595764,0.9915714263916016,0.9958747625350952
短寿命,MATR_b2c37,478.0,150,hybridpatch_v2,231,0.99666827917099,0.9945333003997803,0.9914723038673401,0.995811402797699
短寿命,MATR_b2c37,478.0,150,hybridpatch_v2,232,0.9965616464614868,0.9944621324539185,0.9913734793663025,0.9957482218742371
短寿命,MATR_b2c37,478.0,150,hybridpatch_v2,233,0.9963818788528442,0.9943910837173462,0.991274893283844,0.9956851601600647
短寿命,MATR_b2c37,478.0,150,hybridpatch_v2,234,0.9963432550430298,0.994320273399353,0.9911764860153198,0.9956222176551819
短寿命,MATR_b2c37,478.0,150,hybridpatch_v2,235,0.9950261116027832,0.9942495822906494,0.9910783171653748,0.9955593943595886
短寿命,MATR_b2c37,478.0,150,hybridpatch_v2,236,0.9961289763450623,0.9941790103912354,0.9909803867340088,0.9954966306686401
短寿命,MATR_b2c37,478.0,150,hybridpatch_v2,237,0.9960505962371826,0.9941086769104004,0.9908826351165771,0.995434045791626
短寿命,MATR_b2c37,478.0,150,hybridpatch_v2,238,0.9958703517913818,0.994038462638855,0.9907851219177246,0.9953715801239014
短寿命,MATR_b2c37,478.0,150,hybridpatch_v2,239,0.9956219792366028,0.9939683675765991,0.9906877875328064,0.9953091740608215
短寿命,MATR_b2c37,478.0,150,hybridpatch_v2,240,0.9943782091140747,0.9938984513282776,0.9905906915664673,0.9952468872070312
短寿命,MATR_b2c37,478.0,150,hybridpatch_v2,241,0.9954348206520081,0.9938286542892456,0.9904937744140625,0.9951847195625305
短寿命,MATR_b2c37,478.0,150,hybridpatch_v2,242,0.9953758120536804,0.993759036064148,0.990397036075592,0.9951226115226746
短寿命,MATR_b2c37,478.0,150,hybridpatch_v2,243,0.9953089952468872,0.9936895370483398,0.9903004765510559,0.9950606822967529
短寿命,MATR_b2c37,478.0,150,hybridpatch_v2,244,0.9951943159103394,0.9936202168464661,0.9902041554450989,0.9949988126754761
短寿命,MATR_b2c37,478.0,150,hybridpatch_v2,245,0.9938005208969116,0.9935510158538818,0.9901080131530762,0.994937002658844
短寿命,MATR_b2c37,478.0,150,hybridpatch_v2,246,0.8758271336555481,0.9934819340705872,0.9900120496749878,0.9948753118515015
短寿命,MATR_b2c37,478.0,150,hybridpatch_v2,247,0.9919900298118591,0.993412971496582,0.9899162650108337,0.9948137402534485
短寿命,MATR_b2c37,478.0,150,hybridpatch_v2,248,0.9932363629341125,0.9933441281318665,0.9898205995559692,0.9947522878646851
短寿命,MATR_b2c37,478.0,150,hybridpatch_v2,249,0.9935219883918762,0.9932754635810852,0.9897251725196838,0.9946908354759216
短寿命,MATR_b2c37,478.0,150,hybridpatch_v2,250,0.9936267137527466,0.9932069182395935,0.9896299242973328,0.9946295619010925
短寿命,MATR_b2c37,478.0,150,hybridpatch_v2,251,0.993647038936615,0.9931384921073914,0.9895347952842712,0.9945683479309082
短寿命,MATR_b2c37,478.0,150,hybridpatch_v2,252,0.9936241507530212,0.9930701851844788,0.9894399046897888,0.9945071935653687
短寿命,MATR_b2c37,478.0,150,hybridpatch_v2,253,0.9935243725776672,0.9930019974708557,0.989345133304596,0.9944461584091187
短寿命,MATR_b2c37,478.0,150,hybridpatch_v2,254,0.9935376048088074,0.9929339289665222,0.9892505407333374,0.9943852424621582
短寿命,MATR_b2c37,478.0,150,hybridpatch_v2,255,0.99336838722229,0.9928659796714783,0.9891560673713684,0.9943243265151978
短寿命,MATR_b2c37,478.0,150,hybridpatch_v2,256,0.993294358253479,0.9927981495857239,0.9890617728233337,0.9942635893821716
短寿命,MATR_b2c37,478.0,150,hybridpatch_v2,257,0.993277370929718,0.992730438709259,0.9889676570892334,0.9942028522491455
短寿命,MATR_b2c37,478.0,150,hybridpatch_v2,258,0.993166446685791,0.992662787437439,0.9888737201690674,0.9941422343254089
短寿命,MATR_b2c37,478.0,150,hybridpatch_v2,259,0.9930335283279419,0.9925953149795532,0.9887799024581909,0.9940816760063171
短寿命,MATR_b2c37,478.0,150,hybridpatch_v2,260,0.9929617643356323,0.9925279021263123,0.988686203956604,0.9940212368965149
短寿命,MATR_b2c37,478.0,150,hybridpatch_v2,261,0.9928333163261414,0.9924606680870056,0.9885926842689514,0.9939608573913574
短寿命,MATR_b2c37,478.0,150,hybridpatch_v2,262,0.9926112294197083,0.9923934936523438,0.9884992837905884,0.9939005374908447
短寿命,MATR_b2c37,478.0,150,hybridpatch_v2,263,0.9924880862236023,0.9923264384269714,0.9884060621261597,0.9938402771949768
短寿命,MATR_b2c37,478.0,150,hybridpatch_v2,264,0.9923864006996155,0.9922594428062439,0.9883129596710205,0.9937801361083984
短寿命,MATR_b2c37,478.0,150,hybridpatch_v2,265,0.9922066330909729,0.9921926259994507,0.9882199764251709,0.9937200546264648
短寿命,MATR_b2c37,478.0,150,hybridpatch_v2,266,0.9922084212303162,0.9921258687973022,0.9881271719932556,0.993660032749176
短寿命,MATR_b2c37,478.0,150,hybridpatch_v2,267,0.9921350479125977,0.9920591711997986,0.9880344867706299,0.993600070476532
短寿命,MATR_b2c37,478.0,150,hybridpatch_v2,268,0.9920112490653992,0.9919926524162292,0.9879419803619385,0.9935402274131775
短寿命,MATR_b2c37,478.0,150,hybridpatch_v2,269,0.991901695728302,0.9919261932373047,0.9878495335578918,0.9934804439544678
短寿命,MATR_b2c37,478.0,150,hybridpatch_v2,270,0.9917861819267273,0.9918597936630249,0.9877572655677795,0.9934207201004028
短寿命,MATR_b2c37,478.0,150,hybridpatch_v2,271,0.9916912913322449,0.9917935729026794,0.9876651167869568,0.9933610558509827
短寿命,MATR_b2c37,478.0,150,hybridpatch_v2,272,0.9915444850921631,0.991727352142334,0.9875730872154236,0.9933014512062073
短寿命,MATR_b2c37,478.0,150,hybridpatch_v2,273,0.9913856983184814,0.9916613101959229,0.9874811768531799,0.9932419061660767
短寿命,MATR_b2c37,478.0,150,hybridpatch_v2,274,0.9912234544754028,0.9915953278541565,0.9873893857002258,0.9931824207305908
短寿命,MATR_b2c37,478.0,150,hybridpatch_v2,275,0.9910072088241577,0.9915294051170349,0.9872977137565613,0.9931230545043945
短寿命,MATR_b2c37,478.0,150,hybridpatch_v2,276,0.9907628893852234,0.9914636015892029,0.987206220626831,0.993063747882843
短寿命,MATR_b2c37,478.0,150,hybridpatch_v2,277,0.9907026290893555,0.9913979172706604,0.9871147871017456,0.9930044412612915
短寿命,MATR_b2c37,478.0,150,hybridpatch_v2,278,0.9905007481575012,0.9913322925567627,0.9870234727859497,0.9929452538490295
短寿命,MATR_b2c37,478.0,150,hybridpatch_v2,279,0.990321159362793,0.9912667274475098,0.9869323372840881,0.9928861260414124
短寿命,MATR_b2c37,478.0,150,hybridpatch_v2,280,0.9901941418647766,0.9912012815475464,0.9868412613868713,0.9928269982337952
短寿命,MATR_b2c37,478.0,150,hybridpatch_v2,281,0.9900543093681335,0.9911358952522278,0.9867503046989441,0.9927679896354675
短寿命,MATR_b2c37,478.0,150,hybridpatch_v2,282,0.9898903965950012,0.9910706281661987,0.9866594672203064,0.9927090406417847
短寿命,MATR_b2c37,478.0,150,hybridpatch_v2,283,0.9897236227989197,0.9910054206848145,0.9865687489509583,0.9926501512527466
短寿命,MATR_b2c37,478.0,150,hybridpatch_v2,284,0.9894670844078064,0.990940272808075,0.9864781498908997,0.9925912618637085
短寿命,MATR_b2c37,478.0,150,hybridpatch_v2,285,0.9893386363983154,0.990875244140625,0.9863876700401306,0.99253249168396
短寿命,MATR_b2c37,478.0,150,hybridpatch_v2,286,0.9891120791435242,0.9908102750778198,0.9862972497940063,0.9924737811088562
短寿命,MATR_b2c37,478.0,150,hybridpatch_v2,287,0.9889931082725525,0.9907453656196594,0.9862070083618164,0.9924150705337524
短寿命,MATR_b2c37,478.0,150,hybridpatch_v2,288,0.9887494444847107,0.9906805753707886,0.9861168265342712,0.9923564791679382
短寿命,MATR_b2c37,478.0,150,hybridpatch_v2,289,0.9885673522949219,0.9906158447265625,0.9860267639160156,0.992297887802124
短寿命,MATR_b2c37,478.0,150,hybridpatch_v2,290,0.988364577293396,0.9905511736869812,0.9859367609024048,0.9922394156455994
短寿命,MATR_b2c37,478.0,150,hybridpatch_v2,291,0.9882929921150208,0.9904866218566895,0.9858468770980835,0.9921809434890747
短寿命,MATR_b2c37,478.0,150,hybridpatch_v2,292,0.9881789684295654,0.9904221296310425,0.9857571125030518,0.9921225309371948
短寿命,MATR_b2c37,478.0,150,hybridpatch_v2,293,0.9879158735275269,0.9903576970100403,0.9856674671173096,0.9920642375946045
短寿命,MATR_b2c37,478.0,150,hybridpatch_v2,294,0.9878034591674805,0.9902933239936829,0.9855779409408569,0.9920059442520142
短寿命,MATR_b2c37,478.0,150,hybridpatch_v2,295,0.9875313639640808,0.990229070186615,0.9854884743690491,0.9919476509094238
短寿命,MATR_b2c37,478.0,150,hybridpatch_v2,296,0.9873269200325012,0.9901648759841919,0.985399067401886,0.991889476776123
短寿命,MATR_b2c37,478.0,150,hybridpatch_v2,297,0.9872167706489563,0.9901007413864136,0.9853097796440125,0.991831362247467
短寿命,MATR_b2c37,478.0,150,hybridpatch_v2,298,0.986926794052124,0.99003666639328,0.9852206110954285,0.991773247718811
短寿命,MATR_b2c37,478.0,150,hybridpatch_v2,299,0.9867432117462158,0.9899726510047913,0.985131561756134,0.9917152523994446
短寿命,MATR_b2c37,478.0,150,hybridpatch_v2,300,0.986514687538147,0.989908754825592,0.9850425720214844,0.9916572570800781
短寿命,MATR_b2c37,478.0,150,hybridpatch_v2,301,0.9862727522850037,0.9898448586463928,0.9849536418914795,0.9915993213653564
短寿命,MATR_b2c37,478.0,150,hybridpatch_v2,302,0.9861184358596802,0.9897810816764832,0.9848648309707642,0.9915413856506348
短寿命,MATR_b2c37,478.0,150,hybridpatch_v2,303,0.9858371019363403,0.9897173643112183,0.9847761392593384,0.9914835691452026
短寿命,MATR_b2c37,478.0,150,hybridpatch_v2,304,0.9855899214744568,0.9896537065505981,0.9846875071525574,0.9914257526397705
短寿命,MATR_b2c37,478.0,150,hybridpatch_v2,305,0.9854093790054321,0.9895901083946228,0.9845989942550659,0.9913679957389832
短寿命,MATR_b2c37,478.0,150,hybridpatch_v2,306,0.9852806925773621,0.9895265698432922,0.9845105409622192,0.9913102984428406
短寿命,MATR_b2c37,478.0,150,hybridpatch_v2,307,0.9850305318832397,0.9894631505012512,0.9844222068786621,0.9912526607513428
短寿命,MATR_b2c37,478.0,150,hybridpatch_v2,308,0.9848352670669556,0.9893997311592102,0.9843339323997498,0.9911950826644897
短寿命,MATR_b2c37,478.0,150,hybridpatch_v2,309,0.9845796823501587,0.9893364310264587,0.9842457175254822,0.9911375045776367
短寿命,MATR_b2c37,478.0,150,hybridpatch_v2,310,0.9842662811279297,0.9892731308937073,0.9841576218605042,0.9910799860954285
短寿命,MATR_b2c37,478.0,150,hybridpatch_v2,311,0.9840285778045654,0.9892099499702454,0.9840695858001709,0.991022527217865
短寿命,MATR_b2c37,478.0,150,hybridpatch_v2,312,0.9837406277656555,0.9891467690467834,0.9839816689491272,0.9909650683403015
短寿命,MATR_b2c37,478.0,150,hybridpatch_v2,313,0.9834815859794617,0.9890837073326111,0.9838938117027283,0.9909076690673828
短寿命,MATR_b2c37,478.0,150,hybridpatch_v2,314,0.983295738697052,0.9890206456184387,0.9838060140609741,0.9908503293991089
短寿命,MATR_b2c37,478.0,150,hybridpatch_v2,315,0.9830718040466309,0.9889577031135559,0.9837183356285095,0.9907930493354797
短寿命,MATR_b2c37,478.0,150,hybridpatch_v2,316,0.982787013053894,0.9888948202133179,0.9836307168006897,0.9907357692718506
短寿命,MATR_b2c37,478.0,150,hybridpatch_v2,317,0.9826392531394958,0.9888319373130798,0.9835432171821594,0.9906785488128662
短寿命,MATR_b2c37,478.0,150,hybridpatch_v2,318,0.9823484420776367,0.9887691736221313,0.9834557771682739,0.9906213879585266
短寿命,MATR_b2c37,478.0,150,hybridpatch_v2,319,0.9821272492408752,0.9887064695358276,0.9833683967590332,0.9905642867088318
短寿命,MATR_b2c37,478.0,150,hybridpatch_v2,320,0.9818904399871826,0.9886437654495239,0.9832810759544373,0.990507185459137
短寿命,MATR_b2c37,478.0,150,hybridpatch_v2,321,0.9812669157981873,0.9885811805725098,0.9831938743591309,0.9904501438140869
短寿命,MATR_b2c37,478.0,150,hybridpatch_v2,322,0.9812339544296265,0.9885185956954956,0.9831067323684692,0.9903931021690369
短寿命,MATR_b2c37,478.0,150,hybridpatch_v2,323,0.9809966087341309,0.9884560704231262,0.9830196499824524,0.9903361201286316
短寿命,MATR_b2c37,478.0,150,hybridpatch_v2,324,0.9806703329086304,0.9883936643600464,0.9829326868057251,0.9902791976928711
短寿命,MATR_b2c37,478.0,150,hybridpatch_v2,325,0.980436384677887,0.9883312582969666,0.9828457832336426,0.9902223348617554
短寿命,MATR_b2c37,478.0,150,hybridpatch_v2,326,0.9790205955505371,0.9882689118385315,0.9827588796615601,0.9901654720306396
短寿命,MATR_b2c37,478.0,150,hybridpatch_v2,327,0.9798041582107544,0.9882066249847412,0.9826721549034119,0.9901086688041687
短寿命,MATR_b2c37,478.0,150,hybridpatch_v2,328,0.979512631893158,0.9881443977355957,0.9825854301452637,0.9900518655776978
短寿命,MATR_b2c37,478.0,150,hybridpatch_v2,329,0.9792158603668213,0.988082230091095,0.982498824596405,0.9899951219558716
短寿命,MATR_b2c37,478.0,150,hybridpatch_v2,330,0.9789082407951355,0.988020122051239,0.9824122786521912,0.9899384379386902
短寿命,MATR_b2c37,478.0,150,hybridpatch_v2,331,0.9775498509407043,0.9879580140113831,0.9823257923126221,0.9898817539215088
短寿命,MATR_b2c37,478.0,150,hybridpatch_v2,332,0.9783450365066528,0.9878960251808167,0.9822393655776978,0.9898251295089722
短寿命,MATR_b2c37,478.0,150,hybridpatch_v2,333,0.977924108505249,0.9878340363502502,0.9821529984474182,0.9897685647010803
短寿命,MATR_b2c37,478.0,150,hybridpatch_v2,334,0.9775339365005493,0.9877721071243286,0.9820667505264282,0.9897119998931885
短寿命,MATR_b2c37,478.0,150,hybridpatch_v2,335,0.9772151708602905,0.9877102971076965,0.9819805026054382,0.9896554946899414
短寿命,MATR_b2c37,478.0,150,hybridpatch_v2,336,0.9757717847824097,0.9876484274864197,0.9818943738937378,0.9895989894866943
短寿命,MATR_b2c37,478.0,150,hybridpatch_v2,337,0.9765297770500183,0.9875866770744324,0.9818083047866821,0.9895426034927368
短寿命,MATR_b2c37,478.0,150,hybridpatch_v2,338,0.9762150049209595,0.9875249862670898,0.9817222952842712,0.9894861578941345
短寿命,MATR_b2c37,478.0,150,hybridpatch_v2,339,0.9758501648902893,0.9874632954597473,0.9816363453865051,0.989429771900177
短寿命,MATR_b2c37,478.0,150,hybridpatch_v2,340,0.9755899906158447,0.9874016642570496,0.9815504550933838,0.9893734455108643
短寿命,MATR_b2c37,478.0,150,hybridpatch_v2,341,0.9741219878196716,0.9873400926589966,0.981464684009552,0.9893171787261963
短寿命,MATR_b2c37,478.0,150,hybridpatch_v2,342,0.9748666882514954,0.9872785806655884,0.9813789129257202,0.9892608523368835
短寿命,MATR_b2c37,478.0,150,hybridpatch_v2,343,0.9745612740516663,0.987217128276825,0.9812932014465332,0.9892046451568604
短寿命,MATR_b2c37,478.0,150,hybridpatch_v2,344,0.9742059111595154,0.9871556758880615,0.9812076091766357,0.9891484379768372
短寿命,MATR_b2c37,478.0,150,hybridpatch_v2,345,0.9736873507499695,0.9870943427085876,0.9811220765113831,0.9890922904014587
短寿命,MATR_b2c37,478.0,150,hybridpatch_v2,346,0.972189724445343,0.9870330095291138,0.9810365438461304,0.9890361428260803
短寿命,MATR_b2c37,478.0,150,hybridpatch_v2,347,0.9729909896850586,0.9869716763496399,0.9809511303901672,0.9889800548553467
短寿命,MATR_b2c37,478.0,150,hybridpatch_v2,348,0.9724220633506775,0.9869104623794556,0.9808657765388489,0.988923966884613
短寿命,MATR_b2c37,478.0,150,hybridpatch_v2,349,0.9720165133476257,0.9868492484092712,0.9807804226875305,0.9888679385185242
短寿命,MATR_b2c37,478.0,150,hybridpatch_v2,350,0.9716160297393799,0.9867880940437317,0.9806951880455017,0.9888119101524353
短寿命,MATR_b2c37,478.0,150,hybridpatch_v2,351,0.9711475968360901,0.9867269992828369,0.9806100130081177,0.9887559413909912
短寿命,MATR_b2c37,478.0,150,hybridpatch_v2,352,0.970693051815033,0.9866659641265869,0.9805248975753784,0.9887000322341919
短寿命,MATR_b2c37,478.0,150,hybridpatch_v2,353,0.9703131318092346,0.9866049289703369,0.9804398417472839,0.9886441230773926
短寿命,MATR_b2c37,478.0,150,hybridpatch_v2,354,0.9698216915130615,0.9865439534187317,0.9803547859191895,0.9885882139205933
短寿命,MATR_b2c37,478.0,150,hybridpatch_v2,355,0.9693503379821777,0.9864830374717712,0.9802698493003845,0.9885323643684387
短寿命,MATR_b2c37,478.0,150,hybridpatch_v2,356,0.9688690304756165,0.9864221215248108,0.9801849722862244,0.988476574420929
短寿命,MATR_b2c37,478.0,150,hybridpatch_v2,357,0.9683430790901184,0.9863613247871399,0.9801000952720642,0.9884207844734192
短寿命,MATR_b2c37,478.0,150,hybridpatch_v2,358,0.9678565263748169,0.9863004684448242,0.9800153374671936,0.9883649945259094
短寿命,MATR_b2c37,478.0,150,hybridpatch_v2,359,0.9673932790756226,0.9862397313117981,0.9799306392669678,0.9883092641830444
短寿命,MATR_b2c37,478.0,150,hybridpatch_v2,360,0.9669048190116882,0.986178994178772,0.9798459410667419,0.9882535934448242
短寿命,MATR_b2c37,478.0,150,hybridpatch_v2,361,0.9665366411209106,0.9861183762550354,0.9797613620758057,0.988197922706604
短寿命,MATR_b2c37,478.0,150,hybridpatch_v2,362,0.965920090675354,0.986057698726654,0.9796767830848694,0.9881423115730286
短寿命,MATR_b2c37,478.0,150,hybridpatch_v2,363,0.9654893279075623,0.9859971404075623,0.9795922636985779,0.9880867004394531
短寿命,MATR_b2c37,478.0,150,hybridpatch_v2,364,0.9650065302848816,0.9859365820884705,0.9795078635215759,0.9880310893058777
短寿命,MATR_b2c37,478.0,150,hybridpatch_v2,365,0.9644641280174255,0.9858760833740234,0.979423463344574,0.987975537776947
短寿命,MATR_b2c37,478.0,150,hybridpatch_v2,366,0.963873565196991,0.9858155846595764,0.9793391227722168,0.9879200458526611
短寿命,MATR_b2c37,478.0,150,hybridpatch_v2,367,0.9634374380111694,0.9857551455497742,0.9792548418045044,0.9878645539283752
短寿命,MATR_b2c37,478.0,150,hybridpatch_v2,368,0.9627838134765625,0.9856947660446167,0.9791706204414368,0.9878090620040894
短寿命,MATR_b2c37,478.0,150,hybridpatch_v2,369,0.962231457233429,0.985634446144104,0.9790864586830139,0.9877536296844482
短寿命,MATR_b2c37,478.0,150,hybridpatch_v2,370,0.9617002606391907,0.9855741262435913,0.9790022969245911,0.9876982569694519
短寿命,MATR_b2c37,478.0,150,hybridpatch_v2,371,0.9611688256263733,0.9855138659477234,0.9789182543754578,0.9876428246498108
短寿命,MATR_b2c37,478.0,150,hybridpatch_v2,372,0.9605027437210083,0.9854536056518555,0.9788342118263245,0.9875875115394592
短寿命,MATR_b2c37,478.0,150,hybridpatch_v2,373,0.9599419236183167,0.9853934049606323,0.9787502288818359,0.9875321984291077
短寿命,MATR_b2c37,478.0,150,hybridpatch_v2,374,0.9593275785446167,0.985333263874054,0.978666365146637,0.9874768853187561
短寿命,MATR_b2c37,478.0,150,hybridpatch_v2,375,0.9587029814720154,0.9852731227874756,0.9785824418067932,0.9874216318130493
短寿命,MATR_b2c37,478.0,150,hybridpatch_v2,376,0.9580614566802979,0.985213041305542,0.978498637676239,0.9873663783073425
短寿命,MATR_b2c37,478.0,150,hybridpatch_v2,377,0.9574776291847229,0.9851530194282532,0.9784148931503296,0.9873111248016357
短寿命,MATR_b2c37,478.0,150,hybridpatch_v2,378,0.9568046927452087,0.9850929975509644,0.9783311486244202,0.9872559309005737
短寿命,MATR_b2c37,478.0,150,hybridpatch_v2,379,0.9561523795127869,0.9850330352783203,0.9782475233078003,0.9872007966041565
短寿命,MATR_b2c37,478.0,150,hybridpatch_v2,380,0.9554152488708496,0.984973132610321,0.9781638979911804,0.9871456623077393
短寿命,MATR_b2c37,478.0,150,hybridpatch_v2,381,0.9547932147979736,0.9849132299423218,0.9780803322792053,0.987090528011322
短寿命,MATR_b2c37,478.0,150,hybridpatch_v2,382,0.9540017247200012,0.9848533272743225,0.977996826171875,0.9870354533195496
短寿命,MATR_b2c37,478.0,150,hybridpatch_v2,383,0.9532970786094666,0.9847935438156128,0.9779133200645447,0.9869803786277771
短寿命,MATR_b2c37,478.0,150,hybridpatch_v2,384,0.9525777101516724,0.9847337603569031,0.9778299331665039,0.9869253635406494
短寿命,MATR_b2c37,478.0,150,hybridpatch_v2,385,0.9518823027610779,0.9846739768981934,0.9777465462684631,0.9868703484535217
短寿命,MATR_b2c37,478.0,150,hybridpatch_v2,386,0.951177716255188,0.9846142530441284,0.9776632189750671,0.9868153929710388
短寿命,MATR_b2c37,478.0,150,hybridpatch_v2,387,0.9504274129867554,0.9845545887947083,0.9775799512863159,0.9867604374885559
短寿命,MATR_b2c37,478.0,150,hybridpatch_v2,388,0.9496672749519348,0.9844949245452881,0.9774966835975647,0.986705482006073
短寿命,MATR_b2c37,478.0,150,hybridpatch_v2,389,0.9489409923553467,0.9844353199005127,0.977413535118103,0.9866505861282349
短寿命,MATR_b2c37,478.0,150,hybridpatch_v2,390,0.9480998516082764,0.9843757748603821,0.9773303866386414,0.9865956902503967
短寿命,MATR_b2c37,478.0,150,hybridpatch_v2,391,0.9473012089729309,0.9843162298202515,0.9772472977638245,0.9865407943725586
短寿命,MATR_b2c37,478.0,150,hybridpatch_v2,392,0.9464230537414551,0.9842566847801208,0.9771642088890076,0.9864859580993652
短寿命,MATR_b2c37,478.0,150,hybridpatch_v2,393,0.9455692172050476,0.9841972589492798,0.9770812392234802,0.9864311814308167
短寿命,MATR_b2c37,478.0,150,hybridpatch_v2,394,0.9446342587471008,0.984137773513794,0.9769982695579529,0.9863764047622681
短寿命,MATR_b2c37,478.0,150,hybridpatch_v2,395,0.9437673091888428,0.9840784072875977,0.9769153594970703,0.9863216280937195
短寿命,MATR_b2c37,478.0,150,hybridpatch_v2,396,0.9428094029426575,0.9840190410614014,0.9768324494361877,0.9862668514251709
短寿命,MATR_b2c37,478.0,150,hybridpatch_v2,397,0.9418877959251404,0.9839596748352051,0.9767496585845947,0.9862121343612671
短寿命,MATR_b2c37,478.0,150,hybridpatch_v2,398,0.9409063458442688,0.9839003682136536,0.9766668677330017,0.9861574769020081
短寿命,MATR_b2c37,478.0,150,hybridpatch_v2,399,0.9399027824401855,0.983841061592102,0.9765841364860535,0.986102819442749
短寿命,MATR_b2c37,478.0,150,hybridpatch_v2,400,0.9387214183807373,0.9837818145751953,0.9765014052391052,0.98604816198349
短寿命,MATR_b2c37,478.0,150,hybridpatch_v2,401,0.9380111694335938,0.9837226271629333,0.9764187932014465,0.985993504524231
短寿命,MATR_b2c37,478.0,150,hybridpatch_v2,402,0.9370734691619873,0.9836634397506714,0.9763361811637878,0.9859389066696167
短寿命,MATR_b2c37,478.0,150,hybridpatch_v2,403,0.9360023736953735,0.9836043119430542,0.9762536287307739,0.9858843684196472
短寿命,MATR_b2c37,478.0,150,hybridpatch_v2,404,0.9348425269126892,0.983545184135437,0.97617107629776,0.985829770565033
短寿命,MATR_b2c37,478.0,150,hybridpatch_v2,405,0.9326972365379333,0.9834861159324646,0.9760885834693909,0.9857752323150635
短寿命,MATR_b2c37,478.0,150,hybridpatch_v2,406,0.9326837658882141,0.9834270477294922,0.9760061502456665,0.9857207536697388
短寿命,MATR_b2c37,478.0,150,hybridpatch_v2,407,0.9315671324729919,0.9833680391311646,0.9759237766265869,0.9856662750244141
短寿命,MATR_b2c37,478.0,150,hybridpatch_v2,408,0.9305115938186646,0.9833090305328369,0.9758414030075073,0.9856117963790894
短寿命,MATR_b2c37,478.0,150,hybridpatch_v2,409,0.9293326139450073,0.983250081539154,0.9757590889930725,0.9855573177337646
短寿命,MATR_b2c37,478.0,150,hybridpatch_v2,410,0.9270399808883667,0.983191192150116,0.9756768345832825,0.9855028986930847
短寿命,MATR_b2c37,478.0,150,hybridpatch_v2,411,0.926984965801239,0.9831322431564331,0.9755945801734924,0.9854485392570496
短寿命,MATR_b2c37,478.0,150,hybridpatch_v2,412,0.9257804155349731,0.9830734133720398,0.9755123853683472,0.9853941202163696
短寿命,MATR_b2c37,478.0,150,hybridpatch_v2,413,0.9245554208755493,0.9830145835876465,0.9754302501678467,0.9853397607803345
短寿命,MATR_b2c37,478.0,150,hybridpatch_v2,414,0.9233962893486023,0.9829557538032532,0.9753481149673462,0.9852854609489441
短寿命,MATR_b2c37,478.0,150,hybridpatch_v2,415,0.922035276889801,0.9828969836235046,0.9752660393714905,0.9852311611175537
短寿命,MATR_b2c37,478.0,150,hybridpatch_v2,416,0.920770525932312,0.9828382730484009,0.9751840233802795,0.9851768612861633
短寿命,MATR_b2c37,478.0,150,hybridpatch_v2,417,0.91949862241745,0.9827795028686523,0.9751020073890686,0.985122561454773
短寿命,MATR_b2c37,478.0,150,hybridpatch_v2,418,0.9182405471801758,0.9827208518981934,0.9750200510025024,0.9850683212280273
短寿命,MATR_b2c37,478.0,150,hybridpatch_v2,419,0.9168751239776611,0.9826622009277344,0.974938154220581,0.9850140810012817
短寿命,MATR_b2c37,478.0,150,hybridpatch_v2,420,0.915486216545105,0.9826035499572754,0.9748562574386597,0.9849598407745361
短寿命,MATR_b2c37,478.0,150,hybridpatch_v2,421,0.9141159653663635,0.9825449585914612,0.9747744202613831,0.9849056601524353
短寿命,MATR_b2c37,478.0,150,hybridpatch_v2,422,0.9127539396286011,0.982486367225647,0.9746926426887512,0.9848514795303345
短寿命,MATR_b2c37,478.0,150,hybridpatch_v2,423,0.9112129807472229,0.9824278354644775,0.9746108651161194,0.9847973585128784
短寿命,MATR_b2c37,478.0,150,hybridpatch_v2,424,0.9097871780395508,0.9823693037033081,0.9745291471481323,0.9847432374954224
短寿命,MATR_b2c37,478.0,150,hybridpatch_v2,425,0.9081827402114868,0.9823108315467834,0.9744474291801453,0.9846891164779663
短寿命,MATR_b2c37,478.0,150,hybridpatch_v2,426,0.906765341758728,0.9822523593902588,0.9743658304214478,0.984635055065155
短寿命,MATR_b2c37,478.0,150,hybridpatch_v2,427,0.9049901366233826,0.9821939468383789,0.9742841720581055,0.984580934047699
短寿命,MATR_b2c37,478.0,150,hybridpatch_v2,428,0.9037327170372009,0.982135534286499,0.9742026329040527,0.9845269322395325
短寿命,MATR_b2c37,478.0,150,hybridpatch_v2,429,0.9025159478187561,0.9820772409439087,0.97412109375,0.9844728708267212
短寿命,MATR_b2c37,478.0,150,hybridpatch_v2,430,0.9005792140960693,0.9820190072059631,0.9740395545959473,0.9844188690185547
短寿命,MATR_b2c37,478.0,150,hybridpatch_v2,431,0.8991611003875732,0.9819605350494385,0.9739581346511841,0.9843648672103882
短寿命,MATR_b2c37,478.0,150,hybridpatch_v2,432,0.89789217710495,0.9819022417068481,0.9738766551017761,0.9843109250068665
短寿命,MATR_b2c37,478.0,150,hybridpatch_v2,433,0.8960234522819519,0.9818439483642578,0.9737952947616577,0.9842569828033447
短寿命,MATR_b2c37,478.0,150,hybridpatch_v2,434,0.8945072293281555,0.9817857146263123,0.9737139344215393,0.984203040599823
短寿命,MATR_b2c37,478.0,150,hybridpatch_v2,435,0.8931215405464172,0.9817275404930115,0.9736325740814209,0.9841490983963013
短寿命,MATR_b2c37,478.0,150,hybridpatch_v2,436,0.8915228247642517,0.9816693067550659,0.973551332950592,0.9840952157974243
短寿命,MATR_b2c37,478.0,150,hybridpatch_v2,437,0.8899222016334534,0.9816111922264099,0.9734700918197632,0.9840413331985474
短寿命,MATR_b2c37,478.0,150,hybridpatch_v2,438,0.8886086940765381,0.9815530776977539,0.9733888506889343,0.9839874505996704
短寿命,MATR_b2c37,478.0,150,hybridpatch_v2,439,0.8868920207023621,0.9814949631690979,0.9733076691627502,0.9839336276054382
短寿命,MATR_b2c37,478.0,150,hybridpatch_v2,440,0.885101318359375,0.9814368486404419,0.9732265472412109,0.983879804611206
短寿命,MATR_b2c37,478.0,150,hybridpatch_v2,441,0.8834030628204346,0.9813787937164307,0.9731454253196716,0.9838260412216187
短寿命,MATR_b2c37,478.0,150,hybridpatch_v2,442,0.8814128637313843,0.9813207983970642,0.9730643033981323,0.9837722182273865
短寿命,MATR_b2c37,478.0,150,hybridpatch_v2,443,0.8799871206283569,0.9812628030776978,0.9729833006858826,0.9837184548377991
短寿命,MATR_b2c37,478.0,150,hybridpatch_v2,444,0.8781083822250366,0.9812048077583313,0.9729022979736328,0.9836647510528564
短寿命,MATR_b2c37,478.0,150,hybridpatch_v2,445,0.8765215873718262,0.9811468720436096,0.9728212952613831,0.983610987663269
短寿命,MATR_b2c37,478.0,150,hybridpatch_v2,446,0.8746012449264526,0.9810889363288879,0.9727403521537781,0.9835572838783264
短寿命,MATR_b2c37,478.0,150,hybridpatch_v2,447,0.8729679584503174,0.981031060218811,0.9726594686508179,0.9835035800933838
短寿命,MATR_b2c37,478.0,150,hybridpatch_v2,448,0.8711294531822205,0.9809731841087341,0.9725785851478577,0.9834499359130859
短寿命,MATR_b2c37,478.0,150,hybridpatch_v2,449,0.8696674704551697,0.9809153079986572,0.9724977612495422,0.9833962321281433
短寿命,MATR_b2c37,478.0,150,hybridpatch_v2,450,0.8676565885543823,0.9808574914932251,0.9724169373512268,0.9833426475524902
短寿命,MATR_b2c37,478.0,150,hybridpatch_v2,451,0.8659331798553467,0.9807997345924377,0.9723361730575562,0.9832890033721924
短寿命,MATR_b2c37,478.0,150,hybridpatch_v2,452,0.8641740083694458,0.9807417392730713,0.9722554087638855,0.9832354187965393
短寿命,MATR_b2c37,478.0,150,hybridpatch_v2,453,0.8625092506408691,0.9806807637214661,0.9721747040748596,0.9831818342208862
短寿命,MATR_b2c37,478.0,150,hybridpatch_v2,454,0.8605647087097168,0.9806156158447266,0.9720939993858337,0.9831282496452332
短寿命,MATR_b2c37,478.0,150,hybridpatch_v2,455,0.8587241768836975,0.9805464148521423,0.9720133543014526,0.9830746650695801
短寿命,MATR_b2c37,478.0,150,hybridpatch_v2,456,0.8567160964012146,0.9804731607437134,0.9719327688217163,0.9830211400985718
短寿命,MATR_b2c37,478.0,150,hybridpatch_v2,457,0.8552122712135315,0.9803957343101501,0.97185218334198,0.9829676151275635
短寿命,MATR_b2c37,478.0,150,hybridpatch_v2,458,0.8533575534820557,0.9803142547607422,0.971764862537384,0.9829141497612
短寿命,MATR_b2c37,478.0,150,hybridpatch_v2,459,0.8515846133232117,0.9802287220954895,0.9716657400131226,0.9828606247901917
短寿命,MATR_b2c37,478.0,150,hybridpatch_v2,460,0.8496330380439758,0.9801390171051025,0.9715547561645508,0.9828071594238281
短寿命,MATR_b2c37,478.0,150,hybridpatch_v2,461,0.8477823734283447,0.9800453186035156,0.9714319705963135,0.9827536344528198
短寿命,MATR_b2c37,478.0,150,hybridpatch_v2,462,0.8461616635322571,0.9799402952194214,0.9712973237037659,0.9826962351799011
短寿命,MATR_b2c37,478.0,150,hybridpatch_v2,463,0.8440824747085571,0.9796899557113647,0.9711508750915527,0.9826328754425049
短寿命,MATR_b2c37,478.0,150,hybridpatch_v2,464,0.8423097729682922,0.9794327616691589,0.9709925651550293,0.9825636148452759
短寿命,MATR_b2c37,478.0,150,hybridpatch_v2,465,0.8394049406051636,0.979168713092804,0.9708224534988403,0.9824884533882141
短寿命,MATR_b2c37,478.0,150,hybridpatch_v2,466,0.8387599587440491,0.9788978695869446,0.9706404805183411,0.9824073910713196
短寿命,MATR_b2c37,478.0,150,hybridpatch_v2,467,0.8366312384605408,0.9786201119422913,0.9704467058181763,0.9823203682899475
短寿命,MATR_b2c37,478.0,150,hybridpatch_v2,468,0.8349279761314392,0.9783355593681335,0.9702410697937012,0.9822274446487427
短寿命,MATR_b2c37,478.0,150,hybridpatch_v2,469,0.8331052660942078,0.9780440926551819,0.9700235724449158,0.9821286201477051
短寿命,MATR_b2c37,478.0,150,hybridpatch_v2,470,0.8307545781135559,0.9777458310127258,0.9697942733764648,0.9820238947868347
短寿命,MATR_b2c37,478.0,150,hybridpatch_v2,471,0.8292384743690491,0.9774407148361206,0.9695531129837036,0.9819132685661316
短寿命,MATR_b2c37,478.0,150,hybridpatch_v2,472,0.827446699142456,0.977128803730011,0.9693001508712769,0.9817966818809509
短寿命,MATR_b2c37,478.0,150,hybridpatch_v2,473,0.8254614472389221,0.9768099784851074,0.9690353274345398,0.9816741943359375
短寿命,MATR_b2c37,478.0,150,hybridpatch_v2,474,0.8235593438148499,0.9764843583106995,0.9687587022781372,0.9815458059310913
短寿命,MATR_b2c37,478.0,150,hybridpatch_v2,475,0.8217058181762695,0.9761518239974976,0.9684702157974243,0.9814114570617676
短寿命,MATR_b2c37,478.0,150,hybridpatch_v2,476,0.8198477625846863,0.9758124947547913,0.9681698679924011,0.9812712669372559
短寿命,MATR_b2c37,478.0,150,hybridpatch_v2,477,0.8169805407524109,0.9754663109779358,0.9678577184677124,0.9811251163482666
短寿命,MATR_b2c37,478.0,150,hybridpatch_v2,478,0.8157891035079956,0.9751132726669312,0.9675337076187134,0.9809730648994446
短寿命,MATR_b2c37,478.0,150,hybridpatch_v2,479,0.8137104511260986,0.9747534394264221,0.9671978950500488,0.9808151125907898
短寿命,MATR_b2c37,478.0,150,hybridpatch_v2,480,0.8115367889404297,0.9743866920471191,0.966850221157074,0.9806511998176575
短寿命,MATR_b2c37,478.0,150,hybridpatch_v2,481,0.8096649646759033,0.9740131497383118,0.9664907455444336,0.9804813861846924
短寿命,MATR_b2c37,478.0,150,hybridpatch_v2,482,0.8077495098114014,0.9736327528953552,0.9661193490028381,0.9803056716918945
短寿命,MATR_b2c37,478.0,150,hybridpatch_v2,483,0.805753767490387,0.9732455015182495,0.9657362103462219,0.9801240563392639
短寿命,MATR_b2c37,478.0,150,hybridpatch_v2,484,0.8037188649177551,0.9728513956069946,0.9653411507606506,0.9799364805221558
短寿命,MATR_b2c37,478.0,150,hybridpatch_v2,485,0.801743745803833,0.9724504351615906,0.9649343490600586,0.9797430038452148
短寿命,MATR_b2c37,478.0,150,hybridpatch_v2,486,0.7984790802001953,0.9720426201820374,0.9645156264305115,0.9795436263084412
短寿命,MATR_b2c37,478.0,150,hybridpatch_v2,487,0.7975677251815796,0.9716280102729797,0.9640851020812988,0.9793383479118347
短寿命,MATR_b2c37,478.0,150,hybridpatch_v2,488,0.795295000076294,0.9712064862251282,0.9636427164077759,0.9791271090507507
短寿命,MATR_b2c37,478.0,150,hybridpatch_v2,489,0.793419599533081,0.9707781672477722,0.9631885290145874,0.9789100289344788
短寿命,MATR_b2c37,478.0,150,hybridpatch_v2,490,0.7909528017044067,0.9703429937362671,0.9627224802970886,0.9786869883537292
短寿命,MATR_b2c37,478.0,150,hybridpatch_v2,491,0.789044201374054,0.9699009656906128,0.9622446298599243,0.9784579873085022
短寿命,MATR_b2c37,478.0,150,hybridpatch_v2,492,0.7868067622184753,0.9694520831108093,0.9617549180984497,0.9782231450080872
短寿命,MATR_b2c37,478.0,150,hybridpatch_v2,493,0.7840194702148438,0.9689963459968567,0.9612533450126648,0.9779823422431946
短寿命,MATR_b2c37,478.0,150,hybridpatch_v2,494,0.7828133702278137,0.9685338139533997,0.9607399702072144,0.9777356386184692
短寿命,MATR_b2c37,478.0,150,hybridpatch_v2,495,0.7805933952331543,0.9680643677711487,0.9602147340774536,0.9774830341339111
短寿命,MATR_b2c37,478.0,150,hybridpatch_v2,496,0.7781872153282166,0.9675881266593933,0.9596776366233826,0.9772244691848755
短寿命,MATR_b2c37,478.0,150,hybridpatch_v2,497,0.7761890292167664,0.9671050310134888,0.959128737449646,0.9769600033760071
短寿命,MATR_b2c37,478.0,150,hybridpatch_v2,498,0.774129331111908,0.9666150808334351,0.9585679769515991,0.9766896367073059
短寿命,MATR_b2c37,478.0,150,hybridpatch_v2,499,0.7719972133636475,0.9661182761192322,0.9579954147338867,0.976413369178772
短寿命,MATR_b2c37,478.0,150,hybridpatch_v2,500,0.7697938680648804,0.9656146168708801,0.957410991191864,0.9761311411857605
典型寿命,MATR_b3c27,850.0,20,current_hybrid,21,1.0019563436508179,1.0013155937194824,1.0012106895446777,1.0014322996139526
典型寿命,MATR_b3c27,850.0,20,current_hybrid,22,1.0019840002059937,1.0010286569595337,1.0008810758590698,1.0011928081512451
典型寿命,MATR_b3c27,850.0,20,current_hybrid,23,1.0019739866256714,1.0007975101470947,1.0006176233291626,1.0009979009628296
典型寿命,MATR_b3c27,850.0,20,current_hybrid,24,1.001944899559021,1.0005953311920166,1.0003883838653564,1.0008260011672974
典型寿命,MATR_b3c27,850.0,20,current_hybrid,25,1.0019121170043945,1.0004116296768188,1.0001811981201172,1.0006688833236694
典型寿命,MATR_b3c27,850.0,20,current_hybrid,26,1.0018489360809326,1.0002411603927612,0.9999894499778748,1.0005221366882324
典型寿命,MATR_b3c27,850.0,20,current_hybrid,27,1.001814842224121,1.0000805854797363,0.9998095035552979,1.0003834962844849
典型寿命,MATR_b3c27,850.0,20,current_hybrid,28,1.0019108057022095,0.9999278783798218,0.9996389150619507,1.000251054763794
典型寿命,MATR_b3c27,850.0,20,current_hybrid,29,1.0018762350082397,0.9997816681861877,0.99947589635849,1.0001238584518433
典型寿命,MATR_b3c27,850.0,20,current_hybrid,30,1.0019829273223877,0.9996408820152283,0.999319314956665,1.0000007152557373
典型寿命,MATR_b3c27,850.0,20,current_hybrid,31,1.0020586252212524,0.9995046257972717,0.9991681575775146,0.9998815059661865
典型寿命,MATR_b3c27,850.0,20,current_hybrid,32,1.0022225379943848,0.9993724226951599,0.9990217685699463,0.9997653365135193
典型寿命,MATR_b3c27,850.0,20,current_hybrid,33,1.0020661354064941,0.9992436766624451,0.9988794922828674,0.9996520280838013
典型寿命,MATR_b3c27,850.0,20,current_hybrid,34,1.0020664930343628,0.9991180896759033,0.9987409114837646,0.999541163444519
典型寿命,MATR_b3c27,850.0,20,current_hybrid,35,1.002078890800476,0.9989952445030212,0.9986056089401245,0.9994325041770935
典型寿命,MATR_b3c27,850.0,20,current_hybrid,36,1.0021843910217285,0.9988749027252197,0.9984732866287231,0.9993258118629456
典型寿命,MATR_b3c27,850.0,20,current_hybrid,37,1.0022022724151611,0.9987568259239197,0.9983436465263367,0.9992210268974304
典型寿命,MATR_b3c27,850.0,20,current_hybrid,38,1.002189040184021,0.998640775680542,0.998216450214386,0.9991177916526794
典型寿命,MATR_b3c27,850.0,20,current_hybrid,40,1.002090334892273,0.9984143972396851,0.9979685544967651,0.9989158511161804
典型寿命,MATR_b3c27,850.0,20,current_hybrid,41,1.0021032094955444,0.9983036518096924,0.9978476166725159,0.9988168478012085
典型寿命,MATR_b3c27,850.0,20,current_hybrid,42,1.0020341873168945,0.9981944561004639,0.9977284669876099,0.9987190365791321
典型寿命,MATR_b3c27,850.0,20,current_hybrid,43,1.0019830465316772,0.99808669090271,0.9976109266281128,0.9986224174499512
典型寿命,MATR_b3c27,850.0,20,current_hybrid,44,1.0018651485443115,0.9979801774024963,0.9974949955940247,0.9985268115997314
典型寿命,MATR_b3c27,850.0,20,current_hybrid,45,1.001906156539917,0.997874915599823,0.9973804950714111,0.9984322190284729
典型寿命,MATR_b3c27,850.0,20,current_hybrid,46,1.0020015239715576,0.9977708458900452,0.9972673654556274,0.998338520526886
典型寿命,MATR_b3c27,850.0,20,current_hybrid,47,1.0019922256469727,0.9976678490638733,0.9971555471420288,0.9982457160949707
典型寿命,MATR_b3c27,850.0,20,current_hybrid,48,1.0019117593765259,0.9975658655166626,0.9970449805259705,0.9981536865234375
典型寿命,MATR_b3c27,850.0,20,current_hybrid,49,1.001989722251892,0.9974649548530579,0.9969354867935181,0.9980624914169312
典型寿命,MATR_b3c27,850.0,20,current_hybrid,50,1.0018762350082397,0.99736487865448,0.996827244758606,0.9979720115661621
典型寿命,MATR_b3c27,850.0,20,current_hybrid,51,1.0018671751022339,0.9972656965255737,0.9967199563980103,0.9978822469711304
典型寿命,MATR_b3c27,850.0,20,current_hybrid,52,1.0019334554672241,0.9971674084663391,0.9966136813163757,0.9977931976318359
典型寿命,MATR_b3c27,850.0,20,current_hybrid,53,1.001936435699463,0.9970698952674866,0.9965083003044128,0.9977046847343445
典型寿命,MATR_b3c27,850.0,20,current_hybrid,54,1.0018788576126099,0.9969731569290161,0.9964038729667664,0.9976168870925903
典型寿命,MATR_b3c27,850.0,20,current_hybrid,55,1.0018987655639648,0.9968770742416382,0.9963002800941467,0.9975296258926392
典型寿命,MATR_b3c27,850.0,20,current_hybrid,56,1.001840353012085,0.9967818260192871,0.9961976408958435,0.997442901134491
典型寿命,MATR_b3c27,850.0,20,current_hybrid,57,1.0018305778503418,0.9966871738433838,0.9960956573486328,0.9973567724227905
典型寿命,MATR_b3c27,850.0,20,current_hybrid,58,1.001819133758545,0.996593177318573,0.995994508266449,0.9972711205482483
典型寿命,MATR_b3c27,850.0,20,current_hybrid,59,1.0018261671066284,0.99649977684021,0.9958940148353577,0.9971859455108643
典型寿命,MATR_b3c27,850.0,20,current_hybrid,60,1.0018093585968018,0.9964069724082947,0.9957942962646484,0.9971012473106384
典型寿命,MATR_b3c27,850.0,20,current_hybrid,61,1.001814365386963,0.9963148236274719,0.9956952333450317,0.9970170855522156
典型寿命,MATR_b3c27,850.0,20,current_hybrid,62,1.0017683506011963,0.9962231516838074,0.9955968856811523,0.9969332814216614
典型寿命,MATR_b3c27,850.0,20,current_hybrid,63,1.0017881393432617,0.9961320757865906,0.9954990744590759,0.9968499541282654
典型寿命,MATR_b3c27,850.0,20,current_hybrid,64,1.0016783475875854,0.9960414171218872,0.995401918888092,0.996766984462738
典型寿命,MATR_b3c27,850.0,20,current_hybrid,65,1.0016486644744873,0.9959512948989868,0.9953053593635559,0.9966844320297241
典型寿命,MATR_b3c27,850.0,20,current_hybrid,66,1.0016074180603027,0.9958617091178894,0.9952093958854675,0.9966022968292236
典型寿命,MATR_b3c27,850.0,20,current_hybrid,67,1.0015873908996582,0.9957725405693054,0.9951139092445374,0.9965205192565918
典型寿命,MATR_b3c27,850.0,20,current_hybrid,68,1.0016361474990845,0.9956838488578796,0.9950190186500549,0.9964390993118286
典型寿命,MATR_b3c27,850.0,20,current_hybrid,69,1.0015510320663452,0.9955955743789673,0.9949246048927307,0.9963580369949341
典型寿命,MATR_b3c27,850.0,20,current_hybrid,70,1.0015100240707397,0.9955077767372131,0.9948307275772095,0.9962773323059082
典型寿命,MATR_b3c27,850.0,20,current_hybrid,71,1.0015007257461548,0.9954202771186829,0.9947373270988464,0.9961969256401062
典型寿命,MATR_b3c27,850.0,20,current_hybrid,72,1.0014692544937134,0.9953332543373108,0.9946443438529968,0.9961168169975281
典型寿命,MATR_b3c27,850.0,20,current_hybrid,73,1.0013941526412964,0.9952465891838074,0.9945518970489502,0.9960370659828186
典型寿命,MATR_b3c27,850.0,20,current_hybrid,74,1.0014218091964722,0.9951603412628174,0.994459867477417,0.9959575533866882
典型寿命,MATR_b3c27,850.0,20,current_hybrid,75,1.0014499425888062,0.995074450969696,0.9943682551383972,0.9958783984184265
典型寿命,MATR_b3c27,850.0,20,current_hybrid,76,1.0014086961746216,0.9949888586997986,0.9942770600318909,0.9957994818687439
典型寿命,MATR_b3c27,850.0,20,current_hybrid,77,1.0013052225112915,0.9949036836624146,0.9941863417625427,0.9957208633422852
典型寿命,MATR_b3c27,850.0,20,current_hybrid,78,1.0013033151626587,0.9948188066482544,0.9940959215164185,0.9956424832344055
典型寿命,MATR_b3c27,850.0,20,current_hybrid,79,1.0012599229812622,0.9947342872619629,0.9940059185028076,0.9955644011497498
典型寿命,MATR_b3c27,850.0,20,current_hybrid,80,1.0012445449829102,0.9946500062942505,0.993916392326355,0.9954866170883179
典型寿命,MATR_b3c27,850.0,20,current_hybrid,81,1.001287817955017,0.9945661425590515,0.9938271045684814,0.9954090118408203
典型寿命,MATR_b3c27,850.0,20,current_hybrid,82,1.001233458518982,0.9944825172424316,0.9937382340431213,0.9953316450119019
典型寿命,MATR_b3c27,850.0,20,current_hybrid,83,1.0011125802993774,0.9943992495536804,0.9936497807502747,0.9952545762062073
典型寿命,MATR_b3c27,850.0,20,current_hybrid,84,1.001052737236023,0.9943162202835083,0.9935615658760071,0.995177686214447
典型寿命,MATR_b3c27,850.0,20,current_hybrid,85,1.001084566116333,0.9942334890365601,0.9934737682342529,0.9951010942459106
典型寿命,MATR_b3c27,850.0,20,current_hybrid,86,1.0010544061660767,0.9941510558128357,0.9933862090110779,0.9950246214866638
典型寿命,MATR_b3c27,850.0,20,current_hybrid,87,1.001060128211975,0.9940688610076904,0.9932990074157715,0.9949483871459961
典型寿命,MATR_b3c27,850.0,20,current_hybrid,88,1.0010895729064941,0.993986964225769,0.9932121634483337,0.9948723912239075
典型寿命,MATR_b3c27,850.0,20,current_hybrid,89,1.0010976791381836,0.9939053058624268,0.9931255578994751,0.9947966933250427
典型寿命,MATR_b3c27,850.0,20,current_hybrid,90,1.0009530782699585,0.9938238859176636,0.9930393695831299,0.9947210550308228
典型寿命,MATR_b3c27,850.0,20,current_hybrid,91,1.0009123086929321,0.9937427639961243,0.992953360080719,0.9946457147598267
典型寿命,MATR_b3c27,850.0,20,current_hybrid,92,1.000931978225708,0.9936618804931641,0.992867648601532,0.9945704936981201
典型寿命,MATR_b3c27,850.0,20,current_hybrid,93,1.0009351968765259,0.9935811758041382,0.9927822947502136,0.9944955110549927
典型寿命,MATR_b3c27,850.0,20,current_hybrid,94,1.0008375644683838,0.9935007691383362,0.9926971197128296,0.9944207072257996
典型寿命,MATR_b3c27,850.0,20,current_hybrid,95,1.0007473230361938,0.9934205412864685,0.9926123023033142,0.9943460822105408
典型寿命,MATR_b3c27,850.0,20,current_hybrid,96,1.0007048845291138,0.9933405518531799,0.9925276637077332,0.9942716360092163
典型寿命,MATR_b3c27,850.0,20,current_hybrid,97,1.0006381273269653,0.9932608008384705,0.9924433827400208,0.9941973686218262
典型寿命,MATR_b3c27,850.0,20,current_hybrid,98,1.0006217956542969,0.9931812286376953,0.9923592805862427,0.9941232800483704
典型寿命,MATR_b3c27,850.0,20,current_hybrid,99,1.0006264448165894,0.9931018948554993,0.9922754764556885,0.9940493106842041
典型寿命,MATR_b3c27,850.0,20,current_hybrid,100,1.000534176826477,0.9930227398872375,0.9921918511390686,0.9939755797386169
典型寿命,MATR_b3c27,850.0,20,current_hybrid,101,1.0005580186843872,0.9929438829421997,0.9921085238456726,0.9939019680023193
典型寿命,MATR_b3c27,850.0,20,current_hybrid,102,1.0004996061325073,0.9928651452064514,0.9920254349708557,0.993828535079956
典型寿命,MATR_b3c27,850.0,20,current_hybrid,103,1.0003952980041504,0.9927865862846375,0.9919425845146179,0.9937552213668823
典型寿命,MATR_b3c27,850.0,20,current_hybrid,104,1.0004651546478271,0.9927082657814026,0.9918598532676697,0.9936820864677429
典型寿命,MATR_b3c27,850.0,20,current_hybrid,105,1.0003643035888672,0.992630124092102,0.9917774796485901,0.9936091303825378
典型寿命,MATR_b3c27,850.0,20,current_hybrid,106,1.0003833770751953,0.9925521016120911,0.9916952252388,0.9935362935066223
典型寿命,MATR_b3c27,850.0,20,current_hybrid,107,1.000378966331482,0.9924743175506592,0.9916132688522339,0.9934635758399963
典型寿命,MATR_b3c27,850.0,20,current_hybrid,108,1.0003467798233032,0.9923967123031616,0.991531491279602,0.9933910965919495
典型寿命,MATR_b3c27,850.0,20,current_hybrid,109,1.0004128217697144,0.9923192858695984,0.9914499521255493,0.9933186173439026
典型寿命,MATR_b3c27,850.0,20,current_hybrid,110,1.000327467918396,0.9922420382499695,0.9913685321807861,0.9932463765144348
典型寿命,MATR_b3c27,850.0,20,current_hybrid,111,1.0003291368484497,0.9921649694442749,0.9912874102592468,0.9931742548942566
典型寿命,MATR_b3c27,850.0,20,current_hybrid,112,1.0003418922424316,0.9920880794525146,0.9912064671516418,0.9931023120880127
典型寿命,MATR_b3c27,850.0,20,current_hybrid,113,1.0003610849380493,0.992011308670044,0.9911256432533264,0.9930304288864136
典型寿命,MATR_b3c27,850.0,20,current_hybrid,114,1.0003279447555542,0.9919347167015076,0.9910451173782349,0.992958664894104
典型寿命,MATR_b3c27,850.0,20,current_hybrid,115,1.0001788139343262,0.9918582439422607,0.9909647107124329,0.9928870797157288
典型寿命,MATR_b3c27,850.0,20,current_hybrid,116,1.0001404285430908,0.991782009601593,0.9908844828605652,0.9928156137466431
典型寿命,MATR_b3c27,850.0,20,current_hybrid,117,1.0001251697540283,0.9917058944702148,0.9908044934272766,0.9927442669868469
典型寿命,MATR_b3c27,850.0,20,current_hybrid,118,1.0001853704452515,0.991629958152771,0.9907246232032776,0.9926730990409851
典型寿命,MATR_b3c27,850.0,20,current_hybrid,119,1.0001157522201538,0.9915541410446167,0.9906449913978577,0.9926019906997681
典型寿命,MATR_b3c27,850.0,20,current_hybrid,120,0.9999977350234985,0.991478443145752,0.9905654788017273,0.9925310015678406
典型寿命,MATR_b3c27,850.0,20,current_hybrid,121,1.0001121759414673,0.9914029240608215,0.990486204624176,0.9924600720405579
典型寿命,MATR_b3c27,850.0,20,current_hybrid,122,0.9999881386756897,0.9913275837898254,0.9904070496559143,0.9923893213272095
典型寿命,MATR_b3c27,850.0,20,current_hybrid,123,0.9999046921730042,0.9912523031234741,0.9903280735015869,0.9923186898231506
典型寿命,MATR_b3c27,850.0,20,current_hybrid,124,0.9997641444206238,0.9911772012710571,0.9902492761611938,0.9922481179237366
典型寿命,MATR_b3c27,850.0,20,current_hybrid,125,0.9997506141662598,0.9911022186279297,0.9901705980300903,0.9921777248382568
典型寿命,MATR_b3c27,850.0,20,current_hybrid,126,0.9997171759605408,0.9910274147987366,0.9900920987129211,0.9921073913574219
典型寿命,MATR_b3c27,850.0,20,current_hybrid,127,0.9997014403343201,0.990952730178833,0.9900137782096863,0.9920372366905212
典型寿命,MATR_b3c27,850.0,20,current_hybrid,128,0.9996091723442078,0.990878164768219,0.9899356365203857,0.9919671416282654
典型寿命,MATR_b3c27,850.0,20,current_hybrid,129,0.999585747718811,0.9908037185668945,0.98985755443573,0.9918971657752991
典型寿命,MATR_b3c27,850.0,20,current_hybrid,130,0.99953693151474,0.9907293915748596,0.9897797107696533,0.9918272495269775
典型寿命,MATR_b3c27,850.0,20,current_hybrid,131,0.9994824528694153,0.990655243396759,0.9897019863128662,0.9917574524879456
典型寿命,MATR_b3c27,850.0,20,current_hybrid,132,0.9994152784347534,0.990581214427948,0.9896244406700134,0.9916877150535583
典型寿命,MATR_b3c27,850.0,20,current_hybrid,133,0.9993852972984314,0.9905072450637817,0.9895469546318054,0.9916181564331055
典型寿命,MATR_b3c27,850.0,20,current_hybrid,134,0.999255895614624,0.9904334545135498,0.9894697070121765,0.9915486574172974
典型寿命,MATR_b3c27,850.0,20,current_hybrid,135,0.9992421269416809,0.9903597831726074,0.9893925786018372,0.9914792776107788
典型寿命,MATR_b3c27,850.0,20,current_hybrid,136,0.9992656707763672,0.9902861714363098,0.9893155097961426,0.991409957408905
典型寿命,MATR_b3c27,850.0,20,current_hybrid,137,0.9992535710334778,0.9902127981185913,0.9892386794090271,0.9913407564163208
典型寿命,MATR_b3c27,850.0,20,current_hybrid,138,0.9992842674255371,0.9901394248008728,0.9891619682312012,0.9912716150283813
典型寿命,MATR_b3c27,850.0,20,current_hybrid,139,0.9991572499275208,0.9900661706924438,0.9890853762626648,0.9912025928497314
典型寿命,MATR_b3c27,850.0,20,current_hybrid,140,0.9989789724349976,0.9899930357933044,0.989008903503418,0.9911336898803711
典型寿命,MATR_b3c27,850.0,20,current_hybrid,141,0.9989079833030701,0.9899200797080994,0.9889325499534607,0.9910647869110107
典型寿命,MATR_b3c27,850.0,20,current_hybrid,142,0.9978440403938293,0.9898471832275391,0.9888563752174377,0.9909960627555847
典型寿命,MATR_b3c27,850.0,20,current_hybrid,143,0.9988865256309509,0.9897744059562683,0.9887802600860596,0.9909273982048035
典型寿命,MATR_b3c27,850.0,20,current_hybrid,144,0.9990158081054688,0.9897016882896423,0.9887043237686157,0.990858793258667
典型寿命,MATR_b3c27,850.0,20,current_hybrid,145,0.9989230632781982,0.9896291494369507,0.9886285066604614,0.9907903075218201
典型寿命,MATR_b3c27,850.0,20,current_hybrid,146,0.9990174770355225,0.9895566701889038,0.9885528087615967,0.9907218813896179
典型寿命,MATR_b3c27,850.0,20,current_hybrid,147,0.9988648891448975,0.9894843101501465,0.9884772300720215,0.9906535744667053
典型寿命,MATR_b3c27,850.0,20,current_hybrid,148,0.9988510608673096,0.9894120097160339,0.9884017705917358,0.9905852675437927
典型寿命,MATR_b3c27,850.0,20,current_hybrid,149,0.9989085793495178,0.9893398880958557,0.9883264303207397,0.9905171394348145
典型寿命,MATR_b3c27,850.0,20,current_hybrid,150,0.9988252520561218,0.9892678260803223,0.9882512092590332,0.9904490113258362
典型寿命,MATR_b3c27,850.0,20,current_hybrid,151,0.9987666606903076,0.9891958832740784,0.9881760478019714,0.9903810620307922
典型寿命,MATR_b3c27,850.0,20,current_hybrid,152,0.9986873865127563,0.9891240000724792,0.988101065158844,0.9903130531311035
典型寿命,MATR_b3c27,850.0,20,current_hybrid,153,0.998603105545044,0.9890521764755249,0.9880262017250061,0.9902452230453491
典型寿命,MATR_b3c27,850.0,20,current_hybrid,154,0.998565673828125,0.9889805316925049,0.9879514575004578,0.9901774525642395
典型寿命,MATR_b3c27,850.0,20,current_hybrid,155,0.9985237717628479,0.9889089465141296,0.987876832485199,0.9901097416877747
典型寿命,MATR_b3c27,850.0,20,current_hybrid,156,0.9984743595123291,0.988837480545044,0.987802267074585,0.9900420904159546
典型寿命,MATR_b3c27,850.0,20,current_hybrid,157,0.9984472990036011,0.988766074180603,0.9877278804779053,0.9899745583534241
典型寿命,MATR_b3c27,850.0,20,current_hybrid,158,0.9984409213066101,0.9886947870254517,0.9876535534858704,0.9899070858955383
典型寿命,MATR_b3c27,850.0,20,current_hybrid,159,0.9983546733856201,0.9886235594749451,0.987579345703125,0.9898396730422974
典型寿命,MATR_b3c27,850.0,20,current_hybrid,160,0.9982888698577881,0.988552451133728,0.9875051379203796,0.9897723197937012
典型寿命,MATR_b3c27,850.0,20,current_hybrid,161,0.9982860088348389,0.988481342792511,0.9874311685562134,0.9897050857543945
典型寿命,MATR_b3c27,850.0,20,current_hybrid,162,0.998195469379425,0.9884104132652283,0.9873572587966919,0.9896378517150879
典型寿命,MATR_b3c27,850.0,20,current_hybrid,163,0.9981334805488586,0.9883395433425903,0.9872834086418152,0.9895707368850708
典型寿命,MATR_b3c27,850.0,20,current_hybrid,164,0.9980218410491943,0.9882687330245972,0.9872097373008728,0.9895036816596985
典型寿命,MATR_b3c27,850.0,20,current_hybrid,165,0.9979817867279053,0.9881980419158936,0.9871361255645752,0.989436686038971
典型寿命,MATR_b3c27,850.0,20,current_hybrid,166,0.9977903962135315,0.9881274104118347,0.9870626330375671,0.9893708229064941
典型寿命,MATR_b3c27,850.0,20,current_hybrid,167,0.9978469014167786,0.9880568981170654,0.9869892001152039,0.9893053770065308
典型寿命,MATR_b3c27,850.0,20,current_hybrid,168,0.9978299140930176,0.9879864454269409,0.9869158864021301,0.9892399311065674
典型寿命,MATR_b3c27,850.0,20,current_hybrid,169,0.9978505373001099,0.987916111946106,0.986842691898346,0.9891746044158936
典型寿命,MATR_b3c27,850.0,20,current_hybrid,170,0.9978734254837036,0.9878458380699158,0.9867695569992065,0.9891093373298645
典型寿命,MATR_b3c27,850.0,20,current_hybrid,171,0.9979044198989868,0.9877756237983704,0.9866965413093567,0.9890441298484802
典型寿命,MATR_b3c27,850.0,20,current_hybrid,172,0.9979170560836792,0.9877055287361145,0.9866235852241516,0.9889789819717407
典型寿命,MATR_b3c27,850.0,20,current_hybrid,173,0.9978792071342468,0.9876354336738586,0.9865507483482361,0.9889139533042908
典型寿命,MATR_b3c27,850.0,20,current_hybrid,174,0.9978238344192505,0.9875654578208923,0.9864780306816101,0.988848865032196
典型寿命,MATR_b3c27,850.0,20,current_hybrid,175,0.9977421760559082,0.9874955415725708,0.9864053726196289,0.9887839555740356
典型寿命,MATR_b3c27,850.0,20,current_hybrid,176,0.9977346658706665,0.9874257445335388,0.9863327741622925,0.98871910572052
典型寿命,MATR_b3c27,850.0,20,current_hybrid,177,0.9976266622543335,0.9873559474945068,0.9862602949142456,0.9886542558670044
典型寿命,MATR_b3c27,850.0,20,current_hybrid,178,0.99764484167099,0.9872863292694092,0.9861878752708435,0.9885895252227783
典型寿命,MATR_b3c27,850.0,20,current_hybrid,179,0.9975373148918152,0.9872167110443115,0.986115574836731,0.988524854183197
典型寿命,MATR_b3c27,850.0,20,current_hybrid,180,0.9975336194038391,0.9871471524238586,0.9860433340072632,0.9884602427482605
典型寿命,MATR_b3c27,850.0,20,current_hybrid,181,0.9975221753120422,0.9870777130126953,0.985971212387085,0.988395631313324
典型寿命,MATR_b3c27,850.0,20,current_hybrid,182,0.9975572824478149,0.9870083332061768,0.9858991503715515,0.988331139087677
典型寿命,MATR_b3c27,850.0,20,current_hybrid,183,0.9975464344024658,0.986939013004303,0.9858272075653076,0.9882667064666748
典型寿命,MATR_b3c27,850.0,20,current_hybrid,184,0.9973300695419312,0.9868698120117188,0.9857553243637085,0.9882023334503174
典型寿命,MATR_b3c27,850.0,20,current_hybrid,185,0.9973409175872803,0.9868006110191345,0.9856835603713989,0.9881380200386047
典型寿命,MATR_b3c27,850.0,20,current_hybrid,186,0.997270405292511,0.9867315292358398,0.9856117963790894,0.9880737662315369
典型寿命,MATR_b3c27,850.0,20,current_hybrid,187,0.9973055720329285,0.9866625070571899,0.9855401515960693,0.9880095720291138
典型寿命,MATR_b3c27,850.0,20,current_hybrid,188,0.9971559643745422,0.98659348487854,0.9854686260223389,0.9879453778266907
典型寿命,MATR_b3c27,850.0,20,current_hybrid,189,0.9970271587371826,0.9865245819091797,0.9853971004486084,0.9878813028335571
典型寿命,MATR_b3c27,850.0,20,current_hybrid,190,0.9970412850379944,0.9864557385444641,0.9853256940841675,0.9878172874450684
典型寿命,MATR_b3c27,850.0,20,current_hybrid,191,0.9969699382781982,0.9863869547843933,0.9852543473243713,0.9877533316612244
典型寿命,MATR_b3c27,850.0,20,current_hybrid,192,0.9969692826271057,0.9863182902336121,0.9851831197738647,0.9876893758773804
典型寿命,MATR_b3c27,850.0,20,current_hybrid,193,0.9969084858894348,0.9862496852874756,0.9851120114326477,0.9876254796981812
典型寿命,MATR_b3c27,850.0,20,current_hybrid,194,0.9968305230140686,0.9861810803413391,0.9850409030914307,0.9875617027282715
典型寿命,MATR_b3c27,850.0,20,current_hybrid,195,0.996704638004303,0.9861125349998474,0.9849698543548584,0.9874979853630066
典型寿命,MATR_b3c27,850.0,20,current_hybrid,196,0.9965966939926147,0.9860441088676453,0.9848989248275757,0.9874342083930969
典型寿命,MATR_b3c27,850.0,20,current_hybrid,197,0.9965272545814514,0.9859756827354431,0.984827995300293,0.9873706102371216
典型寿命,MATR_b3c27,850.0,20,current_hybrid,198,0.9964454770088196,0.9859073758125305,0.9847571849822998,0.9873070120811462
典型寿命,MATR_b3c27,850.0,20,current_hybrid,199,0.9962608814239502,0.9858391284942627,0.984686553478241,0.9872434735298157
典型寿命,MATR_b3c27,850.0,20,current_hybrid,200,0.9961469173431396,0.9857708811759949,0.9846158623695374,0.9871799945831299
典型寿命,MATR_b3c27,850.0,20,current_hybrid,201,0.9960752725601196,0.9857027530670166,0.9845452904701233,0.9871165156364441
典型寿命,MATR_b3c27,850.0,20,current_hybrid,202,0.9961390495300293,0.9856347441673279,0.9844747185707092,0.9870531558990479
典型寿命,MATR_b3c27,850.0,20,current_hybrid,203,0.994995653629303,0.9855667352676392,0.9844042658805847,0.9869897961616516
典型寿命,MATR_b3c27,850.0,20,current_hybrid,204,0.9960360527038574,0.9854987263679504,0.9843339920043945,0.9869265556335449
典型寿命,MATR_b3c27,850.0,20,current_hybrid,205,0.9960820078849792,0.9854308366775513,0.9842636585235596,0.9868633151054382
典型寿命,MATR_b3c27,850.0,20,current_hybrid,206,0.996094286441803,0.9853630065917969,0.9841933846473694,0.9868001341819763
典型寿命,MATR_b3c27,850.0,20,current_hybrid,207,0.9960638880729675,0.9852951765060425,0.9841232299804688,0.9867370128631592
典型寿命,MATR_b3c27,850.0,20,current_hybrid,208,0.9959977865219116,0.9852274060249329,0.9840531945228577,0.986673891544342
典型寿命,MATR_b3c27,850.0,20,current_hybrid,209,0.9959322810173035,0.9851597547531128,0.9839830994606018,0.9866108298301697
典型寿命,MATR_b3c27,850.0,20,current_hybrid,210,0.995769739151001,0.9850921630859375,0.9839131236076355,0.9865478277206421
典型寿命,MATR_b3c27,850.0,20,current_hybrid,211,0.9957791566848755,0.985024631023407,0.983843207359314,0.986484944820404
典型寿命,MATR_b3c27,850.0,20,current_hybrid,212,0.9959514737129211,0.9849570989608765,0.9837734699249268,0.9864220023155212
典型寿命,MATR_b3c27,850.0,20,current_hybrid,213,0.9958555102348328,0.9848896265029907,0.9837036728858948,0.986359179019928
典型寿命,MATR_b3c27,850.0,20,current_hybrid,214,0.9957239031791687,0.9848222136497498,0.9836339354515076,0.9862964153289795
典型寿命,MATR_b3c27,850.0,20,current_hybrid,215,0.9957995414733887,0.9847549200057983,0.9835642576217651,0.9862335920333862
典型寿命,MATR_b3c27,850.0,20,current_hybrid,216,0.9957985877990723,0.9846876263618469,0.983494758605957,0.9861708879470825
典型寿命,MATR_b3c27,850.0,20,current_hybrid,217,0.9958599805831909,0.9846203923225403,0.9834251999855042,0.9861082434654236
典型寿命,MATR_b3c27,850.0,20,current_hybrid,218,0.9958066940307617,0.9845532178878784,0.9833557605743408,0.9860455989837646
典型寿命,MATR_b3c27,850.0,20,current_hybrid,219,0.9957842826843262,0.9844860434532166,0.9832863807678223,0.9859830737113953
典型寿命,MATR_b3c27,850.0,20,current_hybrid,220,0.9955936074256897,0.9844189286231995,0.9832170605659485,0.9859205484390259
典型寿命,MATR_b3c27,850.0,20,current_hybrid,221,0.9956454038619995,0.9843519330024719,0.9831477403640747,0.9858580231666565
典型寿命,MATR_b3c27,850.0,20,current_hybrid,222,0.9954784512519836,0.9842849969863892,0.9830785989761353,0.9857956171035767
典型寿命,MATR_b3c27,850.0,20,current_hybrid,223,0.9955028295516968,0.9842180609703064,0.9830094575881958,0.9857332110404968
典型寿命,MATR_b3c27,850.0,20,current_hybrid,224,0.9953975677490234,0.9841511845588684,0.9829403162002563,0.9856708645820618
典型寿命,MATR_b3c27,850.0,20,current_hybrid,225,0.9954829812049866,0.9840843677520752,0.9828713536262512,0.9856085777282715
典型寿命,MATR_b3c27,850.0,20,current_hybrid,226,0.9953851699829102,0.9840176105499268,0.9828023314476013,0.9855462908744812
典型寿命,MATR_b3c27,850.0,20,current_hybrid,227,0.9952824115753174,0.9839507937431335,0.982733428478241,0.9854840636253357
典型寿命,MATR_b3c27,850.0,20,current_hybrid,228,0.9953516125679016,0.9838841557502747,0.9826645851135254,0.985421895980835
典型寿命,MATR_b3c27,850.0,20,current_hybrid,229,0.9953472018241882,0.9838175177574158,0.9825958013534546,0.9853597283363342
典型寿命,MATR_b3c27,850.0,20,current_hybrid,230,0.9951569437980652,0.9837509393692017,0.9825270771980286,0.9852975606918335
典型寿命,MATR_b3c27,850.0,20,current_hybrid,231,0.9951522946357727,0.9836844205856323,0.9824584126472473,0.9852355122566223
典型寿命,MATR_b3c27,850.0,20,current_hybrid,232,0.9951997399330139,0.9836179614067078,0.9823897480964661,0.9851735234260559
典型寿命,MATR_b3c27,850.0,20,current_hybrid,233,0.9951683878898621,0.9835515022277832,0.9823212027549744,0.9851115345954895
典型寿命,MATR_b3c27,850.0,20,current_hybrid,234,0.9940551519393921,0.9834851026535034,0.9822526574134827,0.9850496053695679
典型寿命,MATR_b3c27,850.0,20,current_hybrid,235,0.9951890110969543,0.9834188222885132,0.9821842312812805,0.9849876761436462
典型寿命,MATR_b3c27,850.0,20,current_hybrid,236,0.9950355291366577,0.9833524823188782,0.9821158051490784,0.9849258661270142
典型寿命,MATR_b3c27,850.0,20,current_hybrid,237,0.994956374168396,0.9832862615585327,0.9820474982261658,0.9848639965057373
典型寿命,MATR_b3c27,850.0,20,current_hybrid,238,0.9949939250946045,0.9832200407981873,0.9819791913032532,0.98480224609375
典型寿命,MATR_b3c27,850.0,20,current_hybrid,239,0.9948842525482178,0.9831538796424866,0.9819109439849854,0.9847404956817627
典型寿命,MATR_b3c27,850.0,20,current_hybrid,240,0.994928777217865,0.9830877780914307,0.9818427562713623,0.9846788048744202
典型寿命,MATR_b3c27,850.0,20,current_hybrid,241,0.9947547912597656,0.9830217361450195,0.981774628162384,0.9846171736717224
典型寿命,MATR_b3c27,850.0,20,current_hybrid,242,0.9946678876876831,0.9829556941986084,0.9817065596580505,0.9845555424690247
典型寿命,MATR_b3c27,850.0,20,current_hybrid,243,0.994722843170166,0.982889711856842,0.9816385507583618,0.9844939708709717
典型寿命,MATR_b3c27,850.0,20,current_hybrid,244,0.994607150554657,0.9828237891197205,0.9815706014633179,0.9844323992729187
典型寿命,MATR_b3c27,850.0,20,current_hybrid,245,0.9945569038391113,0.9827578663825989,0.9815025925636292,0.9843708872795105
典型寿命,MATR_b3c27,850.0,20,current_hybrid,246,0.9944738149642944,0.9826920032501221,0.9814347624778748,0.9843094348907471
典型寿命,MATR_b3c27,850.0,20,current_hybrid,247,0.994558572769165,0.98262619972229,0.9813669323921204,0.9842479825019836
典型寿命,MATR_b3c27,850.0,20,current_hybrid,248,0.9944944381713867,0.9825604557991028,0.9812991619110107,0.984186589717865
典型寿命,MATR_b3c27,850.0,20,current_hybrid,249,0.9945691227912903,0.9824947118759155,0.9812314510345459,0.9841251969337463
典型寿命,MATR_b3c27,850.0,20,current_hybrid,250,0.994412899017334,0.9824290871620178,0.9811637997627258,0.9840638637542725
典型寿命,MATR_b3c27,850.0,20,current_hybrid,251,0.9945215582847595,0.9823634028434753,0.9810961484909058,0.9840025901794434
典型寿命,MATR_b3c27,850.0,20,current_hybrid,252,0.9945160150527954,0.9822978377342224,0.9810286164283752,0.9839413166046143
典型寿命,MATR_b3c27,850.0,20,current_hybrid,253,0.9943787455558777,0.9822322726249695,0.9809610247612,0.9838801026344299
典型寿命,MATR_b3c27,850.0,20,current_hybrid,254,0.9943690299987793,0.9821667671203613,0.980893611907959,0.9838188886642456
典型寿命,MATR_b3c27,850.0,20,current_hybrid,255,0.9943150877952576,0.9821012616157532,0.980826199054718,0.983757734298706
典型寿命,MATR_b3c27,850.0,20,current_hybrid,256,0.9942899346351624,0.9820358157157898,0.980758786201477,0.9836962223052979
典型寿命,MATR_b3c27,850.0,20,current_hybrid,257,0.9942818284034729,0.9819704294204712,0.9806914925575256,0.9836341738700867
典型寿命,MATR_b3c27,850.0,20,current_hybrid,258,0.9942390322685242,0.9819051623344421,0.9806241989135742,0.983571469783783
典型寿命,MATR_b3c27,850.0,20,current_hybrid,259,0.9941955208778381,0.9818398356437683,0.9805569648742676,0.983508288860321
典型寿命,MATR_b3c27,850.0,20,current_hybrid,260,0.9942348003387451,0.9817745685577393,0.9804897308349609,0.9834445118904114
典型寿命,MATR_b3c27,850.0,20,current_hybrid,261,0.9940961599349976,0.9817093014717102,0.9804226160049438,0.983380138874054
典型寿命,MATR_b3c27,850.0,20,current_hybrid,262,0.9940595626831055,0.9816441535949707,0.9803555607795715,0.9833152890205383
典型寿命,MATR_b3c27,850.0,20,current_hybrid,263,0.9940061569213867,0.9815789461135864,0.9802884459495544,0.9832497835159302
典型寿命,MATR_b3c27,850.0,20,current_hybrid,264,0.9939449429512024,0.9815138578414917,0.9802215099334717,0.9831838607788086
典型寿命,MATR_b3c27,850.0,20,current_hybrid,265,0.9928146600723267,0.981448769569397,0.9801545739173889,0.9831172823905945
典型寿命,MATR_b3c27,850.0,20,current_hybrid,266,0.9938430190086365,0.9813838005065918,0.9800875782966614,0.9830501675605774
典型寿命,MATR_b3c27,850.0,20,current_hybrid,267,0.9937976002693176,0.9813187718391418,0.9800207614898682,0.9829824566841125
典型寿命,MATR_b3c27,850.0,20,current_hybrid,268,0.9935867190361023,0.9812538027763367,0.9799538850784302,0.9829142093658447
典型寿命,MATR_b3c27,850.0,20,current_hybrid,269,0.9935459494590759,0.9811888933181763,0.9798871278762817,0.9828453660011292
典型寿命,MATR_b3c27,850.0,20,current_hybrid,270,0.993531346321106,0.9811239838600159,0.9798204302787781,0.9827760457992554
典型寿命,MATR_b3c27,850.0,20,current_hybrid,271,0.9935974478721619,0.9810591340065002,0.9797536730766296,0.9827061295509338
典型寿命,MATR_b3c27,850.0,20,current_hybrid,272,0.9936434030532837,0.9809943437576294,0.9796870946884155,0.9826356172561646
典型寿命,MATR_b3c27,850.0,20,current_hybrid,273,0.9935636520385742,0.9809295535087585,0.9796204566955566,0.9825645685195923
典型寿命,MATR_b3c27,850.0,20,current_hybrid,274,0.993435800075531,0.9808648228645325,0.9795538783073425,0.9824929237365723
典型寿命,MATR_b3c27,850.0,20,current_hybrid,275,0.9931511878967285,0.9808000922203064,0.9794873595237732,0.982420802116394
典型寿命,MATR_b3c27,850.0,20,current_hybrid,276,0.9930656552314758,0.9807354211807251,0.9794209003448486,0.9823480844497681
典型寿命,MATR_b3c27,850.0,20,current_hybrid,277,0.992995023727417,0.9806708097457886,0.9793545007705688,0.9822747707366943
典型寿命,MATR_b3c27,850.0,20,current_hybrid,278,0.9929528832435608,0.980606198310852,0.9792881011962891,0.9822008609771729
典型寿命,MATR_b3c27,850.0,20,current_hybrid,279,0.992993175983429,0.9805416464805603,0.979221761226654,0.9821264743804932
典型寿命,MATR_b3c27,850.0,20,current_hybrid,280,0.9929967522621155,0.9804770946502686,0.9791554808616638,0.9820641875267029
典型寿命,MATR_b3c27,850.0,20,current_hybrid,281,0.9929366111755371,0.9804126620292664,0.9790891408920288,0.9820021986961365
典型寿命,MATR_b3c27,850.0,20,current_hybrid,282,0.9928833842277527,0.9803481698036194,0.9790229201316833,0.9819402694702148
典型寿命,MATR_b3c27,850.0,20,current_hybrid,283,0.9928405284881592,0.9802837371826172,0.9789567589759827,0.981878399848938
典型寿命,MATR_b3c27,850.0,20,current_hybrid,284,0.9927703738212585,0.9802193641662598,0.9788906574249268,0.9818165302276611
典型寿命,MATR_b3c27,850.0,20,current_hybrid,285,0.9927195310592651,0.9801550507545471,0.9788244962692261,0.981754720211029
典型寿命,MATR_b3c27,850.0,20,current_hybrid,286,0.9927261471748352,0.9800907373428345,0.9787584543228149,0.981692910194397
典型寿命,MATR_b3c27,850.0,20,current_hybrid,287,0.9926982522010803,0.9800264239311218,0.9786924123764038,0.9816311001777649
典型寿命,MATR_b3c27,850.0,20,current_hybrid,288,0.9926444292068481,0.979962170124054,0.9786264896392822,0.9815688729286194
典型寿命,MATR_b3c27,850.0,20,current_hybrid,289,0.9925565719604492,0.9798979759216309,0.9785605669021606,0.9815059900283813
典型寿命,MATR_b3c27,850.0,20,current_hybrid,290,0.9925367832183838,0.9798337817192078,0.9784945845603943,0.981442391872406
典型寿命,MATR_b3c27,850.0,20,current_hybrid,291,0.9924455881118774,0.9797695875167847,0.9784287214279175,0.9813781380653381
典型寿命,MATR_b3c27,850.0,20,current_hybrid,292,0.9924544095993042,0.9797055125236511,0.9783629179000854,0.9813132286071777
典型寿命,MATR_b3c27,850.0,20,current_hybrid,293,0.9922347664833069,0.9796414375305176,0.9782971739768982,0.98124760389328
典型寿命,MATR_b3c27,850.0,20,current_hybrid,294,0.9921376705169678,0.979577362537384,0.9782314300537109,0.9811813235282898
典型寿命,MATR_b3c27,850.0,20,current_hybrid,295,0.99204021692276,0.9795133471488953,0.9781656265258789,0.981114387512207
典型寿命,MATR_b3c27,850.0,20,current_hybrid,296,0.9919640421867371,0.9794493913650513,0.9781000018119812,0.9810467958450317
典型寿命,MATR_b3c27,850.0,20,current_hybrid,297,0.9920408129692078,0.9793853759765625,0.9780343770980835,0.9809784889221191
典型寿命,MATR_b3c27,850.0,20,current_hybrid,298,0.9919087886810303,0.9793211221694946,0.9779687523841858,0.9809094667434692
典型寿命,MATR_b3c27,850.0,20,current_hybrid,299,0.9918997883796692,0.979256272315979,0.9779032468795776,0.9808397889137268
典型寿命,MATR_b3c27,850.0,20,current_hybrid,300,0.9919230341911316,0.9791908264160156,0.9778377413749695,0.9807694554328918
典型寿命,MATR_b3c27,850.0,20,current_hybrid,301,0.9918978810310364,0.9791248440742493,0.9777721762657166,0.9806985259056091
典型寿命,MATR_b3c27,850.0,20,current_hybrid,302,0.9918153882026672,0.9790583252906799,0.9777067303657532,0.9806268215179443
典型寿命,MATR_b3c27,850.0,20,current_hybrid,303,0.9916985630989075,0.9789912700653076,0.9776413440704346,0.980554461479187
典型寿命,MATR_b3c27,850.0,20,current_hybrid,304,0.9914634227752686,0.9789235591888428,0.977575957775116,0.9804814457893372
典型寿命,MATR_b3c27,850.0,20,current_hybrid,305,0.9915067553520203,0.978855311870575,0.9775106310844421,0.98040771484375
典型寿命,MATR_b3c27,850.0,20,current_hybrid,306,0.991468608379364,0.9787865281105042,0.9774453639984131,0.9803333282470703
典型寿命,MATR_b3c27,850.0,20,current_hybrid,307,0.9914898872375488,0.9787171483039856,0.977380096912384,0.9802582859992981
典型寿命,MATR_b3c27,850.0,20,current_hybrid,308,0.9912681579589844,0.9786472320556641,0.977314829826355,0.9801825284957886
典型寿命,MATR_b3c27,850.0,20,current_hybrid,309,0.9913709759712219,0.9785767793655396,0.9772496819496155,0.9801060557365417
典型寿命,MATR_b3c27,850.0,20,current_hybrid,310,0.9911888241767883,0.9785056710243225,0.9771844744682312,0.9800289869308472
典型寿命,MATR_b3c27,850.0,20,current_hybrid,311,0.9913914203643799,0.9784340858459473,0.9771193265914917,0.9799512028694153
典型寿命,MATR_b3c27,850.0,20,current_hybrid,312,0.9913922548294067,0.9783619046211243,0.977054238319397,0.9798727631568909
典型寿命,MATR_b3c27,850.0,20,current_hybrid,313,0.9913116097450256,0.9782891869544983,0.976989209651947,0.9797936081886292
典型寿命,MATR_b3c27,850.0,20,current_hybrid,314,0.9912506937980652,0.9782158136367798,0.9769241809844971,0.9797138571739197
典型寿命,MATR_b3c27,850.0,20,current_hybrid,315,0.9911345839500427,0.9781420230865479,0.9768592119216919,0.9796333312988281
典型寿命,MATR_b3c27,850.0,20,current_hybrid,316,0.9911251664161682,0.9780675172805786,0.9767942428588867,0.9795522093772888
典型寿命,MATR_b3c27,850.0,20,current_hybrid,317,0.9910640716552734,0.9779925346374512,0.9767293334007263,0.9794703125953674
典型寿命,MATR_b3c27,850.0,20,current_hybrid,318,0.9910472631454468,0.977916955947876,0.9766644239425659,0.9793878197669983
典型寿命,MATR_b3c27,850.0,20,current_hybrid,319,0.9909681081771851,0.9778408408164978,0.9765995740890503,0.9793046116828918
典型寿命,MATR_b3c27,850.0,20,current_hybrid,320,0.9909828901290894,0.9777641296386719,0.9765347838401794,0.9792207479476929
典型寿命,MATR_b3c27,850.0,20,current_hybrid,321,0.9908919334411621,0.9776868224143982,0.9764699935913086,0.9791362285614014
典型寿命,MATR_b3c27,850.0,20,current_hybrid,322,0.9908014535903931,0.9776090383529663,0.9764052629470825,0.9790509343147278
典型寿命,MATR_b3c27,850.0,20,current_hybrid,323,0.990738570690155,0.9775305986404419,0.9763405323028564,0.9789650440216064
典型寿命,MATR_b3c27,850.0,20,current_hybrid,324,0.990723192691803,0.9774516820907593,0.9762758612632751,0.978878378868103
典型寿命,MATR_b3c27,850.0,20,current_hybrid,325,0.9906678795814514,0.9773721694946289,0.9762111902236938,0.9787911176681519
典型寿命,MATR_b3c27,850.0,20,current_hybrid,326,0.9905797243118286,0.9772920608520508,0.9761465787887573,0.9787032008171082
典型寿命,MATR_b3c27,850.0,20,current_hybrid,327,0.9891810417175293,0.9772114157676697,0.9760819673538208,0.9786146283149719
典型寿命,MATR_b3c27,850.0,20,current_hybrid,328,0.9902622103691101,0.9771301746368408,0.976017415523529,0.9785252213478088
典型寿命,MATR_b3c27,850.0,20,current_hybrid,329,0.9902642965316772,0.977048397064209,0.9759529232978821,0.9784352779388428
典型寿命,MATR_b3c27,850.0,20,current_hybrid,330,0.990071177482605,0.9769659638404846,0.9758884310722351,0.9783446192741394
典型寿命,MATR_b3c27,850.0,20,current_hybrid,331,0.9901705384254456,0.976883053779602,0.9758239388465881,0.9782533049583435
典型寿命,MATR_b3c27,850.0,20,current_hybrid,332,0.9901536107063293,0.9767995476722717,0.9757595062255859,0.9781612157821655
典型寿命,MATR_b3c27,850.0,20,current_hybrid,333,0.9901375770568848,0.9767155051231384,0.9756951332092285,0.9780685305595398
典型寿命,MATR_b3c27,850.0,20,current_hybrid,334,0.9900079965591431,0.9766308665275574,0.9756308197975159,0.9779751300811768
典型寿命,MATR_b3c27,850.0,20,current_hybrid,335,0.9899948239326477,0.9765456914901733,0.9755665063858032,0.9778810739517212
典型寿命,MATR_b3c27,850.0,20,current_hybrid,336,0.9897975921630859,0.9764599204063416,0.9755021929740906,0.9777863025665283
典型寿命,MATR_b3c27,850.0,20,current_hybrid,337,0.9898775219917297,0.976373553276062,0.9754378795623779,0.9776908755302429
典型寿命,MATR_b3c27,850.0,20,current_hybrid,338,0.9897761344909668,0.9762867093086243,0.9753736853599548,0.977594792842865
典型寿命,MATR_b3c27,850.0,20,current_hybrid,339,0.9896135330200195,0.9761991500854492,0.975309431552887,0.9774979948997498
典型寿命,MATR_b3c27,850.0,20,current_hybrid,340,0.9896140694618225,0.9761111736297607,0.9752452373504639,0.977400541305542
典型寿命,MATR_b3c27,850.0,20,current_hybrid,341,0.989569365978241,0.9760226011276245,0.9751790761947632,0.9773023128509521
典型寿命,MATR_b3c27,850.0,20,current_hybrid,342,0.9895492792129517,0.9759333729743958,0.9751102924346924,0.9772034883499146
典型寿命,MATR_b3c27,850.0,20,current_hybrid,343,0.9894012808799744,0.9758436679840088,0.9750410914421082,0.9771040081977844
典型寿命,MATR_b3c27,850.0,20,current_hybrid,344,0.989400327205658,0.9757533669471741,0.9749715328216553,0.9770037531852722
典型寿命,MATR_b3c27,850.0,20,current_hybrid,345,0.989496111869812,0.9756624102592468,0.974901556968689,0.976902961730957
典型寿命,MATR_b3c27,850.0,20,current_hybrid,346,0.989374577999115,0.9755710363388062,0.974831223487854,0.9768013954162598
典型寿命,MATR_b3c27,850.0,20,current_hybrid,347,0.989362895488739,0.9754789471626282,0.9747604727745056,0.97669917345047
典型寿命,MATR_b3c27,850.0,20,current_hybrid,348,0.9892675876617432,0.975386381149292,0.9746893644332886,0.9765962362289429
典型寿命,MATR_b3c27,850.0,20,current_hybrid,349,0.9892876744270325,0.9752932190895081,0.9746178388595581,0.9764926433563232
典型寿命,MATR_b3c27,850.0,20,current_hybrid,350,0.9892009496688843,0.9751994609832764,0.974545955657959,0.9763883352279663
典型寿命,MATR_b3c27,850.0,20,current_hybrid,351,0.9891566038131714,0.9751052260398865,0.9744736552238464,0.9762833714485168
典型寿命,MATR_b3c27,850.0,20,current_hybrid,352,0.9890786409378052,0.975010335445404,0.9744009971618652,0.9761776924133301
典型寿命,MATR_b3c27,850.0,20,current_hybrid,353,0.9889684915542603,0.9749149680137634,0.9743279218673706,0.9760713577270508
典型寿命,MATR_b3c27,850.0,20,current_hybrid,354,0.9888731837272644,0.9748188853263855,0.9742544293403625,0.9759644269943237
典型寿命,MATR_b3c27,850.0,20,current_hybrid,355,0.9887956976890564,0.9747223258018494,0.9741805791854858,0.9758567214012146
典型寿命,MATR_b3c27,850.0,20,current_hybrid,356,0.9886530637741089,0.9746252298355103,0.9741063714027405,0.9757483005523682
典型寿命,MATR_b3c27,850.0,20,current_hybrid,357,0.9885942339897156,0.9745274782180786,0.9740317463874817,0.9756392240524292
典型寿命,MATR_b3c27,850.0,20,current_hybrid,358,0.9874544739723206,0.974429190158844,0.9739567637443542,0.9755295515060425
典型寿命,MATR_b3c27,850.0,20,current_hybrid,359,0.9884857535362244,0.9743303656578064,0.9738813638687134,0.9754191040992737
典型寿命,MATR_b3c27,850.0,20,current_hybrid,360,0.9884515404701233,0.9742171168327332,0.9738055467605591,0.9753080010414124
典型寿命,MATR_b3c27,850.0,20,current_hybrid,361,0.9884473085403442,0.9740961194038391,0.9737293124198914,0.9751961827278137
典型寿命,MATR_b3c27,850.0,20,current_hybrid,362,0.9884048700332642,0.9739744663238525,0.9736527800559998,0.9750837683677673
典型寿命,MATR_b3c27,850.0,20,current_hybrid,363,0.9883923530578613,0.9738523364067078,0.9735758304595947,0.9749705791473389
典型寿命,MATR_b3c27,850.0,20,current_hybrid,364,0.9883498549461365,0.97372967004776,0.9734984636306763,0.9748567342758179
典型寿命,MATR_b3c27,850.0,20,current_hybrid,365,0.9882002472877502,0.973650336265564,0.9734206795692444,0.9747422337532043
典型寿命,MATR_b3c27,850.0,20,current_hybrid,366,0.988215446472168,0.973586916923523,0.9733425378799438,0.9746270179748535
典型寿命,MATR_b3c27,850.0,20,current_hybrid,367,0.9882195591926575,0.973518967628479,0.9732640385627747,0.9745111465454102
典型寿命,MATR_b3c27,850.0,20,current_hybrid,368,0.9880685210227966,0.973414957523346,0.973185122013092,0.9743945598602295
典型寿命,MATR_b3c27,850.0,20,current_hybrid,369,0.9880051612854004,0.9733103513717651,0.973105788230896,0.9742773771286011
典型寿命,MATR_b3c27,850.0,20,current_hybrid,370,0.9880296587944031,0.9732052683830261,0.9729812145233154,0.9741594195365906
典型寿命,MATR_b3c27,850.0,20,current_hybrid,371,0.9878515005111694,0.9730995893478394,0.9728544354438782,0.9740407466888428
典型寿命,MATR_b3c27,850.0,20,current_hybrid,372,0.9876931309700012,0.9729933142662048,0.9727271795272827,0.9739214777946472
典型寿命,MATR_b3c27,850.0,20,current_hybrid,373,0.9878857731819153,0.9728864431381226,0.9725992679595947,0.9738015532493591
典型寿命,MATR_b3c27,850.0,20,current_hybrid,374,0.9875990152359009,0.9727789759635925,0.972470760345459,0.973680853843689
典型寿命,MATR_b3c27,850.0,20,current_hybrid,375,0.9875072240829468,0.9726710319519043,0.972341775894165,0.9735594987869263
典型寿命,MATR_b3c27,850.0,20,current_hybrid,376,0.987556517124176,0.9725624322891235,0.9722121953964233,0.9734374284744263
典型寿命,MATR_b3c27,850.0,20,current_hybrid,377,0.98760586977005,0.972457230091095,0.9720820188522339,0.9733147621154785
典型寿命,MATR_b3c27,850.0,20,current_hybrid,378,0.9873329997062683,0.9723743796348572,0.9719511866569519,0.9731913208961487
典型寿命,MATR_b3c27,850.0,20,current_hybrid,379,0.9873822331428528,0.9722911715507507,0.9718198776245117,0.9730672836303711
典型寿命,MATR_b3c27,850.0,20,current_hybrid,380,0.9872527122497559,0.9722075462341309,0.9716880321502686,0.9729425311088562
典型寿命,MATR_b3c27,850.0,20,current_hybrid,381,0.9871266484260559,0.9721235632896423,0.9715555310249329,0.9728170037269592
典型寿命,MATR_b3c27,850.0,20,current_hybrid,382,0.9870781302452087,0.9720391631126404,0.9714224338531494,0.9726908802986145
典型寿命,MATR_b3c27,850.0,20,current_hybrid,383,0.9870001077651978,0.9719544053077698,0.9712888598442078,0.9725641012191772
典型寿命,MATR_b3c27,850.0,20,current_hybrid,384,0.9869627952575684,0.971869170665741,0.9711546301841736,0.9724365472793579
典型寿命,MATR_b3c27,850.0,20,current_hybrid,385,0.9870002865791321,0.9717836380004883,0.9710198640823364,0.9723101258277893
典型寿命,MATR_b3c27,850.0,20,current_hybrid,386,0.9869607090950012,0.9716976284980774,0.9708845019340515,0.9722384214401245
典型寿命,MATR_b3c27,850.0,20,current_hybrid,387,0.9867687821388245,0.9716112613677979,0.9707485437393188,0.9721662998199463
典型寿命,MATR_b3c27,850.0,20,current_hybrid,388,0.9865725636482239,0.9715244770050049,0.970612108707428,0.9720936417579651
典型寿命,MATR_b3c27,850.0,20,current_hybrid,389,0.9864679574966431,0.9714373350143433,0.9704750180244446,0.97202068567276
典型寿命,MATR_b3c27,850.0,20,current_hybrid,390,0.9865079522132874,0.9713497757911682,0.9703373908996582,0.9719471335411072
典型寿命,MATR_b3c27,850.0,20,current_hybrid,391,0.9864696264266968,0.9712618589401245,0.9701991081237793,0.9718732237815857
典型寿命,MATR_b3c27,850.0,20,current_hybrid,392,0.9864439964294434,0.9711735844612122,0.9700603485107422,0.9717987775802612
典型寿命,MATR_b3c27,850.0,20,current_hybrid,393,0.986125111579895,0.9710848331451416,0.9699209332466125,0.9717239141464233
典型寿命,MATR_b3c27,850.0,20,current_hybrid,394,0.986335277557373,0.9709957242012024,0.9697810411453247,0.971648633480072
典型寿命,MATR_b3c27,850.0,20,current_hybrid,395,0.9862812161445618,0.9709062576293945,0.9696404933929443,0.9715728759765625
典型寿命,MATR_b3c27,850.0,20,current_hybrid,396,0.9862871766090393,0.9708163142204285,0.9694993495941162,0.9714967012405396
典型寿命,MATR_b3c27,850.0,20,current_hybrid,397,0.9861841797828674,0.9707167148590088,0.9693576693534851,0.9714199900627136
典型寿命,MATR_b3c27,850.0,20,current_hybrid,398,0.9860835075378418,0.9705796241760254,0.969215452671051,0.971342921257019
典型寿命,MATR_b3c27,850.0,20,current_hybrid,399,0.9861043095588684,0.9704418182373047,0.9690726399421692,0.9712653160095215
典型寿命,MATR_b3c27,850.0,20,current_hybrid,400,0.9860929846763611,0.9703033566474915,0.9689292311668396,0.9711873531341553
典型寿命,MATR_b3c27,850.0,20,current_hybrid,401,0.985934853553772,0.9701642394065857,0.968785285949707,0.9711088538169861
典型寿命,MATR_b3c27,850.0,20,current_hybrid,402,0.9859247803688049,0.9700244069099426,0.9686407446861267,0.9710299372673035
典型寿命,MATR_b3c27,850.0,20,current_hybrid,403,0.9859021902084351,0.9698838591575623,0.9684955477714539,0.9709505438804626
典型寿命,MATR_b3c27,850.0,20,current_hybrid,404,0.9856345653533936,0.9697426557540894,0.9683498740196228,0.9708707332611084
典型寿命,MATR_b3c27,850.0,20,current_hybrid,405,0.9857406616210938,0.9696007966995239,0.9682035446166992,0.970790445804596
典型寿命,MATR_b3c27,850.0,20,current_hybrid,406,0.9855889081954956,0.9694581627845764,0.9680567383766174,0.9707097411155701
典型寿命,MATR_b3c27,850.0,20,current_hybrid,407,0.9854071140289307,0.9693149328231812,0.9679092764854431,0.9706286191940308
典型寿命,MATR_b3c27,850.0,20,current_hybrid,408,0.9854446053504944,0.9691710472106934,0.9677612781524658,0.9705469012260437
典型寿命,MATR_b3c27,850.0,20,current_hybrid,409,0.9854084253311157,0.9690263867378235,0.9676126837730408,0.9704648852348328
典型寿命,MATR_b3c27,850.0,20,current_hybrid,410,0.9853329062461853,0.9688810706138611,0.9674635529518127,0.9703822731971741
典型寿命,MATR_b3c27,850.0,20,current_hybrid,411,0.9852941036224365,0.9687350392341614,0.967313826084137,0.9702993035316467
典型寿命,MATR_b3c27,850.0,20,current_hybrid,412,0.9852780103683472,0.9685883522033691,0.9671634435653687,0.9702157974243164
典型寿命,MATR_b3c27,850.0,20,current_hybrid,413,0.9851264357566833,0.9684409499168396,0.9670125842094421,0.9701319336891174
典型寿命,MATR_b3c27,850.0,20,current_hybrid,414,0.9851758480072021,0.9682929515838623,0.9668611288070679,0.9700475931167603
典型寿命,MATR_b3c27,850.0,20,current_hybrid,415,0.9849665760993958,0.9681441783905029,0.9667090773582458,0.9699627757072449
典型寿命,MATR_b3c27,850.0,20,current_hybrid,416,0.9850062131881714,0.967994749546051,0.9665564298629761,0.9698775410652161
典型寿命,MATR_b3c27,850.0,20,current_hybrid,417,0.9847915172576904,0.9678446054458618,0.9664032459259033,0.9697917699813843
典型寿命,MATR_b3c27,850.0,20,current_hybrid,418,0.9848352074623108,0.9676938056945801,0.9662494659423828,0.9697056412696838
典型寿命,MATR_b3c27,850.0,20,current_hybrid,419,0.9847593903541565,0.967542290687561,0.9660951495170593,0.9696190357208252
典型寿命,MATR_b3c27,850.0,20,current_hybrid,420,0.9845376014709473,0.9673901200294495,0.9659402370452881,0.9695318937301636
典型寿命,MATR_b3c27,850.0,20,current_hybrid,421,0.9835034012794495,0.9672372937202454,0.9657847285270691,0.9694443941116333
典型寿命,MATR_b3c27,850.0,20,current_hybrid,422,0.9845863580703735,0.9670836925506592,0.9656286239624023,0.9693563580513
典型寿命,MATR_b3c27,850.0,20,current_hybrid,423,0.9845355153083801,0.9669294357299805,0.9654719829559326,0.9692679643630981
典型寿命,MATR_b3c27,850.0,20,current_hybrid,424,0.9844468235969543,0.966774582862854,0.9653147459030151,0.969179093837738
典型寿命,MATR_b3c27,850.0,20,current_hybrid,425,0.9843245148658752,0.9666188955307007,0.9651569128036499,0.969089686870575
典型寿命,MATR_b3c27,850.0,20,current_hybrid,426,0.9842846989631653,0.9664626717567444,0.9649985432624817,0.9689999222755432
典型寿命,MATR_b3c27,850.0,20,current_hybrid,427,0.9841451644897461,0.9663056135177612,0.9648395776748657,0.9689096212387085
典型寿命,MATR_b3c27,850.0,20,current_hybrid,428,0.984069287776947,0.9661480188369751,0.964680016040802,0.9688189029693604
典型寿命,MATR_b3c27,850.0,20,current_hybrid,429,0.9839566349983215,0.9659895896911621,0.9645199179649353,0.9687277674674988
典型寿命,MATR_b3c27,850.0,20,current_hybrid,430,0.9840392470359802,0.9658483862876892,0.9643592238426208,0.968636155128479
典型寿命,MATR_b3c27,850.0,20,current_hybrid,431,0.9838882088661194,0.9657082557678223,0.9641979336738586,0.9685440063476562
典型寿命,MATR_b3c27,850.0,20,current_hybrid,432,0.9839063882827759,0.9655675292015076,0.9640361070632935,0.9684514999389648
典型寿命,MATR_b3c27,850.0,20,current_hybrid,433,0.9839441180229187,0.9654262065887451,0.9638736844062805,0.9683585166931152
典型寿命,MATR_b3c27,850.0,20,current_hybrid,434,0.9838820099830627,0.9652843475341797,0.9637106657028198,0.9682651162147522
典型寿命,MATR_b3c27,850.0,20,current_hybrid,435,0.9837220311164856,0.9651418924331665,0.9635470509529114,0.9681711792945862
典型寿命,MATR_b3c27,850.0,20,current_hybrid,436,0.9836921095848083,0.9649989008903503,0.9633828997612,0.9680768251419067
典型寿命,MATR_b3c27,850.0,20,current_hybrid,437,0.9835492372512817,0.9648552536964417,0.9632181525230408,0.9679819941520691
典型寿命,MATR_b3c27,850.0,20,current_hybrid,438,0.9835712909698486,0.96471107006073,0.9630528092384338,0.967886745929718
典型寿命,MATR_b3c27,850.0,20,current_hybrid,439,0.9833914637565613,0.9645663499832153,0.9628869295120239,0.9677910208702087
典型寿命,MATR_b3c27,850.0,20,current_hybrid,440,0.9833123683929443,0.9644210338592529,0.9627204537391663,0.9676948189735413
典型寿命,MATR_b3c27,850.0,20,current_hybrid,441,0.9831668734550476,0.964275062084198,0.9625533819198608,0.9675981998443604
典型寿命,MATR_b3c27,850.0,20,current_hybrid,442,0.98319411277771,0.9641286134719849,0.9623857736587524,0.967501163482666
典型寿命,MATR_b3c27,850.0,20,current_hybrid,443,0.9829070568084717,0.9639815092086792,0.9622175693511963,0.9674035906791687
典型寿命,MATR_b3c27,850.0,20,current_hybrid,444,0.9828133583068848,0.9638339281082153,0.9620487689971924,0.967305600643158
典型寿命,MATR_b3c27,850.0,20,current_hybrid,445,0.9828292727470398,0.9636856913566589,0.9618793725967407,0.967207133769989
典型寿命,MATR_b3c27,850.0,20,current_hybrid,446,0.9828000664710999,0.9635368585586548,0.9617094397544861,0.9671082496643066
典型寿命,MATR_b3c27,850.0,20,current_hybrid,447,0.9828336238861084,0.9633874893188477,0.9615389108657837,0.9670088291168213
典型寿命,MATR_b3c27,850.0,20,current_hybrid,448,0.9825354814529419,0.9632375836372375,0.9613678455352783,0.9669089913368225
典型寿命,MATR_b3c27,850.0,20,current_hybrid,449,0.9824137687683105,0.9630870223045349,0.9611961841583252,0.9668087363243103
典型寿命,MATR_b3c27,850.0,20,current_hybrid,450,0.982484757900238,0.9629359245300293,0.9610239267349243,0.9667080044746399
典型寿命,MATR_b3c27,850.0,20,current_hybrid,451,0.9823476672172546,0.9627842903137207,0.9608510732650757,0.9666067957878113
典型寿命,MATR_b3c27,850.0,20,current_hybrid,452,0.9822272658348083,0.9626320004463196,0.9606776833534241,0.9665051698684692
典型寿命,MATR_b3c27,850.0,20,current_hybrid,453,0.9821023344993591,0.9624791741371155,0.9605036377906799,0.9664030075073242
典型寿命,MATR_b3c27,850.0,20,current_hybrid,454,0.9819796085357666,0.9623257517814636,0.9603290557861328,0.9663004875183105
典型寿命,MATR_b3c27,850.0,20,current_hybrid,455,0.9820114374160767,0.9621717929840088,0.9601539373397827,0.9661974310874939
典型寿命,MATR_b3c27,850.0,20,current_hybrid,456,0.9820004105567932,0.9620171785354614,0.9599781632423401,0.9660940170288086
典型寿命,MATR_b3c27,850.0,20,current_hybrid,457,0.9818207025527954,0.9618620276451111,0.9598019123077393,0.9659900665283203
典型寿命,MATR_b3c27,850.0,20,current_hybrid,458,0.9819292426109314,0.9617063403129578,0.9596250057220459,0.9658856987953186
典型寿命,MATR_b3c27,850.0,20,current_hybrid,459,0.9817846417427063,0.9615500569343567,0.9594475626945496,0.9657808542251587
典型寿命,MATR_b3c27,850.0,20,current_hybrid,460,0.9817654490470886,0.9613931179046631,0.9592695236206055,0.9656754732131958
典型寿命,MATR_b3c27,850.0,20,current_hybrid,461,0.9817853569984436,0.9612357020378113,0.9590908885002136,0.9655697345733643
典型寿命,MATR_b3c27,850.0,20,current_hybrid,462,0.981682300567627,0.9610776305198669,0.958911657333374,0.9654635190963745
典型寿命,MATR_b3c27,850.0,20,current_hybrid,463,0.9815744757652283,0.9609190225601196,0.9587318897247314,0.9653568863868713
典型寿命,MATR_b3c27,850.0,20,current_hybrid,464,0.9814950227737427,0.9607598781585693,0.9585515856742859,0.9652497172355652
典型寿命,MATR_b3c27,850.0,20,current_hybrid,465,0.9814639687538147,0.9606000781059265,0.9583706259727478,0.9651421308517456
典型寿命,MATR_b3c27,850.0,20,current_hybrid,466,0.9814269542694092,0.9604397416114807,0.958189070224762,0.9650341272354126
典型寿命,MATR_b3c27,850.0,20,current_hybrid,467,0.9814719557762146,0.9602788090705872,0.9580069780349731,0.9649255871772766
典型寿命,MATR_b3c27,850.0,20,current_hybrid,468,0.9812369346618652,0.9601172804832458,0.9578242897987366,0.9648166298866272
典型寿命,MATR_b3c27,850.0,20,current_hybrid,469,0.9811745882034302,0.9599552750587463,0.957641065120697,0.9647072553634644
典型寿命,MATR_b3c27,850.0,20,current_hybrid,470,0.9811968207359314,0.9597925543785095,0.9574572443962097,0.9645973443984985
典型寿命,MATR_b3c27,850.0,20,current_hybrid,471,0.9809737801551819,0.9596292972564697,0.9572728276252747,0.9644869565963745
典型寿命,MATR_b3c27,850.0,20,current_hybrid,472,0.9808966517448425,0.959465503692627,0.9570878148078918,0.9643762111663818
典型寿命,MATR_b3c27,850.0,20,current_hybrid,473,0.9807905554771423,0.9593011140823364,0.9569022059440613,0.9642649292945862
典型寿命,MATR_b3c27,850.0,20,current_hybrid,474,0.980705738067627,0.9591361880302429,0.9567161202430725,0.9641532301902771
典型寿命,MATR_b3c27,850.0,20,current_hybrid,475,0.9806553721427917,0.9589706063270569,0.9565293788909912,0.9640410542488098
典型寿命,MATR_b3c27,850.0,20,current_hybrid,476,0.9805067777633667,0.9588044285774231,0.9563420414924622,0.9639284610748291
典型寿命,MATR_b3c27,850.0,20,current_hybrid,477,0.9803975820541382,0.9586377739906311,0.9561541080474854,0.9638153910636902
典型寿命,MATR_b3c27,850.0,20,current_hybrid,478,0.9804857969284058,0.9584704637527466,0.9559656977653503,0.9637018442153931
典型寿命,MATR_b3c27,850.0,20,current_hybrid,479,0.9802981019020081,0.9583026170730591,0.9557766318321228,0.9635878205299377
典型寿命,MATR_b3c27,850.0,20,current_hybrid,480,0.980288028717041,0.958134114742279,0.9555869698524475,0.963473379611969
典型寿命,MATR_b3c27,850.0,20,current_hybrid,481,0.9801800847053528,0.9579651355743408,0.9553967714309692,0.963358461856842
典型寿命,MATR_b3c27,850.0,20,current_hybrid,482,0.9800806641578674,0.9577955007553101,0.955206036567688,0.9632430672645569
典型寿命,MATR_b3c27,850.0,20,current_hybrid,483,0.9800735712051392,0.9576253890991211,0.9550146460533142,0.9631272554397583
典型寿命,MATR_b3c27,850.0,20,current_hybrid,484,0.978834331035614,0.9574545621871948,0.9548226594924927,0.9630109667778015
典型寿命,MATR_b3c27,850.0,20,current_hybrid,485,0.97984778881073,0.9572831988334656,0.9546301364898682,0.9628942012786865
典型寿命,MATR_b3c27,850.0,20,current_hybrid,486,0.9796968698501587,0.9571112990379333,0.9544370174407959,0.9627770185470581
典型寿命,MATR_b3c27,850.0,20,current_hybrid,487,0.9797373414039612,0.9569388031959534,0.9542433619499207,0.9626593589782715
典型寿命,MATR_b3c27,850.0,20,current_hybrid,488,0.9794347286224365,0.9567657113075256,0.9540490508079529,0.9625412821769714
典型寿命,MATR_b3c27,850.0,20,current_hybrid,489,0.9794743061065674,0.9565920233726501,0.9538542628288269,0.9624226689338684
典型寿命,MATR_b3c27,850.0,20,current_hybrid,490,0.9793210029602051,0.9564178586006165,0.9536587595939636,0.962303638458252
典型寿命,MATR_b3c27,850.0,20,current_hybrid,491,0.9790242314338684,0.9562429785728455,0.9534627795219421,0.9621841311454773
典型寿命,MATR_b3c27,850.0,20,current_hybrid,492,0.9789215922355652,0.9560676217079163,0.9532662034034729,0.9620642066001892
典型寿命,MATR_b3c27,850.0,20,current_hybrid,493,0.9788973331451416,0.9558916091918945,0.9530690312385559,0.9619437456130981
典型寿命,MATR_b3c27,850.0,20,current_hybrid,494,0.9786967635154724,0.9557150602340698,0.9528712630271912,0.9618228673934937
典型寿命,MATR_b3c27,850.0,20,current_hybrid,495,0.9787073135375977,0.9555379748344421,0.9526728987693787,0.9617015719413757
典型寿命,MATR_b3c27,850.0,20,current_hybrid,496,0.9785845279693604,0.9553602337837219,0.9524739980697632,0.9615797400474548
典型寿命,MATR_b3c27,850.0,20,current_hybrid,497,0.97842937707901,0.9551819562911987,0.9522745013237,0.9614574909210205
典型寿命,MATR_b3c27,850.0,20,current_hybrid,498,0.9783317446708679,0.955003023147583,0.952074408531189,0.961334764957428
典型寿命,MATR_b3c27,850.0,20,current_hybrid,499,0.9782916307449341,0.9548236131668091,0.951873779296875,0.961211621761322
典型寿命,MATR_b3c27,850.0,20,current_hybrid,500,0.97808438539505,0.9546435475349426,0.9516725540161133,0.9610880017280579
典型寿命,MATR_b3c27,850.0,20,hybridpatch_v2,21,1.0019563436508179,1.001540184020996,1.0013835430145264,1.001621961593628
典型寿命,MATR_b3c27,850.0,20,hybridpatch_v2,22,1.0019840002059937,1.001358985900879,1.0011290311813354,1.001471757888794
典型寿命,MATR_b3c27,850.0,20,hybridpatch_v2,23,1.0019739866256714,1.0012141466140747,1.0009245872497559,1.001349687576294
典型寿命,MATR_b3c27,850.0,20,hybridpatch_v2,24,1.001944899559021,1.0010881423950195,1.0007461309432983,1.0012421607971191
典型寿命,MATR_b3c27,850.0,20,hybridpatch_v2,25,1.0019121170043945,1.000974178314209,1.0005842447280884,1.0011440515518188
典型寿命,MATR_b3c27,850.0,20,hybridpatch_v2,26,1.0018489360809326,1.000868797302246,1.000434160232544,1.0010523796081543
典型寿命,MATR_b3c27,850.0,20,hybridpatch_v2,27,1.001814842224121,1.000769853591919,1.0002928972244263,1.0009658336639404
典型寿命,MATR_b3c27,850.0,20,hybridpatch_v2,28,1.0019108057022095,1.0006760358810425,1.0001587867736816,1.0008832216262817
典型寿命,MATR_b3c27,850.0,20,hybridpatch_v2,29,1.0018762350082397,1.0005865097045898,1.000030517578125,1.000803828239441
典型寿命,MATR_b3c27,850.0,20,hybridpatch_v2,30,1.0019829273223877,1.0005004405975342,0.9999069571495056,1.0007270574569702
典型寿命,MATR_b3c27,850.0,20,hybridpatch_v2,31,1.0020586252212524,1.0004173517227173,0.9997876286506653,1.00065279006958
典型寿命,MATR_b3c27,850.0,20,hybridpatch_v2,32,1.0022225379943848,1.0003368854522705,0.9996718168258667,1.0005804300308228
典型寿命,MATR_b3c27,850.0,20,hybridpatch_v2,33,1.0020661354064941,1.0002586841583252,0.9995591640472412,1.0005097389221191
典型寿命,MATR_b3c27,850.0,20,hybridpatch_v2,34,1.0020664930343628,1.0001825094223022,0.9994492530822754,1.0004407167434692
典型寿命,MATR_b3c27,850.0,20,hybridpatch_v2,35,1.002078890800476,1.0001081228256226,0.9993418455123901,1.000373125076294
典型寿命,MATR_b3c27,850.0,20,hybridpatch_v2,36,1.0021843910217285,1.000035285949707,0.9992367029190063,1.0003067255020142
典型寿命,MATR_b3c27,850.0,20,hybridpatch_v2,37,1.0022022724151611,0.9999640583992004,0.9991335868835449,1.0002413988113403
典型寿命,MATR_b3c27,850.0,20,hybridpatch_v2,38,1.002189040184021,0.9998941421508789,0.9990323185920715,1.0001771450042725
典型寿命,MATR_b3c27,850.0,20,hybridpatch_v2,39,1.0021003484725952,0.9998254776000977,0.9989327192306519,1.0001139640808105
典型寿命,MATR_b3c27,850.0,20,hybridpatch_v2,40,1.002090334892273,0.9997579455375671,0.9988347291946411,1.000051498413086
典型寿命,MATR_b3c27,850.0,20,hybridpatch_v2,41,1.0021032094955444,0.9996914267539978,0.9987382292747498,0.9999899864196777
典型寿命,MATR_b3c27,850.0,20,hybridpatch_v2,42,1.0020341873168945,0.9996259808540344,0.9986430406570435,0.9999291896820068
典型寿命,MATR_b3c27,850.0,20,hybridpatch_v2,43,1.0019830465316772,0.9995613694190979,0.9985491037368774,0.9998691082000732
典型寿命,MATR_b3c27,850.0,20,hybridpatch_v2,44,1.0018651485443115,0.999497652053833,0.9984563589096069,0.9998096227645874
典型寿命,MATR_b3c27,850.0,20,hybridpatch_v2,45,1.001906156539917,0.9994347095489502,0.9983647465705872,0.9997508525848389
典型寿命,MATR_b3c27,850.0,20,hybridpatch_v2,46,1.0020015239715576,0.9993725419044495,0.9982741475105286,0.9996926188468933
典型寿命,MATR_b3c27,850.0,20,hybridpatch_v2,47,1.0019922256469727,0.9993111491203308,0.9981845617294312,0.9996349215507507
典型寿命,MATR_b3c27,850.0,20,hybridpatch_v2,48,1.0019117593765259,0.9992503523826599,0.9980958700180054,0.9995777606964111
典型寿命,MATR_b3c27,850.0,20,hybridpatch_v2,49,1.001989722251892,0.9991902112960815,0.9980080723762512,0.9995210766792297
典型寿命,MATR_b3c27,850.0,20,hybridpatch_v2,50,1.0018762350082397,0.9991306662559509,0.9979211091995239,0.9994648694992065
典型寿命,MATR_b3c27,850.0,20,hybridpatch_v2,51,1.0018671751022339,0.9990717172622681,0.9978349208831787,0.9994091391563416
典型寿命,MATR_b3c27,850.0,20,hybridpatch_v2,52,1.0019334554672241,0.9990133047103882,0.9977495074272156,0.9993537664413452
典型寿命,MATR_b3c27,850.0,20,hybridpatch_v2,53,1.001936435699463,0.9989554286003113,0.997664749622345,0.9992992281913757
典型寿命,MATR_b3c27,850.0,20,hybridpatch_v2,54,1.0018788576126099,0.9988980293273926,0.9975807666778564,0.9992478489875793
典型寿命,MATR_b3c27,850.0,20,hybridpatch_v2,55,1.0018987655639648,0.9988411068916321,0.9974973797798157,0.9991968870162964
典型寿命,MATR_b3c27,850.0,20,hybridpatch_v2,56,1.001840353012085,0.9987846612930298,0.9974146485328674,0.9991463422775269
典型寿命,MATR_b3c27,850.0,20,hybridpatch_v2,57,1.0018305778503418,0.9987286329269409,0.9973325133323669,0.999096155166626
典型寿命,MATR_b3c27,850.0,20,hybridpatch_v2,58,1.001819133758545,0.9986730813980103,0.9972509741783142,0.9990463256835938
典型寿命,MATR_b3c27,850.0,20,hybridpatch_v2,59,1.0018261671066284,0.9986178874969482,0.9971699714660645,0.9989968538284302
典型寿命,MATR_b3c27,850.0,20,hybridpatch_v2,60,1.0018093585968018,0.9985630512237549,0.9970895051956177,0.9989477396011353
典型寿命,MATR_b3c27,850.0,20,hybridpatch_v2,61,1.001814365386963,0.998508632183075,0.9970095753669739,0.9988989233970642
典型寿命,MATR_b3c27,850.0,20,hybridpatch_v2,62,1.0017683506011963,0.9984545707702637,0.9969301223754883,0.998850405216217
典型寿命,MATR_b3c27,850.0,20,hybridpatch_v2,63,1.0017881393432617,0.998400866985321,0.9968511462211609,0.9988022446632385
典型寿命,MATR_b3c27,850.0,20,hybridpatch_v2,64,1.0016783475875854,0.9983474612236023,0.9967725872993469,0.9987543225288391
典型寿命,MATR_b3c27,850.0,20,hybridpatch_v2,65,1.0016486644744873,0.9982944130897522,0.9966945648193359,0.9987066984176636
典型寿命,MATR_b3c27,850.0,20,hybridpatch_v2,66,1.0016074180603027,0.998241662979126,0.9966168999671936,0.9986593723297119
典型寿命,MATR_b3c27,850.0,20,hybridpatch_v2,67,1.0015873908996582,0.9981892108917236,0.9965397119522095,0.9986122846603394
典型寿命,MATR_b3c27,850.0,20,hybridpatch_v2,68,1.0016361474990845,0.9981370568275452,0.996462881565094,0.9985654354095459
典型寿命,MATR_b3c27,850.0,20,hybridpatch_v2,69,1.0015510320663452,0.9980852007865906,0.9963864684104919,0.9985188245773315
典型寿命,MATR_b3c27,850.0,20,hybridpatch_v2,70,1.0015100240707397,0.9980335831642151,0.9963104128837585,0.9984725117683411
典型寿命,MATR_b3c27,850.0,20,hybridpatch_v2,71,1.0015007257461548,0.9979822635650635,0.9962347149848938,0.9984263777732849
典型寿命,MATR_b3c27,850.0,20,hybridpatch_v2,72,1.0014692544937134,0.997931182384491,0.9961593747138977,0.9983804821968079
典型寿命,MATR_b3c27,850.0,20,hybridpatch_v2,73,1.0013941526412964,0.9978803992271423,0.996084451675415,0.9983348250389099
典型寿命,MATR_b3c27,850.0,20,hybridpatch_v2,74,1.0014218091964722,0.997829794883728,0.9960097670555115,0.9982893466949463
典型寿命,MATR_b3c27,850.0,20,hybridpatch_v2,75,1.0014499425888062,0.9977794885635376,0.9959354996681213,0.9982441067695618
典型寿命,MATR_b3c27,850.0,20,hybridpatch_v2,76,1.0014086961746216,0.9977294206619263,0.9958614706993103,0.9981990456581116
典型寿命,MATR_b3c27,850.0,20,hybridpatch_v2,77,1.0013052225112915,0.9976795315742493,0.9957877993583679,0.9981541633605957
典型寿命,MATR_b3c27,850.0,20,hybridpatch_v2,78,1.0013033151626587,0.9976298809051514,0.9957144260406494,0.9981095194816589
典型寿命,MATR_b3c27,850.0,20,hybridpatch_v2,79,1.0012599229812622,0.9975804090499878,0.9956413507461548,0.9980650544166565
典型寿命,MATR_b3c27,850.0,20,hybridpatch_v2,80,1.0012445449829102,0.9975312352180481,0.995568573474884,0.9980207681655884
典型寿命,MATR_b3c27,850.0,20,hybridpatch_v2,81,1.001287817955017,0.997482180595398,0.9954960346221924,0.9979766011238098
典型寿命,MATR_b3c27,850.0,20,hybridpatch_v2,82,1.001233458518982,0.9974333643913269,0.9954237937927246,0.9979326725006104
典型寿命,MATR_b3c27,850.0,20,hybridpatch_v2,83,1.0011125802993774,0.9973847270011902,0.9953518509864807,0.9978888630867004
典型寿命,MATR_b3c27,850.0,20,hybridpatch_v2,84,1.001052737236023,0.9973362684249878,0.9952800869941711,0.9978452324867249
典型寿命,MATR_b3c27,850.0,20,hybridpatch_v2,85,1.001084566116333,0.9972880482673645,0.9952086210250854,0.9978017807006836
典型寿命,MATR_b3c27,850.0,20,hybridpatch_v2,86,1.0010544061660767,0.9972399473190308,0.9951374530792236,0.9977585077285767
典型寿命,MATR_b3c27,850.0,20,hybridpatch_v2,87,1.001060128211975,0.9971920251846313,0.9950664639472961,0.9977153539657593
典型寿命,MATR_b3c27,850.0,20,hybridpatch_v2,88,1.0010895729064941,0.997144341468811,0.9949957132339478,0.9976723194122314
典型寿命,MATR_b3c27,850.0,20,hybridpatch_v2,89,1.0010976791381836,0.9970967769622803,0.9949252605438232,0.9976294636726379
典型寿命,MATR_b3c27,850.0,20,hybridpatch_v2,90,1.0009530782699585,0.9970493912696838,0.9948549866676331,0.9975867867469788
典型寿命,MATR_b3c27,850.0,20,hybridpatch_v2,91,1.0009123086929321,0.997002124786377,0.9947848916053772,0.9975442290306091
典型寿命,MATR_b3c27,850.0,20,hybridpatch_v2,92,1.000931978225708,0.9969550371170044,0.9947150945663452,0.997501790523529
典型寿命,MATR_b3c27,850.0,20,hybridpatch_v2,93,1.0009351968765259,0.9969081282615662,0.9946454763412476,0.9974594712257385
典型寿命,MATR_b3c27,850.0,20,hybridpatch_v2,94,1.0008375644683838,0.9968613982200623,0.9945760369300842,0.9974172711372375
典型寿命,MATR_b3c27,850.0,20,hybridpatch_v2,95,1.0007473230361938,0.9968147277832031,0.9945068359375,0.9973752498626709
典型寿命,MATR_b3c27,850.0,20,hybridpatch_v2,96,1.0007048845291138,0.9967682957649231,0.9944378137588501,0.9973333477973938
典型寿命,MATR_b3c27,850.0,20,hybridpatch_v2,97,1.0006381273269653,0.9967219233512878,0.9943690299987793,0.9972915649414062
典型寿命,MATR_b3c27,850.0,20,hybridpatch_v2,98,1.0006217956542969,0.9966757893562317,0.9943004250526428,0.9972499012947083
典型寿命,MATR_b3c27,850.0,20,hybridpatch_v2,99,1.0006264448165894,0.9966297149658203,0.9942319989204407,0.9972083568572998
典型寿命,MATR_b3c27,850.0,20,hybridpatch_v2,100,1.000534176826477,0.9965838193893433,0.9941637516021729,0.9971668720245361
典型寿命,MATR_b3c27,850.0,20,hybridpatch_v2,101,1.0005580186843872,0.996537983417511,0.9940956830978394,0.9971255660057068
典型寿命,MATR_b3c27,850.0,20,hybridpatch_v2,102,1.0004996061325073,0.996492326259613,0.9940277934074402,0.997084379196167
典型寿命,MATR_b3c27,850.0,20,hybridpatch_v2,103,1.0003952980041504,0.9964468479156494,0.9939600825309753,0.997043251991272
典型寿命,MATR_b3c27,850.0,20,hybridpatch_v2,104,1.0004651546478271,0.9964014291763306,0.9938925504684448,0.9970023036003113
典型寿命,MATR_b3c27,850.0,20,hybridpatch_v2,105,1.0003643035888672,0.9963561296463013,0.9938251972198486,0.9969614148139954
典型寿命,MATR_b3c27,850.0,20,hybridpatch_v2,106,1.0003833770751953,0.9963110089302063,0.993757963180542,0.996920645236969
典型寿命,MATR_b3c27,850.0,20,hybridpatch_v2,107,1.000378966331482,0.9962659478187561,0.9936909675598145,0.9968799352645874
典型寿命,MATR_b3c27,850.0,20,hybridpatch_v2,108,1.0003467798233032,0.9962210059165955,0.9936240911483765,0.9968394041061401
典型寿命,MATR_b3c27,850.0,20,hybridpatch_v2,109,1.0004128217697144,0.9961762428283691,0.993557333946228,0.9967989325523376
典型寿命,MATR_b3c27,850.0,20,hybridpatch_v2,110,1.000327467918396,0.9961315393447876,0.9934908151626587,0.9967585206031799
典型寿命,MATR_b3c27,850.0,20,hybridpatch_v2,111,1.0003291368484497,0.9960869550704956,0.9934243559837341,0.9967182278633118
典型寿命,MATR_b3c27,850.0,20,hybridpatch_v2,112,1.0003418922424316,0.9960424900054932,0.9933581352233887,0.9966780543327332
典型寿命,MATR_b3c27,850.0,20,hybridpatch_v2,113,1.0003610849380493,0.9959980845451355,0.9932920336723328,0.9966380000114441
典型寿命,MATR_b3c27,850.0,20,hybridpatch_v2,114,1.0003279447555542,0.9959538578987122,0.9932260513305664,0.9965980052947998
典型寿命,MATR_b3c27,850.0,20,hybridpatch_v2,115,1.0001788139343262,0.9959096908569336,0.9931601881980896,0.9965580701828003
典型寿命,MATR_b3c27,850.0,20,hybridpatch_v2,116,1.0001404285430908,0.9958656430244446,0.9930945038795471,0.9965182542800903
典型寿命,MATR_b3c27,850.0,20,hybridpatch_v2,117,1.0001251697540283,0.9958216547966003,0.993028998374939,0.9964784979820251
典型寿命,MATR_b3c27,850.0,20,hybridpatch_v2,118,1.0001853704452515,0.9957777857780457,0.9929635524749756,0.9964388608932495
典型寿命,MATR_b3c27,850.0,20,hybridpatch_v2,119,1.0001157522201538,0.9957340359687805,0.9928982853889465,0.9963992834091187
典型寿命,MATR_b3c27,850.0,20,hybridpatch_v2,120,0.9999977350234985,0.9956904053688049,0.992833137512207,0.9963598251342773
典型寿命,MATR_b3c27,850.0,20,hybridpatch_v2,121,1.0001121759414673,0.9956468343734741,0.9927681684494019,0.9963204264640808
典型寿命,MATR_b3c27,850.0,20,hybridpatch_v2,122,0.9999881386756897,0.9956033825874329,0.9927032589912415,0.996281087398529
典型寿命,MATR_b3c27,850.0,20,hybridpatch_v2,123,0.9999046921730042,0.9955599904060364,0.9926385283470154,0.9962418675422668
典型寿命,MATR_b3c27,850.0,20,hybridpatch_v2,124,0.9997641444206238,0.9955166578292847,0.9925738573074341,0.9962027072906494
典型寿命,MATR_b3c27,850.0,20,hybridpatch_v2,125,0.9997506141662598,0.9954735040664673,0.9925093650817871,0.9961636066436768
典型寿命,MATR_b3c27,850.0,20,hybridpatch_v2,126,0.9997171759605408,0.9954303503036499,0.9924449920654297,0.9961246252059937
典型寿命,MATR_b3c27,850.0,20,hybridpatch_v2,127,0.9997014403343201,0.9953873157501221,0.992380678653717,0.9960856437683105
典型寿命,MATR_b3c27,850.0,20,hybridpatch_v2,128,0.9996091723442078,0.9953444004058838,0.9923165440559387,0.996046781539917
典型寿命,MATR_b3c27,850.0,20,hybridpatch_v2,129,0.999585747718811,0.9953015446662903,0.99225252866745,0.996008038520813
典型寿命,MATR_b3c27,850.0,20,hybridpatch_v2,130,0.99953693151474,0.9952587485313416,0.992188572883606,0.995969295501709
典型寿命,MATR_b3c27,850.0,20,hybridpatch_v2,131,0.9994824528694153,0.9952160716056824,0.9921247959136963,0.9959306716918945
典型寿命,MATR_b3c27,850.0,20,hybridpatch_v2,132,0.9994152784347534,0.995173454284668,0.9920610785484314,0.9958921074867249
典型寿命,MATR_b3c27,850.0,20,hybridpatch_v2,133,0.9993852972984314,0.9951309561729431,0.991997480392456,0.9958536028862
典型寿命,MATR_b3c27,850.0,20,hybridpatch_v2,134,0.999255895614624,0.995088517665863,0.9919340014457703,0.9958151578903198
典型寿命,MATR_b3c27,850.0,20,hybridpatch_v2,135,0.9992421269416809,0.9950461387634277,0.991870641708374,0.9957767724990845
典型寿命,MATR_b3c27,850.0,20,hybridpatch_v2,136,0.9992656707763672,0.9950038194656372,0.9918074011802673,0.9957385063171387
典型寿命,MATR_b3c27,850.0,20,hybridpatch_v2,137,0.9992535710334778,0.9949616193771362,0.9917442202568054,0.9957002401351929
典型寿命,MATR_b3c27,850.0,20,hybridpatch_v2,138,0.9992842674255371,0.99491947889328,0.9916811585426331,0.9956620931625366
典型寿命,MATR_b3c27,850.0,20,hybridpatch_v2,139,0.9991572499275208,0.9948773980140686,0.9916182160377502,0.9956240057945251
典型寿命,MATR_b3c27,850.0,20,hybridpatch_v2,140,0.9989789724349976,0.994835376739502,0.9915553331375122,0.9955859184265137
典型寿命,MATR_b3c27,850.0,20,hybridpatch_v2,141,0.9989079833030701,0.9947934746742249,0.9914925694465637,0.9955479502677917
典型寿命,MATR_b3c27,850.0,20,hybridpatch_v2,142,0.9978440403938293,0.9947516322135925,0.9914299249649048,0.9955100417137146
典型寿命,MATR_b3c27,850.0,20,hybridpatch_v2,143,0.9988865256309509,0.994709849357605,0.9913673400878906,0.9954721927642822
典型寿命,MATR_b3c27,850.0,20,hybridpatch_v2,144,0.9990158081054688,0.9946681261062622,0.991304874420166,0.9954344034194946
典型寿命,MATR_b3c27,850.0,20,hybridpatch_v2,145,0.9989230632781982,0.9946264624595642,0.991242527961731,0.995396614074707
典型寿命,MATR_b3c27,850.0,20,hybridpatch_v2,146,0.9990174770355225,0.9945849180221558,0.9911802411079407,0.995358943939209
典型寿命,MATR_b3c27,850.0,20,hybridpatch_v2,147,0.9988648891448975,0.9945433735847473,0.9911180734634399,0.9953213334083557
典型寿命,MATR_b3c27,850.0,20,hybridpatch_v2,148,0.9988510608673096,0.9945019483566284,0.991055965423584,0.9952837824821472
典型寿命,MATR_b3c27,850.0,20,hybridpatch_v2,149,0.9989085793495178,0.9944605827331543,0.9909939169883728,0.9952462911605835
典型寿命,MATR_b3c27,850.0,20,hybridpatch_v2,150,0.9988252520561218,0.994419276714325,0.990932047367096,0.9952087998390198
典型寿命,MATR_b3c27,850.0,20,hybridpatch_v2,151,0.9987666606903076,0.9943780303001404,0.9908701777458191,0.9951714277267456
典型寿命,MATR_b3c27,850.0,20,hybridpatch_v2,152,0.9986873865127563,0.9943368434906006,0.9908084273338318,0.9951340556144714
典型寿命,MATR_b3c27,850.0,20,hybridpatch_v2,153,0.998603105545044,0.9942957162857056,0.990746796131134,0.9950968027114868
典型寿命,MATR_b3c27,850.0,20,hybridpatch_v2,154,0.998565673828125,0.9942546486854553,0.990685224533081,0.9950595498085022
典型寿命,MATR_b3c27,850.0,20,hybridpatch_v2,155,0.9985237717628479,0.9942136406898499,0.9906237125396729,0.9950223565101624
典型寿命,MATR_b3c27,850.0,20,hybridpatch_v2,156,0.9984743595123291,0.9941726922988892,0.9905623197555542,0.9949852228164673
典型寿命,MATR_b3c27,850.0,20,hybridpatch_v2,157,0.9984472990036011,0.994131863117218,0.9905009865760803,0.994948148727417
典型寿命,MATR_b3c27,850.0,20,hybridpatch_v2,158,0.9984409213066101,0.9940910339355469,0.990439772605896,0.9949111342430115
典型寿命,MATR_b3c27,850.0,20,hybridpatch_v2,159,0.9983546733856201,0.9940502643585205,0.9903786182403564,0.9948741793632507
典型寿命,MATR_b3c27,850.0,20,hybridpatch_v2,160,0.9982888698577881,0.9940095543861389,0.9903175234794617,0.99483722448349
典型寿命,MATR_b3c27,850.0,20,hybridpatch_v2,161,0.9982860088348389,0.9939689040184021,0.9902564883232117,0.9948003888130188
典型寿命,MATR_b3c27,850.0,20,hybridpatch_v2,162,0.998195469379425,0.9939283132553101,0.9901955723762512,0.9947635531425476
典型寿命,MATR_b3c27,850.0,20,hybridpatch_v2,163,0.9981334805488586,0.9938877820968628,0.9901347160339355,0.9947267770767212
典型寿命,MATR_b3c27,850.0,20,hybridpatch_v2,164,0.9980218410491943,0.9938473105430603,0.9900739789009094,0.9946900010108948
典型寿命,MATR_b3c27,850.0,20,hybridpatch_v2,165,0.9979817867279053,0.9938068985939026,0.9900132417678833,0.9946533441543579
典型寿命,MATR_b3c27,850.0,20,hybridpatch_v2,166,0.9977903962135315,0.9937665462493896,0.9899526238441467,0.994616687297821
典型寿命,MATR_b3c27,850.0,20,hybridpatch_v2,167,0.9978469014167786,0.9937261939048767,0.9898921251296997,0.9945801496505737
典型寿命,MATR_b3c27,850.0,20,hybridpatch_v2,168,0.9978299140930176,0.9936859607696533,0.9898316264152527,0.9945435523986816
典型寿命,MATR_b3c27,850.0,20,hybridpatch_v2,169,0.9978505373001099,0.9936457276344299,0.9897712469100952,0.9945070743560791
典型寿命,MATR_b3c27,850.0,20,hybridpatch_v2,170,0.9978734254837036,0.9936055541038513,0.9897108674049377,0.9944705963134766
典型寿命,MATR_b3c27,850.0,20,hybridpatch_v2,171,0.9979044198989868,0.9935654997825623,0.9896506071090698,0.9944342374801636
典型寿命,MATR_b3c27,850.0,20,hybridpatch_v2,172,0.9979170560836792,0.9935254454612732,0.9895904660224915,0.9943978786468506
典型寿命,MATR_b3c27,850.0,20,hybridpatch_v2,173,0.9978792071342468,0.9934854507446289,0.9895303249359131,0.9943615198135376
典型寿命,MATR_b3c27,850.0,20,hybridpatch_v2,174,0.9978238344192505,0.9934454560279846,0.9894702434539795,0.9943252801895142
典型寿命,MATR_b3c27,850.0,20,hybridpatch_v2,175,0.9977421760559082,0.9934055805206299,0.9894102811813354,0.9942890405654907
典型寿命,MATR_b3c27,850.0,20,hybridpatch_v2,176,0.9977346658706665,0.9933657050132751,0.9893503785133362,0.9942528009414673
典型寿命,MATR_b3c27,850.0,20,hybridpatch_v2,177,0.9976266622543335,0.9933258891105652,0.9892905354499817,0.9942166805267334
典型寿命,MATR_b3c27,850.0,20,hybridpatch_v2,178,0.99764484167099,0.9932861328125,0.989230751991272,0.9941805601119995
典型寿命,MATR_b3c27,850.0,20,hybridpatch_v2,179,0.9975373148918152,0.9932464361190796,0.989171028137207,0.9941444993019104
典型寿命,MATR_b3c27,850.0,20,hybridpatch_v2,180,0.9975336194038391,0.993206799030304,0.9891113638877869,0.9941084980964661
典型寿命,MATR_b3c27,850.0,20,hybridpatch_v2,181,0.9975221753120422,0.9931671619415283,0.9890517592430115,0.9940724968910217
典型寿命,MATR_b3c27,850.0,20,hybridpatch_v2,182,0.9975572824478149,0.9931276440620422,0.9889922738075256,0.9940365552902222
典型寿命,MATR_b3c27,850.0,20,hybridpatch_v2,183,0.9975464344024658,0.9930880665779114,0.9889327883720398,0.9940006732940674
典型寿命,MATR_b3c27,850.0,20,hybridpatch_v2,184,0.9973300695419312,0.9930486083030701,0.9888734221458435,0.9939647912979126
典型寿命,MATR_b3c27,850.0,20,hybridpatch_v2,185,0.9973409175872803,0.9930092096328735,0.9888140559196472,0.9939289689064026
典型寿命,MATR_b3c27,850.0,20,hybridpatch_v2,186,0.997270405292511,0.992969810962677,0.9887548089027405,0.9938931465148926
典型寿命,MATR_b3c27,850.0,20,hybridpatch_v2,187,0.9973055720329285,0.9929304718971252,0.9886955618858337,0.9938574433326721
典型寿命,MATR_b3c27,850.0,20,hybridpatch_v2,188,0.9971559643745422,0.9928911924362183,0.9886364340782166,0.9938216805458069
典型寿命,MATR_b3c27,850.0,20,hybridpatch_v2,189,0.9970271587371826,0.9928519129753113,0.9885773658752441,0.9937860369682312
典型寿命,MATR_b3c27,850.0,20,hybridpatch_v2,190,0.9970412850379944,0.9928126931190491,0.9885182976722717,0.9937503933906555
典型寿命,MATR_b3c27,850.0,20,hybridpatch_v2,191,0.9969699382781982,0.9927735328674316,0.9884593486785889,0.9937148094177246
典型寿命,MATR_b3c27,850.0,20,hybridpatch_v2,192,0.9969692826271057,0.992734432220459,0.988400399684906,0.9936792254447937
典型寿命,MATR_b3c27,850.0,20,hybridpatch_v2,193,0.9969084858894348,0.9926953315734863,0.9883415699005127,0.9936437010765076
典型寿命,MATR_b3c27,850.0,20,hybridpatch_v2,194,0.9968305230140686,0.9926562905311584,0.9882827401161194,0.9936082363128662
典型寿命,MATR_b3c27,850.0,20,hybridpatch_v2,195,0.996704638004303,0.9926173090934753,0.9882240295410156,0.9935727715492249
典型寿命,MATR_b3c27,850.0,20,hybridpatch_v2,196,0.9965966939926147,0.9925783276557922,0.9881653189659119,0.9935373663902283
典型寿命,MATR_b3c27,850.0,20,hybridpatch_v2,197,0.9965272545814514,0.9925394654273987,0.9881067276000977,0.9935019612312317
典型寿命,MATR_b3c27,850.0,20,hybridpatch_v2,198,0.9964454770088196,0.9925005435943604,0.9880481362342834,0.9934666156768799
典型寿命,MATR_b3c27,850.0,20,hybridpatch_v2,199,0.9962608814239502,0.9924617409706116,0.987989604473114,0.9934313297271729
典型寿命,MATR_b3c27,850.0,20,hybridpatch_v2,200,0.9961469173431396,0.9924229383468628,0.9879311323165894,0.9933960437774658
典型寿命,MATR_b3c27,850.0,20,hybridpatch_v2,201,0.9960752725601196,0.9923841953277588,0.9878727197647095,0.9933607578277588
典型寿命,MATR_b3c27,850.0,20,hybridpatch_v2,202,0.9961390495300293,0.9923454523086548,0.9878143668174744,0.9933255910873413
典型寿命,MATR_b3c27,850.0,20,hybridpatch_v2,203,0.994995653629303,0.9923067688941956,0.987756073474884,0.993290364742279
典型寿命,MATR_b3c27,850.0,20,hybridpatch_v2,204,0.9960360527038574,0.9922681450843811,0.9876977801322937,0.9932552576065063
典型寿命,MATR_b3c27,850.0,20,hybridpatch_v2,205,0.9960820078849792,0.9922295212745667,0.9876396059989929,0.9932201504707336
典型寿命,MATR_b3c27,850.0,20,hybridpatch_v2,206,0.996094286441803,0.992190957069397,0.9875814318656921,0.9931850433349609
典型寿命,MATR_b3c27,850.0,20,hybridpatch_v2,207,0.9960638880729675,0.9921524524688721,0.9875233769416809,0.993149995803833
典型寿命,MATR_b3c27,850.0,20,hybridpatch_v2,208,0.9959977865219116,0.9921139478683472,0.9874653220176697,0.9931150078773499
典型寿命,MATR_b3c27,850.0,20,hybridpatch_v2,209,0.9959322810173035,0.992075502872467,0.9874073266983032,0.9930800199508667
典型寿命,MATR_b3c27,850.0,20,hybridpatch_v2,210,0.995769739151001,0.9920371174812317,0.9873493909835815,0.9930450320243835
典型寿命,MATR_b3c27,850.0,20,hybridpatch_v2,211,0.9957791566848755,0.9919987320899963,0.9872914552688599,0.9930101037025452
典型寿命,MATR_b3c27,850.0,20,hybridpatch_v2,212,0.9959514737129211,0.9919604063034058,0.9872336387634277,0.9929752349853516
典型寿命,MATR_b3c27,850.0,20,hybridpatch_v2,213,0.9958555102348328,0.9919220805168152,0.9871758222579956,0.992940366268158
典型寿命,MATR_b3c27,850.0,20,hybridpatch_v2,214,0.9957239031791687,0.9918838143348694,0.9871180653572083,0.9929055571556091
典型寿命,MATR_b3c27,850.0,20,hybridpatch_v2,215,0.9957995414733887,0.9918456077575684,0.9870603680610657,0.9928707480430603
典型寿命,MATR_b3c27,850.0,20,hybridpatch_v2,216,0.9957985877990723,0.9918074011802673,0.9870027303695679,0.9928359985351562
典型寿命,MATR_b3c27,850.0,20,hybridpatch_v2,217,0.9958599805831909,0.9917691946029663,0.9869451522827148,0.9928012490272522
典型寿命,MATR_b3c27,850.0,20,hybridpatch_v2,218,0.9958066940307617,0.9917311072349548,0.9868875741958618,0.9927665591239929
典型寿命,MATR_b3c27,850.0,20,hybridpatch_v2,219,0.9957842826843262,0.9916929602622986,0.9868300557136536,0.9927318692207336
典型寿命,MATR_b3c27,850.0,20,hybridpatch_v2,220,0.9955936074256897,0.9916549324989319,0.9867725968360901,0.9926972389221191
典型寿命,MATR_b3c27,850.0,20,hybridpatch_v2,221,0.9956454038619995,0.9916169047355652,0.9867151975631714,0.9926626086235046
典型寿命,MATR_b3c27,850.0,20,hybridpatch_v2,222,0.9954784512519836,0.9915788769721985,0.9866577982902527,0.9926279783248901
典型寿命,MATR_b3c27,850.0,20,hybridpatch_v2,223,0.9955028295516968,0.9915409088134766,0.9866004586219788,0.9925934076309204
典型寿命,MATR_b3c27,850.0,20,hybridpatch_v2,224,0.9953975677490234,0.9915030002593994,0.9865431785583496,0.9925588965415955
典型寿命,MATR_b3c27,850.0,20,hybridpatch_v2,225,0.9954829812049866,0.9914650917053223,0.9864859580993652,0.9925243854522705
典型寿命,MATR_b3c27,850.0,20,hybridpatch_v2,226,0.9953851699829102,0.9914272427558899,0.9864287376403809,0.9924899339675903
典型寿命,MATR_b3c27,850.0,20,hybridpatch_v2,227,0.9952824115753174,0.9913893938064575,0.986371636390686,0.9924554824829102
典型寿命,MATR_b3c27,850.0,20,hybridpatch_v2,228,0.9953516125679016,0.9913516044616699,0.9863145351409912,0.99242103099823
典型寿命,MATR_b3c27,850.0,20,hybridpatch_v2,229,0.9953472018241882,0.9913138747215271,0.9862574338912964,0.9923866391181946
典型寿命,MATR_b3c27,850.0,20,hybridpatch_v2,230,0.9951569437980652,0.9912761449813843,0.9862004518508911,0.992352306842804
典型寿命,MATR_b3c27,850.0,20,hybridpatch_v2,231,0.9951522946357727,0.9912384152412415,0.9861434698104858,0.9923179149627686
典型寿命,MATR_b3c27,850.0,20,hybridpatch_v2,232,0.9951997399330139,0.9912007451057434,0.9860865473747253,0.9922836422920227
典型寿命,MATR_b3c27,850.0,20,hybridpatch_v2,233,0.9951683878898621,0.9911630749702454,0.9860296249389648,0.9922493100166321
典型寿命,MATR_b3c27,850.0,20,hybridpatch_v2,234,0.9940551519393921,0.9911254644393921,0.9859727621078491,0.992215096950531
典型寿命,MATR_b3c27,850.0,20,hybridpatch_v2,235,0.9951890110969543,0.9910879135131836,0.9859159588813782,0.9921808242797852
典型寿命,MATR_b3c27,850.0,20,hybridpatch_v2,236,0.9950355291366577,0.9910503625869751,0.985859215259552,0.9921466112136841
典型寿命,MATR_b3c27,850.0,20,hybridpatch_v2,237,0.994956374168396,0.9910128116607666,0.9858024716377258,0.9921124577522278
典型寿命,MATR_b3c27,850.0,20,hybridpatch_v2,238,0.9949939250946045,0.9909753203392029,0.9857457876205444,0.9920783042907715
典型寿命,MATR_b3c27,850.0,20,hybridpatch_v2,239,0.9948842525482178,0.9909378886222839,0.9856891632080078,0.9920441508293152
典型寿命,MATR_b3c27,850.0,20,hybridpatch_v2,240,0.994928777217865,0.990900456905365,0.985632598400116,0.9920100569725037
典型寿命,MATR_b3c27,850.0,20,hybridpatch_v2,241,0.9947547912597656,0.990863025188446,0.9855760335922241,0.9919759631156921
典型寿命,MATR_b3c27,850.0,20,hybridpatch_v2,242,0.9946678876876831,0.9908256530761719,0.9855194687843323,0.9919419288635254
典型寿命,MATR_b3c27,850.0,20,hybridpatch_v2,243,0.994722843170166,0.9907883405685425,0.98546302318573,0.9919078946113586
典型寿命,MATR_b3c27,850.0,20,hybridpatch_v2,244,0.994607150554657,0.9907510280609131,0.9854065775871277,0.9918738603591919
典型寿命,MATR_b3c27,850.0,20,hybridpatch_v2,245,0.9945569038391113,0.9907137155532837,0.9853501319885254,0.9918398857116699
典型寿命,MATR_b3c27,850.0,20,hybridpatch_v2,246,0.9944738149642944,0.9906764626502991,0.9852938055992126,0.991805911064148
典型寿命,MATR_b3c27,850.0,20,hybridpatch_v2,247,0.994558572769165,0.9906392097473145,0.9852374792098999,0.9917719960212708
典型寿命,MATR_b3c27,850.0,20,hybridpatch_v2,248,0.9944944381713867,0.9906020164489746,0.9851811528205872,0.9917380809783936
典型寿命,MATR_b3c27,850.0,20,hybridpatch_v2,249,0.9945691227912903,0.9905648827552795,0.985124945640564,0.9917042255401611
典型寿命,MATR_b3c27,850.0,20,hybridpatch_v2,250,0.994412899017334,0.9905276894569397,0.9850687384605408,0.9916703701019287
典型寿命,MATR_b3c27,850.0,20,hybridpatch_v2,251,0.9945215582847595,0.9904906153678894,0.9850125312805176,0.9916365146636963
典型寿命,MATR_b3c27,850.0,20,hybridpatch_v2,252,0.9945160150527954,0.9904534816741943,0.9849563837051392,0.9916026592254639
典型寿命,MATR_b3c27,850.0,20,hybridpatch_v2,253,0.9943787455558777,0.990416407585144,0.9849002957344055,0.9915688633918762
典型寿命,MATR_b3c27,850.0,20,hybridpatch_v2,254,0.9943690299987793,0.9903793931007385,0.9848442077636719,0.9915351271629333
典型寿命,MATR_b3c27,850.0,20,hybridpatch_v2,255,0.9943150877952576,0.990342378616333,0.984788179397583,0.9915013909339905
典型寿命,MATR_b3c27,850.0,20,hybridpatch_v2,256,0.9942899346351624,0.9903054237365723,0.9847322106361389,0.9914676547050476
典型寿命,MATR_b3c27,850.0,20,hybridpatch_v2,257,0.9942818284034729,0.9902684688568115,0.9846762418746948,0.9914339780807495
典型寿命,MATR_b3c27,850.0,20,hybridpatch_v2,258,0.9942390322685242,0.9902315139770508,0.9846203327178955,0.9914003014564514
典型寿命,MATR_b3c27,850.0,20,hybridpatch_v2,259,0.9941955208778381,0.9901946187019348,0.984564483165741,0.9913666248321533
典型寿命,MATR_b3c27,850.0,20,hybridpatch_v2,260,0.9942348003387451,0.9901577234268188,0.9845086336135864,0.9913330078125
典型寿命,MATR_b3c27,850.0,20,hybridpatch_v2,261,0.9940961599349976,0.9901208877563477,0.9844527840614319,0.9912993907928467
典型寿命,MATR_b3c27,850.0,20,hybridpatch_v2,262,0.9940595626831055,0.9900840520858765,0.9843969941139221,0.9912657737731934
典型寿命,MATR_b3c27,850.0,20,hybridpatch_v2,263,0.9940061569213867,0.9900472164154053,0.9843412637710571,0.9912322163581848
典型寿命,MATR_b3c27,850.0,20,hybridpatch_v2,264,0.9939449429512024,0.9900104403495789,0.9842855334281921,0.9911986589431763
典型寿命,MATR_b3c27,850.0,20,hybridpatch_v2,265,0.9928146600723267,0.9899737238883972,0.9842298626899719,0.9911651611328125
典型寿命,MATR_b3c27,850.0,20,hybridpatch_v2,266,0.9938430190086365,0.9899369478225708,0.9841742515563965,0.9911316633224487
典型寿命,MATR_b3c27,850.0,20,hybridpatch_v2,267,0.9937976002693176,0.9899002909660339,0.984118640422821,0.991098165512085
典型寿命,MATR_b3c27,850.0,20,hybridpatch_v2,268,0.9935867190361023,0.9898635745048523,0.9840630888938904,0.991064727306366
典型寿命,MATR_b3c27,850.0,20,hybridpatch_v2,269,0.9935459494590759,0.9898269176483154,0.9840075373649597,0.991031289100647
典型寿命,MATR_b3c27,850.0,20,hybridpatch_v2,270,0.993531346321106,0.9897903203964233,0.9839520454406738,0.990997850894928
典型寿命,MATR_b3c27,850.0,20,hybridpatch_v2,271,0.9935974478721619,0.9897537231445312,0.9838965535163879,0.9909644722938538
典型寿命,MATR_b3c27,850.0,20,hybridpatch_v2,272,0.9936434030532837,0.9897171258926392,0.9838411211967468,0.9909310936927795
典型寿命,MATR_b3c27,850.0,20,hybridpatch_v2,273,0.9935636520385742,0.9896805286407471,0.9837856888771057,0.9908977150917053
典型寿命,MATR_b3c27,850.0,20,hybridpatch_v2,274,0.993435800075531,0.9896440505981445,0.9837303161621094,0.9908643960952759
典型寿命,MATR_b3c27,850.0,20,hybridpatch_v2,275,0.9931511878967285,0.9896075129508972,0.9836750030517578,0.9908310770988464
典型寿命,MATR_b3c27,850.0,20,hybridpatch_v2,276,0.9930656552314758,0.9895710349082947,0.9836196899414062,0.990797758102417
典型寿命,MATR_b3c27,850.0,20,hybridpatch_v2,277,0.992995023727417,0.9895345568656921,0.9835643768310547,0.9907644987106323
典型寿命,MATR_b3c27,850.0,20,hybridpatch_v2,278,0.9929528832435608,0.9894981384277344,0.9835091233253479,0.9907312393188477
典型寿命,MATR_b3c27,850.0,20,hybridpatch_v2,279,0.992993175983429,0.9894617199897766,0.9834539294242859,0.990697979927063
典型寿命,MATR_b3c27,850.0,20,hybridpatch_v2,280,0.9929967522621155,0.9894253015518188,0.9833987355232239,0.9906647801399231
典型寿命,MATR_b3c27,850.0,20,hybridpatch_v2,281,0.9929366111755371,0.9893889427185059,0.9833436012268066,0.9906315803527832
典型寿命,MATR_b3c27,850.0,20,hybridpatch_v2,282,0.9928833842277527,0.9893525838851929,0.9832884669303894,0.9905983805656433
典型寿命,MATR_b3c27,850.0,20,hybridpatch_v2,283,0.9928405284881592,0.9893162846565247,0.9832333922386169,0.9905652403831482
典型寿命,MATR_b3c27,850.0,20,hybridpatch_v2,284,0.9927703738212585,0.9892799854278564,0.9831783175468445,0.9905321002006531
典型寿命,MATR_b3c27,850.0,20,hybridpatch_v2,285,0.9927195310592651,0.9892436861991882,0.9831233024597168,0.990498960018158
典型寿命,MATR_b3c27,850.0,20,hybridpatch_v2,286,0.9927261471748352,0.9892074465751648,0.9830682873725891,0.9904658794403076
典型寿命,MATR_b3c27,850.0,20,hybridpatch_v2,287,0.9926982522010803,0.9891712069511414,0.9830133318901062,0.9904327988624573
典型寿命,MATR_b3c27,850.0,20,hybridpatch_v2,288,0.9926444292068481,0.9891349673271179,0.9829583764076233,0.9903997182846069
典型寿命,MATR_b3c27,850.0,20,hybridpatch_v2,289,0.9925565719604492,0.9890987873077393,0.9829034805297852,0.9903666973114014
典型寿命,MATR_b3c27,850.0,20,hybridpatch_v2,290,0.9925367832183838,0.9890626072883606,0.982848584651947,0.9903336763381958
典型寿命,MATR_b3c27,850.0,20,hybridpatch_v2,291,0.9924455881118774,0.9890264868736267,0.9827937483787537,0.9903006553649902
典型寿命,MATR_b3c27,850.0,20,hybridpatch_v2,292,0.9924544095993042,0.988990306854248,0.9827389121055603,0.9902676939964294
典型寿命,MATR_b3c27,850.0,20,hybridpatch_v2,293,0.9922347664833069,0.9889542460441589,0.9826841354370117,0.9902347326278687
典型寿命,MATR_b3c27,850.0,20,hybridpatch_v2,294,0.9921376705169678,0.988918125629425,0.9826293587684631,0.9902017712593079
典型寿命,MATR_b3c27,850.0,20,hybridpatch_v2,295,0.99204021692276,0.9888820648193359,0.9825746417045593,0.9901688098907471
典型寿命,MATR_b3c27,850.0,20,hybridpatch_v2,296,0.9919640421867371,0.9888460040092468,0.9825199246406555,0.990135908126831
典型寿命,MATR_b3c27,850.0,20,hybridpatch_v2,297,0.9920408129692078,0.9888100028038025,0.9824652075767517,0.990103006362915
典型寿命,MATR_b3c27,850.0,20,hybridpatch_v2,298,0.9919087886810303,0.9887740015983582,0.9824106097221375,0.990070104598999
典型寿命,MATR_b3c27,850.0,20,hybridpatch_v2,299,0.9918997883796692,0.9887380003929138,0.9823559522628784,0.9900372624397278
典型寿命,MATR_b3c27,850.0,20,hybridpatch_v2,300,0.9919230341911316,0.9887020587921143,0.9823013544082642,0.9900044202804565
典型寿命,MATR_b3c27,850.0,20,hybridpatch_v2,301,0.9918978810310364,0.9886661171913147,0.9822468161582947,0.9899715781211853
典型寿命,MATR_b3c27,850.0,20,hybridpatch_v2,302,0.9918153882026672,0.9886302351951599,0.9821922779083252,0.9899387955665588
典型寿命,MATR_b3c27,850.0,20,hybridpatch_v2,303,0.9916985630989075,0.9885942935943604,0.9821377396583557,0.9899060130119324
典型寿命,MATR_b3c27,850.0,20,hybridpatch_v2,304,0.9914634227752686,0.9885584115982056,0.982083261013031,0.9898732304573059
典型寿命,MATR_b3c27,850.0,20,hybridpatch_v2,305,0.9915067553520203,0.9885225892066956,0.9820288419723511,0.9898404479026794
典型寿命,MATR_b3c27,850.0,20,hybridpatch_v2,306,0.991468608379364,0.9884867072105408,0.9819744229316711,0.9898077249526978
典型寿命,MATR_b3c27,850.0,20,hybridpatch_v2,307,0.9914898872375488,0.9884509444236755,0.9819200038909912,0.9897750020027161
典型寿命,MATR_b3c27,850.0,20,hybridpatch_v2,308,0.9912681579589844,0.9884151220321655,0.981865644454956,0.9897422790527344
典型寿命,MATR_b3c27,850.0,20,hybridpatch_v2,309,0.9913709759712219,0.9883793592453003,0.9818112850189209,0.9897096157073975
典型寿命,MATR_b3c27,850.0,20,hybridpatch_v2,310,0.9911888241767883,0.9883435964584351,0.9817569851875305,0.9896769523620605
典型寿命,MATR_b3c27,850.0,20,hybridpatch_v2,311,0.9913914203643799,0.9883078336715698,0.9817026853561401,0.9896442890167236
典型寿命,MATR_b3c27,850.0,20,hybridpatch_v2,312,0.9913922548294067,0.9882721304893494,0.9816483855247498,0.9896116256713867
典型寿命,MATR_b3c27,850.0,20,hybridpatch_v2,313,0.9913116097450256,0.9882364273071289,0.9815941452980042,0.9895790219306946
典型寿命,MATR_b3c27,850.0,20,hybridpatch_v2,314,0.9912506937980652,0.9882007241249084,0.9815399646759033,0.9895464181900024
典型寿命,MATR_b3c27,850.0,20,hybridpatch_v2,315,0.9911345839500427,0.9881650805473328,0.9814857244491577,0.9895138144493103
典型寿命,MATR_b3c27,850.0,20,hybridpatch_v2,316,0.9911251664161682,0.9881294369697571,0.9814316034317017,0.9894812703132629
典型寿命,MATR_b3c27,850.0,20,hybridpatch_v2,317,0.9910640716552734,0.9880937933921814,0.9813774824142456,0.9894486665725708
典型寿命,MATR_b3c27,850.0,20,hybridpatch_v2,318,0.9910472631454468,0.9880582094192505,0.9813233613967896,0.9894161224365234
典型寿命,MATR_b3c27,850.0,20,hybridpatch_v2,319,0.9909681081771851,0.9880226254463196,0.9812692403793335,0.9893836379051208
典型寿命,MATR_b3c27,850.0,20,hybridpatch_v2,320,0.9909828901290894,0.9879870414733887,0.9812151789665222,0.9893510937690735
典型寿命,MATR_b3c27,850.0,20,hybridpatch_v2,321,0.9908919334411621,0.9879515171051025,0.9811611771583557,0.9893186092376709
典型寿命,MATR_b3c27,850.0,20,hybridpatch_v2,322,0.9908014535903931,0.9879159331321716,0.9811071753501892,0.9892861247062683
典型寿命,MATR_b3c27,850.0,20,hybridpatch_v2,323,0.990738570690155,0.9878804683685303,0.9810531735420227,0.9892536997795105
典型寿命,MATR_b3c27,850.0,20,hybridpatch_v2,324,0.990723192691803,0.9878449440002441,0.980999231338501,0.9892212152481079
典型寿命,MATR_b3c27,850.0,20,hybridpatch_v2,325,0.9906678795814514,0.9878094792366028,0.9809452891349792,0.9891887903213501
典型寿命,MATR_b3c27,850.0,20,hybridpatch_v2,326,0.9905797243118286,0.9877740144729614,0.9808913469314575,0.9891563653945923
典型寿命,MATR_b3c27,850.0,20,hybridpatch_v2,327,0.9891810417175293,0.9877385497093201,0.9808374643325806,0.9891240000724792
典型寿命,MATR_b3c27,850.0,20,hybridpatch_v2,328,0.9902622103691101,0.9877031445503235,0.9807835817337036,0.9890915751457214
典型寿命,MATR_b3c27,850.0,20,hybridpatch_v2,329,0.9902642965316772,0.9876677393913269,0.9807297587394714,0.9890592098236084
典型寿命,MATR_b3c27,850.0,20,hybridpatch_v2,330,0.990071177482605,0.9876323342323303,0.9806759357452393,0.9890268445014954
典型寿命,MATR_b3c27,850.0,20,hybridpatch_v2,331,0.9901705384254456,0.9875969886779785,0.9806221723556519,0.9889945387840271
典型寿命,MATR_b3c27,850.0,20,hybridpatch_v2,332,0.9901536107063293,0.9875616431236267,0.9805684089660645,0.9889621734619141
典型寿命,MATR_b3c27,850.0,20,hybridpatch_v2,333,0.9901375770568848,0.9875262975692749,0.980514645576477,0.9889298677444458
典型寿命,MATR_b3c27,850.0,20,hybridpatch_v2,334,0.9900079965591431,0.9874909520149231,0.9804609417915344,0.9888976216316223
典型寿命,MATR_b3c27,850.0,20,hybridpatch_v2,335,0.9899948239326477,0.9874556660652161,0.9804072380065918,0.988865315914154
典型寿命,MATR_b3c27,850.0,20,hybridpatch_v2,336,0.9897975921630859,0.987420380115509,0.980353593826294,0.9888330698013306
典型寿命,MATR_b3c27,850.0,20,hybridpatch_v2,337,0.9898775219917297,0.987385094165802,0.9802999496459961,0.9888008236885071
典型寿命,MATR_b3c27,850.0,20,hybridpatch_v2,338,0.9897761344909668,0.9873498678207397,0.9802463054656982,0.9887685775756836
典型寿命,MATR_b3c27,850.0,20,hybridpatch_v2,339,0.9896135330200195,0.9873146414756775,0.9801927208900452,0.9887363314628601
典型寿命,MATR_b3c27,850.0,20,hybridpatch_v2,340,0.9896140694618225,0.9872794151306152,0.9801391363143921,0.9887041449546814
典型寿命,MATR_b3c27,850.0,20,hybridpatch_v2,341,0.989569365978241,0.9872442483901978,0.980085551738739,0.9886719584465027
典型寿命,MATR_b3c27,850.0,20,hybridpatch_v2,342,0.9895492792129517,0.9872090220451355,0.9800320267677307,0.988639771938324
典型寿命,MATR_b3c27,850.0,20,hybridpatch_v2,343,0.9894012808799744,0.987173855304718,0.9799785017967224,0.9886075854301453
典型寿命,MATR_b3c27,850.0,20,hybridpatch_v2,344,0.989400327205658,0.9871387481689453,0.9799250364303589,0.9885754585266113
典型寿命,MATR_b3c27,850.0,20,hybridpatch_v2,345,0.989496111869812,0.9871035814285278,0.9798715710639954,0.9885433316230774
典型寿命,MATR_b3c27,850.0,20,hybridpatch_v2,346,0.989374577999115,0.9870684742927551,0.9798181056976318,0.9885112047195435
典型寿命,MATR_b3c27,850.0,20,hybridpatch_v2,347,0.989362895488739,0.9870333671569824,0.9797646999359131,0.9884790778160095
典型寿命,MATR_b3c27,850.0,20,hybridpatch_v2,348,0.9892675876617432,0.9869983196258545,0.9797112941741943,0.9884469509124756
典型寿命,MATR_b3c27,850.0,20,hybridpatch_v2,349,0.9892876744270325,0.9869632124900818,0.9796579480171204,0.9884148836135864
典型寿命,MATR_b3c27,850.0,20,hybridpatch_v2,350,0.9892009496688843,0.9869281649589539,0.9796046018600464,0.9883828163146973
典型寿命,MATR_b3c27,850.0,20,hybridpatch_v2,351,0.9891566038131714,0.9868931770324707,0.9795512557029724,0.9883507490158081
典型寿命,MATR_b3c27,850.0,20,hybridpatch_v2,352,0.9890786409378052,0.9868581295013428,0.9794979095458984,0.9883187413215637
典型寿命,MATR_b3c27,850.0,20,hybridpatch_v2,353,0.9889684915542603,0.9868231415748596,0.9794446229934692,0.9882867336273193
典型寿命,MATR_b3c27,850.0,20,hybridpatch_v2,354,0.9888731837272644,0.9867881536483765,0.9793913960456848,0.988254725933075
典型寿命,MATR_b3c27,850.0,20,hybridpatch_v2,355,0.9887956976890564,0.9867531657218933,0.9793381094932556,0.9882227182388306
典型寿命,MATR_b3c27,850.0,20,hybridpatch_v2,356,0.9886530637741089,0.9867182374000549,0.9792848825454712,0.9881907105445862
典型寿命,MATR_b3c27,850.0,20,hybridpatch_v2,357,0.9885942339897156,0.9866833090782166,0.9792317152023315,0.9881587624549866
典型寿命,MATR_b3c27,850.0,20,hybridpatch_v2,358,0.9874544739723206,0.9866483807563782,0.9791784882545471,0.988126814365387
典型寿命,MATR_b3c27,850.0,20,hybridpatch_v2,359,0.9884857535362244,0.9866134524345398,0.9791253805160522,0.9880948662757874
典型寿命,MATR_b3c27,850.0,20,hybridpatch_v2,360,0.9884515404701233,0.9865785837173462,0.9790722131729126,0.9880629181861877
典型寿命,MATR_b3c27,850.0,20,hybridpatch_v2,361,0.9884473085403442,0.9865436553955078,0.9790191054344177,0.9880309700965881
典型寿命,MATR_b3c27,850.0,20,hybridpatch_v2,362,0.9884048700332642,0.986508846282959,0.9789659976959229,0.9879990816116333
典型寿命,MATR_b3c27,850.0,20,hybridpatch_v2,363,0.9883923530578613,0.9864739775657654,0.978912889957428,0.9879671931266785
典型寿命,MATR_b3c27,850.0,20,hybridpatch_v2,364,0.9883498549461365,0.9864391088485718,0.9788598418235779,0.9879353046417236
典型寿命,MATR_b3c27,850.0,20,hybridpatch_v2,365,0.9882002472877502,0.986404299736023,0.9788068532943726,0.9879034161567688
典型寿命,MATR_b3c27,850.0,20,hybridpatch_v2,366,0.988215446472168,0.9863694906234741,0.9787538051605225,0.9878715872764587
典型寿命,MATR_b3c27,850.0,20,hybridpatch_v2,367,0.9882195591926575,0.9863347411155701,0.9787008166313171,0.9878397583961487
典型寿命,MATR_b3c27,850.0,20,hybridpatch_v2,368,0.9880685210227966,0.9862982630729675,0.9786478281021118,0.9878079295158386
典型寿命,MATR_b3c27,850.0,20,hybridpatch_v2,369,0.9880051612854004,0.9862611293792725,0.9785948991775513,0.9877761006355286
典型寿命,MATR_b3c27,850.0,20,hybridpatch_v2,370,0.9880296587944031,0.9862240552902222,0.9785419702529907,0.9877442717552185
典型寿命,MATR_b3c27,850.0,20,hybridpatch_v2,371,0.9878515005111694,0.9861869812011719,0.9784890413284302,0.9877125024795532
典型寿命,MATR_b3c27,850.0,20,hybridpatch_v2,372,0.9876931309700012,0.9861499667167664,0.9784361124038696,0.9876807332038879
典型寿命,MATR_b3c27,850.0,20,hybridpatch_v2,373,0.9878857731819153,0.9861128926277161,0.9783832430839539,0.9876489639282227
典型寿命,MATR_b3c27,850.0,20,hybridpatch_v2,374,0.9875990152359009,0.9860758781433105,0.9783304333686829,0.9876171946525574
典型寿命,MATR_b3c27,850.0,20,hybridpatch_v2,375,0.9875072240829468,0.9860388040542603,0.9782775640487671,0.9875854849815369
典型寿命,MATR_b3c27,850.0,20,hybridpatch_v2,376,0.987556517124176,0.9860017895698547,0.9782247543334961,0.9875537157058716
典型寿命,MATR_b3c27,850.0,20,hybridpatch_v2,377,0.98760586977005,0.9859647750854492,0.9781719446182251,0.9875220060348511
典型寿命,MATR_b3c27,850.0,20,hybridpatch_v2,378,0.9873329997062683,0.9859278202056885,0.9781191945075989,0.9874902963638306
典型寿命,MATR_b3c27,850.0,20,hybridpatch_v2,379,0.9873822331428528,0.985890805721283,0.9780664443969727,0.9874586462974548
典型寿命,MATR_b3c27,850.0,20,hybridpatch_v2,380,0.9872527122497559,0.9858538508415222,0.9780136942863464,0.9874269366264343
典型寿命,MATR_b3c27,850.0,20,hybridpatch_v2,381,0.9871266484260559,0.9858168959617615,0.9779609441757202,0.9873952865600586
典型寿命,MATR_b3c27,850.0,20,hybridpatch_v2,382,0.9870781302452087,0.9857799410820007,0.9779082536697388,0.9873636364936829
典型寿命,MATR_b3c27,850.0,20,hybridpatch_v2,383,0.9870001077651978,0.98574298620224,0.9778555631637573,0.9873319864273071
典型寿命,MATR_b3c27,850.0,20,hybridpatch_v2,384,0.9869627952575684,0.985706090927124,0.9778029322624207,0.9873003363609314
典型寿命,MATR_b3c27,850.0,20,hybridpatch_v2,385,0.9870002865791321,0.9856691360473633,0.977750301361084,0.9872687458992004
典型寿命,MATR_b3c27,850.0,20,hybridpatch_v2,386,0.9869607090950012,0.9856322407722473,0.9776976704597473,0.9872370958328247
典型寿命,MATR_b3c27,850.0,20,hybridpatch_v2,387,0.9867687821388245,0.9855953454971313,0.9776450395584106,0.9872055053710938
典型寿命,MATR_b3c27,850.0,20,hybridpatch_v2,388,0.9865725636482239,0.9855584502220154,0.9775924682617188,0.9871739149093628
典型寿命,MATR_b3c27,850.0,20,hybridpatch_v2,389,0.9864679574966431,0.9855216145515442,0.9775398969650269,0.9871423840522766
典型寿命,MATR_b3c27,850.0,20,hybridpatch_v2,390,0.9865079522132874,0.9854847192764282,0.977487325668335,0.9871107935905457
典型寿命,MATR_b3c27,850.0,20,hybridpatch_v2,391,0.9864696264266968,0.985447883605957,0.9774348139762878,0.9870792627334595
典型寿命,MATR_b3c27,850.0,20,hybridpatch_v2,392,0.9864439964294434,0.9854110479354858,0.9773823022842407,0.9870477318763733
典型寿命,MATR_b3c27,850.0,20,hybridpatch_v2,393,0.986125111579895,0.9853742122650146,0.9773297905921936,0.9870162010192871
典型寿命,MATR_b3c27,850.0,20,hybridpatch_v2,394,0.986335277557373,0.9853373765945435,0.9772773385047913,0.9869846701622009
典型寿命,MATR_b3c27,850.0,20,hybridpatch_v2,395,0.9862812161445618,0.9853005409240723,0.9772248864173889,0.9869531393051147
典型寿命,MATR_b3c27,850.0,20,hybridpatch_v2,396,0.9862871766090393,0.9852637648582458,0.9771724343299866,0.9869216680526733
典型寿命,MATR_b3c27,850.0,20,hybridpatch_v2,397,0.9861841797828674,0.9852269291877747,0.9771199822425842,0.9868901968002319
典型寿命,MATR_b3c27,850.0,20,hybridpatch_v2,398,0.9860835075378418,0.9851901531219482,0.9770675897598267,0.9868587255477905
典型寿命,MATR_b3c27,850.0,20,hybridpatch_v2,399,0.9861043095588684,0.9851533770561218,0.9770151972770691,0.9868272542953491
典型寿命,MATR_b3c27,850.0,20,hybridpatch_v2,400,0.9860929846763611,0.9851166605949402,0.9769628643989563,0.9867957830429077
典型寿命,MATR_b3c27,850.0,20,hybridpatch_v2,401,0.985934853553772,0.9850798845291138,0.9769105315208435,0.9867643713951111
典型寿命,MATR_b3c27,850.0,20,hybridpatch_v2,402,0.9859247803688049,0.9850431680679321,0.9768581390380859,0.9867329597473145
典型寿命,MATR_b3c27,850.0,20,hybridpatch_v2,403,0.9859021902084351,0.9850063920021057,0.9768058657646179,0.9867015480995178
典型寿命,MATR_b3c27,850.0,20,hybridpatch_v2,404,0.9856345653533936,0.9849696755409241,0.9767535328865051,0.9866701364517212
典型寿命,MATR_b3c27,850.0,20,hybridpatch_v2,405,0.9857406616210938,0.9849329590797424,0.9767012596130371,0.9866387248039246
典型寿命,MATR_b3c27,850.0,20,hybridpatch_v2,406,0.9855889081954956,0.9848963022232056,0.9766489863395691,0.9866073727607727
典型寿命,MATR_b3c27,850.0,20,hybridpatch_v2,407,0.9854071140289307,0.9848595857620239,0.9765967726707458,0.9865759611129761
典型寿命,MATR_b3c27,850.0,20,hybridpatch_v2,408,0.9854446053504944,0.9848228693008423,0.9765445590019226,0.9865446090698242
典型寿命,MATR_b3c27,850.0,20,hybridpatch_v2,409,0.9854084253311157,0.9847862124443054,0.9764923453330994,0.9865132570266724
典型寿命,MATR_b3c27,850.0,20,hybridpatch_v2,410,0.9853329062461853,0.9847495555877686,0.9764401316642761,0.9864819049835205
典型寿命,MATR_b3c27,850.0,20,hybridpatch_v2,411,0.9852941036224365,0.9847128987312317,0.9763879776000977,0.9864506125450134
典型寿命,MATR_b3c27,850.0,20,hybridpatch_v2,412,0.9852780103683472,0.9846762418746948,0.9763358235359192,0.9864192605018616
典型寿命,MATR_b3c27,850.0,20,hybridpatch_v2,413,0.9851264357566833,0.9846396446228027,0.9762836694717407,0.9863879680633545
典型寿命,MATR_b3c27,850.0,20,hybridpatch_v2,414,0.9851758480072021,0.9846029877662659,0.9762315154075623,0.9863566756248474
典型寿命,MATR_b3c27,850.0,20,hybridpatch_v2,415,0.9849665760993958,0.9845663905143738,0.9761794209480286,0.9863253831863403
典型寿命,MATR_b3c27,850.0,20,hybridpatch_v2,416,0.9850062131881714,0.9845297932624817,0.9761273264884949,0.986294150352478
典型寿命,MATR_b3c27,850.0,20,hybridpatch_v2,417,0.9847915172576904,0.9844931960105896,0.9760752320289612,0.986262857913971
典型寿命,MATR_b3c27,850.0,20,hybridpatch_v2,418,0.9848352074623108,0.9844565987586975,0.9760231971740723,0.9862316250801086
典型寿命,MATR_b3c27,850.0,20,hybridpatch_v2,419,0.9847593903541565,0.9844200015068054,0.9759711623191833,0.9862003326416016
典型寿命,MATR_b3c27,850.0,20,hybridpatch_v2,420,0.9845376014709473,0.9843834638595581,0.9759191274642944,0.9861690998077393
典型寿命,MATR_b3c27,850.0,20,hybridpatch_v2,421,0.9835034012794495,0.984346866607666,0.9758670926094055,0.9861379265785217
典型寿命,MATR_b3c27,850.0,20,hybridpatch_v2,422,0.9845863580703735,0.9843103289604187,0.9758151173591614,0.9861066937446594
典型寿命,MATR_b3c27,850.0,20,hybridpatch_v2,423,0.9845355153083801,0.9842737913131714,0.9757631421089172,0.9860754609107971
典型寿命,MATR_b3c27,850.0,20,hybridpatch_v2,424,0.9844468235969543,0.9842372536659241,0.9757111668586731,0.9860442876815796
典型寿命,MATR_b3c27,850.0,20,hybridpatch_v2,425,0.9843245148658752,0.9842007756233215,0.9756592512130737,0.9860131144523621
典型寿命,MATR_b3c27,850.0,20,hybridpatch_v2,426,0.9842846989631653,0.9841642379760742,0.9756072759628296,0.9859803915023804
典型寿命,MATR_b3c27,850.0,20,hybridpatch_v2,427,0.9841451644897461,0.9841277599334717,0.975555419921875,0.9859438538551331
典型寿命,MATR_b3c27,850.0,20,hybridpatch_v2,428,0.984069287776947,0.9840912222862244,0.9755035042762756,0.9859035015106201
典型寿命,MATR_b3c27,850.0,20,hybridpatch_v2,429,0.9839566349983215,0.9840547442436218,0.9754515886306763,0.9858592748641968
典型寿命,MATR_b3c27,850.0,20,hybridpatch_v2,430,0.9840392470359802,0.9840182662010193,0.9753997325897217,0.985811173915863
典型寿命,MATR_b3c27,850.0,20,hybridpatch_v2,431,0.9838882088661194,0.9839817881584167,0.9753478765487671,0.9857591986656189
典型寿命,MATR_b3c27,850.0,20,hybridpatch_v2,432,0.9839063882827759,0.983945369720459,0.9752960801124573,0.9857034087181091
典型寿命,MATR_b3c27,850.0,20,hybridpatch_v2,433,0.9839441180229187,0.9839088916778564,0.9752442240715027,0.985643744468689
典型寿命,MATR_b3c27,850.0,20,hybridpatch_v2,434,0.9838820099830627,0.9838724732398987,0.9751924276351929,0.9855802655220032
典型寿命,MATR_b3c27,850.0,20,hybridpatch_v2,435,0.9837220311164856,0.9838360548019409,0.9751406908035278,0.985512912273407
典型寿命,MATR_b3c27,850.0,20,hybridpatch_v2,436,0.9836921095848083,0.9837996363639832,0.975088894367218,0.9854416847229004
典型寿命,MATR_b3c27,850.0,20,hybridpatch_v2,437,0.9835492372512817,0.9837632179260254,0.975037157535553,0.9853666424751282
典型寿命,MATR_b3c27,850.0,20,hybridpatch_v2,438,0.9835712909698486,0.9837157726287842,0.9749854207038879,0.9852877259254456
典型寿命,MATR_b3c27,850.0,20,hybridpatch_v2,439,0.9833914637565613,0.9836528897285461,0.9749299883842468,0.9852049946784973
典型寿命,MATR_b3c27,850.0,20,hybridpatch_v2,440,0.9833123683929443,0.9835878610610962,0.9748669266700745,0.9851183891296387
典型寿命,MATR_b3c27,850.0,20,hybridpatch_v2,441,0.9831668734550476,0.9835206866264343,0.9747961759567261,0.9850279092788696
典型寿命,MATR_b3c27,850.0,20,hybridpatch_v2,442,0.98319411277771,0.9834514856338501,0.9747177362442017,0.9849335551261902
典型寿命,MATR_b3c27,850.0,20,hybridpatch_v2,443,0.9829070568084717,0.9833800792694092,0.974631667137146,0.9848353862762451
典型寿命,MATR_b3c27,850.0,20,hybridpatch_v2,444,0.9828133583068848,0.9833065867424011,0.9745378494262695,0.9847334027290344
典型寿命,MATR_b3c27,850.0,20,hybridpatch_v2,445,0.9828292727470398,0.9832310080528259,0.9744364023208618,0.9846274852752686
典型寿命,MATR_b3c27,850.0,20,hybridpatch_v2,446,0.9828000664710999,0.9831532835960388,0.9743273258209229,0.9845177531242371
典型寿命,MATR_b3c27,850.0,20,hybridpatch_v2,447,0.9828336238861084,0.9830734133720398,0.9742105603218079,0.9844042062759399
典型寿命,MATR_b3c27,850.0,20,hybridpatch_v2,448,0.9825354814529419,0.9829914569854736,0.9740860462188721,0.9842867255210876
典型寿命,MATR_b3c27,850.0,20,hybridpatch_v2,449,0.9824137687683105,0.9829074144363403,0.9739539623260498,0.9841654300689697
典型寿命,MATR_b3c27,850.0,20,hybridpatch_v2,450,0.982484757900238,0.9828212261199951,0.9738141298294067,0.9840403199195862
典型寿命,MATR_b3c27,850.0,20,hybridpatch_v2,451,0.9823476672172546,0.982732892036438,0.9736666679382324,0.9839113354682922
典型寿命,MATR_b3c27,850.0,20,hybridpatch_v2,452,0.9822272658348083,0.9826424717903137,0.9735115170478821,0.9837784767150879
典型寿命,MATR_b3c27,850.0,20,hybridpatch_v2,453,0.9821023344993591,0.9825499057769775,0.9733486771583557,0.9836417436599731
典型寿命,MATR_b3c27,850.0,20,hybridpatch_v2,454,0.9819796085357666,0.9824552536010742,0.9731782078742981,0.9835011959075928
典型寿命,MATR_b3c27,850.0,20,hybridpatch_v2,455,0.9820114374160767,0.982358455657959,0.9729999899864197,0.983356773853302
典型寿命,MATR_b3c27,850.0,20,hybridpatch_v2,456,0.9820004105567932,0.9822595715522766,0.97281414270401,0.9832085371017456
典型寿命,MATR_b3c27,850.0,20,hybridpatch_v2,457,0.9818207025527954,0.9821585416793823,0.9726206660270691,0.9830564260482788
典型寿命,MATR_b3c27,850.0,20,hybridpatch_v2,458,0.9819292426109314,0.9820554256439209,0.9724194407463074,0.9829811453819275
典型寿命,MATR_b3c27,850.0,20,hybridpatch_v2,459,0.9817846417427063,0.9819501638412476,0.9722105860710144,0.9829307198524475
典型寿命,MATR_b3c27,850.0,20,hybridpatch_v2,460,0.9817654490470886,0.9818428158760071,0.9719940423965454,0.9828764796257019
典型寿命,MATR_b3c27,850.0,20,hybridpatch_v2,461,0.9817853569984436,0.9817333221435547,0.9717698097229004,0.9828183650970459
典型寿命,MATR_b3c27,850.0,20,hybridpatch_v2,462,0.981682300567627,0.9816217422485352,0.9715379476547241,0.9827563166618347
典型寿命,MATR_b3c27,850.0,20,hybridpatch_v2,463,0.9815744757652283,0.9815080165863037,0.9712983965873718,0.9826904535293579
典型寿命,MATR_b3c27,850.0,20,hybridpatch_v2,464,0.9814950227737427,0.9813921451568604,0.9710511565208435,0.9826207160949707
典型寿命,MATR_b3c27,850.0,20,hybridpatch_v2,465,0.9814639687538147,0.9812741875648499,0.9707962274551392,0.9825471043586731
典型寿命,MATR_b3c27,850.0,20,hybridpatch_v2,466,0.9814269542694092,0.9811540842056274,0.9705336689949036,0.9824696779251099
典型寿命,MATR_b3c27,850.0,20,hybridpatch_v2,467,0.9814719557762146,0.9810318946838379,0.9702634215354919,0.9823883175849915
典型寿命,MATR_b3c27,850.0,20,hybridpatch_v2,468,0.9812369346618652,0.9809076189994812,0.9699854850769043,0.9823031425476074
典型寿命,MATR_b3c27,850.0,20,hybridpatch_v2,469,0.9811745882034302,0.9807811379432678,0.9696998596191406,0.9822140336036682
典型寿命,MATR_b3c27,850.0,20,hybridpatch_v2,470,0.9811968207359314,0.9806526303291321,0.9694066047668457,0.9821211099624634
典型寿命,MATR_b3c27,850.0,20,hybridpatch_v2,471,0.9809737801551819,0.9805219173431396,0.9691056609153748,0.9820243120193481
典型寿命,MATR_b3c27,850.0,20,hybridpatch_v2,472,0.9808966517448425,0.9803122878074646,0.9687970280647278,0.9819236397743225
典型寿命,MATR_b3c27,850.0,20,hybridpatch_v2,473,0.9807905554771423,0.9800985455513,0.9684807062149048,0.9818190932273865
典型寿命,MATR_b3c27,850.0,20,hybridpatch_v2,474,0.980705738067627,0.9798809289932251,0.9681567549705505,0.98171067237854
典型寿命,MATR_b3c27,850.0,20,hybridpatch_v2,475,0.9806553721427917,0.9796594381332397,0.9678251147270203,0.981598436832428
典型寿命,MATR_b3c27,850.0,20,hybridpatch_v2,476,0.9805067777633667,0.979434072971344,0.967485785484314,0.9814822673797607
典型寿命,MATR_b3c27,850.0,20,hybridpatch_v2,477,0.9803975820541382,0.9792048931121826,0.9671387672424316,0.9813622832298279
典型寿命,MATR_b3c27,850.0,20,hybridpatch_v2,478,0.9804857969284058,0.9789718985557556,0.9667841196060181,0.9812384247779846
典型寿命,MATR_b3c27,850.0,20,hybridpatch_v2,479,0.9802981019020081,0.9787349700927734,0.9664217829704285,0.981110692024231
典型寿命,MATR_b3c27,850.0,20,hybridpatch_v2,480,0.980288028717041,0.9784942269325256,0.9660517573356628,0.9809790849685669
典型寿命,MATR_b3c27,850.0,20,hybridpatch_v2,481,0.9801800847053528,0.9782496094703674,0.9656740427017212,0.9808436036109924
典型寿命,MATR_b3c27,850.0,20,hybridpatch_v2,482,0.9800806641578674,0.9780011773109436,0.9652886986732483,0.9807042479515076
典型寿命,MATR_b3c27,850.0,20,hybridpatch_v2,483,0.9800735712051392,0.9777488708496094,0.9648956656455994,0.9805610179901123
典型寿命,MATR_b3c27,850.0,20,hybridpatch_v2,484,0.978834331035614,0.9774926900863647,0.9644949436187744,0.9804139733314514
典型寿命,MATR_b3c27,850.0,20,hybridpatch_v2,485,0.97984778881073,0.9772326946258545,0.9640865325927734,0.9802630543708801
典型寿命,MATR_b3c27,850.0,20,hybridpatch_v2,486,0.9796968698501587,0.9769688248634338,0.9636704325675964,0.9801082015037537
典型寿命,MATR_b3c27,850.0,20,hybridpatch_v2,487,0.9797373414039612,0.9767010807991028,0.9632467031478882,0.9799495339393616
典型寿命,MATR_b3c27,850.0,20,hybridpatch_v2,488,0.9794347286224365,0.9764295220375061,0.9628152847290039,0.9797869920730591
典型寿命,MATR_b3c27,850.0,20,hybridpatch_v2,489,0.9794743061065674,0.976154088973999,0.9623762369155884,0.9796205759048462
典型寿命,MATR_b3c27,850.0,20,hybridpatch_v2,490,0.9793210029602051,0.9758747816085815,0.961929440498352,0.9794503450393677
典型寿命,MATR_b3c27,850.0,20,hybridpatch_v2,491,0.9790242314338684,0.9755916595458984,0.9614750146865845,0.979276180267334
典型寿命,MATR_b3c27,850.0,20,hybridpatch_v2,492,0.9789215922355652,0.9753046631813049,0.9610128998756409,0.9790981411933899
典型寿命,MATR_b3c27,850.0,20,hybridpatch_v2,493,0.9788973331451416,0.9750138521194458,0.9605430960655212,0.9789162874221802
典型寿命,MATR_b3c27,850.0,20,hybridpatch_v2,494,0.9786967635154724,0.9747191071510315,0.9600656032562256,0.9787305593490601
典型寿命,MATR_b3c27,850.0,20,hybridpatch_v2,495,0.9787073135375977,0.9744205474853516,0.9595804810523987,0.9785409569740295
典型寿命,MATR_b3c27,850.0,20,hybridpatch_v2,496,0.9785845279693604,0.974118173122406,0.9590876698493958,0.9783474802970886
典型寿命,MATR_b3c27,850.0,20,hybridpatch_v2,497,0.97842937707901,0.9738118648529053,0.9585871696472168,0.9781501293182373
典型寿命,MATR_b3c27,850.0,20,hybridpatch_v2,498,0.9783317446708679,0.9735017418861389,0.9580790400505066,0.9779489040374756
典型寿命,MATR_b3c27,850.0,20,hybridpatch_v2,499,0.9782916307449341,0.9731878042221069,0.9575631618499756,0.9777438044548035
典型寿命,MATR_b3c27,850.0,20,hybridpatch_v2,500,0.97808438539505,0.9728699922561646,0.9570396542549133,0.977534830570221
典型寿命,MATR_b3c27,850.0,150,current_hybrid,151,0.9987666606903076,0.9980488419532776,0.9979314208030701,0.9982142448425293
典型寿命,MATR_b3c27,850.0,150,current_hybrid,152,0.9986873865127563,0.9976857900619507,0.9975247979164124,0.9979221820831299
典型寿命,MATR_b3c27,850.0,150,current_hybrid,153,0.998603105545044,0.9973908066749573,0.9971984028816223,0.997682511806488
典型寿命,MATR_b3c27,850.0,150,current_hybrid,154,0.998565673828125,0.9971309900283813,0.9969135522842407,0.9974700212478638
典型寿命,MATR_b3c27,850.0,150,current_hybrid,155,0.9985237717628479,0.9968936443328857,0.9966552257537842,0.9972748160362244
典型寿命,MATR_b3c27,850.0,150,current_hybrid,156,0.9984743595123291,0.9966723322868347,0.9964156150817871,0.9970920085906982
典型寿命,MATR_b3c27,850.0,150,current_hybrid,157,0.9984472990036011,0.9964630603790283,0.9961903691291809,0.9969184994697571
典型寿命,MATR_b3c27,850.0,150,current_hybrid,158,0.9984409213066101,0.9962634444236755,0.995976448059082,0.9967524409294128
典型寿命,MATR_b3c27,850.0,150,current_hybrid,159,0.9983546733856201,0.9960716366767883,0.9957717061042786,0.9965923428535461
典型寿命,MATR_b3c27,850.0,150,current_hybrid,160,0.9982888698577881,0.9958864450454712,0.9955747723579407,0.9964373707771301
典型寿命,MATR_b3c27,850.0,150,current_hybrid,161,0.9982860088348389,0.9957067370414734,0.9953843951225281,0.9962867498397827
典型寿命,MATR_b3c27,850.0,150,current_hybrid,162,0.998195469379425,0.9955319762229919,0.9951996803283691,0.9961397647857666
典型寿命,MATR_b3c27,850.0,150,current_hybrid,163,0.9981334805488586,0.9953614473342896,0.9950200319290161,0.9959961771965027
典型寿命,MATR_b3c27,850.0,150,current_hybrid,164,0.9980218410491943,0.995194673538208,0.9948447942733765,0.995855450630188
典型寿命,MATR_b3c27,850.0,150,current_hybrid,165,0.9979817867279053,0.9950312376022339,0.9946736097335815,0.9957173466682434
典型寿命,MATR_b3c27,850.0,150,current_hybrid,166,0.9977903962135315,0.9948709011077881,0.9945059418678284,0.9955815672874451
典型寿命,MATR_b3c27,850.0,150,current_hybrid,167,0.9978469014167786,0.9947133660316467,0.9943415522575378,0.9954478740692139
典型寿命,MATR_b3c27,850.0,150,current_hybrid,168,0.9978299140930176,0.9945582747459412,0.9941801428794861,0.995316207408905
典型寿命,MATR_b3c27,850.0,150,current_hybrid,169,0.9978505373001099,0.9944055080413818,0.994021475315094,0.9951862692832947
典型寿命,MATR_b3c27,850.0,150,current_hybrid,170,0.9978734254837036,0.9942548871040344,0.9938652515411377,0.995058000087738
典型寿命,MATR_b3c27,850.0,150,current_hybrid,171,0.9979044198989868,0.9941062927246094,0.9937114119529724,0.9949312806129456
典型寿命,MATR_b3c27,850.0,150,current_hybrid,172,0.9979170560836792,0.9939594268798828,0.993559718132019,0.9948059320449829
典型寿命,MATR_b3c27,850.0,150,current_hybrid,173,0.9978792071342468,0.9938143491744995,0.993410050868988,0.9946818947792053
典型寿命,MATR_b3c27,850.0,150,current_hybrid,174,0.9978238344192505,0.9936708807945251,0.9932622909545898,0.994559109210968
典型寿命,MATR_b3c27,850.0,150,current_hybrid,175,0.9977421760559082,0.9935289025306702,0.9931162595748901,0.994437575340271
典型寿命,MATR_b3c27,850.0,150,current_hybrid,176,0.9977346658706665,0.993388295173645,0.9929718971252441,0.9943170547485352
典型寿命,MATR_b3c27,850.0,150,current_hybrid,177,0.9976266622543335,0.9932490587234497,0.9928291440010071,0.9941975474357605
典型寿命,MATR_b3c27,850.0,150,current_hybrid,178,0.99764484167099,0.9931110739707947,0.9926878213882446,0.994079053401947
典型寿命,MATR_b3c27,850.0,150,current_hybrid,179,0.9975373148918152,0.9929742813110352,0.9925479292869568,0.9939614534378052
典型寿命,MATR_b3c27,850.0,150,current_hybrid,180,0.9975336194038391,0.9928386211395264,0.992409348487854,0.9938446879386902
典型寿命,MATR_b3c27,850.0,150,current_hybrid,181,0.9975221753120422,0.9927040338516235,0.992272138595581,0.9937288165092468
典型寿命,MATR_b3c27,850.0,150,current_hybrid,182,0.9975572824478149,0.9925704598426819,0.9921360611915588,0.9936137199401855
典型寿命,MATR_b3c27,850.0,150,current_hybrid,183,0.9975464344024658,0.9924378991127014,0.9920011162757874,0.9934993982315063
典型寿命,MATR_b3c27,850.0,150,current_hybrid,184,0.9973300695419312,0.9923062324523926,0.9918672442436218,0.9933857321739197
典型寿命,MATR_b3c27,850.0,150,current_hybrid,185,0.9973409175872803,0.9921754598617554,0.9917344450950623,0.9932727813720703
典型寿命,MATR_b3c27,850.0,150,current_hybrid,186,0.997270405292511,0.992045521736145,0.9916026592254639,0.9931605458259583
典型寿命,MATR_b3c27,850.0,150,current_hybrid,187,0.9973055720329285,0.9919164776802063,0.9914718866348267,0.9930488467216492
典型寿命,MATR_b3c27,850.0,150,current_hybrid,188,0.9971559643745422,0.9917882084846497,0.9913420081138611,0.9929378628730774
典型寿命,MATR_b3c27,850.0,150,current_hybrid,189,0.9970271587371826,0.9916606545448303,0.9912129640579224,0.9928274154663086
典型寿命,MATR_b3c27,850.0,150,current_hybrid,190,0.9970412850379944,0.9915338158607483,0.9910848140716553,0.9927175045013428
典型寿命,MATR_b3c27,850.0,150,current_hybrid,191,0.9969699382781982,0.9914076328277588,0.9909575581550598,0.9926081895828247
典型寿命,MATR_b3c27,850.0,150,current_hybrid,192,0.9969692826271057,0.9912822246551514,0.9908309578895569,0.9924992918968201
典型寿命,MATR_b3c27,850.0,150,current_hybrid,193,0.9969084858894348,0.9911574125289917,0.9907051920890808,0.9923909902572632
典型寿命,MATR_b3c27,850.0,150,current_hybrid,194,0.9968305230140686,0.9910332560539246,0.990580141544342,0.9922831058502197
典型寿命,MATR_b3c27,850.0,150,current_hybrid,195,0.996704638004303,0.9909096956253052,0.9904558658599854,0.9921757578849792
典型寿命,MATR_b3c27,850.0,150,current_hybrid,196,0.9965966939926147,0.9907867312431335,0.9903322458267212,0.9920688271522522
典型寿命,MATR_b3c27,850.0,150,current_hybrid,197,0.9965272545814514,0.9906643033027649,0.9902092814445496,0.9919623136520386
典型寿命,MATR_b3c27,850.0,150,current_hybrid,198,0.9964454770088196,0.9905424118041992,0.9900869727134705,0.9918563365936279
典型寿命,MATR_b3c27,850.0,150,current_hybrid,199,0.9962608814239502,0.9904210567474365,0.9899652600288391,0.9917506575584412
典型寿命,MATR_b3c27,850.0,150,current_hybrid,200,0.9961469173431396,0.9903002977371216,0.9898442625999451,0.9916453957557678
典型寿命,MATR_b3c27,850.0,150,current_hybrid,201,0.9960752725601196,0.9901800155639648,0.9897237420082092,0.9915405511856079
典型寿命,MATR_b3c27,850.0,150,current_hybrid,202,0.9961390495300293,0.9900601506233215,0.9896038174629211,0.9914360642433167
典型寿命,MATR_b3c27,850.0,150,current_hybrid,203,0.994995653629303,0.9899408221244812,0.9894844889640808,0.991331934928894
典型寿命,MATR_b3c27,850.0,150,current_hybrid,204,0.9960360527038574,0.9898218512535095,0.9893656373023987,0.9912281632423401
典型寿命,MATR_b3c27,850.0,150,current_hybrid,205,0.9960820078849792,0.9897034168243408,0.9892473220825195,0.9911247491836548
典型寿命,MATR_b3c27,850.0,150,current_hybrid,206,0.996094286441803,0.9895854592323303,0.9891295433044434,0.9910216927528381
典型寿命,MATR_b3c27,850.0,150,current_hybrid,207,0.9960638880729675,0.9894677996635437,0.9890119433403015,0.9909188747406006
典型寿命,MATR_b3c27,850.0,150,current_hybrid,208,0.9959977865219116,0.9893506169319153,0.9888947010040283,0.9908164739608765
典型寿命,MATR_b3c27,850.0,150,current_hybrid,209,0.9959322810173035,0.9892338514328003,0.9887779355049133,0.9907143115997314
典型寿命,MATR_b3c27,850.0,150,current_hybrid,210,0.995769739151001,0.9891175031661987,0.9886616468429565,0.9906125068664551
典型寿命,MATR_b3c27,850.0,150,current_hybrid,211,0.9957791566848755,0.989001452922821,0.9885457754135132,0.9905109405517578
典型寿命,MATR_b3c27,850.0,150,current_hybrid,212,0.9959514737129211,0.9888858199119568,0.9884303212165833,0.9904097318649292
典型寿命,MATR_b3c27,850.0,150,current_hybrid,213,0.9958555102348328,0.9887705445289612,0.9883153438568115,0.9903087615966797
典型寿命,MATR_b3c27,850.0,150,current_hybrid,214,0.9957239031791687,0.9886556267738342,0.9882007837295532,0.9902080297470093
典型寿命,MATR_b3c27,850.0,150,current_hybrid,215,0.9957995414733887,0.9885410666465759,0.9880865812301636,0.9901076555252075
典型寿命,MATR_b3c27,850.0,150,current_hybrid,216,0.9957985877990723,0.9884268045425415,0.9879727959632874,0.9900075197219849
典型寿命,MATR_b3c27,850.0,150,current_hybrid,217,0.9958599805831909,0.9883129000663757,0.9878593683242798,0.9899076223373413
典型寿命,MATR_b3c27,850.0,150,current_hybrid,218,0.9958066940307617,0.9881993532180786,0.9877463579177856,0.9898079633712769
典型寿命,MATR_b3c27,850.0,150,current_hybrid,219,0.9957842826843262,0.9880860447883606,0.9876337051391602,0.9897084832191467
典型寿命,MATR_b3c27,850.0,150,current_hybrid,220,0.9955936074256897,0.9879730939865112,0.9875214099884033,0.9896093606948853
典型寿命,MATR_b3c27,850.0,150,current_hybrid,221,0.9956454038619995,0.9878604412078857,0.9874094724655151,0.9895104169845581
典型寿命,MATR_b3c27,850.0,150,current_hybrid,222,0.9954784512519836,0.9877480864524841,0.9872978925704956,0.9894117116928101
典型寿命,MATR_b3c27,850.0,150,current_hybrid,223,0.9955028295516968,0.9876360297203064,0.9871866106987,0.9893132448196411
典型寿命,MATR_b3c27,850.0,150,current_hybrid,224,0.9953975677490234,0.9875242114067078,0.987075686454773,0.9892149567604065
典型寿命,MATR_b3c27,850.0,150,current_hybrid,225,0.9954829812049866,0.987412691116333,0.9869651198387146,0.9891169667243958
典型寿命,MATR_b3c27,850.0,150,current_hybrid,226,0.9953851699829102,0.9873014688491821,0.9868548512458801,0.9890191555023193
典型寿命,MATR_b3c27,850.0,150,current_hybrid,227,0.9952824115753174,0.9871905446052551,0.9867448806762695,0.9889214634895325
典型寿命,MATR_b3c27,850.0,150,current_hybrid,228,0.9953516125679016,0.9870797991752625,0.9866352081298828,0.9888240694999695
典型寿命,MATR_b3c27,850.0,150,current_hybrid,229,0.9953472018241882,0.9869693517684937,0.98652583360672,0.988726794719696
典型寿命,MATR_b3c27,850.0,150,current_hybrid,230,0.9951569437980652,0.986859142780304,0.986416757106781,0.9886298179626465
典型寿命,MATR_b3c27,850.0,150,current_hybrid,231,0.9951522946357727,0.9867492318153381,0.9863079786300659,0.9885329604148865
典型寿命,MATR_b3c27,850.0,150,current_hybrid,232,0.9951997399330139,0.9866394996643066,0.9861994981765747,0.9884363412857056
典型寿命,MATR_b3c27,850.0,150,current_hybrid,233,0.9951683878898621,0.986530065536499,0.9860912561416626,0.988339900970459
典型寿命,MATR_b3c27,850.0,150,current_hybrid,234,0.9940551519393921,0.9864208698272705,0.9859833121299744,0.988243579864502
典型寿命,MATR_b3c27,850.0,150,current_hybrid,235,0.9951890110969543,0.9863118529319763,0.98587566614151,0.9881475567817688
典型寿命,MATR_b3c27,850.0,150,current_hybrid,236,0.9950355291366577,0.9862030744552612,0.9857682585716248,0.9880515933036804
典型寿命,MATR_b3c27,850.0,150,current_hybrid,237,0.994956374168396,0.9860945343971252,0.9856610894203186,0.9879558682441711
典型寿命,MATR_b3c27,850.0,150,current_hybrid,238,0.9949939250946045,0.9859862327575684,0.9855542182922363,0.9878602623939514
典型寿命,MATR_b3c27,850.0,150,current_hybrid,239,0.9948842525482178,0.9858781099319458,0.9854475259780884,0.987764835357666
典型寿命,MATR_b3c27,850.0,150,current_hybrid,240,0.994928777217865,0.9857702255249023,0.9853411316871643,0.9876696467399597
典型寿命,MATR_b3c27,850.0,150,current_hybrid,241,0.9947547912597656,0.9856624603271484,0.9852349758148193,0.9875745177268982
典型寿命,MATR_b3c27,850.0,150,current_hybrid,242,0.9946678876876831,0.9855549931526184,0.9851291179656982,0.987479567527771
典型寿命,MATR_b3c27,850.0,150,current_hybrid,243,0.994722843170166,0.9854477643966675,0.9850234389305115,0.9873848557472229
典型寿命,MATR_b3c27,850.0,150,current_hybrid,244,0.994607150554657,0.9853406548500061,0.984917938709259,0.9872902035713196
典型寿命,MATR_b3c27,850.0,150,current_hybrid,245,0.9945569038391113,0.9852337837219238,0.9848127365112305,0.9871957898139954
典型寿命,MATR_b3c27,850.0,150,current_hybrid,246,0.9944738149642944,0.9851270914077759,0.9847077131271362,0.9871014356613159
典型寿命,MATR_b3c27,850.0,150,current_hybrid,247,0.994558572769165,0.9850205183029175,0.9846029877662659,0.9870072603225708
典型寿命,MATR_b3c27,850.0,150,current_hybrid,248,0.9944944381713867,0.984914243221283,0.9844983816146851,0.9869132041931152
典型寿命,MATR_b3c27,850.0,150,current_hybrid,249,0.9945691227912903,0.984808087348938,0.9843940138816833,0.986819326877594
典型寿命,MATR_b3c27,850.0,150,current_hybrid,250,0.994412899017334,0.9847021102905273,0.9842898845672607,0.9867255687713623
典型寿命,MATR_b3c27,850.0,150,current_hybrid,251,0.9945215582847595,0.984596312046051,0.9841859936714172,0.9866319894790649
典型寿命,MATR_b3c27,850.0,150,current_hybrid,252,0.9945160150527954,0.984490692615509,0.9840822815895081,0.9865385890007019
典型寿命,MATR_b3c27,850.0,150,current_hybrid,253,0.9943787455558777,0.9843852519989014,0.9839786887168884,0.9864452481269836
典型寿命,MATR_b3c27,850.0,150,current_hybrid,254,0.9943690299987793,0.984279990196228,0.9838754534721375,0.9863520264625549
典型寿命,MATR_b3c27,850.0,150,current_hybrid,255,0.9943150877952576,0.984174907207489,0.9837722778320312,0.9862589240074158
典型寿命,MATR_b3c27,850.0,150,current_hybrid,256,0.9942899346351624,0.9840700030326843,0.9836693406105042,0.9861660003662109
典型寿命,MATR_b3c27,850.0,150,current_hybrid,257,0.9942818284034729,0.9839652180671692,0.9835665822029114,0.9860731959342957
典型寿命,MATR_b3c27,850.0,150,current_hybrid,258,0.9942390322685242,0.9838606119155884,0.9834640026092529,0.9859805107116699
典型寿命,MATR_b3c27,850.0,150,current_hybrid,259,0.9941955208778381,0.9837561845779419,0.9833616614341736,0.9858879446983337
典型寿命,MATR_b3c27,850.0,150,current_hybrid,260,0.9942348003387451,0.983651876449585,0.9832594394683838,0.9857954978942871
典型寿命,MATR_b3c27,850.0,150,current_hybrid,261,0.9940961599349976,0.9835477471351624,0.9831573963165283,0.98570317029953
典型寿命,MATR_b3c27,850.0,150,current_hybrid,262,0.9940595626831055,0.9834437370300293,0.9830556511878967,0.9856109619140625
典型寿命,MATR_b3c27,850.0,150,current_hybrid,263,0.9940061569213867,0.9833399057388306,0.9829539060592651,0.9855188727378845
典型寿命,MATR_b3c27,850.0,150,current_hybrid,264,0.9939449429512024,0.9832361936569214,0.9828524589538574,0.9854269027709961
典型寿命,MATR_b3c27,850.0,150,current_hybrid,265,0.9928146600723267,0.9831327199935913,0.9827511310577393,0.9853350520133972
典型寿命,MATR_b3c27,850.0,150,current_hybrid,266,0.9938430190086365,0.983029305934906,0.9826499819755554,0.9852433204650879
典型寿命,MATR_b3c27,850.0,150,current_hybrid,267,0.9937976002693176,0.982926070690155,0.9825490117073059,0.9851516485214233
典型寿命,MATR_b3c27,850.0,150,current_hybrid,268,0.9935867190361023,0.9828228950500488,0.9824482202529907,0.9850601553916931
典型寿命,MATR_b3c27,850.0,150,current_hybrid,269,0.9935459494590759,0.9827199578285217,0.9823474884033203,0.9849687218666077
典型寿命,MATR_b3c27,850.0,150,current_hybrid,270,0.993531346321106,0.9826171398162842,0.9822470545768738,0.9848774075508118
典型寿命,MATR_b3c27,850.0,150,current_hybrid,271,0.9935974478721619,0.9825143814086914,0.982146680355072,0.9847861528396606
典型寿命,MATR_b3c27,850.0,150,current_hybrid,272,0.9936434030532837,0.9824118614196777,0.9820464849472046,0.9846950769424438
典型寿命,MATR_b3c27,850.0,150,current_hybrid,273,0.9935636520385742,0.9823094010353088,0.9819464683532715,0.9846041202545166
典型寿命,MATR_b3c27,850.0,150,current_hybrid,274,0.993435800075531,0.9822071194648743,0.9818465709686279,0.9845132231712341
典型寿命,MATR_b3c27,850.0,150,current_hybrid,275,0.9931511878967285,0.9821049571037292,0.9817468523979187,0.9844224452972412
典型寿命,MATR_b3c27,850.0,150,current_hybrid,276,0.9930656552314758,0.9820029139518738,0.9816473126411438,0.9843317270278931
典型寿命,MATR_b3c27,850.0,150,current_hybrid,277,0.992995023727417,0.9819009900093079,0.9815478324890137,0.9842411279678345
典型寿命,MATR_b3c27,850.0,150,current_hybrid,278,0.9929528832435608,0.9817991852760315,0.9814485907554626,0.9841506481170654
典型寿命,MATR_b3c27,850.0,150,current_hybrid,279,0.992993175983429,0.9816975593566895,0.9813494682312012,0.9840602278709412
典型寿命,MATR_b3c27,850.0,150,current_hybrid,280,0.9929967522621155,0.9815959334373474,0.9812504053115845,0.9839699268341064
典型寿命,MATR_b3c27,850.0,150,current_hybrid,281,0.9929366111755371,0.9814945459365845,0.9811515808105469,0.9838796854019165
典型寿命,MATR_b3c27,850.0,150,current_hybrid,282,0.9928833842277527,0.9813932776451111,0.981052815914154,0.9837895631790161
典型寿命,MATR_b3c27,850.0,150,current_hybrid,283,0.9928405284881592,0.9812920093536377,0.9809542894363403,0.9836995601654053
典型寿命,MATR_b3c27,850.0,150,current_hybrid,284,0.9927703738212585,0.9811909794807434,0.9808557629585266,0.9836096167564392
典型寿命,MATR_b3c27,850.0,150,current_hybrid,285,0.9927195310592651,0.9810900092124939,0.980757474899292,0.9835197329521179
典型寿命,MATR_b3c27,850.0,150,current_hybrid,286,0.9927261471748352,0.9809891581535339,0.9806593060493469,0.983430027961731
典型寿命,MATR_b3c27,850.0,150,current_hybrid,287,0.9926982522010803,0.9808884263038635,0.9805612564086914,0.983340322971344
典型寿命,MATR_b3c27,850.0,150,current_hybrid,288,0.9926444292068481,0.9807878136634827,0.9804633259773254,0.9832507371902466
典型寿命,MATR_b3c27,850.0,150,current_hybrid,289,0.9925565719604492,0.9806873202323914,0.980365514755249,0.9831612706184387
典型寿命,MATR_b3c27,850.0,150,current_hybrid,290,0.9925367832183838,0.9805868864059448,0.9802678227424622,0.9830718040466309
典型寿命,MATR_b3c27,850.0,150,current_hybrid,291,0.9924455881118774,0.9804865717887878,0.9801703095436096,0.9829825162887573
典型寿命,MATR_b3c27,850.0,150,current_hybrid,292,0.9924544095993042,0.9803864359855652,0.9800728559494019,0.9828932285308838
典型寿命,MATR_b3c27,850.0,150,current_hybrid,293,0.9922347664833069,0.9802863597869873,0.9799755811691284,0.9828040599822998
典型寿命,MATR_b3c27,850.0,150,current_hybrid,294,0.9921376705169678,0.9801863431930542,0.9798784255981445,0.9827149510383606
典型寿命,MATR_b3c27,850.0,150,current_hybrid,295,0.99204021692276,0.9800865054130554,0.9797813892364502,0.9826259613037109
典型寿命,MATR_b3c27,850.0,150,current_hybrid,296,0.9919640421867371,0.9799867272377014,0.9796844124794006,0.9825370907783508
典型寿命,MATR_b3c27,850.0,150,current_hybrid,297,0.9920408129692078,0.979887068271637,0.9795876145362854,0.9824482798576355
典型寿命,MATR_b3c27,850.0,150,current_hybrid,298,0.9919087886810303,0.9797874689102173,0.9794909358024597,0.9823594689369202
典型寿命,MATR_b3c27,850.0,150,current_hybrid,299,0.9918997883796692,0.9796880483627319,0.979394257068634,0.9822707772254944
典型寿命,MATR_b3c27,850.0,150,current_hybrid,300,0.9919230341911316,0.9795886278152466,0.9792978167533875,0.9821822047233582
典型寿命,MATR_b3c27,850.0,150,current_hybrid,301,0.9918978810310364,0.9794893860816956,0.9792014360427856,0.9820936322212219
典型寿命,MATR_b3c27,850.0,150,current_hybrid,302,0.9918153882026672,0.9793902039527893,0.9791051745414734,0.9820051789283752
典型寿命,MATR_b3c27,850.0,150,current_hybrid,303,0.9916985630989075,0.9792910814285278,0.9790090918540955,0.9819168448448181
典型寿命,MATR_b3c27,850.0,150,current_hybrid,304,0.9914634227752686,0.9791920781135559,0.9789130687713623,0.981828510761261
典型寿命,MATR_b3c27,850.0,150,current_hybrid,305,0.9915067553520203,0.9790932536125183,0.9788171648979187,0.9817402958869934
典型寿命,MATR_b3c27,850.0,150,current_hybrid,306,0.991468608379364,0.9789944291114807,0.9787213206291199,0.9816521406173706
典型寿命,MATR_b3c27,850.0,150,current_hybrid,307,0.9914898872375488,0.9788957238197327,0.9786256551742554,0.9815640449523926
典型寿命,MATR_b3c27,850.0,150,current_hybrid,308,0.9912681579589844,0.9787970781326294,0.9785300493240356,0.9814760088920593
典型寿命,MATR_b3c27,850.0,150,current_hybrid,309,0.9913709759712219,0.9786986112594604,0.9784345626831055,0.9813880324363708
典型寿命,MATR_b3c27,850.0,150,current_hybrid,310,0.9911888241767883,0.9786001443862915,0.9783391356468201,0.9813001751899719
典型寿命,MATR_b3c27,850.0,150,current_hybrid,311,0.9913914203643799,0.9785017967224121,0.9782438278198242,0.981212317943573
典型寿命,MATR_b3c27,850.0,150,current_hybrid,312,0.9913922548294067,0.9784035682678223,0.9781486392021179,0.9811246395111084
典型寿命,MATR_b3c27,850.0,150,current_hybrid,313,0.9913116097450256,0.9783053398132324,0.978053629398346,0.9810369610786438
典型寿命,MATR_b3c27,850.0,150,current_hybrid,314,0.9912506937980652,0.9782072305679321,0.977958619594574,0.980949342250824
典型寿命,MATR_b3c27,850.0,150,current_hybrid,315,0.9911345839500427,0.9781093001365662,0.9778637290000916,0.9808617830276489
典型寿命,MATR_b3c27,850.0,150,current_hybrid,316,0.9911251664161682,0.9780113101005554,0.9777688980102539,0.9807743430137634
典型寿命,MATR_b3c27,850.0,150,current_hybrid,317,0.9910640716552734,0.9779135584831238,0.9776742458343506,0.9806869029998779
典型寿命,MATR_b3c27,850.0,150,current_hybrid,318,0.9910472631454468,0.9778157472610474,0.977579653263092,0.980599582195282
典型寿命,MATR_b3c27,850.0,150,current_hybrid,319,0.9909681081771851,0.9777181148529053,0.977485179901123,0.980512261390686
典型寿命,MATR_b3c27,850.0,150,current_hybrid,320,0.9909828901290894,0.9776204824447632,0.9773907661437988,0.9804250597953796
典型寿命,MATR_b3c27,850.0,150,current_hybrid,321,0.9908919334411621,0.9775230288505554,0.9772964715957642,0.980337917804718
典型寿命,MATR_b3c27,850.0,150,current_hybrid,322,0.9908014535903931,0.9774256348609924,0.9772022366523743,0.9802508354187012
典型寿命,MATR_b3c27,850.0,150,current_hybrid,323,0.990738570690155,0.9773282408714294,0.9771081209182739,0.9801638126373291
典型寿命,MATR_b3c27,850.0,150,current_hybrid,324,0.990723192691803,0.977230966091156,0.9770140647888184,0.9800768494606018
典型寿命,MATR_b3c27,850.0,150,current_hybrid,325,0.9906678795814514,0.9771338105201721,0.9769201874732971,0.9799899458885193
典型寿命,MATR_b3c27,850.0,150,current_hybrid,326,0.9905797243118286,0.9770366549491882,0.9768263101577759,0.9799031019210815
典型寿命,MATR_b3c27,850.0,150,current_hybrid,327,0.9891810417175293,0.9769396781921387,0.9767325520515442,0.9798163771629333
典型寿命,MATR_b3c27,850.0,150,current_hybrid,328,0.9902622103691101,0.9768427014350891,0.9766388535499573,0.9797295928001404
典型寿命,MATR_b3c27,850.0,150,current_hybrid,329,0.9902642965316772,0.9767458438873291,0.9765452742576599,0.979642927646637
典型寿命,MATR_b3c27,850.0,150,current_hybrid,330,0.990071177482605,0.9766489863395691,0.9764518141746521,0.9795563220977783
典型寿命,MATR_b3c27,850.0,150,current_hybrid,331,0.9901705384254456,0.9765522480010986,0.9763583540916443,0.9794698357582092
典型寿命,MATR_b3c27,850.0,150,current_hybrid,332,0.9901536107063293,0.9764556288719177,0.9762650728225708,0.9793833494186401
典型寿命,MATR_b3c27,850.0,150,current_hybrid,333,0.9901375770568848,0.9763590693473816,0.9761717915534973,0.9792969226837158
典型寿命,MATR_b3c27,850.0,150,current_hybrid,334,0.9900079965591431,0.9762625694274902,0.9760786294937134,0.9792105555534363
典型寿命,MATR_b3c27,850.0,150,current_hybrid,335,0.9899948239326477,0.9761661291122437,0.975985586643219,0.9791241884231567
典型寿命,MATR_b3c27,850.0,150,current_hybrid,336,0.9897975921630859,0.9760697484016418,0.9758925437927246,0.9790379405021667
典型寿命,MATR_b3c27,850.0,150,current_hybrid,337,0.9898775219917297,0.9759734272956848,0.9757996797561646,0.9789517521858215
典型寿命,MATR_b3c27,850.0,150,current_hybrid,338,0.9897761344909668,0.9758772253990173,0.9757068157196045,0.9788655638694763
典型寿命,MATR_b3c27,850.0,150,current_hybrid,339,0.9896135330200195,0.9757810831069946,0.975614070892334,0.9787795543670654
典型寿命,MATR_b3c27,850.0,150,current_hybrid,340,0.9896140694618225,0.9756850004196167,0.975521445274353,0.9786934852600098
典型寿命,MATR_b3c27,850.0,150,current_hybrid,341,0.989569365978241,0.9755889773368835,0.9754288196563721,0.9786074757575989
典型寿命,MATR_b3c27,850.0,150,current_hybrid,342,0.9895492792129517,0.9754930138587952,0.9753363728523254,0.9785215258598328
典型寿命,MATR_b3c27,850.0,150,current_hybrid,343,0.9894012808799744,0.9753971099853516,0.9752439260482788,0.9784356951713562
典型寿命,MATR_b3c27,850.0,150,current_hybrid,344,0.989400327205658,0.9753012657165527,0.9751515984535217,0.9783496856689453
典型寿命,MATR_b3c27,850.0,150,current_hybrid,345,0.989496111869812,0.9752055406570435,0.9750593304634094,0.9782626628875732
典型寿命,MATR_b3c27,850.0,150,current_hybrid,346,0.989374577999115,0.9751099348068237,0.9749670624732971,0.9781743884086609
典型寿命,MATR_b3c27,850.0,150,current_hybrid,347,0.989362895488739,0.9750142693519592,0.9748749732971191,0.9780848026275635
典型寿命,MATR_b3c27,850.0,150,current_hybrid,348,0.9892675876617432,0.9749187231063843,0.9747828841209412,0.9779940247535706
典型寿命,MATR_b3c27,850.0,150,current_hybrid,349,0.9892876744270325,0.9748232364654541,0.9746909737586975,0.9779019355773926
典型寿命,MATR_b3c27,850.0,150,current_hybrid,350,0.9892009496688843,0.9747278094291687,0.9745990633964539,0.9778086543083191
典型寿命,MATR_b3c27,850.0,150,current_hybrid,351,0.9891566038131714,0.9746324419975281,0.9745072722434998,0.9777140617370605
典型寿命,MATR_b3c27,850.0,150,current_hybrid,352,0.9890786409378052,0.9745371341705322,0.9744154810905457,0.9776182174682617
典型寿命,MATR_b3c27,850.0,150,current_hybrid,353,0.9889684915542603,0.9744419455528259,0.9743238091468811,0.9775211811065674
典型寿命,MATR_b3c27,850.0,150,current_hybrid,354,0.9888731837272644,0.9743467569351196,0.9742322564125061,0.977422833442688
典型寿命,MATR_b3c27,850.0,150,current_hybrid,355,0.9887956976890564,0.9742516279220581,0.9741406440734863,0.9773232340812683
典型寿命,MATR_b3c27,850.0,150,current_hybrid,356,0.9886530637741089,0.9741566181182861,0.9740492105484009,0.9772223830223083
典型寿命,MATR_b3c27,850.0,150,current_hybrid,357,0.9885942339897156,0.9740616083145142,0.9739578366279602,0.9771202802658081
典型寿命,MATR_b3c27,850.0,150,current_hybrid,358,0.9874544739723206,0.9739667177200317,0.9738665223121643,0.9770169258117676
典型寿命,MATR_b3c27,850.0,150,current_hybrid,359,0.9884857535362244,0.9738718271255493,0.9737752676010132,0.9769123196601868
典型寿命,MATR_b3c27,850.0,150,current_hybrid,360,0.9884515404701233,0.9737770557403564,0.9736840724945068,0.9768064618110657
典型寿命,MATR_b3c27,850.0,150,current_hybrid,361,0.9884473085403442,0.9736822843551636,0.9735929369926453,0.9766992926597595
典型寿命,MATR_b3c27,850.0,150,current_hybrid,362,0.9884048700332642,0.9735876321792603,0.9735019207000732,0.9765909314155579
典型寿命,MATR_b3c27,850.0,150,current_hybrid,363,0.9883923530578613,0.9734971523284912,0.973410964012146,0.9764812588691711
典型寿命,MATR_b3c27,850.0,150,current_hybrid,364,0.9883498549461365,0.9734069108963013,0.9733200073242188,0.9763703346252441
典型寿命,MATR_b3c27,850.0,150,current_hybrid,365,0.9882002472877502,0.9733166694641113,0.973229169845581,0.9762581586837769
典型寿命,MATR_b3c27,850.0,150,current_hybrid,366,0.988215446472168,0.9732264876365662,0.9731384515762329,0.9761447310447693
典型寿命,MATR_b3c27,850.0,150,current_hybrid,367,0.9882195591926575,0.9731364250183105,0.9730477333068848,0.9760300517082214
典型寿命,MATR_b3c27,850.0,150,current_hybrid,368,0.9880685210227966,0.9730463624000549,0.9729570746421814,0.9759140610694885
典型寿命,MATR_b3c27,850.0,150,current_hybrid,369,0.9880051612854004,0.9729564189910889,0.972866415977478,0.9757968783378601
典型寿命,MATR_b3c27,850.0,150,current_hybrid,370,0.9880296587944031,0.9728664755821228,0.972775936126709,0.9756784439086914
典型寿命,MATR_b3c27,850.0,150,current_hybrid,371,0.9878515005111694,0.9727766513824463,0.9726854562759399,0.9755586981773376
典型寿命,MATR_b3c27,850.0,150,current_hybrid,372,0.9876931309700012,0.9726869463920593,0.9725950956344604,0.9754377007484436
典型寿命,MATR_b3c27,850.0,150,current_hybrid,373,0.9878857731819153,0.9725971817970276,0.972504734992981,0.9753154516220093
典型寿命,MATR_b3c27,850.0,150,current_hybrid,374,0.9875990152359009,0.9725075364112854,0.972414493560791,0.9751919507980347
典型寿命,MATR_b3c27,850.0,150,current_hybrid,375,0.9875072240829468,0.9724180102348328,0.9723243117332458,0.975067138671875
典型寿命,MATR_b3c27,850.0,150,current_hybrid,376,0.987556517124176,0.9723284244537354,0.9722341299057007,0.9749411344528198
典型寿命,MATR_b3c27,850.0,150,current_hybrid,377,0.98760586977005,0.9722390174865723,0.9721441268920898,0.9748137593269348
典型寿命,MATR_b3c27,850.0,150,current_hybrid,378,0.9873329997062683,0.9721496105194092,0.972054123878479,0.9746852517127991
典型寿命,MATR_b3c27,850.0,150,current_hybrid,379,0.9873822331428528,0.9720602631568909,0.9719641804695129,0.9745554327964783
典型寿命,MATR_b3c27,850.0,150,current_hybrid,380,0.9872527122497559,0.9719709753990173,0.9718742370605469,0.9744243025779724
典型寿命,MATR_b3c27,850.0,150,current_hybrid,381,0.9871266484260559,0.9718818068504333,0.9717844128608704,0.974291980266571
典型寿命,MATR_b3c27,850.0,150,current_hybrid,382,0.9870781302452087,0.9717926383018494,0.9716946482658386,0.9741582870483398
典型寿命,MATR_b3c27,850.0,150,current_hybrid,383,0.9870001077651978,0.9717035293579102,0.9716048836708069,0.9740234613418579
典型寿命,MATR_b3c27,850.0,150,current_hybrid,384,0.9869627952575684,0.9716144800186157,0.9715152382850647,0.9738873243331909
典型寿命,MATR_b3c27,850.0,150,current_hybrid,385,0.9870002865791321,0.9715255498886108,0.9714252352714539,0.9737499356269836
典型寿命,MATR_b3c27,850.0,150,current_hybrid,386,0.9869607090950012,0.971436619758606,0.9713318943977356,0.9736111760139465
典型寿命,MATR_b3c27,850.0,150,current_hybrid,387,0.9867687821388245,0.9713477492332458,0.9712386131286621,0.9734712243080139
典型寿命,MATR_b3c27,850.0,150,current_hybrid,388,0.9865725636482239,0.9712589383125305,0.9711452722549438,0.973330020904541
典型寿命,MATR_b3c27,850.0,150,current_hybrid,389,0.9864679574966431,0.97117018699646,0.9710519909858704,0.9731875658035278
典型寿命,MATR_b3c27,850.0,150,current_hybrid,390,0.9865079522132874,0.9710814952850342,0.9709581136703491,0.9730438590049744
典型寿命,MATR_b3c27,850.0,150,current_hybrid,391,0.9864696264266968,0.9709928631782532,0.9708636403083801,0.9728988409042358
典型寿命,MATR_b3c27,850.0,150,current_hybrid,392,0.9864439964294434,0.9709042906761169,0.970768392086029,0.972752571105957
典型寿命,MATR_b3c27,850.0,150,current_hybrid,393,0.986125111579895,0.9708157777786255,0.9706725478172302,0.9726049900054932
典型寿命,MATR_b3c27,850.0,150,current_hybrid,394,0.986335277557373,0.9707273244857788,0.9705760478973389,0.9724562168121338
典型寿命,MATR_b3c27,850.0,150,current_hybrid,395,0.9862812161445618,0.9706389307975769,0.9704788327217102,0.9723061323165894
典型寿命,MATR_b3c27,850.0,150,current_hybrid,396,0.9862871766090393,0.9705505967140198,0.970380961894989,0.9721547961235046
典型寿命,MATR_b3c27,850.0,150,current_hybrid,397,0.9861841797828674,0.9704622626304626,0.9702824950218201,0.9720022082328796
典型寿命,MATR_b3c27,850.0,150,current_hybrid,398,0.9860835075378418,0.9703739881515503,0.9701833128929138,0.9718483090400696
典型寿命,MATR_b3c27,850.0,150,current_hybrid,399,0.9861043095588684,0.9702858328819275,0.970083475112915,0.9716931581497192
典型寿命,MATR_b3c27,850.0,150,current_hybrid,400,0.9860929846763611,0.9701976776123047,0.969982922077179,0.9715367555618286
典型寿命,MATR_b3c27,850.0,150,current_hybrid,401,0.985934853553772,0.9701095819473267,0.9698818325996399,0.9713791012763977
典型寿命,MATR_b3c27,850.0,150,current_hybrid,402,0.9859247803688049,0.9700215458869934,0.969779908657074,0.9712201356887817
典型寿命,MATR_b3c27,850.0,150,current_hybrid,403,0.9859021902084351,0.9699335694313049,0.9696774482727051,0.9710598587989807
典型寿命,MATR_b3c27,850.0,150,current_hybrid,404,0.9856345653533936,0.9698456525802612,0.9695743322372437,0.970898449420929
典型寿命,MATR_b3c27,850.0,150,current_hybrid,405,0.9857406616210938,0.9697577953338623,0.9694704413414001,0.9707356691360474
典型寿命,MATR_b3c27,850.0,150,current_hybrid,406,0.9855889081954956,0.9696699976921082,0.9693659543991089,0.9705716371536255
典型寿命,MATR_b3c27,850.0,150,current_hybrid,407,0.9854071140289307,0.9695822596549988,0.9692608118057251,0.9704063534736633
典型寿命,MATR_b3c27,850.0,150,current_hybrid,408,0.9854446053504944,0.9694945216178894,0.9691548943519592,0.9702398180961609
典型寿命,MATR_b3c27,850.0,150,current_hybrid,409,0.9854084253311157,0.9693796038627625,0.9690484404563904,0.9700719118118286
典型寿命,MATR_b3c27,850.0,150,current_hybrid,410,0.9853329062461853,0.9692310690879822,0.9689412713050842,0.9699028134346008
典型寿命,MATR_b3c27,850.0,150,current_hybrid,411,0.9852941036224365,0.969081699848175,0.9688334465026855,0.969732403755188
典型寿命,MATR_b3c27,850.0,150,current_hybrid,412,0.9852780103683472,0.9689425826072693,0.9687249064445496,0.9695608019828796
典型寿命,MATR_b3c27,850.0,150,current_hybrid,413,0.9851264357566833,0.9688428640365601,0.968615710735321,0.9693878889083862
典型寿命,MATR_b3c27,850.0,150,current_hybrid,414,0.9851758480072021,0.9687424898147583,0.968505859375,0.9692137241363525
典型寿命,MATR_b3c27,850.0,150,current_hybrid,415,0.9849665760993958,0.9686414003372192,0.9683953523635864,0.9690382480621338
典型寿命,MATR_b3c27,850.0,150,current_hybrid,416,0.9850062131881714,0.9685395956039429,0.9682841897010803,0.9688615202903748
典型寿命,MATR_b3c27,850.0,150,current_hybrid,417,0.9847915172576904,0.9684371948242188,0.9681682586669922,0.9686932563781738
典型寿命,MATR_b3c27,850.0,150,current_hybrid,418,0.9848352074623108,0.9683339595794678,0.9680131077766418,0.968600869178772
典型寿命,MATR_b3c27,850.0,150,current_hybrid,419,0.9847593903541565,0.968230128288269,0.9678571224212646,0.968507707118988
典型寿命,MATR_b3c27,850.0,150,current_hybrid,420,0.9845376014709473,0.9681256413459778,0.9677003622055054,0.9684138298034668
典型寿命,MATR_b3c27,850.0,150,current_hybrid,421,0.9835034012794495,0.9679588079452515,0.9675427079200745,0.9683191776275635
典型寿命,MATR_b3c27,850.0,150,current_hybrid,422,0.9845863580703735,0.9677744507789612,0.9673842191696167,0.9682237505912781
典型寿命,MATR_b3c27,850.0,150,current_hybrid,423,0.9845355153083801,0.9675887823104858,0.9672249555587769,0.9681275486946106
典型寿命,MATR_b3c27,850.0,150,current_hybrid,424,0.9844468235969543,0.967401921749115,0.9670647978782654,0.9680306315422058
典型寿命,MATR_b3c27,850.0,150,current_hybrid,425,0.9843245148658752,0.9672533273696899,0.966903805732727,0.967932939529419
典型寿命,MATR_b3c27,850.0,150,current_hybrid,426,0.9842846989631653,0.9671354293823242,0.9667420983314514,0.96783447265625
典型寿命,MATR_b3c27,850.0,150,current_hybrid,427,0.9841451644897461,0.9670168161392212,0.9665794372558594,0.967735230922699
典型寿命,MATR_b3c27,850.0,150,current_hybrid,428,0.984069287776947,0.9668976068496704,0.9664160013198853,0.9676352739334106
典型寿命,MATR_b3c27,850.0,150,current_hybrid,429,0.9839566349983215,0.9667777419090271,0.9662517309188843,0.9675345420837402
典型寿命,MATR_b3c27,850.0,150,current_hybrid,430,0.9840392470359802,0.9666571021080017,0.9660865664482117,0.9674330353736877
典型寿命,MATR_b3c27,850.0,150,current_hybrid,431,0.9838882088661194,0.9665358662605286,0.965920627117157,0.967330813407898
典型寿命,MATR_b3c27,850.0,150,current_hybrid,432,0.9839063882827759,0.9664139151573181,0.9657538533210754,0.9672277569770813
典型寿命,MATR_b3c27,850.0,150,current_hybrid,433,0.9839441180229187,0.9662913680076599,0.965586245059967,0.9671239852905273
典型寿命,MATR_b3c27,850.0,150,current_hybrid,434,0.9838820099830627,0.9661680459976196,0.9654178023338318,0.9670194387435913
典型寿命,MATR_b3c27,850.0,150,current_hybrid,435,0.9837220311164856,0.9660440683364868,0.9652485847473145,0.9669141173362732
典型寿命,MATR_b3c27,850.0,150,current_hybrid,436,0.9836921095848083,0.9659194946289062,0.9650596380233765,0.9668080806732178
典型寿命,MATR_b3c27,850.0,150,current_hybrid,437,0.9835492372512817,0.9657941460609436,0.9648562073707581,0.9667012095451355
典型寿命,MATR_b3c27,850.0,150,current_hybrid,438,0.9835712909698486,0.965668261051178,0.9646514654159546,0.9665936231613159
典型寿命,MATR_b3c27,850.0,150,current_hybrid,439,0.9833914637565613,0.9655415415763855,0.9644454717636108,0.9664852619171143
典型寿命,MATR_b3c27,850.0,150,current_hybrid,440,0.9833123683929443,0.9654142260551453,0.9642382264137268,0.9663761854171753
典型寿命,MATR_b3c27,850.0,150,current_hybrid,441,0.9831668734550476,0.9652862548828125,0.9640296101570129,0.9662662744522095
典型寿命,MATR_b3c27,850.0,150,current_hybrid,442,0.98319411277771,0.9651575684547424,0.9638198018074036,0.9661555886268616
典型寿命,MATR_b3c27,850.0,150,current_hybrid,443,0.9829070568084717,0.9650282263755798,0.9636086821556091,0.9660441875457764
典型寿命,MATR_b3c27,850.0,150,current_hybrid,444,0.9828133583068848,0.9648982286453247,0.9633962512016296,0.9659320116043091
典型寿命,MATR_b3c27,850.0,150,current_hybrid,445,0.9828292727470398,0.9647675156593323,0.9631825685501099,0.9658190608024597
典型寿命,MATR_b3c27,850.0,150,current_hybrid,446,0.9828000664710999,0.9646361470222473,0.9629676342010498,0.965705394744873
典型寿命,MATR_b3c27,850.0,150,current_hybrid,447,0.9828336238861084,0.964504063129425,0.9627514481544495,0.9655908942222595
典型寿命,MATR_b3c27,850.0,150,current_hybrid,448,0.9825354814529419,0.964371383190155,0.9625339508056641,0.9654756784439087
典型寿命,MATR_b3c27,850.0,150,current_hybrid,449,0.9824137687683105,0.9642379879951477,0.9623152017593384,0.965359628200531
典型寿命,MATR_b3c27,850.0,150,current_hybrid,450,0.982484757900238,0.9641038775444031,0.9620951414108276,0.9652429223060608
典型寿命,MATR_b3c27,850.0,150,current_hybrid,451,0.9823476672172546,0.9639691710472107,0.9618738293647766,0.965125322341919
典型寿命,MATR_b3c27,850.0,150,current_hybrid,452,0.9822272658348083,0.963833749294281,0.9616512060165405,0.9650070667266846
典型寿命,MATR_b3c27,850.0,150,current_hybrid,453,0.9821023344993591,0.9636976718902588,0.9614273309707642,0.9648879766464233
典型寿命,MATR_b3c27,850.0,150,current_hybrid,454,0.9819796085357666,0.9635608792304993,0.9612022042274475,0.96476811170578
典型寿命,MATR_b3c27,850.0,150,current_hybrid,455,0.9820114374160767,0.9634233713150024,0.9609757661819458,0.9646475315093994
典型寿命,MATR_b3c27,850.0,150,current_hybrid,456,0.9820004105567932,0.9632852673530579,0.960748016834259,0.9645262360572815
典型寿命,MATR_b3c27,850.0,150,current_hybrid,457,0.9818207025527954,0.963146448135376,0.960519015789032,0.9644040465354919
典型寿命,MATR_b3c27,850.0,150,current_hybrid,458,0.9819292426109314,0.9630069732666016,0.9602887630462646,0.9642811417579651
典型寿命,MATR_b3c27,850.0,150,current_hybrid,459,0.9817846417427063,0.9628667831420898,0.960057258605957,0.9641575217247009
典型寿命,MATR_b3c27,850.0,150,current_hybrid,460,0.9817654490470886,0.9627259373664856,0.9598244428634644,0.9640330672264099
典型寿命,MATR_b3c27,850.0,150,current_hybrid,461,0.9817853569984436,0.9625844359397888,0.9595903158187866,0.9639078378677368
典型寿命,MATR_b3c27,850.0,150,current_hybrid,462,0.981682300567627,0.9624422192573547,0.9593549370765686,0.9637818932533264
典型寿命,MATR_b3c27,850.0,150,current_hybrid,463,0.9815744757652283,0.9622993469238281,0.9591183066368103,0.9636551737785339
典型寿命,MATR_b3c27,850.0,150,current_hybrid,464,0.9814950227737427,0.9621557593345642,0.9588803052902222,0.9635276198387146
典型寿命,MATR_b3c27,850.0,150,current_hybrid,465,0.9814639687538147,0.9620115160942078,0.9586411714553833,0.9633994102478027
典型寿命,MATR_b3c27,850.0,150,current_hybrid,466,0.9814269542694092,0.9618666172027588,0.9584006667137146,0.963270366191864
典型寿命,MATR_b3c27,850.0,150,current_hybrid,467,0.9814719557762146,0.9617210030555725,0.9581589102745056,0.9631405472755432
典型寿命,MATR_b3c27,850.0,150,current_hybrid,468,0.9812369346618652,0.9615747332572937,0.9579158425331116,0.9630099534988403
典型寿命,MATR_b3c27,850.0,150,current_hybrid,469,0.9811745882034302,0.9614277482032776,0.9576715230941772,0.9628785848617554
典型寿命,MATR_b3c27,850.0,150,current_hybrid,470,0.9811968207359314,0.9612801671028137,0.9574259519577026,0.9627465009689331
典型寿命,MATR_b3c27,850.0,150,current_hybrid,471,0.9809737801551819,0.9611318707466125,0.9571790099143982,0.9626136422157288
典型寿命,MATR_b3c27,850.0,150,current_hybrid,472,0.9808966517448425,0.9609828591346741,0.9569308757781982,0.9624799489974976
典型寿命,MATR_b3c27,850.0,150,current_hybrid,473,0.9807905554771423,0.9608331918716431,0.9566814303398132,0.962345540523529
典型寿命,MATR_b3c27,850.0,150,current_hybrid,474,0.980705738067627,0.9606828689575195,0.9564306735992432,0.9622102975845337
典型寿命,MATR_b3c27,850.0,150,current_hybrid,475,0.9806553721427917,0.9605318307876587,0.9561787247657776,0.962074339389801
典型寿命,MATR_b3c27,850.0,150,current_hybrid,476,0.9805067777633667,0.9603800773620605,0.955925464630127,0.9619376063346863
典型寿命,MATR_b3c27,850.0,150,current_hybrid,477,0.9803975820541382,0.9602277278900146,0.9556708931922913,0.9618000984191895
典型寿命,MATR_b3c27,850.0,150,current_hybrid,478,0.9804857969284058,0.9600746035575867,0.9554150700569153,0.9616618752479553
典型寿命,MATR_b3c27,850.0,150,current_hybrid,479,0.9802981019020081,0.9599208235740662,0.9551579356193542,0.9615228176116943
典型寿命,MATR_b3c27,850.0,150,current_hybrid,480,0.980288028717041,0.9597664475440979,0.9548995494842529,0.9613829851150513
典型寿命,MATR_b3c27,850.0,150,current_hybrid,481,0.9801800847053528,0.9596112966537476,0.9546398520469666,0.9612424373626709
典型寿命,MATR_b3c27,850.0,150,current_hybrid,482,0.9800806641578674,0.9594555497169495,0.9543789029121399,0.9611010551452637
典型寿命,MATR_b3c27,850.0,150,current_hybrid,483,0.9800735712051392,0.9592990279197693,0.9541166424751282,0.9609588980674744
典型寿命,MATR_b3c27,850.0,150,current_hybrid,484,0.978834331035614,0.9591419100761414,0.9538531303405762,0.9608160257339478
典型寿命,MATR_b3c27,850.0,150,current_hybrid,485,0.97984778881073,0.9589840173721313,0.9535883665084839,0.9606723785400391
典型寿命,MATR_b3c27,850.0,150,current_hybrid,486,0.9796968698501587,0.9588255286216736,0.9533222317695618,0.9605278968811035
典型寿命,MATR_b3c27,850.0,150,current_hybrid,487,0.9797373414039612,0.9586662650108337,0.9530549049377441,0.9603826999664307
典型寿命,MATR_b3c27,850.0,150,current_hybrid,488,0.9794347286224365,0.9585064053535461,0.9527862668037415,0.960236668586731
典型寿命,MATR_b3c27,850.0,150,current_hybrid,489,0.9794743061065674,0.958345890045166,0.9525163173675537,0.960089921951294
典型寿命,MATR_b3c27,850.0,150,current_hybrid,490,0.9793210029602051,0.9581845998764038,0.9522451162338257,0.9599424004554749
典型寿命,MATR_b3c27,850.0,150,current_hybrid,491,0.9790242314338684,0.9580226540565491,0.9519726037979126,0.9597941040992737
典型寿命,MATR_b3c27,850.0,150,current_hybrid,492,0.9789215922355652,0.9578600525856018,0.951698899269104,0.9596450328826904
典型寿命,MATR_b3c27,850.0,150,current_hybrid,493,0.9788973331451416,0.9576967358589172,0.9514238238334656,0.9594951272010803
典型寿命,MATR_b3c27,850.0,150,current_hybrid,494,0.9786967635154724,0.9575327634811401,0.9511474967002869,0.9593445062637329
典型寿命,MATR_b3c27,850.0,150,current_hybrid,495,0.9787073135375977,0.9573681354522705,0.9508699178695679,0.9591931700706482
典型寿命,MATR_b3c27,850.0,150,current_hybrid,496,0.9785845279693604,0.9572027921676636,0.9505910277366638,0.9590409994125366
典型寿命,MATR_b3c27,850.0,150,current_hybrid,497,0.97842937707901,0.9570367932319641,0.9503108263015747,0.958888053894043
典型寿命,MATR_b3c27,850.0,150,current_hybrid,498,0.9783317446708679,0.9568700194358826,0.9500294327735901,0.9587343335151672
典型寿命,MATR_b3c27,850.0,150,current_hybrid,499,0.9782916307449341,0.9567026495933533,0.9497466087341309,0.9585798382759094
典型寿命,MATR_b3c27,850.0,150,current_hybrid,500,0.97808438539505,0.9565345644950867,0.9494626522064209,0.9584245085716248
典型寿命,MATR_b3c27,850.0,150,hybridpatch_v2,151,0.9987666606903076,0.9983580112457275,0.9981531500816345,0.9984496831893921
典型寿命,MATR_b3c27,850.0,150,hybridpatch_v2,152,0.9986873865127563,0.9981451630592346,0.9978431463241577,0.9982700943946838
典型寿命,MATR_b3c27,850.0,150,hybridpatch_v2,153,0.998603105545044,0.9979742169380188,0.9975927472114563,0.9981226921081543
典型寿命,MATR_b3c27,850.0,150,hybridpatch_v2,154,0.998565673828125,0.9978249669075012,0.9973731637001038,0.9979920387268066
典型寿命,MATR_b3c27,850.0,150,hybridpatch_v2,155,0.9985237717628479,0.9976894855499268,0.9971732497215271,0.9978720545768738
典型寿命,MATR_b3c27,850.0,150,hybridpatch_v2,156,0.9984743595123291,0.997563898563385,0.9969874024391174,0.9977596402168274
典型寿命,MATR_b3c27,850.0,150,hybridpatch_v2,157,0.9984472990036011,0.9974457621574402,0.996812105178833,0.9976529479026794
典型寿命,MATR_b3c27,850.0,150,hybridpatch_v2,158,0.9984409213066101,0.9973335266113281,0.9966452121734619,0.9975507855415344
典型寿命,MATR_b3c27,850.0,150,hybridpatch_v2,159,0.9983546733856201,0.9972261190414429,0.9964852333068848,0.9974523782730103
典型寿命,MATR_b3c27,850.0,150,hybridpatch_v2,160,0.9982888698577881,0.9971227049827576,0.996330976486206,0.9973570704460144
典型寿命,MATR_b3c27,850.0,150,hybridpatch_v2,161,0.9982860088348389,0.9970227479934692,0.9961816072463989,0.9972643852233887
典型寿命,MATR_b3c27,850.0,150,hybridpatch_v2,162,0.998195469379425,0.9969258308410645,0.9960364699363708,0.9971740245819092
典型寿命,MATR_b3c27,850.0,150,hybridpatch_v2,163,0.9981334805488586,0.996831476688385,0.9958950877189636,0.997085690498352
典型寿命,MATR_b3c27,850.0,150,hybridpatch_v2,164,0.9980218410491943,0.9967394471168518,0.995756983757019,0.9969991445541382
典型寿命,MATR_b3c27,850.0,150,hybridpatch_v2,165,0.9979817867279053,0.9966495633125305,0.9956218600273132,0.9969142079353333
典型寿命,MATR_b3c27,850.0,150,hybridpatch_v2,166,0.9977903962135315,0.9965614676475525,0.9954893589019775,0.9968307018280029
典型寿命,MATR_b3c27,850.0,150,hybridpatch_v2,167,0.9978469014167786,0.996475100517273,0.9953593015670776,0.9967485070228577
典型寿命,MATR_b3c27,850.0,150,hybridpatch_v2,168,0.9978299140930176,0.9963902831077576,0.9952315092086792,0.9966675043106079
典型寿命,MATR_b3c27,850.0,150,hybridpatch_v2,169,0.9978505373001099,0.9963068962097168,0.9951056838035583,0.9965875744819641
典型寿命,MATR_b3c27,850.0,150,hybridpatch_v2,170,0.9978734254837036,0.9962248206138611,0.9949817061424255,0.9965086579322815
典型寿命,MATR_b3c27,850.0,150,hybridpatch_v2,171,0.9979044198989868,0.9961439967155457,0.994859516620636,0.9964306950569153
典型寿命,MATR_b3c27,850.0,150,hybridpatch_v2,172,0.9979170560836792,0.9960642457008362,0.9947388768196106,0.9963536262512207
典型寿命,MATR_b3c27,850.0,150,hybridpatch_v2,173,0.9978792071342468,0.9959855675697327,0.9946197867393494,0.9962773323059082
典型寿命,MATR_b3c27,850.0,150,hybridpatch_v2,174,0.9978238344192505,0.9959078431129456,0.994502067565918,0.9962018132209778
典型寿命,MATR_b3c27,850.0,150,hybridpatch_v2,175,0.9977421760559082,0.9958310723304749,0.9943856596946716,0.9961270093917847
典型寿命,MATR_b3c27,850.0,150,hybridpatch_v2,176,0.9977346658706665,0.9957551956176758,0.9942705035209656,0.9960528612136841
典型寿命,MATR_b3c27,850.0,150,hybridpatch_v2,177,0.9976266622543335,0.9956801533699036,0.9941564798355103,0.995979368686676
典型寿命,MATR_b3c27,850.0,150,hybridpatch_v2,178,0.99764484167099,0.9956058263778687,0.9940435886383057,0.995906412601471
典型寿命,MATR_b3c27,850.0,150,hybridpatch_v2,179,0.9975373148918152,0.9955322742462158,0.993931770324707,0.9958341121673584
典型寿命,MATR_b3c27,850.0,150,hybridpatch_v2,180,0.9975336194038391,0.9954593777656555,0.9938209056854248,0.995762288570404
典型寿命,MATR_b3c27,850.0,150,hybridpatch_v2,181,0.9975221753120422,0.9953871965408325,0.993710994720459,0.9956909418106079
典型寿命,MATR_b3c27,850.0,150,hybridpatch_v2,182,0.9975572824478149,0.9953156113624573,0.99360191822052,0.9956201314926147
典型寿命,MATR_b3c27,850.0,150,hybridpatch_v2,183,0.9975464344024658,0.9952446222305298,0.9934937953948975,0.9955497980117798
典型寿命,MATR_b3c27,850.0,150,hybridpatch_v2,184,0.9973300695419312,0.99517422914505,0.993386447429657,0.9954798817634583
典型寿命,MATR_b3c27,850.0,150,hybridpatch_v2,185,0.9973409175872803,0.9951043128967285,0.9932798743247986,0.9954103827476501
典型寿命,MATR_b3c27,850.0,150,hybridpatch_v2,186,0.997270405292511,0.9950349926948547,0.9931740164756775,0.9953413009643555
典型寿命,MATR_b3c27,850.0,150,hybridpatch_v2,187,0.9973055720329285,0.9949661493301392,0.9930689334869385,0.9952726364135742
典型寿命,MATR_b3c27,850.0,150,hybridpatch_v2,188,0.9971559643745422,0.9948978424072266,0.992964506149292,0.9952042698860168
典型寿命,MATR_b3c27,850.0,150,hybridpatch_v2,189,0.9970271587371826,0.9948299527168274,0.992860734462738,0.9951363205909729
典型寿命,MATR_b3c27,850.0,150,hybridpatch_v2,190,0.9970412850379944,0.9947625398635864,0.9927576184272766,0.9950687289237976
典型寿命,MATR_b3c27,850.0,150,hybridpatch_v2,191,0.9969699382781982,0.9946954846382141,0.9926550984382629,0.9950014352798462
典型寿命,MATR_b3c27,850.0,150,hybridpatch_v2,192,0.9969692826271057,0.99462890625,0.992553174495697,0.9949344396591187
典型寿命,MATR_b3c27,850.0,150,hybridpatch_v2,193,0.9969084858894348,0.9945627450942993,0.9924517869949341,0.9948678016662598
典型寿命,MATR_b3c27,850.0,150,hybridpatch_v2,194,0.9968305230140686,0.9944969415664673,0.9923509955406189,0.99480140209198
典型寿命,MATR_b3c27,850.0,150,hybridpatch_v2,195,0.996704638004303,0.9944314956665039,0.9922507405281067,0.9947353005409241
典型寿命,MATR_b3c27,850.0,150,hybridpatch_v2,196,0.9965966939926147,0.9943664073944092,0.9921509623527527,0.994669497013092
典型寿命,MATR_b3c27,850.0,150,hybridpatch_v2,197,0.9965272545814514,0.9943016767501831,0.9920516610145569,0.9946039915084839
典型寿命,MATR_b3c27,850.0,150,hybridpatch_v2,198,0.9964454770088196,0.9942373037338257,0.9919528961181641,0.9945387244224548
典型寿命,MATR_b3c27,850.0,150,hybridpatch_v2,199,0.9962608814239502,0.9941732287406921,0.9918545484542847,0.9944736957550049
典型寿命,MATR_b3c27,850.0,150,hybridpatch_v2,200,0.9961469173431396,0.9941095113754272,0.9917566776275635,0.994408905506134
典型寿命,MATR_b3c27,850.0,150,hybridpatch_v2,201,0.9960752725601196,0.9940460920333862,0.9916592240333557,0.9943443536758423
典型寿命,MATR_b3c27,850.0,150,hybridpatch_v2,202,0.9961390495300293,0.9939829111099243,0.9915622472763062,0.9942800402641296
典型寿命,MATR_b3c27,850.0,150,hybridpatch_v2,203,0.994995653629303,0.993920087814331,0.9914656281471252,0.9942159652709961
典型寿命,MATR_b3c27,850.0,150,hybridpatch_v2,204,0.9960360527038574,0.9938575029373169,0.9913694262504578,0.9941521286964417
典型寿命,MATR_b3c27,850.0,150,hybridpatch_v2,205,0.9960820078849792,0.9937952160835266,0.9912736415863037,0.9940884709358215
典型寿命,MATR_b3c27,850.0,150,hybridpatch_v2,206,0.996094286441803,0.9937332272529602,0.9911781549453735,0.9940249919891357
典型寿命,MATR_b3c27,850.0,150,hybridpatch_v2,207,0.9960638880729675,0.9936714172363281,0.9910831451416016,0.993961751461029
典型寿命,MATR_b3c27,850.0,150,hybridpatch_v2,208,0.9959977865219116,0.9936099648475647,0.9909884333610535,0.9938986897468567
典型寿命,MATR_b3c27,850.0,150,hybridpatch_v2,209,0.9959322810173035,0.9935486912727356,0.990894079208374,0.9938358068466187
典型寿命,MATR_b3c27,850.0,150,hybridpatch_v2,210,0.995769739151001,0.9934876561164856,0.9908000826835632,0.9937731027603149
典型寿命,MATR_b3c27,850.0,150,hybridpatch_v2,211,0.9957791566848755,0.9934268593788147,0.9907063841819763,0.9937106370925903
典型寿命,MATR_b3c27,850.0,150,hybridpatch_v2,212,0.9959514737129211,0.9933663010597229,0.9906130433082581,0.9936482906341553
典型寿命,MATR_b3c27,850.0,150,hybridpatch_v2,213,0.9958555102348328,0.9933059811592102,0.9905200004577637,0.9935861229896545
典型寿命,MATR_b3c27,850.0,150,hybridpatch_v2,214,0.9957239031791687,0.9932458400726318,0.9904272556304932,0.9935241341590881
典型寿命,MATR_b3c27,850.0,150,hybridpatch_v2,215,0.9957995414733887,0.9931859374046326,0.9903348088264465,0.993462324142456
典型寿命,MATR_b3c27,850.0,150,hybridpatch_v2,216,0.9957985877990723,0.9931262135505676,0.9902427196502686,0.9934006333351135
典型寿命,MATR_b3c27,850.0,150,hybridpatch_v2,217,0.9958599805831909,0.9930667281150818,0.9901508688926697,0.9933391213417053
典型寿命,MATR_b3c27,850.0,150,hybridpatch_v2,218,0.9958066940307617,0.9930074214935303,0.9900593161582947,0.9932779669761658
典型寿命,MATR_b3c27,850.0,150,hybridpatch_v2,219,0.9957842826843262,0.9929483532905579,0.9899680018424988,0.9932206273078918
典型寿命,MATR_b3c27,850.0,150,hybridpatch_v2,220,0.9955936074256897,0.9928894639015198,0.9898769855499268,0.9931634664535522
典型寿命,MATR_b3c27,850.0,150,hybridpatch_v2,221,0.9956454038619995,0.9928306937217712,0.9897862672805786,0.993106484413147
典型寿命,MATR_b3c27,850.0,150,hybridpatch_v2,222,0.9954784512519836,0.9927721619606018,0.9896957874298096,0.9930496215820312
典型寿命,MATR_b3c27,850.0,150,hybridpatch_v2,223,0.9955028295516968,0.9927138090133667,0.9896055459976196,0.9929929971694946
典型寿命,MATR_b3c27,850.0,150,hybridpatch_v2,224,0.9953975677490234,0.9926556348800659,0.9895155429840088,0.9929364919662476
典型寿命,MATR_b3c27,850.0,150,hybridpatch_v2,225,0.9954829812049866,0.9925975799560547,0.989425778388977,0.9928801655769348
典型寿命,MATR_b3c27,850.0,150,hybridpatch_v2,226,0.9953851699829102,0.9925397634506226,0.9893363118171692,0.9928239583969116
典型寿命,MATR_b3c27,850.0,150,hybridpatch_v2,227,0.9952824115753174,0.99248206615448,0.9892470240592957,0.9927679300308228
典型寿命,MATR_b3c27,850.0,150,hybridpatch_v2,228,0.9953516125679016,0.9924245476722717,0.9891579747200012,0.9927120208740234
典型寿命,MATR_b3c27,850.0,150,hybridpatch_v2,229,0.9953472018241882,0.992367148399353,0.9890691637992859,0.9926562905311584
典型寿命,MATR_b3c27,850.0,150,hybridpatch_v2,230,0.9951569437980652,0.9923099279403687,0.9889805316925049,0.992600679397583
典型寿命,MATR_b3c27,850.0,150,hybridpatch_v2,231,0.9951522946357727,0.9922528862953186,0.988892138004303,0.9925452470779419
典型寿命,MATR_b3c27,850.0,150,hybridpatch_v2,232,0.9951997399330139,0.9921959638595581,0.9888039827346802,0.9924898743629456
典型寿命,MATR_b3c27,850.0,150,hybridpatch_v2,233,0.9951683878898621,0.9921392202377319,0.9887160062789917,0.9924346804618835
典型寿命,MATR_b3c27,850.0,150,hybridpatch_v2,234,0.9940551519393921,0.9920825958251953,0.9886282682418823,0.9923796653747559
典型寿命,MATR_b3c27,850.0,150,hybridpatch_v2,235,0.9951890110969543,0.9920260906219482,0.9885407090187073,0.992324709892273
典型寿命,MATR_b3c27,850.0,150,hybridpatch_v2,236,0.9950355291366577,0.9919697642326355,0.9884533286094666,0.9922699332237244
典型寿命,MATR_b3c27,850.0,150,hybridpatch_v2,237,0.994956374168396,0.9919135570526123,0.9883661866188049,0.9922152161598206
典型寿命,MATR_b3c27,850.0,150,hybridpatch_v2,238,0.9949939250946045,0.9918574690818787,0.9882792234420776,0.9921606779098511
典型寿命,MATR_b3c27,850.0,150,hybridpatch_v2,239,0.9948842525482178,0.9918015599250793,0.9881924390792847,0.9921062588691711
典型寿命,MATR_b3c27,850.0,150,hybridpatch_v2,240,0.994928777217865,0.9917457699775696,0.988105833530426,0.992051899433136
典型寿命,MATR_b3c27,850.0,150,hybridpatch_v2,241,0.9947547912597656,0.9916900992393494,0.9880194067955017,0.9919977188110352
典型寿命,MATR_b3c27,850.0,150,hybridpatch_v2,242,0.9946678876876831,0.9916345477104187,0.9879331588745117,0.9919436573982239
典型寿命,MATR_b3c27,850.0,150,hybridpatch_v2,243,0.994722843170166,0.9915791153907776,0.987847089767456,0.9918896555900574
典型寿命,MATR_b3c27,850.0,150,hybridpatch_v2,244,0.994607150554657,0.991523802280426,0.9877611994743347,0.9918358325958252
典型寿命,MATR_b3c27,850.0,150,hybridpatch_v2,245,0.9945569038391113,0.991468608379364,0.9876754879951477,0.9917820692062378
典型寿命,MATR_b3c27,850.0,150,hybridpatch_v2,246,0.9944738149642944,0.9914135336875916,0.9875898957252502,0.9917284250259399
典型寿命,MATR_b3c27,850.0,150,hybridpatch_v2,247,0.994558572769165,0.9913585782051086,0.9875045418739319,0.9916749000549316
典型寿命,MATR_b3c27,850.0,150,hybridpatch_v2,248,0.9944944381713867,0.9913037419319153,0.9874193072319031,0.9916214346885681
典型寿命,MATR_b3c27,850.0,150,hybridpatch_v2,249,0.9945691227912903,0.9912490248680115,0.9873341917991638,0.9915680885314941
典型寿命,MATR_b3c27,850.0,150,hybridpatch_v2,250,0.994412899017334,0.9911943674087524,0.9872493147850037,0.9915148615837097
典型寿命,MATR_b3c27,850.0,150,hybridpatch_v2,251,0.9945215582847595,0.9911398887634277,0.9871645569801331,0.9914617538452148
典型寿命,MATR_b3c27,850.0,150,hybridpatch_v2,252,0.9945160150527954,0.9910854697227478,0.987079918384552,0.9914087057113647
典型寿命,MATR_b3c27,850.0,150,hybridpatch_v2,253,0.9943787455558777,0.9910311698913574,0.9869954586029053,0.9913557767868042
典型寿命,MATR_b3c27,850.0,150,hybridpatch_v2,254,0.9943690299987793,0.9909769892692566,0.9869111776351929,0.9913029670715332
典型寿命,MATR_b3c27,850.0,150,hybridpatch_v2,255,0.9943150877952576,0.9909229278564453,0.98682701587677,0.991250216960907
典型寿命,MATR_b3c27,850.0,150,hybridpatch_v2,256,0.9942899346351624,0.9908689260482788,0.9867429733276367,0.9911975264549255
典型寿命,MATR_b3c27,850.0,150,hybridpatch_v2,257,0.9942818284034729,0.9908150434494019,0.9866591095924377,0.9911450147628784
典型寿命,MATR_b3c27,850.0,150,hybridpatch_v2,258,0.9942390322685242,0.9907612800598145,0.9865753650665283,0.9910925030708313
典型寿命,MATR_b3c27,850.0,150,hybridpatch_v2,259,0.9941955208778381,0.9907075762748718,0.9864917993545532,0.9910401105880737
典型寿命,MATR_b3c27,850.0,150,hybridpatch_v2,260,0.9942348003387451,0.9906539916992188,0.9864082932472229,0.9909878373146057
典型寿命,MATR_b3c27,850.0,150,hybridpatch_v2,261,0.9940961599349976,0.9906004667282104,0.9863249659538269,0.9909356236457825
典型寿命,MATR_b3c27,850.0,150,hybridpatch_v2,262,0.9940595626831055,0.9905471205711365,0.9862418174743652,0.9908835291862488
典型寿命,MATR_b3c27,850.0,150,hybridpatch_v2,263,0.9940061569213867,0.9904937744140625,0.9861587285995483,0.9908314943313599
典型寿命,MATR_b3c27,850.0,150,hybridpatch_v2,264,0.9939449429512024,0.9904405474662781,0.9860758185386658,0.9907795190811157
典型寿命,MATR_b3c27,850.0,150,hybridpatch_v2,265,0.9928146600723267,0.9903874397277832,0.985992968082428,0.9907276630401611
典型寿命,MATR_b3c27,850.0,150,hybridpatch_v2,266,0.9938430190086365,0.9903343915939331,0.9859102964401245,0.9906758666038513
典型寿命,MATR_b3c27,850.0,150,hybridpatch_v2,267,0.9937976002693176,0.9902814626693726,0.9858277440071106,0.9906241297721863
典型寿命,MATR_b3c27,850.0,150,hybridpatch_v2,268,0.9935867190361023,0.9902285933494568,0.9857453107833862,0.9905725121498108
典型寿命,MATR_b3c27,850.0,150,hybridpatch_v2,269,0.9935459494590759,0.9901757836341858,0.9856629967689514,0.9905209541320801
典型寿命,MATR_b3c27,850.0,150,hybridpatch_v2,270,0.993531346321106,0.9901230931282043,0.9855808019638062,0.9904694557189941
典型寿命,MATR_b3c27,850.0,150,hybridpatch_v2,271,0.9935974478721619,0.9900704622268677,0.9854987263679504,0.9904180765151978
典型寿命,MATR_b3c27,850.0,150,hybridpatch_v2,272,0.9936434030532837,0.9900179505348206,0.9854167699813843,0.9903667569160461
典型寿命,MATR_b3c27,850.0,150,hybridpatch_v2,273,0.9935636520385742,0.9899654984474182,0.9853349328041077,0.9903154969215393
典型寿命,MATR_b3c27,850.0,150,hybridpatch_v2,274,0.993435800075531,0.9899131059646606,0.9852531552314758,0.9902642965316772
典型寿命,MATR_b3c27,850.0,150,hybridpatch_v2,275,0.9931511878967285,0.9898608326911926,0.9851715564727783,0.99021315574646
典型寿命,MATR_b3c27,850.0,150,hybridpatch_v2,276,0.9930656552314758,0.9898086190223694,0.9850900769233704,0.9901621341705322
典型寿命,MATR_b3c27,850.0,150,hybridpatch_v2,277,0.992995023727417,0.9897564649581909,0.9850086569786072,0.9901111721992493
典型寿命,MATR_b3c27,850.0,150,hybridpatch_v2,278,0.9929528832435608,0.989704430103302,0.9849273562431335,0.9900602698326111
典型寿命,MATR_b3c27,850.0,150,hybridpatch_v2,279,0.992993175983429,0.9896524548530579,0.9848461747169495,0.9900094270706177
典型寿命,MATR_b3c27,850.0,150,hybridpatch_v2,280,0.9929967522621155,0.9896005392074585,0.9847651124000549,0.9899587035179138
典型寿命,MATR_b3c27,850.0,150,hybridpatch_v2,281,0.9929366111755371,0.9895486831665039,0.9846841096878052,0.98990797996521
典型寿命,MATR_b3c27,850.0,150,hybridpatch_v2,282,0.9928833842277527,0.9894969463348389,0.984603226184845,0.9898573756217957
典型寿命,MATR_b3c27,850.0,150,hybridpatch_v2,283,0.9928405284881592,0.9894452095031738,0.9845224618911743,0.9898068308830261
典型寿命,MATR_b3c27,850.0,150,hybridpatch_v2,284,0.9927703738212585,0.9893935918807983,0.9844418168067932,0.9897562861442566
典型寿命,MATR_b3c27,850.0,150,hybridpatch_v2,285,0.9927195310592651,0.9893420338630676,0.9843612313270569,0.9897058606147766
典型寿命,MATR_b3c27,850.0,150,hybridpatch_v2,286,0.9927261471748352,0.9892905950546265,0.9842807650566101,0.9896554946899414
典型寿命,MATR_b3c27,850.0,150,hybridpatch_v2,287,0.9926982522010803,0.9892391562461853,0.9842004179954529,0.989605188369751
典型寿命,MATR_b3c27,850.0,150,hybridpatch_v2,288,0.9926444292068481,0.9891878366470337,0.9841201305389404,0.9895549416542053
典型寿命,MATR_b3c27,850.0,150,hybridpatch_v2,289,0.9925565719604492,0.9891365766525269,0.9840399622917175,0.9895048141479492
典型寿命,MATR_b3c27,850.0,150,hybridpatch_v2,290,0.9925367832183838,0.9890853762626648,0.9839598536491394,0.9894546866416931
典型寿命,MATR_b3c27,850.0,150,hybridpatch_v2,291,0.9924455881118774,0.9890342354774475,0.9838798642158508,0.9894046187400818
典型寿命,MATR_b3c27,850.0,150,hybridpatch_v2,292,0.9924544095993042,0.988983154296875,0.9837999939918518,0.9893546104431152
典型寿命,MATR_b3c27,850.0,150,hybridpatch_v2,293,0.9922347664833069,0.9889321327209473,0.9837201833724976,0.9893046617507935
典型寿命,MATR_b3c27,850.0,150,hybridpatch_v2,294,0.9921376705169678,0.9888811707496643,0.9836404323577881,0.9892547726631165
典型寿命,MATR_b3c27,850.0,150,hybridpatch_v2,295,0.99204021692276,0.9888302683830261,0.9835608601570129,0.9892049431800842
典型寿命,MATR_b3c27,850.0,150,hybridpatch_v2,296,0.9919640421867371,0.9887794852256775,0.9834812879562378,0.9891551733016968
典型寿命,MATR_b3c27,850.0,150,hybridpatch_v2,297,0.9920408129692078,0.9887287020683289,0.9834018349647522,0.9891054630279541
典型寿命,MATR_b3c27,850.0,150,hybridpatch_v2,298,0.9919087886810303,0.9886780381202698,0.9833225011825562,0.9890558123588562
典型寿命,MATR_b3c27,850.0,150,hybridpatch_v2,299,0.9918997883796692,0.9886273741722107,0.9832432270050049,0.9890062212944031
典型寿命,MATR_b3c27,850.0,150,hybridpatch_v2,300,0.9919230341911316,0.9885768294334412,0.9831640124320984,0.9889566898345947
典型寿命,MATR_b3c27,850.0,150,hybridpatch_v2,301,0.9918978810310364,0.9885245561599731,0.9830849170684814,0.9889071583747864
典型寿命,MATR_b3c27,850.0,150,hybridpatch_v2,302,0.9918153882026672,0.9884700179100037,0.9830058813095093,0.9888577461242676
典型寿命,MATR_b3c27,850.0,150,hybridpatch_v2,303,0.9916985630989075,0.9884154796600342,0.9829269647598267,0.9888083338737488
典型寿命,MATR_b3c27,850.0,150,hybridpatch_v2,304,0.9914634227752686,0.9883610010147095,0.9828481078147888,0.9887590408325195
典型寿命,MATR_b3c27,850.0,150,hybridpatch_v2,305,0.9915067553520203,0.9883066415786743,0.9827693104743958,0.9887097477912903
典型寿命,MATR_b3c27,850.0,150,hybridpatch_v2,306,0.991468608379364,0.9882522225379944,0.9826906323432922,0.9886605143547058
典型寿命,MATR_b3c27,850.0,150,hybridpatch_v2,307,0.9914898872375488,0.988197922706604,0.9826120138168335,0.9886113405227661
典型寿命,MATR_b3c27,850.0,150,hybridpatch_v2,308,0.9912681579589844,0.9881436228752136,0.9825334548950195,0.9885622262954712
典型寿命,MATR_b3c27,850.0,150,hybridpatch_v2,309,0.9913709759712219,0.988089382648468,0.9824550151824951,0.988513171672821
典型寿命,MATR_b3c27,850.0,150,hybridpatch_v2,310,0.9911888241767883,0.9880352020263672,0.9823766350746155,0.9884641170501709
典型寿命,MATR_b3c27,850.0,150,hybridpatch_v2,311,0.9913914203643799,0.9879810214042664,0.9822983145713806,0.9884151220321655
典型寿命,MATR_b3c27,850.0,150,hybridpatch_v2,312,0.9913922548294067,0.9879269003868103,0.9822201132774353,0.9883661866188049
典型寿命,MATR_b3c27,850.0,150,hybridpatch_v2,313,0.9913116097450256,0.987872838973999,0.9821419715881348,0.9883173108100891
典型寿命,MATR_b3c27,850.0,150,hybridpatch_v2,314,0.9912506937980652,0.9878188371658325,0.982063889503479,0.9882684946060181
典型寿命,MATR_b3c27,850.0,150,hybridpatch_v2,315,0.9911345839500427,0.987764835357666,0.981985867023468,0.9882197380065918
典型寿命,MATR_b3c27,850.0,150,hybridpatch_v2,316,0.9911251664161682,0.9877108335494995,0.9819079041481018,0.9881709814071655
典型寿命,MATR_b3c27,850.0,150,hybridpatch_v2,317,0.9910640716552734,0.9876569509506226,0.9818300604820251,0.988122284412384
典型寿命,MATR_b3c27,850.0,150,hybridpatch_v2,318,0.9910472631454468,0.9876030683517456,0.9817522764205933,0.9880736470222473
典型寿命,MATR_b3c27,850.0,150,hybridpatch_v2,319,0.9909681081771851,0.9875492453575134,0.9816745519638062,0.9880250692367554
典型寿命,MATR_b3c27,850.0,150,hybridpatch_v2,320,0.9909828901290894,0.9874954223632812,0.9815969467163086,0.9879764914512634
典型寿命,MATR_b3c27,850.0,150,hybridpatch_v2,321,0.9908919334411621,0.9874416589736938,0.981519341468811,0.9879279732704163
典型寿命,MATR_b3c27,850.0,150,hybridpatch_v2,322,0.9908014535903931,0.9873879551887512,0.981441855430603,0.9878795146942139
典型寿命,MATR_b3c27,850.0,150,hybridpatch_v2,323,0.990738570690155,0.9873342514038086,0.981364369392395,0.9878311157226562
典型寿命,MATR_b3c27,850.0,150,hybridpatch_v2,324,0.990723192691803,0.9872806072235107,0.9812870025634766,0.9877827167510986
典型寿命,MATR_b3c27,850.0,150,hybridpatch_v2,325,0.9906678795814514,0.9872270226478577,0.9812097549438477,0.9877344369888306
典型寿命,MATR_b3c27,850.0,150,hybridpatch_v2,326,0.9905797243118286,0.9871734380722046,0.9811325073242188,0.9876860976219177
典型寿命,MATR_b3c27,850.0,150,hybridpatch_v2,327,0.9891810417175293,0.9871199131011963,0.9810553193092346,0.9876378774642944
典型寿命,MATR_b3c27,850.0,150,hybridpatch_v2,328,0.9902622103691101,0.987066388130188,0.98097825050354,0.9875896573066711
典型寿命,MATR_b3c27,850.0,150,hybridpatch_v2,329,0.9902642965316772,0.9870129227638245,0.9809011816978455,0.9875414967536926
典型寿命,MATR_b3c27,850.0,150,hybridpatch_v2,330,0.990071177482605,0.9869595170021057,0.9808242321014404,0.9874933958053589
典型寿命,MATR_b3c27,850.0,150,hybridpatch_v2,331,0.9901705384254456,0.986906111240387,0.9807472825050354,0.9874452948570251
典型寿命,MATR_b3c27,850.0,150,hybridpatch_v2,332,0.9901536107063293,0.986852765083313,0.9806704521179199,0.987397313117981
典型寿命,MATR_b3c27,850.0,150,hybridpatch_v2,333,0.9901375770568848,0.986799418926239,0.9805936813354492,0.987349271774292
典型寿命,MATR_b3c27,850.0,150,hybridpatch_v2,334,0.9900079965591431,0.9867461323738098,0.9805169701576233,0.9873013496398926
典型寿命,MATR_b3c27,850.0,150,hybridpatch_v2,335,0.9899948239326477,0.9866928458213806,0.9804403185844421,0.9872534275054932
典型寿命,MATR_b3c27,850.0,150,hybridpatch_v2,336,0.9897975921630859,0.986639678478241,0.9803637266159058,0.9872055649757385
典型寿命,MATR_b3c27,850.0,150,hybridpatch_v2,337,0.9898775219917297,0.9865864515304565,0.9802871942520142,0.9871577024459839
典型寿命,MATR_b3c27,850.0,150,hybridpatch_v2,338,0.9897761344909668,0.9865332841873169,0.9802107214927673,0.987109899520874
典型寿命,MATR_b3c27,850.0,150,hybridpatch_v2,339,0.9896135330200195,0.986480176448822,0.9801343083381653,0.9870621562004089
典型寿命,MATR_b3c27,850.0,150,hybridpatch_v2,340,0.9896140694618225,0.9864270687103271,0.980057954788208,0.9870144128799438
典型寿命,MATR_b3c27,850.0,150,hybridpatch_v2,341,0.989569365978241,0.986374020576477,0.9799816608428955,0.9869667291641235
典型寿命,MATR_b3c27,850.0,150,hybridpatch_v2,342,0.9895492792129517,0.986320972442627,0.9799054265022278,0.986919105052948
典型寿命,MATR_b3c27,850.0,150,hybridpatch_v2,343,0.9894012808799744,0.9862679839134216,0.9798292517662048,0.9868714809417725
典型寿命,MATR_b3c27,850.0,150,hybridpatch_v2,344,0.989400327205658,0.9862150549888611,0.9797531366348267,0.9868239164352417
典型寿命,MATR_b3c27,850.0,150,hybridpatch_v2,345,0.989496111869812,0.9861621260643005,0.9796770811080933,0.9867764115333557
典型寿命,MATR_b3c27,850.0,150,hybridpatch_v2,346,0.989374577999115,0.98610919713974,0.9796010851860046,0.9867289066314697
典型寿命,MATR_b3c27,850.0,150,hybridpatch_v2,347,0.989362895488739,0.9860563278198242,0.9795251488685608,0.9866814613342285
典型寿命,MATR_b3c27,850.0,150,hybridpatch_v2,348,0.9892675876617432,0.9860035181045532,0.9794492721557617,0.9866340160369873
典型寿命,MATR_b3c27,850.0,150,hybridpatch_v2,349,0.9892876744270325,0.9859507083892822,0.9793733954429626,0.9865866303443909
典型寿命,MATR_b3c27,850.0,150,hybridpatch_v2,350,0.9892009496688843,0.9858978986740112,0.9792976379394531,0.9865393042564392
典型寿命,MATR_b3c27,850.0,150,hybridpatch_v2,351,0.9891566038131714,0.985845148563385,0.9792219400405884,0.9864919781684875
典型寿命,MATR_b3c27,850.0,150,hybridpatch_v2,352,0.9890786409378052,0.9857924580574036,0.9791462421417236,0.9864447116851807
典型寿命,MATR_b3c27,850.0,150,hybridpatch_v2,353,0.9889684915542603,0.9857397675514221,0.9790706038475037,0.9863974452018738
典型寿命,MATR_b3c27,850.0,150,hybridpatch_v2,354,0.9888731837272644,0.9856870770454407,0.9789950847625732,0.9863502383232117
典型寿命,MATR_b3c27,850.0,150,hybridpatch_v2,355,0.9887956976890564,0.985634446144104,0.9789195656776428,0.9863030314445496
典型寿命,MATR_b3c27,850.0,150,hybridpatch_v2,356,0.9886530637741089,0.9855818748474121,0.9788441061973572,0.9862558841705322
典型寿命,MATR_b3c27,850.0,150,hybridpatch_v2,357,0.9885942339897156,0.9855292439460754,0.9787687063217163,0.9862087965011597
典型寿命,MATR_b3c27,850.0,150,hybridpatch_v2,358,0.9874544739723206,0.9854767322540283,0.9786933660507202,0.9861617088317871
典型寿命,MATR_b3c27,850.0,150,hybridpatch_v2,359,0.9884857535362244,0.9854242205619812,0.9786180853843689,0.9861146807670593
典型寿命,MATR_b3c27,850.0,150,hybridpatch_v2,360,0.9884515404701233,0.9853717088699341,0.9785428047180176,0.9860676527023315
典型寿命,MATR_b3c27,850.0,150,hybridpatch_v2,361,0.9884473085403442,0.9853192567825317,0.9784676432609558,0.9860206842422485
典型寿命,MATR_b3c27,850.0,150,hybridpatch_v2,362,0.9884048700332642,0.9852668046951294,0.978392481803894,0.9859737753868103
典型寿命,MATR_b3c27,850.0,150,hybridpatch_v2,363,0.9883923530578613,0.9852144122123718,0.978317379951477,0.9859268665313721
典型寿命,MATR_b3c27,850.0,150,hybridpatch_v2,364,0.9883498549461365,0.9851620197296143,0.9782423377037048,0.9858799576759338
典型寿命,MATR_b3c27,850.0,150,hybridpatch_v2,365,0.9882002472877502,0.9851096868515015,0.9781673550605774,0.9858331084251404
典型寿命,MATR_b3c27,850.0,150,hybridpatch_v2,366,0.988215446472168,0.9850573539733887,0.9780924320220947,0.9857863187789917
典型寿命,MATR_b3c27,850.0,150,hybridpatch_v2,367,0.9882195591926575,0.9850050806999207,0.9780175089836121,0.985739529132843
典型寿命,MATR_b3c27,850.0,150,hybridpatch_v2,368,0.9880685210227966,0.9849528074264526,0.9779426455497742,0.9856927394866943
典型寿命,MATR_b3c27,850.0,150,hybridpatch_v2,369,0.9880051612854004,0.9849005341529846,0.977867841720581,0.9856460690498352
典型寿命,MATR_b3c27,850.0,150,hybridpatch_v2,370,0.9880296587944031,0.9848483204841614,0.9777930974960327,0.9855993390083313
典型寿命,MATR_b3c27,850.0,150,hybridpatch_v2,371,0.9878515005111694,0.9847961664199829,0.9777184128761292,0.9855526685714722
典型寿命,MATR_b3c27,850.0,150,hybridpatch_v2,372,0.9876931309700012,0.9847439527511597,0.9776437282562256,0.9855060577392578
典型寿命,MATR_b3c27,850.0,150,hybridpatch_v2,373,0.9878857731819153,0.984691858291626,0.9775691628456116,0.9854594469070435
典型寿命,MATR_b3c27,850.0,150,hybridpatch_v2,374,0.9875990152359009,0.9846397042274475,0.9774945974349976,0.9854128956794739
典型寿命,MATR_b3c27,850.0,150,hybridpatch_v2,375,0.9875072240829468,0.9845876097679138,0.9774200916290283,0.9853663444519043
典型寿命,MATR_b3c27,850.0,150,hybridpatch_v2,376,0.987556517124176,0.9845355749130249,0.9773455858230591,0.9853198528289795
典型寿命,MATR_b3c27,850.0,150,hybridpatch_v2,377,0.98760586977005,0.984483540058136,0.9772711992263794,0.9852733612060547
典型寿命,MATR_b3c27,850.0,150,hybridpatch_v2,378,0.9873329997062683,0.9844315052032471,0.9771968126296997,0.9852269291877747
典型寿命,MATR_b3c27,850.0,150,hybridpatch_v2,379,0.9873822331428528,0.9843795299530029,0.9771224856376648,0.9851804971694946
典型寿命,MATR_b3c27,850.0,150,hybridpatch_v2,380,0.9872527122497559,0.9843275547027588,0.9770481586456299,0.9851340651512146
典型寿命,MATR_b3c27,850.0,150,hybridpatch_v2,381,0.9871266484260559,0.9842756390571594,0.9769739508628845,0.9850877523422241
典型寿命,MATR_b3c27,850.0,150,hybridpatch_v2,382,0.9870781302452087,0.9842237234115601,0.9768997430801392,0.9850413799285889
典型寿命,MATR_b3c27,850.0,150,hybridpatch_v2,383,0.9870001077651978,0.9841718077659607,0.9768255949020386,0.9849950671195984
典型寿命,MATR_b3c27,850.0,150,hybridpatch_v2,384,0.9869627952575684,0.9841199517250061,0.976751446723938,0.9849488139152527
典型寿命,MATR_b3c27,850.0,150,hybridpatch_v2,385,0.9870002865791321,0.9840680956840515,0.976677417755127,0.984902560710907
典型寿命,MATR_b3c27,850.0,150,hybridpatch_v2,386,0.9869607090950012,0.9840162992477417,0.9766033887863159,0.9848563075065613
典型寿命,MATR_b3c27,850.0,150,hybridpatch_v2,387,0.9867687821388245,0.9839644432067871,0.9765294194221497,0.9848101139068604
典型寿命,MATR_b3c27,850.0,150,hybridpatch_v2,388,0.9865725636482239,0.9839127063751221,0.9764554500579834,0.9847639799118042
典型寿命,MATR_b3c27,850.0,150,hybridpatch_v2,389,0.9864679574966431,0.983860969543457,0.9763815402984619,0.9847177863121033
典型寿命,MATR_b3c27,850.0,150,hybridpatch_v2,390,0.9865079522132874,0.983809232711792,0.9763076901435852,0.9846717119216919
典型寿命,MATR_b3c27,850.0,150,hybridpatch_v2,391,0.9864696264266968,0.983757495880127,0.9762338995933533,0.9846256375312805
典型寿命,MATR_b3c27,850.0,150,hybridpatch_v2,392,0.9864439964294434,0.9837058186531067,0.9761601090431213,0.9845795631408691
典型寿命,MATR_b3c27,850.0,150,hybridpatch_v2,393,0.986125111579895,0.9836541414260864,0.9760863780975342,0.9845334887504578
典型寿命,MATR_b3c27,850.0,150,hybridpatch_v2,394,0.986335277557373,0.9836025238037109,0.9760127067565918,0.9844875335693359
典型寿命,MATR_b3c27,850.0,150,hybridpatch_v2,395,0.9862812161445618,0.9835509061813354,0.9759390950202942,0.9844415187835693
典型寿命,MATR_b3c27,850.0,150,hybridpatch_v2,396,0.9862871766090393,0.9834993481636047,0.9758654832839966,0.9843955636024475
典型寿命,MATR_b3c27,850.0,150,hybridpatch_v2,397,0.9861841797828674,0.9834477305412292,0.975791871547699,0.9843496084213257
典型寿命,MATR_b3c27,850.0,150,hybridpatch_v2,398,0.9860835075378418,0.9833962321281433,0.9757183790206909,0.9843037128448486
典型寿命,MATR_b3c27,850.0,150,hybridpatch_v2,399,0.9861043095588684,0.9833446741104126,0.9756448864936829,0.9842578768730164
典型寿命,MATR_b3c27,850.0,150,hybridpatch_v2,400,0.9860929846763611,0.9832931756973267,0.9755714535713196,0.9842119812965393
典型寿命,MATR_b3c27,850.0,150,hybridpatch_v2,401,0.985934853553772,0.9832416772842407,0.9754980206489563,0.984166145324707
典型寿命,MATR_b3c27,850.0,150,hybridpatch_v2,402,0.9859247803688049,0.9831902384757996,0.9754246473312378,0.9841203689575195
典型寿命,MATR_b3c27,850.0,150,hybridpatch_v2,403,0.9859021902084351,0.9831387996673584,0.9753513336181641,0.984074592590332
典型寿命,MATR_b3c27,850.0,150,hybridpatch_v2,404,0.9856345653533936,0.9830873608589172,0.9752780199050903,0.9840288162231445
典型寿命,MATR_b3c27,850.0,150,hybridpatch_v2,405,0.9857406616210938,0.9830359816551208,0.9752048254013062,0.9839830994606018
典型寿命,MATR_b3c27,850.0,150,hybridpatch_v2,406,0.9855889081954956,0.9829846024513245,0.9751315712928772,0.9839373826980591
典型寿命,MATR_b3c27,850.0,150,hybridpatch_v2,407,0.9854071140289307,0.9829332232475281,0.9750584363937378,0.9838917255401611
典型寿命,MATR_b3c27,850.0,150,hybridpatch_v2,408,0.9854446053504944,0.9828819036483765,0.9749853014945984,0.9838460683822632
典型寿命,MATR_b3c27,850.0,150,hybridpatch_v2,409,0.9854084253311157,0.9828305840492249,0.974912166595459,0.9838004112243652
典型寿命,MATR_b3c27,850.0,150,hybridpatch_v2,410,0.9853329062461853,0.9827792644500732,0.9748390913009644,0.9837548136711121
典型寿命,MATR_b3c27,850.0,150,hybridpatch_v2,411,0.9852941036224365,0.9827280044555664,0.9747660756111145,0.9837092757225037
典型寿命,MATR_b3c27,850.0,150,hybridpatch_v2,412,0.9852780103683472,0.9826767444610596,0.9746931195259094,0.9836636781692505
典型寿命,MATR_b3c27,850.0,150,hybridpatch_v2,413,0.9851264357566833,0.9826255440711975,0.9746201634407043,0.9836181402206421
典型寿命,MATR_b3c27,850.0,150,hybridpatch_v2,414,0.9851758480072021,0.9825743436813354,0.9745472073554993,0.9835726618766785
典型寿命,MATR_b3c27,850.0,150,hybridpatch_v2,415,0.9849665760993958,0.9825231432914734,0.9744743704795837,0.9835271239280701
典型寿命,MATR_b3c27,850.0,150,hybridpatch_v2,416,0.9850062131881714,0.9824719429016113,0.9744015336036682,0.9834817051887512
典型寿命,MATR_b3c27,850.0,150,hybridpatch_v2,417,0.9847915172576904,0.982420802116394,0.9743286967277527,0.9834362268447876
典型寿命,MATR_b3c27,850.0,150,hybridpatch_v2,418,0.9848352074623108,0.9823696613311768,0.9742559194564819,0.9833908081054688
典型寿命,MATR_b3c27,850.0,150,hybridpatch_v2,419,0.9847593903541565,0.9823185205459595,0.974183201789856,0.9833454489707947
典型寿命,MATR_b3c27,850.0,150,hybridpatch_v2,420,0.9845376014709473,0.982267439365387,0.97411048412323,0.9833000302314758
典型寿命,MATR_b3c27,850.0,150,hybridpatch_v2,421,0.9835034012794495,0.9822163581848145,0.9740378260612488,0.9832546710968018
典型寿命,MATR_b3c27,850.0,150,hybridpatch_v2,422,0.9845863580703735,0.9821653366088867,0.9739652276039124,0.9832093715667725
典型寿命,MATR_b3c27,850.0,150,hybridpatch_v2,423,0.9845355153083801,0.9821142554283142,0.9738926291465759,0.9831640720367432
典型寿命,MATR_b3c27,850.0,150,hybridpatch_v2,424,0.9844468235969543,0.9820632338523865,0.9738200306892395,0.9831187725067139
典型寿命,MATR_b3c27,850.0,150,hybridpatch_v2,425,0.9843245148658752,0.9820122718811035,0.9737475514411926,0.9830735325813293
典型寿命,MATR_b3c27,850.0,150,hybridpatch_v2,426,0.9842846989631653,0.9819612503051758,0.973675012588501,0.9830282926559448
典型寿命,MATR_b3c27,850.0,150,hybridpatch_v2,427,0.9841451644897461,0.9819102883338928,0.9736025929450989,0.9829830527305603
典型寿命,MATR_b3c27,850.0,150,hybridpatch_v2,428,0.984069287776947,0.9818593859672546,0.9735301733016968,0.9829378724098206
典型寿命,MATR_b3c27,850.0,150,hybridpatch_v2,429,0.9839566349983215,0.9818084239959717,0.9734577536582947,0.9828926920890808
典型寿命,MATR_b3c27,850.0,150,hybridpatch_v2,430,0.9840392470359802,0.9817575216293335,0.9733853936195374,0.9828475117683411
典型寿命,MATR_b3c27,850.0,150,hybridpatch_v2,431,0.9838882088661194,0.9817066192626953,0.9733130931854248,0.9828023910522461
典型寿命,MATR_b3c27,850.0,150,hybridpatch_v2,432,0.9839063882827759,0.9816557765007019,0.9732407927513123,0.9827572703361511
典型寿命,MATR_b3c27,850.0,150,hybridpatch_v2,433,0.9839441180229187,0.9816049337387085,0.9731685519218445,0.9827122092247009
典型寿命,MATR_b3c27,850.0,150,hybridpatch_v2,434,0.9838820099830627,0.9815540909767151,0.9730963110923767,0.9826671481132507
典型寿命,MATR_b3c27,850.0,150,hybridpatch_v2,435,0.9837220311164856,0.9815032482147217,0.9730241298675537,0.9826220870018005
典型寿命,MATR_b3c27,850.0,150,hybridpatch_v2,436,0.9836921095848083,0.981452465057373,0.9729519486427307,0.9825770258903503
典型寿命,MATR_b3c27,850.0,150,hybridpatch_v2,437,0.9835492372512817,0.9814016819000244,0.9728798270225525,0.9825320243835449
典型寿命,MATR_b3c27,850.0,150,hybridpatch_v2,438,0.9835712909698486,0.9813508987426758,0.972807765007019,0.9824870824813843
典型寿命,MATR_b3c27,850.0,150,hybridpatch_v2,439,0.9833914637565613,0.9813001751899719,0.9727357029914856,0.9824420809745789
典型寿命,MATR_b3c27,850.0,150,hybridpatch_v2,440,0.9833123683929443,0.9812494516372681,0.9726636409759521,0.9823971390724182
典型寿命,MATR_b3c27,850.0,150,hybridpatch_v2,441,0.9831668734550476,0.9811987280845642,0.9725916385650635,0.9823521971702576
典型寿命,MATR_b3c27,850.0,150,hybridpatch_v2,442,0.98319411277771,0.9811480641365051,0.9725196957588196,0.9823073148727417
典型寿命,MATR_b3c27,850.0,150,hybridpatch_v2,443,0.9829070568084717,0.9810973405838013,0.9724477529525757,0.9822624325752258
典型寿命,MATR_b3c27,850.0,150,hybridpatch_v2,444,0.9828133583068848,0.981046736240387,0.9723758697509766,0.98221755027771
典型寿命,MATR_b3c27,850.0,150,hybridpatch_v2,445,0.9828292727470398,0.9809960722923279,0.9723039865493774,0.9821727275848389
典型寿命,MATR_b3c27,850.0,150,hybridpatch_v2,446,0.9828000664710999,0.9809454679489136,0.9722321629524231,0.9821279048919678
典型寿命,MATR_b3c27,850.0,150,hybridpatch_v2,447,0.9828336238861084,0.9808948040008545,0.9721603393554688,0.9820830821990967
典型寿命,MATR_b3c27,850.0,150,hybridpatch_v2,448,0.9825354814529419,0.980844259262085,0.9720885157585144,0.9820345640182495
典型寿命,MATR_b3c27,850.0,150,hybridpatch_v2,449,0.9824137687683105,0.9807936549186707,0.9720168113708496,0.981978714466095
典型寿命,MATR_b3c27,850.0,150,hybridpatch_v2,450,0.982484757900238,0.9807431101799011,0.97194504737854,0.9819154739379883
典型寿命,MATR_b3c27,850.0,150,hybridpatch_v2,451,0.9823476672172546,0.9806925654411316,0.97187340259552,0.9818449020385742
典型寿命,MATR_b3c27,850.0,150,hybridpatch_v2,452,0.9822272658348083,0.9806420207023621,0.9718016982078552,0.9817669987678528
典型寿命,MATR_b3c27,850.0,150,hybridpatch_v2,453,0.9821023344993591,0.9805915355682373,0.9717300534248352,0.981681764125824
典型寿命,MATR_b3c27,850.0,150,hybridpatch_v2,454,0.9819796085357666,0.9805410504341125,0.97165846824646,0.981589138507843
典型寿命,MATR_b3c27,850.0,150,hybridpatch_v2,455,0.9820114374160767,0.9804905652999878,0.9715868830680847,0.9814891815185547
典型寿命,MATR_b3c27,850.0,150,hybridpatch_v2,456,0.9820004105567932,0.980440080165863,0.971514880657196,0.981381893157959
典型寿命,MATR_b3c27,850.0,150,hybridpatch_v2,457,0.9818207025527954,0.9803896546363831,0.9714325666427612,0.9812672138214111
典型寿命,MATR_b3c27,850.0,150,hybridpatch_v2,458,0.9819292426109314,0.9803392291069031,0.9713361263275146,0.9811452031135559
典型寿命,MATR_b3c27,850.0,150,hybridpatch_v2,459,0.9817846417427063,0.9802888035774231,0.9712255597114563,0.9810158610343933
典型寿命,MATR_b3c27,850.0,150,hybridpatch_v2,460,0.9817654490470886,0.9802384376525879,0.971100926399231,0.9808791875839233
典型寿命,MATR_b3c27,850.0,150,hybridpatch_v2,461,0.9817853569984436,0.9801880121231079,0.9709621071815491,0.9807351231575012
典型寿命,MATR_b3c27,850.0,150,hybridpatch_v2,462,0.981682300567627,0.9801376461982727,0.970809280872345,0.9805837273597717
典型寿命,MATR_b3c27,850.0,150,hybridpatch_v2,463,0.9815744757652283,0.9800872802734375,0.9706422686576843,0.9804250001907349
典型寿命,MATR_b3c27,850.0,150,hybridpatch_v2,464,0.9814950227737427,0.9800369739532471,0.9704611897468567,0.9802600741386414
典型寿命,MATR_b3c27,850.0,150,hybridpatch_v2,465,0.9814639687538147,0.9799866676330566,0.9702660441398621,0.9801468253135681
典型寿命,MATR_b3c27,850.0,150,hybridpatch_v2,466,0.9814269542694092,0.9799046516418457,0.9700567126274109,0.9800296425819397
典型寿命,MATR_b3c27,850.0,150,hybridpatch_v2,467,0.9814719557762146,0.9797165393829346,0.9698333144187927,0.9799086451530457
典型寿命,MATR_b3c27,850.0,150,hybridpatch_v2,468,0.9812369346618652,0.9795210361480713,0.9695957899093628,0.9798355102539062
典型寿命,MATR_b3c27,850.0,150,hybridpatch_v2,469,0.9811745882034302,0.9793182015419006,0.9693441987037659,0.9797795414924622
典型寿命,MATR_b3c27,850.0,150,hybridpatch_v2,470,0.9811968207359314,0.9791080355644226,0.9690784215927124,0.979716420173645
典型寿命,MATR_b3c27,850.0,150,hybridpatch_v2,471,0.9809737801551819,0.9788904786109924,0.9687986373901367,0.9796460270881653
典型寿命,MATR_b3c27,850.0,150,hybridpatch_v2,472,0.9808966517448425,0.9786656498908997,0.9685046672821045,0.9795684814453125
典型寿命,MATR_b3c27,850.0,150,hybridpatch_v2,473,0.9807905554771423,0.97843337059021,0.9681966304779053,0.9794836640357971
典型寿命,MATR_b3c27,850.0,150,hybridpatch_v2,474,0.980705738067627,0.9781938195228577,0.9678744077682495,0.9793916344642639
典型寿命,MATR_b3c27,850.0,150,hybridpatch_v2,475,0.9806553721427917,0.9779468774795532,0.9675381779670715,0.9792923927307129
典型寿命,MATR_b3c27,850.0,150,hybridpatch_v2,476,0.9805067777633667,0.9776926040649414,0.967187762260437,0.9791859984397888
典型寿命,MATR_b3c27,850.0,150,hybridpatch_v2,477,0.9803975820541382,0.9774309992790222,0.9668232798576355,0.9790723323822021
典型寿命,MATR_b3c27,850.0,150,hybridpatch_v2,478,0.9804857969284058,0.9771620035171509,0.9664446711540222,0.9789514541625977
典型寿命,MATR_b3c27,850.0,150,hybridpatch_v2,479,0.9802981019020081,0.9768856763839722,0.9660519957542419,0.9788233041763306
典型寿命,MATR_b3c27,850.0,150,hybridpatch_v2,480,0.980288028717041,0.9766019582748413,0.9656451344490051,0.9786880016326904
典型寿命,MATR_b3c27,850.0,150,hybridpatch_v2,481,0.9801800847053528,0.9763109683990479,0.9652242064476013,0.9785454869270325
典型寿命,MATR_b3c27,850.0,150,hybridpatch_v2,482,0.9800806641578674,0.9760125875473022,0.9647891521453857,0.9783957600593567
典型寿命,MATR_b3c27,850.0,150,hybridpatch_v2,483,0.9800735712051392,0.9757068753242493,0.9643400311470032,0.9782387614250183
典型寿命,MATR_b3c27,850.0,150,hybridpatch_v2,484,0.978834331035614,0.9753937721252441,0.9638767838478088,0.9780746102333069
典型寿命,MATR_b3c27,850.0,150,hybridpatch_v2,485,0.97984778881073,0.9750733375549316,0.9633994102478027,0.9779031872749329
典型寿命,MATR_b3c27,850.0,150,hybridpatch_v2,486,0.9796968698501587,0.9747455716133118,0.9629079103469849,0.9777246117591858
典型寿命,MATR_b3c27,850.0,150,hybridpatch_v2,487,0.9797373414039612,0.9744104146957397,0.96240234375,0.9775387644767761
典型寿命,MATR_b3c27,850.0,150,hybridpatch_v2,488,0.9794347286224365,0.9740679264068604,0.9618826508522034,0.9773457050323486
典型寿命,MATR_b3c27,850.0,150,hybridpatch_v2,489,0.9794743061065674,0.9737181067466736,0.961348831653595,0.9771454334259033
典型寿命,MATR_b3c27,850.0,150,hybridpatch_v2,490,0.9793210029602051,0.9733609557151794,0.9608008861541748,0.9769379496574402
典型寿命,MATR_b3c27,850.0,150,hybridpatch_v2,491,0.9790242314338684,0.9729964137077332,0.9602388739585876,0.9767232537269592
典型寿命,MATR_b3c27,850.0,150,hybridpatch_v2,492,0.9789215922355652,0.9726245403289795,0.9596627354621887,0.9765013456344604
典型寿命,MATR_b3c27,850.0,150,hybridpatch_v2,493,0.9788973331451416,0.9722452759742737,0.959072470664978,0.9762722253799438
典型寿命,MATR_b3c27,850.0,150,hybridpatch_v2,494,0.9786967635154724,0.9718586802482605,0.9584680795669556,0.9760358929634094
典型寿命,MATR_b3c27,850.0,150,hybridpatch_v2,495,0.9787073135375977,0.9714647531509399,0.9578496217727661,0.9757922887802124
典型寿命,MATR_b3c27,850.0,150,hybridpatch_v2,496,0.9785845279693604,0.971063494682312,0.9572170376777649,0.9755415320396423
典型寿命,MATR_b3c27,850.0,150,hybridpatch_v2,497,0.97842937707901,0.9706548452377319,0.9565703272819519,0.9752835035324097
典型寿命,MATR_b3c27,850.0,150,hybridpatch_v2,498,0.9783317446708679,0.9702388644218445,0.9559094905853271,0.975018322467804
典型寿命,MATR_b3c27,850.0,150,hybridpatch_v2,499,0.9782916307449341,0.9698154926300049,0.9552345871925354,0.9747458696365356
典型寿命,MATR_b3c27,850.0,150,hybridpatch_v2,500,0.97808438539505,0.9693848490715027,0.9545455574989319,0.9744662046432495
长寿命,MATR_b3c7,1836.0,20,current_hybrid,21,1.001969575881958,1.0013378858566284,1.0012320280075073,1.0014433860778809
长寿命,MATR_b3c7,1836.0,20,current_hybrid,22,1.0019757747650146,1.0010700225830078,1.0009211301803589,1.0012181997299194
长寿命,MATR_b3c7,1836.0,20,current_hybrid,23,1.0006887912750244,1.0008543729782104,1.000672459602356,1.0010346174240112
长寿命,MATR_b3c7,1836.0,20,current_hybrid,24,1.0018161535263062,1.000665545463562,1.0004560947418213,1.0008729696273804
长寿命,MATR_b3c7,1836.0,20,current_hybrid,25,1.0017849206924438,1.000494122505188,1.000260353088379,1.0007250308990479
长寿命,MATR_b3c7,1836.0,20,current_hybrid,26,1.0019803047180176,1.0003348588943481,1.0000793933868408,1.0005868673324585
长寿命,MATR_b3c7,1836.0,20,current_hybrid,27,1.0019805431365967,1.0001848936080933,0.9999095797538757,1.0004562139511108
长寿命,MATR_b3c7,1836.0,20,current_hybrid,28,0.9995669722557068,1.000042200088501,0.9997484683990479,1.0003314018249512
长寿命,MATR_b3c7,1836.0,20,current_hybrid,29,1.0019958019256592,0.9999056458473206,0.999594509601593,1.000211477279663
长寿命,MATR_b3c7,1836.0,20,current_hybrid,30,1.0019463300704956,0.9997740387916565,0.9994466304779053,1.0000954866409302
长寿命,MATR_b3c7,1836.0,20,current_hybrid,31,1.0019536018371582,0.999646782875061,0.9993038773536682,0.999983012676239
长寿命,MATR_b3c7,1836.0,20,current_hybrid,32,1.001833200454712,0.9995232224464417,0.9991655349731445,0.9998734593391418
长寿命,MATR_b3c7,1836.0,20,current_hybrid,33,1.001842737197876,0.9994029402732849,0.999031126499176,0.9997665286064148
长寿命,MATR_b3c7,1836.0,20,current_hybrid,34,1.0018781423568726,0.9992855191230774,0.9989002346992493,0.999661922454834
长寿命,MATR_b3c7,1836.0,20,current_hybrid,35,1.001810908317566,0.9991706609725952,0.9987723231315613,0.9995594024658203
长寿命,MATR_b3c7,1836.0,20,current_hybrid,36,1.0015984773635864,0.9990581274032593,0.9986472725868225,0.9994587302207947
长寿命,MATR_b3c7,1836.0,20,current_hybrid,37,1.001665711402893,0.9989477396011353,0.9985247850418091,0.9993597865104675
长寿命,MATR_b3c7,1836.0,20,current_hybrid,38,1.0017931461334229,0.9988393187522888,0.9984045624732971,0.9992623925209045
长寿命,MATR_b3c7,1836.0,20,current_hybrid,40,1.0016263723373413,0.9986275434494019,0.9981703758239746,0.9990717172622681
长寿命,MATR_b3c7,1836.0,20,current_hybrid,41,1.0016449689865112,0.998524010181427,0.9980560541152954,0.9989782571792603
长寿命,MATR_b3c7,1836.0,20,current_hybrid,42,1.0015310049057007,0.9984219074249268,0.9979434013366699,0.9988859295845032
长寿命,MATR_b3c7,1836.0,20,current_hybrid,43,1.0015554428100586,0.9983210563659668,0.9978322982788086,0.9987946152687073
长寿命,MATR_b3c7,1836.0,20,current_hybrid,44,1.0014708042144775,0.9982214570045471,0.9977226853370667,0.9987043142318726
长寿命,MATR_b3c7,1836.0,20,current_hybrid,45,1.0014666318893433,0.998123049736023,0.9976145029067993,0.9986149668693542
长寿命,MATR_b3c7,1836.0,20,current_hybrid,46,1.0015124082565308,0.99802565574646,0.9975075721740723,0.9985265135765076
长寿命,MATR_b3c7,1836.0,20,current_hybrid,47,1.0016019344329834,0.9979293346405029,0.9974018335342407,0.998438835144043
长寿命,MATR_b3c7,1836.0,20,current_hybrid,48,1.0015857219696045,0.9978339672088623,0.9972973465919495,0.9983519315719604
长寿命,MATR_b3c7,1836.0,20,current_hybrid,49,1.0015478134155273,0.9977394938468933,0.9971938729286194,0.9982657432556152
长寿命,MATR_b3c7,1836.0,20,current_hybrid,50,1.001520037651062,0.997645914554596,0.9970914721488953,0.9981802105903625
长寿命,MATR_b3c7,1836.0,20,current_hybrid,51,1.0004091262817383,0.9975531101226807,0.9969900250434875,0.9980953931808472
长寿命,MATR_b3c7,1836.0,20,current_hybrid,52,1.001566767692566,0.9974611401557922,0.9968895316123962,0.9980111718177795
长寿命,MATR_b3c7,1836.0,20,current_hybrid,53,1.0016329288482666,0.9973698854446411,0.9967898726463318,0.9979276657104492
长寿命,MATR_b3c7,1836.0,20,current_hybrid,54,1.0016238689422607,0.9972794055938721,0.9966912269592285,0.9978446364402771
长寿命,MATR_b3c7,1836.0,20,current_hybrid,55,1.0016061067581177,0.9971895217895508,0.9965932369232178,0.997762143611908
长寿命,MATR_b3c7,1836.0,20,current_hybrid,56,1.0014371871948242,0.9971003532409668,0.9964960813522339,0.9976801872253418
长寿命,MATR_b3c7,1836.0,20,current_hybrid,57,1.001467227935791,0.9970117807388306,0.9963997006416321,0.9975987672805786
长寿命,MATR_b3c7,1836.0,20,current_hybrid,58,1.0015774965286255,0.9969238638877869,0.9963040351867676,0.9975178241729736
长寿命,MATR_b3c7,1836.0,20,current_hybrid,59,1.0015619993209839,0.9968364238739014,0.9962090253829956,0.9974372982978821
长寿命,MATR_b3c7,1836.0,20,current_hybrid,60,1.0016686916351318,0.9967495799064636,0.9961147308349609,0.9973572492599487
长寿命,MATR_b3c7,1836.0,20,current_hybrid,61,1.0016497373580933,0.9966632723808289,0.996021032333374,0.9972776174545288
长寿命,MATR_b3c7,1836.0,20,current_hybrid,62,1.0015190839767456,0.9965775609016418,0.9959279894828796,0.9971984028816223
长寿命,MATR_b3c7,1836.0,20,current_hybrid,63,1.0014774799346924,0.9964922666549683,0.9958354830741882,0.9971196055412292
长寿命,MATR_b3c7,1836.0,20,current_hybrid,64,1.001452088356018,0.9964074492454529,0.9957436323165894,0.9970411658287048
长寿命,MATR_b3c7,1836.0,20,current_hybrid,65,1.001479983329773,0.9963231086730957,0.9956523180007935,0.9969631433486938
长寿命,MATR_b3c7,1836.0,20,current_hybrid,66,1.0013835430145264,0.9962392449378967,0.9955614805221558,0.9968854784965515
长寿命,MATR_b3c7,1836.0,20,current_hybrid,67,1.0013701915740967,0.9961557388305664,0.995471179485321,0.9968081712722778
长寿命,MATR_b3c7,1836.0,20,current_hybrid,68,1.0013697147369385,0.9960727095603943,0.9953814744949341,0.9967311024665833
长寿命,MATR_b3c7,1836.0,20,current_hybrid,69,1.0013259649276733,0.9959901571273804,0.9952921867370605,0.9966544508934021
长寿命,MATR_b3c7,1836.0,20,current_hybrid,70,1.0013610124588013,0.9959079027175903,0.9952033162117004,0.9965780973434448
长寿命,MATR_b3c7,1836.0,20,current_hybrid,71,1.0013068914413452,0.995826005935669,0.9951150417327881,0.9965020418167114
长寿命,MATR_b3c7,1836.0,20,current_hybrid,72,1.0015181303024292,0.995744526386261,0.9950270652770996,0.9964262843132019
长寿命,MATR_b3c7,1836.0,20,current_hybrid,73,1.0012744665145874,0.9956634044647217,0.9949395656585693,0.9963508248329163
长寿命,MATR_b3c7,1836.0,20,current_hybrid,74,1.0012943744659424,0.995582640171051,0.9948524832725525,0.9962756037712097
长寿命,MATR_b3c7,1836.0,20,current_hybrid,75,1.0012528896331787,0.9955021739006042,0.9947658777236938,0.9962007403373718
长寿命,MATR_b3c7,1836.0,20,current_hybrid,76,1.0012788772583008,0.9954221248626709,0.9946796298027039,0.996126115322113
长寿命,MATR_b3c7,1836.0,20,current_hybrid,77,1.001373291015625,0.9953423738479614,0.9945937395095825,0.9960517287254333
长寿命,MATR_b3c7,1836.0,20,current_hybrid,78,1.0013411045074463,0.995262861251831,0.9945082664489746,0.9959775805473328
长寿命,MATR_b3c7,1836.0,20,current_hybrid,79,1.0012041330337524,0.9951837658882141,0.9944231510162354,0.995903730392456
长寿命,MATR_b3c7,1836.0,20,current_hybrid,80,1.0012826919555664,0.9951049089431763,0.99433833360672,0.9958300590515137
长寿命,MATR_b3c7,1836.0,20,current_hybrid,81,1.0013307332992554,0.9950263500213623,0.994253933429718,0.9957566857337952
长寿命,MATR_b3c7,1836.0,20,current_hybrid,82,1.0012167692184448,0.9949480891227722,0.9941698908805847,0.995683491230011
长寿命,MATR_b3c7,1836.0,20,current_hybrid,83,1.0012856721878052,0.9948700666427612,0.9940860867500305,0.9956105351448059
长寿命,MATR_b3c7,1836.0,20,current_hybrid,84,1.0012531280517578,0.9947923421859741,0.9940026998519897,0.9955378174781799
长寿命,MATR_b3c7,1836.0,20,current_hybrid,85,0.9999050498008728,0.9947148561477661,0.9939195513725281,0.9954652786254883
长寿命,MATR_b3c7,1836.0,20,current_hybrid,86,1.00111722946167,0.9946376085281372,0.9938368201255798,0.9953929781913757
长寿命,MATR_b3c7,1836.0,20,current_hybrid,87,1.0011353492736816,0.994560718536377,0.9937543272972107,0.9953208565711975
长寿命,MATR_b3c7,1836.0,20,current_hybrid,88,1.0010462999343872,0.994484007358551,0.9936720728874207,0.9952489137649536
长寿命,MATR_b3c7,1836.0,20,current_hybrid,89,1.0010496377944946,0.9944075345993042,0.993590235710144,0.9951772093772888
长寿命,MATR_b3c7,1836.0,20,current_hybrid,90,1.0010056495666504,0.9943313002586365,0.9935085773468018,0.9951056838035583
长寿命,MATR_b3c7,1836.0,20,current_hybrid,91,1.0008336305618286,0.9942553043365479,0.9934272170066833,0.9950343370437622
长寿命,MATR_b3c7,1836.0,20,current_hybrid,92,1.0009689331054688,0.9941795468330383,0.9933461546897888,0.9949631690979004
长寿命,MATR_b3c7,1836.0,20,current_hybrid,93,1.000959038734436,0.9941039681434631,0.9932652711868286,0.9948922395706177
长寿命,MATR_b3c7,1836.0,20,current_hybrid,94,1.0008692741394043,0.9940286874771118,0.9931848049163818,0.9948214292526245
长寿命,MATR_b3c7,1836.0,20,current_hybrid,95,1.0008853673934937,0.99395352602005,0.9931044578552246,0.9947507977485657
长寿命,MATR_b3c7,1836.0,20,current_hybrid,96,1.0009417533874512,0.9938786625862122,0.9930244088172913,0.9946802854537964
长寿命,MATR_b3c7,1836.0,20,current_hybrid,97,1.0009549856185913,0.9938039183616638,0.992944598197937,0.9946100115776062
长寿命,MATR_b3c7,1836.0,20,current_hybrid,98,1.0010080337524414,0.9937294125556946,0.9928650856018066,0.9945398569107056
长寿命,MATR_b3c7,1836.0,20,current_hybrid,99,0.9997240900993347,0.9936550855636597,0.9927856922149658,0.9944698810577393
长寿命,MATR_b3c7,1836.0,20,current_hybrid,100,1.0006184577941895,0.9935809969902039,0.9927066564559937,0.9944000244140625
长寿命,MATR_b3c7,1836.0,20,current_hybrid,101,1.000808835029602,0.9935070276260376,0.992627739906311,0.9943303465843201
长寿命,MATR_b3c7,1836.0,20,current_hybrid,102,1.0008708238601685,0.9934333562850952,0.9925491213798523,0.994260847568512
长寿命,MATR_b3c7,1836.0,20,current_hybrid,103,1.000823974609375,0.9933597445487976,0.9924706816673279,0.9941914677619934
长寿命,MATR_b3c7,1836.0,20,current_hybrid,104,1.0009913444519043,0.9932864308357239,0.9923924803733826,0.9941222071647644
长寿命,MATR_b3c7,1836.0,20,current_hybrid,105,0.9998862147331238,0.9932131767272949,0.9923144578933716,0.9940531253814697
长寿命,MATR_b3c7,1836.0,20,current_hybrid,106,1.0010467767715454,0.9931401610374451,0.9922366738319397,0.9939841628074646
长寿命,MATR_b3c7,1836.0,20,current_hybrid,107,1.0010650157928467,0.9930672645568848,0.9921590685844421,0.9939153790473938
长寿命,MATR_b3c7,1836.0,20,current_hybrid,108,1.0010623931884766,0.9929946064949036,0.9920817017555237,0.9938467144966125
长寿命,MATR_b3c7,1836.0,20,current_hybrid,109,1.0010508298873901,0.9929220676422119,0.9920044541358948,0.9937781095504761
长寿命,MATR_b3c7,1836.0,20,current_hybrid,110,1.000949740409851,0.9928497076034546,0.9919275045394897,0.9937096834182739
长寿命,MATR_b3c7,1836.0,20,current_hybrid,111,1.0009706020355225,0.9927774667739868,0.9918506145477295,0.9936413764953613
长寿命,MATR_b3c7,1836.0,20,current_hybrid,112,1.0009347200393677,0.9927054643630981,0.9917740225791931,0.9935733079910278
长寿命,MATR_b3c7,1836.0,20,current_hybrid,113,1.0010344982147217,0.9926335215568542,0.9916975498199463,0.9935052394866943
长寿命,MATR_b3c7,1836.0,20,current_hybrid,114,1.000943660736084,0.9925617575645447,0.9916213154792786,0.9934372901916504
长寿命,MATR_b3c7,1836.0,20,current_hybrid,115,1.0009801387786865,0.9924901723861694,0.9915452003479004,0.9933695197105408
长寿命,MATR_b3c7,1836.0,20,current_hybrid,116,1.000996708869934,0.9924187064170837,0.9914693236351013,0.9933018088340759
长寿命,MATR_b3c7,1836.0,20,current_hybrid,117,1.0008761882781982,0.9923474192619324,0.991393506526947,0.9932342767715454
长寿命,MATR_b3c7,1836.0,20,current_hybrid,118,1.0009249448776245,0.9922762513160706,0.9913179874420166,0.9931668639183044
长寿命,MATR_b3c7,1836.0,20,current_hybrid,119,1.000917911529541,0.9922052621841431,0.9912425875663757,0.9930994510650635
长寿命,MATR_b3c7,1836.0,20,current_hybrid,120,1.000784158706665,0.9921343326568604,0.9911673665046692,0.9930322170257568
长寿命,MATR_b3c7,1836.0,20,current_hybrid,121,1.0007199048995972,0.992063581943512,0.9910922646522522,0.9929651618003845
长寿命,MATR_b3c7,1836.0,20,current_hybrid,122,1.0007001161575317,0.9919929504394531,0.9910173416137695,0.9928981065750122
长寿命,MATR_b3c7,1836.0,20,current_hybrid,123,1.0007823705673218,0.9919224381446838,0.9909425973892212,0.9928312301635742
长寿命,MATR_b3c7,1836.0,20,current_hybrid,124,1.000727891921997,0.9918521046638489,0.9908680319786072,0.992764413356781
长寿命,MATR_b3c7,1836.0,20,current_hybrid,125,1.0005921125411987,0.9917818307876587,0.9907935261726379,0.9926977753639221
长寿命,MATR_b3c7,1836.0,20,current_hybrid,126,1.0003960132598877,0.9917117357254028,0.9907192587852478,0.9926311373710632
长寿命,MATR_b3c7,1836.0,20,current_hybrid,127,1.0004091262817383,0.9916418194770813,0.9906451106071472,0.9925646781921387
长寿命,MATR_b3c7,1836.0,20,current_hybrid,128,1.000448226928711,0.9915719032287598,0.9905710816383362,0.9924982190132141
长寿命,MATR_b3c7,1836.0,20,current_hybrid,129,1.0004419088363647,0.9915021657943726,0.9904972314834595,0.9924319982528687
长寿命,MATR_b3c7,1836.0,20,current_hybrid,130,1.0004154443740845,0.9914326071739197,0.9904235601425171,0.9923657178878784
长寿命,MATR_b3c7,1836.0,20,current_hybrid,131,1.000475287437439,0.9913630485534668,0.9903499484062195,0.9922996759414673
长寿命,MATR_b3c7,1836.0,20,current_hybrid,132,1.0004898309707642,0.9912936687469482,0.9902765154838562,0.9922336339950562
长寿命,MATR_b3c7,1836.0,20,current_hybrid,133,1.0004528760910034,0.9912244081497192,0.9902032613754272,0.9921677112579346
长寿命,MATR_b3c7,1836.0,20,current_hybrid,134,1.0003414154052734,0.991155207157135,0.9901300668716431,0.9921019077301025
长寿命,MATR_b3c7,1836.0,20,current_hybrid,135,1.0003846883773804,0.9910861849784851,0.9900570511817932,0.9920361638069153
长寿命,MATR_b3c7,1836.0,20,current_hybrid,136,1.000482201576233,0.9910172820091248,0.9899841547012329,0.9919704794883728
长寿命,MATR_b3c7,1836.0,20,current_hybrid,137,0.9993935823440552,0.9909484386444092,0.9899113178253174,0.9919049739837646
长寿命,MATR_b3c7,1836.0,20,current_hybrid,138,1.0005574226379395,0.9908797144889832,0.989838719367981,0.9918394684791565
长寿命,MATR_b3c7,1836.0,20,current_hybrid,139,1.0005428791046143,0.9908111095428467,0.9897662401199341,0.9917740821838379
长寿命,MATR_b3c7,1836.0,20,current_hybrid,140,1.0005691051483154,0.990742564201355,0.989693820476532,0.9917088150978088
长寿命,MATR_b3c7,1836.0,20,current_hybrid,141,1.0005282163619995,0.9906741976737976,0.9896215200424194,0.9916436076164246
长寿命,MATR_b3c7,1836.0,20,current_hybrid,142,1.0005252361297607,0.990605890750885,0.9895493984222412,0.9915784001350403
长寿命,MATR_b3c7,1836.0,20,current_hybrid,143,0.9993996620178223,0.990537703037262,0.9894773960113525,0.9915133714675903
长寿命,MATR_b3c7,1836.0,20,current_hybrid,144,1.0005533695220947,0.9904695153236389,0.9894054532051086,0.9914484024047852
长寿命,MATR_b3c7,1836.0,20,current_hybrid,145,1.0005146265029907,0.990401566028595,0.9893336892127991,0.9913834929466248
长寿命,MATR_b3c7,1836.0,20,current_hybrid,146,1.000434398651123,0.9903336763381958,0.989262044429779,0.9913187026977539
长寿命,MATR_b3c7,1836.0,20,current_hybrid,147,1.0004607439041138,0.9902657866477966,0.9891905188560486,0.9912539124488831
长寿命,MATR_b3c7,1836.0,20,current_hybrid,148,1.0004197359085083,0.9901980757713318,0.9891189932823181,0.9911892414093018
长寿命,MATR_b3c7,1836.0,20,current_hybrid,149,1.0004215240478516,0.9901304841041565,0.9890477061271667,0.99112468957901
长寿命,MATR_b3c7,1836.0,20,current_hybrid,150,1.0002821683883667,0.990062952041626,0.9889764785766602,0.9910601377487183
长寿命,MATR_b3c7,1836.0,20,current_hybrid,151,1.0003169775009155,0.9899954795837402,0.9889053702354431,0.9909957051277161
长寿命,MATR_b3c7,1836.0,20,current_hybrid,152,1.0002468824386597,0.989928126335144,0.9888343811035156,0.9909313917160034
长寿命,MATR_b3c7,1836.0,20,current_hybrid,153,0.9991828203201294,0.9898608922958374,0.9887634515762329,0.990868330001831
长寿命,MATR_b3c7,1836.0,20,current_hybrid,154,1.000223994255066,0.9897937178611755,0.9886927008628845,0.9908055067062378
长寿命,MATR_b3c7,1836.0,20,current_hybrid,155,1.000133991241455,0.9897266626358032,0.9886220097541809,0.9907426834106445
长寿命,MATR_b3c7,1836.0,20,current_hybrid,156,1.000141978263855,0.9896596074104309,0.9885514378547668,0.9906799793243408
长寿命,MATR_b3c7,1836.0,20,current_hybrid,157,0.9999727010726929,0.9895926713943481,0.9884809851646423,0.9906173944473267
长寿命,MATR_b3c7,1836.0,20,current_hybrid,158,1.000041127204895,0.9895258545875549,0.9884105324745178,0.9905547499656677
长寿命,MATR_b3c7,1836.0,20,current_hybrid,159,0.9999673366546631,0.9894591569900513,0.9883402585983276,0.9904922842979431
长寿命,MATR_b3c7,1836.0,20,current_hybrid,160,0.9988470673561096,0.9893925189971924,0.988270103931427,0.9904298782348633
长寿命,MATR_b3c7,1836.0,20,current_hybrid,161,1.0000406503677368,0.9893259406089783,0.9882000684738159,0.9903675317764282
长寿命,MATR_b3c7,1836.0,20,current_hybrid,162,0.9999668598175049,0.9892593622207642,0.9881300926208496,0.9903052449226379
长寿命,MATR_b3c7,1836.0,20,current_hybrid,163,0.9999973773956299,0.9891929626464844,0.9880601763725281,0.9902430176734924
长寿命,MATR_b3c7,1836.0,20,current_hybrid,164,1.000117301940918,0.9891266226768494,0.9879904389381409,0.9901808500289917
长寿命,MATR_b3c7,1836.0,20,current_hybrid,165,0.9999507665634155,0.9890604019165039,0.9879206418991089,0.9901187419891357
长寿命,MATR_b3c7,1836.0,20,current_hybrid,166,0.9999691247940063,0.9889941811561584,0.987851083278656,0.9900567531585693
长寿命,MATR_b3c7,1836.0,20,current_hybrid,167,1.000049352645874,0.9889280796051025,0.9877815842628479,0.9899948239326477
长寿命,MATR_b3c7,1836.0,20,current_hybrid,168,1.0000872611999512,0.9888620376586914,0.9877121448516846,0.9899329543113708
长寿命,MATR_b3c7,1836.0,20,current_hybrid,169,0.9999666213989258,0.988796055316925,0.9876428246498108,0.9898711442947388
长寿命,MATR_b3c7,1836.0,20,current_hybrid,170,1.0001469850540161,0.9887301921844482,0.9875736236572266,0.9898093938827515
长寿命,MATR_b3c7,1836.0,20,current_hybrid,171,1.0001111030578613,0.9886643886566162,0.9875044226646423,0.9897477030754089
长寿命,MATR_b3c7,1836.0,20,current_hybrid,172,1.000055193901062,0.9885987043380737,0.9874354004859924,0.9896860718727112
长寿命,MATR_b3c7,1836.0,20,current_hybrid,173,1.0000312328338623,0.9885330200195312,0.9873664379119873,0.9896245002746582
长寿命,MATR_b3c7,1836.0,20,current_hybrid,174,1.000036597251892,0.9884674549102783,0.987297534942627,0.98956298828125
长寿命,MATR_b3c7,1836.0,20,current_hybrid,175,1.0000126361846924,0.9884019494056702,0.9872286915779114,0.9895015954971313
长寿命,MATR_b3c7,1836.0,20,current_hybrid,176,0.9999487400054932,0.9883365035057068,0.9871599674224854,0.9894402027130127
长寿命,MATR_b3c7,1836.0,20,current_hybrid,177,0.9998785257339478,0.9882710576057434,0.9870913028717041,0.9893788695335388
长寿命,MATR_b3c7,1836.0,20,current_hybrid,178,0.999891996383667,0.9882057309150696,0.9870227575302124,0.9893176555633545
长寿命,MATR_b3c7,1836.0,20,current_hybrid,179,0.9999023079872131,0.9881405234336853,0.9869542717933655,0.9892564415931702
长寿命,MATR_b3c7,1836.0,20,current_hybrid,180,0.9998037219047546,0.9880753755569458,0.9868859052658081,0.9891952872276306
长寿命,MATR_b3c7,1836.0,20,current_hybrid,181,0.9997352361679077,0.9880102276802063,0.9868175983428955,0.9891341924667358
长寿命,MATR_b3c7,1836.0,20,current_hybrid,182,0.999731719493866,0.9879451990127563,0.9867493510246277,0.9890731573104858
长寿命,MATR_b3c7,1836.0,20,current_hybrid,183,0.9996789693832397,0.9878802299499512,0.9866812229156494,0.9890121817588806
长寿命,MATR_b3c7,1836.0,20,current_hybrid,184,0.9997735619544983,0.9878153204917908,0.9866131544113159,0.9889512658119202
长寿命,MATR_b3c7,1836.0,20,current_hybrid,185,0.9997369647026062,0.9877504706382751,0.9865451455116272,0.9888904094696045
长寿命,MATR_b3c7,1836.0,20,current_hybrid,186,0.9996463060379028,0.9876857399940491,0.9864771962165833,0.9888296127319336
长寿命,MATR_b3c7,1836.0,20,current_hybrid,187,0.9995927810668945,0.987621009349823,0.9864093661308289,0.9887688755989075
长寿命,MATR_b3c7,1836.0,20,current_hybrid,188,0.99948650598526,0.9875563383102417,0.9863415956497192,0.9887081980705261
长寿命,MATR_b3c7,1836.0,20,current_hybrid,189,0.9995688796043396,0.98749178647995,0.9862738847732544,0.9886475801467896
长寿命,MATR_b3c7,1836.0,20,current_hybrid,190,0.9995155930519104,0.9874272346496582,0.9862062931060791,0.988586962223053
长寿命,MATR_b3c7,1836.0,20,current_hybrid,191,0.9993820190429688,0.9873627424240112,0.9861387014389038,0.988526463508606
长寿命,MATR_b3c7,1836.0,20,current_hybrid,192,0.9994431734085083,0.9872983694076538,0.9860712289810181,0.9884659647941589
长寿命,MATR_b3c7,1836.0,20,current_hybrid,193,0.9995610117912292,0.9872339963912964,0.9860038161277771,0.9884055256843567
长寿命,MATR_b3c7,1836.0,20,current_hybrid,194,0.9994874596595764,0.9871697425842285,0.9859365224838257,0.9883451461791992
长寿命,MATR_b3c7,1836.0,20,current_hybrid,195,0.9995497465133667,0.9871054887771606,0.9858692288398743,0.9882848262786865
长寿命,MATR_b3c7,1836.0,20,current_hybrid,196,0.9995848536491394,0.9870413541793823,0.9858020544052124,0.9882245659828186
长寿命,MATR_b3c7,1836.0,20,current_hybrid,197,0.999517560005188,0.986977219581604,0.9857349991798401,0.9881643056869507
长寿命,MATR_b3c7,1836.0,20,current_hybrid,198,0.9995129704475403,0.9869131445884705,0.9856679439544678,0.9881041646003723
长寿命,MATR_b3c7,1836.0,20,current_hybrid,199,0.9983385801315308,0.9868491888046265,0.9856009483337402,0.988044023513794
长寿命,MATR_b3c7,1836.0,20,current_hybrid,200,0.9994329810142517,0.9867852330207825,0.9855340123176575,0.9879839420318604
长寿命,MATR_b3c7,1836.0,20,current_hybrid,201,0.9994205236434937,0.9867213368415833,0.9854671955108643,0.9879239201545715
长寿命,MATR_b3c7,1836.0,20,current_hybrid,202,0.9993856549263,0.9866575002670288,0.985400378704071,0.9878639578819275
长寿命,MATR_b3c7,1836.0,20,current_hybrid,203,0.9994211792945862,0.9865937232971191,0.9853336811065674,0.9878039956092834
长寿命,MATR_b3c7,1836.0,20,current_hybrid,204,0.9993500113487244,0.9865300059318542,0.9852669835090637,0.9877440929412842
长寿命,MATR_b3c7,1836.0,20,current_hybrid,205,0.9993965029716492,0.9864663481712341,0.9852004051208496,0.9876842498779297
长寿命,MATR_b3c7,1836.0,20,current_hybrid,206,0.9992641806602478,0.9864028096199036,0.9851338863372803,0.98762446641922
长寿命,MATR_b3c7,1836.0,20,current_hybrid,207,0.9992698431015015,0.986339271068573,0.9850674867630005,0.987564742565155
长寿命,MATR_b3c7,1836.0,20,current_hybrid,208,0.9993592500686646,0.9862757325172424,0.9850010871887207,0.9875050187110901
长寿命,MATR_b3c7,1836.0,20,current_hybrid,209,0.9994009137153625,0.9862123131752014,0.9849347472190857,0.9874453544616699
长寿命,MATR_b3c7,1836.0,20,current_hybrid,210,0.9992631673812866,0.9861488938331604,0.9848684668540955,0.9873857498168945
长寿命,MATR_b3c7,1836.0,20,current_hybrid,211,0.9980984926223755,0.9860855340957642,0.98480224609375,0.9873262047767639
长寿命,MATR_b3c7,1836.0,20,current_hybrid,212,0.9992245435714722,0.9860222339630127,0.9847360849380493,0.9872667193412781
长寿命,MATR_b3c7,1836.0,20,current_hybrid,213,0.9969159960746765,0.985958993434906,0.9846700429916382,0.9872072339057922
长寿命,MATR_b3c7,1836.0,20,current_hybrid,214,0.9991905689239502,0.9858958125114441,0.9846040606498718,0.9871478080749512
长寿命,MATR_b3c7,1836.0,20,current_hybrid,215,0.9991434216499329,0.9858326315879822,0.9845380783081055,0.9870883822441101
长寿命,MATR_b3c7,1836.0,20,current_hybrid,216,0.9991552233695984,0.9857696294784546,0.9844721555709839,0.9870290756225586
长寿命,MATR_b3c7,1836.0,20,current_hybrid,217,0.9992654323577881,0.9857065677642822,0.9844062924385071,0.9869697690010071
长寿命,MATR_b3c7,1836.0,20,current_hybrid,218,0.9990749359130859,0.9856435656547546,0.9843405485153198,0.9869104623794556
长寿命,MATR_b3c7,1836.0,20,current_hybrid,219,0.9990167021751404,0.9855806231498718,0.9842748045921326,0.9868512749671936
长寿命,MATR_b3c7,1836.0,20,current_hybrid,220,0.9989863038063049,0.9855177402496338,0.9842091798782349,0.9867920875549316
长寿命,MATR_b3c7,1836.0,20,current_hybrid,221,0.9989969730377197,0.9854548573493958,0.9841435551643372,0.9867329001426697
长寿命,MATR_b3c7,1836.0,20,current_hybrid,222,0.9990940690040588,0.9853920936584473,0.9840779900550842,0.986673891544342
长寿命,MATR_b3c7,1836.0,20,current_hybrid,223,0.9989332556724548,0.9853293299674988,0.9840124845504761,0.9866148233413696
长寿命,MATR_b3c7,1836.0,20,current_hybrid,224,0.9977944493293762,0.9852666258811951,0.9839470982551575,0.986555814743042
长寿命,MATR_b3c7,1836.0,20,current_hybrid,225,0.9977538585662842,0.9852039813995361,0.9838817119598389,0.9864968061447144
长寿命,MATR_b3c7,1836.0,20,current_hybrid,226,0.9989314079284668,0.9851413369178772,0.983816385269165,0.9864378571510315
长寿命,MATR_b3c7,1836.0,20,current_hybrid,227,0.9977506995201111,0.9850788116455078,0.9837510585784912,0.9863789677619934
长寿命,MATR_b3c7,1836.0,20,current_hybrid,228,0.9988446235656738,0.9850163459777832,0.9836858510971069,0.9863201379776001
长寿命,MATR_b3c7,1836.0,20,current_hybrid,229,0.997668445110321,0.9849538207054138,0.9836207032203674,0.9862613677978516
长寿命,MATR_b3c7,1836.0,20,current_hybrid,230,0.9988492131233215,0.984891414642334,0.9835556149482727,0.9862025380134583
长寿命,MATR_b3c7,1836.0,20,current_hybrid,231,0.9988414645195007,0.9848290085792542,0.983490526676178,0.9861438274383545
长寿命,MATR_b3c7,1836.0,20,current_hybrid,232,0.9988155364990234,0.9847666621208191,0.9834255576133728,0.9860851168632507
长寿命,MATR_b3c7,1836.0,20,current_hybrid,233,0.9986299872398376,0.9847043752670288,0.9833605885505676,0.986026406288147
长寿命,MATR_b3c7,1836.0,20,current_hybrid,234,0.9985740780830383,0.9846421480178833,0.9832956790924072,0.9859678149223328
长寿命,MATR_b3c7,1836.0,20,current_hybrid,235,0.9986255168914795,0.9845799207687378,0.9832308292388916,0.9859092831611633
长寿命,MATR_b3c7,1836.0,20,current_hybrid,236,0.9986022114753723,0.9845177531242371,0.9831660985946655,0.9858506917953491
长寿命,MATR_b3c7,1836.0,20,current_hybrid,237,0.9986441135406494,0.9844556450843811,0.9831013083457947,0.9857921600341797
长寿命,MATR_b3c7,1836.0,20,current_hybrid,238,0.9986429214477539,0.9843935966491699,0.9830366373062134,0.985733687877655
长寿命,MATR_b3c7,1836.0,20,current_hybrid,239,0.9974270462989807,0.984331488609314,0.9829720258712769,0.9856752157211304
长寿命,MATR_b3c7,1836.0,20,current_hybrid,240,0.9985379576683044,0.9842694997787476,0.9829074144363403,0.9856168627738953
长寿命,MATR_b3c7,1836.0,20,current_hybrid,241,0.9985815286636353,0.9842076301574707,0.9828428626060486,0.9855585098266602
长寿命,MATR_b3c7,1836.0,20,current_hybrid,242,0.9985384941101074,0.9841457009315491,0.9827784299850464,0.985500156879425
长寿命,MATR_b3c7,1836.0,20,current_hybrid,243,0.9985466599464417,0.9840837717056274,0.9827139377593994,0.9854418635368347
长寿命,MATR_b3c7,1836.0,20,current_hybrid,244,0.9985057711601257,0.9840220212936401,0.982649564743042,0.9853835701942444
长寿命,MATR_b3c7,1836.0,20,current_hybrid,245,0.9984744787216187,0.9839602112770081,0.9825852513313293,0.9853253960609436
长寿命,MATR_b3c7,1836.0,20,current_hybrid,246,0.998450756072998,0.9838984608650208,0.9825209379196167,0.985267162322998
长寿命,MATR_b3c7,1836.0,20,current_hybrid,247,0.9983434081077576,0.9838367104530334,0.982456624507904,0.9852089881896973
长寿命,MATR_b3c7,1836.0,20,current_hybrid,248,0.9984616041183472,0.9837750792503357,0.9823924899101257,0.9851508736610413
长寿命,MATR_b3c7,1836.0,20,current_hybrid,249,0.998430073261261,0.9837134480476379,0.9823282957077026,0.98509281873703
长寿命,MATR_b3c7,1836.0,20,current_hybrid,250,0.9983121752738953,0.9836518168449402,0.9822642207145691,0.9850347638130188
长寿命,MATR_b3c7,1836.0,20,current_hybrid,251,0.9981800317764282,0.983590304851532,0.9822001457214355,0.9849767088890076
长寿命,MATR_b3c7,1836.0,20,current_hybrid,252,0.9980680346488953,0.9835287928581238,0.9821361303329468,0.9849187135696411
长寿命,MATR_b3c7,1836.0,20,current_hybrid,253,0.9982080459594727,0.9834672808647156,0.9820722341537476,0.9848608374595642
长寿命,MATR_b3c7,1836.0,20,current_hybrid,254,0.9981619715690613,0.9834058880805969,0.9820082783699036,0.9848029017448425
长寿命,MATR_b3c7,1836.0,20,current_hybrid,255,0.998170793056488,0.9833444952964783,0.9819443821907043,0.9847448468208313
长寿命,MATR_b3c7,1836.0,20,current_hybrid,256,0.9981857538223267,0.9832831025123596,0.9818805456161499,0.9846863150596619
长寿命,MATR_b3c7,1836.0,20,current_hybrid,257,0.9979442954063416,0.9832218289375305,0.9818167686462402,0.9846272468566895
长寿命,MATR_b3c7,1836.0,20,current_hybrid,258,0.9980696439743042,0.9831605553627014,0.9817530512809753,0.9845675826072693
长寿命,MATR_b3c7,1836.0,20,current_hybrid,259,0.9980379939079285,0.9830993413925171,0.9816893339157104,0.9845073819160461
长寿命,MATR_b3c7,1836.0,20,current_hybrid,260,0.9980547428131104,0.983038067817688,0.9816256761550903,0.98444664478302
长寿命,MATR_b3c7,1836.0,20,current_hybrid,261,0.997998058795929,0.9829769134521484,0.981562077999115,0.9843853116035461
长寿命,MATR_b3c7,1836.0,20,current_hybrid,262,0.9980227947235107,0.9829158186912537,0.9814984798431396,0.9843233823776245
长寿命,MATR_b3c7,1836.0,20,current_hybrid,263,0.9978199005126953,0.9828546643257141,0.9814350008964539,0.9842609167098999
长寿命,MATR_b3c7,1836.0,20,current_hybrid,264,0.9978383779525757,0.9827936291694641,0.9813715219497681,0.9841979146003723
长寿命,MATR_b3c7,1836.0,20,current_hybrid,265,0.9978234767913818,0.9827325940132141,0.981308102607727,0.984134316444397
长寿命,MATR_b3c7,1836.0,20,current_hybrid,266,0.9977825880050659,0.9826715588569641,0.981244683265686,0.9840701818466187
长寿命,MATR_b3c7,1836.0,20,current_hybrid,267,0.9978995323181152,0.9826106429100037,0.9811813831329346,0.9840055108070374
长寿命,MATR_b3c7,1836.0,20,current_hybrid,268,0.9978993535041809,0.9825497269630432,0.9811180233955383,0.9839402437210083
长寿命,MATR_b3c7,1836.0,20,current_hybrid,269,0.9978333711624146,0.9824888706207275,0.9810548424720764,0.9838744401931763
长寿命,MATR_b3c7,1836.0,20,current_hybrid,270,0.9978919625282288,0.9824280142784119,0.980991542339325,0.9838080406188965
长寿命,MATR_b3c7,1836.0,20,current_hybrid,271,0.9978623986244202,0.9823671579360962,0.9809284210205078,0.9837411046028137
长寿命,MATR_b3c7,1836.0,20,current_hybrid,272,0.9978423118591309,0.9823064208030701,0.9808652400970459,0.983673632144928
长寿命,MATR_b3c7,1836.0,20,current_hybrid,273,0.9978666305541992,0.9822456240653992,0.9808021783828735,0.9836055636405945
长寿命,MATR_b3c7,1836.0,20,current_hybrid,274,0.9978021383285522,0.9821849465370178,0.9807391166687012,0.9835368990898132
长寿命,MATR_b3c7,1836.0,20,current_hybrid,275,0.9977735280990601,0.9821242690086365,0.9806761145591736,0.9834677577018738
长寿命,MATR_b3c7,1836.0,20,current_hybrid,276,0.9977661967277527,0.9820636510848999,0.980613112449646,0.9833979606628418
长寿命,MATR_b3c7,1836.0,20,current_hybrid,277,0.9977179169654846,0.9820029735565186,0.9805501699447632,0.9833276271820068
长寿命,MATR_b3c7,1836.0,20,current_hybrid,278,0.9976740479469299,0.9819424152374268,0.9804872274398804,0.9832567572593689
长寿命,MATR_b3c7,1836.0,20,current_hybrid,279,0.997654139995575,0.981881856918335,0.9804244041442871,0.9831852912902832
长寿命,MATR_b3c7,1836.0,20,current_hybrid,280,0.9976032376289368,0.9818213582038879,0.9803615808486938,0.9831132888793945
长寿命,MATR_b3c7,1836.0,20,current_hybrid,281,0.9974864721298218,0.9817608594894409,0.9802988171577454,0.9830521941184998
长寿命,MATR_b3c7,1836.0,20,current_hybrid,282,0.9974040389060974,0.9817004203796387,0.9802360534667969,0.982993483543396
长寿命,MATR_b3c7,1836.0,20,current_hybrid,283,0.9974496960639954,0.9816399812698364,0.9801733493804932,0.9829347729682922
长寿命,MATR_b3c7,1836.0,20,current_hybrid,284,0.997380793094635,0.9815796613693237,0.9801107048988342,0.9828760623931885
长寿命,MATR_b3c7,1836.0,20,current_hybrid,285,0.9974418878555298,0.9815192818641663,0.9800480604171753,0.9828174114227295
长寿命,MATR_b3c7,1836.0,20,current_hybrid,286,0.9973725080490112,0.9814589619636536,0.9799854755401611,0.9827587604522705
长寿命,MATR_b3c7,1836.0,20,current_hybrid,287,0.9974308013916016,0.9813986420631409,0.979922890663147,0.9827001690864563
长寿命,MATR_b3c7,1836.0,20,current_hybrid,288,0.9973962306976318,0.9813384413719177,0.9798604249954224,0.9826409816741943
长寿命,MATR_b3c7,1836.0,20,current_hybrid,289,0.9972531199455261,0.9812781810760498,0.9797979593276978,0.9825810790061951
长寿命,MATR_b3c7,1836.0,20,current_hybrid,290,0.9972388744354248,0.9812179803848267,0.9797354936599731,0.982520580291748
长寿命,MATR_b3c7,1836.0,20,current_hybrid,291,0.9971632957458496,0.9811577796936035,0.9796730875968933,0.9824593663215637
长寿命,MATR_b3c7,1836.0,20,current_hybrid,292,0.9970108866691589,0.9810976982116699,0.9796106815338135,0.9823974967002869
长寿命,MATR_b3c7,1836.0,20,current_hybrid,293,0.9971339702606201,0.9810375571250916,0.9795483946800232,0.9823349118232727
长寿命,MATR_b3c7,1836.0,20,current_hybrid,294,0.9970204830169678,0.980977475643158,0.9794861078262329,0.9822716116905212
长寿命,MATR_b3c7,1836.0,20,current_hybrid,295,0.9970455765724182,0.9809174537658691,0.9794238209724426,0.982207715511322
长寿命,MATR_b3c7,1836.0,20,current_hybrid,296,0.9970308542251587,0.9808574318885803,0.9793615937232971,0.9821430444717407
长寿命,MATR_b3c7,1836.0,20,current_hybrid,297,0.9970982670783997,0.9807974696159363,0.9792994260787964,0.9820777177810669
长寿命,MATR_b3c7,1836.0,20,current_hybrid,298,0.9970937371253967,0.9807374477386475,0.9792372584342957,0.9820117950439453
长寿命,MATR_b3c7,1836.0,20,current_hybrid,299,0.9970720410346985,0.9806774854660034,0.9791751503944397,0.9819450974464417
长寿命,MATR_b3c7,1836.0,20,current_hybrid,300,0.9970865845680237,0.9806169271469116,0.9791131019592285,0.9818777441978455
长寿命,MATR_b3c7,1836.0,20,current_hybrid,301,0.9969592094421387,0.9805558919906616,0.9790500998497009,0.981809675693512
长寿命,MATR_b3c7,1836.0,20,current_hybrid,302,0.996951162815094,0.9804942607879639,0.9789852499961853,0.9817409515380859
长寿命,MATR_b3c7,1836.0,20,current_hybrid,303,0.996792733669281,0.9804320335388184,0.9789203405380249,0.9816715717315674
长寿命,MATR_b3c7,1836.0,20,current_hybrid,304,0.9968430995941162,0.9803692698478699,0.9788554906845093,0.9816014766693115
长寿命,MATR_b3c7,1836.0,20,current_hybrid,305,0.9968032240867615,0.9803059101104736,0.9787907600402832,0.9815307259559631
长寿命,MATR_b3c7,1836.0,20,current_hybrid,306,0.9967195987701416,0.9802420139312744,0.9787259697914124,0.9814592003822327
长寿命,MATR_b3c7,1836.0,20,current_hybrid,307,0.9966866374015808,0.9801775813102722,0.9786611795425415,0.9813871383666992
长寿命,MATR_b3c7,1836.0,20,current_hybrid,308,0.9966687560081482,0.9801124930381775,0.9785965085029602,0.9813142418861389
长寿命,MATR_b3c7,1836.0,20,current_hybrid,309,0.9966655969619751,0.9800469279289246,0.9785317778587341,0.9812408089637756
长寿命,MATR_b3c7,1836.0,20,current_hybrid,310,0.9967749118804932,0.9799807667732239,0.9784671068191528,0.9811665415763855
长寿命,MATR_b3c7,1836.0,20,current_hybrid,311,0.9966797232627869,0.9799140095710754,0.9784024953842163,0.9810916781425476
长寿命,MATR_b3c7,1836.0,20,current_hybrid,312,0.9954717755317688,0.9798467755317688,0.978337824344635,0.9810161590576172
长寿命,MATR_b3c7,1836.0,20,current_hybrid,313,0.9966034889221191,0.9797789454460144,0.9782732129096985,0.9809398651123047
长寿命,MATR_b3c7,1836.0,20,current_hybrid,314,0.9965298175811768,0.9797104597091675,0.9782087206840515,0.9808629751205444
长寿命,MATR_b3c7,1836.0,20,current_hybrid,315,0.9965834617614746,0.9796414971351624,0.9781441688537598,0.9807853102684021
长寿命,MATR_b3c7,1836.0,20,current_hybrid,316,0.9953603744506836,0.9795719981193542,0.9780797362327576,0.980707049369812
长寿命,MATR_b3c7,1836.0,20,current_hybrid,317,0.995337188243866,0.9795018434524536,0.9780152440071106,0.9806280732154846
长寿命,MATR_b3c7,1836.0,20,current_hybrid,318,0.9964328408241272,0.97943115234375,0.9779508113861084,0.9805483818054199
长寿命,MATR_b3c7,1836.0,20,current_hybrid,319,0.9964318871498108,0.9793599247932434,0.9778863787651062,0.9804679751396179
长寿命,MATR_b3c7,1836.0,20,current_hybrid,320,0.9964277744293213,0.9792881011962891,0.9778220057487488,0.9803869724273682
长寿命,MATR_b3c7,1836.0,20,current_hybrid,321,0.9964693784713745,0.9792157411575317,0.9777576327323914,0.9803052544593811
长寿命,MATR_b3c7,1836.0,20,current_hybrid,322,0.9963208436965942,0.9791428446769714,0.9776933193206787,0.9802228212356567
长寿命,MATR_b3c7,1836.0,20,current_hybrid,323,0.9963136315345764,0.9790693521499634,0.9776289463043213,0.9801397323608398
长寿命,MATR_b3c7,1836.0,20,current_hybrid,324,0.9963102340698242,0.9789952039718628,0.9775647521018982,0.9800559282302856
长寿命,MATR_b3c7,1836.0,20,current_hybrid,325,0.9962838292121887,0.978920578956604,0.9775004386901855,0.9799714684486389
长寿命,MATR_b3c7,1836.0,20,current_hybrid,326,0.9962977170944214,0.9788454174995422,0.9774362444877625,0.9798863530158997
长寿命,MATR_b3c7,1836.0,20,current_hybrid,327,0.9963629245758057,0.9787696003913879,0.9773720502853394,0.9798004627227783
长寿命,MATR_b3c7,1836.0,20,current_hybrid,328,0.9962931871414185,0.9786932468414307,0.9773078560829163,0.9797139167785645
长寿命,MATR_b3c7,1836.0,20,current_hybrid,329,0.9959053993225098,0.9786163568496704,0.9772437214851379,0.9796267151832581
长寿命,MATR_b3c7,1836.0,20,current_hybrid,330,0.9961315989494324,0.9785388708114624,0.9771795868873596,0.9795387983322144
长寿命,MATR_b3c7,1836.0,20,current_hybrid,331,0.9961401224136353,0.9784607887268066,0.9771155118942261,0.9794502258300781
长寿命,MATR_b3c7,1836.0,20,current_hybrid,332,0.9961612820625305,0.9783822298049927,0.9770514369010925,0.9793609380722046
长寿命,MATR_b3c7,1836.0,20,current_hybrid,333,0.996063768863678,0.978303074836731,0.976987361907959,0.9792709946632385
长寿命,MATR_b3c7,1836.0,20,current_hybrid,334,0.9960979223251343,0.9782233238220215,0.9769233465194702,0.9791803359985352
长寿命,MATR_b3c7,1836.0,20,current_hybrid,335,0.9949082732200623,0.978143036365509,0.9768593907356262,0.9790890216827393
长寿命,MATR_b3c7,1836.0,20,current_hybrid,336,0.996000349521637,0.978062093257904,0.9767953753471375,0.978996992111206
长寿命,MATR_b3c7,1836.0,20,current_hybrid,337,0.9959929585456848,0.9779806733131409,0.9767314791679382,0.9789042472839355
长寿命,MATR_b3c7,1836.0,20,current_hybrid,338,0.9958553314208984,0.9778986573219299,0.976667582988739,0.9788108468055725
长寿命,MATR_b3c7,1836.0,20,current_hybrid,339,0.9959520697593689,0.977816104888916,0.9766035676002502,0.9787167906761169
长寿命,MATR_b3c7,1836.0,20,current_hybrid,340,0.9959601163864136,0.9777329564094543,0.976539134979248,0.9786220192909241
长寿命,MATR_b3c7,1836.0,20,current_hybrid,341,0.9958486557006836,0.977648913860321,0.976474404335022,0.9785265326499939
长寿命,MATR_b3c7,1836.0,20,current_hybrid,342,0.9958875775337219,0.9775416851043701,0.9764093160629272,0.9784303903579712
长寿命,MATR_b3c7,1836.0,20,current_hybrid,343,0.9957854151725769,0.9774338603019714,0.9763438105583191,0.9783335328102112
长寿命,MATR_b3c7,1836.0,20,current_hybrid,344,0.9958385825157166,0.9773254990577698,0.9762778878211975,0.9782360196113586
长寿命,MATR_b3c7,1836.0,20,current_hybrid,345,0.9957669973373413,0.9772166013717651,0.9762115478515625,0.9781377911567688
长寿命,MATR_b3c7,1836.0,20,current_hybrid,346,0.9956570863723755,0.977107048034668,0.9761449098587036,0.9780389070510864
长寿命,MATR_b3c7,1836.0,20,current_hybrid,347,0.9957073926925659,0.9769969582557678,0.9760778546333313,0.9779393076896667
长寿命,MATR_b3c7,1836.0,20,current_hybrid,348,0.9956561326980591,0.9768863320350647,0.9760104417800903,0.9778390526771545
长寿命,MATR_b3c7,1836.0,20,current_hybrid,349,0.9956340193748474,0.9767751097679138,0.9759426116943359,0.977738082408905
长寿命,MATR_b3c7,1836.0,20,current_hybrid,350,0.9956701397895813,0.9766632914543152,0.9758744239807129,0.977636456489563
长寿命,MATR_b3c7,1836.0,20,current_hybrid,351,0.9956211447715759,0.9765509366989136,0.9758058190345764,0.9775340557098389
长寿命,MATR_b3c7,1836.0,20,current_hybrid,352,0.9956486225128174,0.9764379858970642,0.9757368564605713,0.977431058883667
长寿命,MATR_b3c7,1836.0,20,current_hybrid,353,0.9956694841384888,0.9763244390487671,0.975667417049408,0.9773273468017578
长寿命,MATR_b3c7,1836.0,20,current_hybrid,354,0.9956930875778198,0.976210355758667,0.9755976796150208,0.9772229194641113
长寿命,MATR_b3c7,1836.0,20,current_hybrid,355,0.9956308603286743,0.9760957360267639,0.9755275249481201,0.9771178364753723
长寿命,MATR_b3c7,1836.0,20,current_hybrid,356,0.9956911206245422,0.9759805202484131,0.9754570126533508,0.9770120978355408
长寿命,MATR_b3c7,1836.0,20,current_hybrid,357,0.9956716299057007,0.9758646488189697,0.9753861427307129,0.9769055843353271
长寿命,MATR_b3c7,1836.0,20,current_hybrid,358,0.9955962300300598,0.9757482409477234,0.9753148555755615,0.976798415184021
长寿命,MATR_b3c7,1836.0,20,current_hybrid,359,0.9955486059188843,0.9756313562393188,0.9752431511878967,0.9766905903816223
长寿命,MATR_b3c7,1836.0,20,current_hybrid,360,0.995467483997345,0.9755138158798218,0.9751710891723633,0.9765820503234863
长寿命,MATR_b3c7,1836.0,20,current_hybrid,361,0.9954934120178223,0.975395679473877,0.9750986695289612,0.976472795009613
长寿命,MATR_b3c7,1836.0,20,current_hybrid,362,0.9954720139503479,0.9753257632255554,0.9750258326530457,0.9763628840446472
长寿命,MATR_b3c7,1836.0,20,current_hybrid,363,0.9954689741134644,0.9752655625343323,0.9749525785446167,0.9762522578239441
长寿命,MATR_b3c7,1836.0,20,current_hybrid,364,0.9953640103340149,0.9752053618431091,0.9748789668083191,0.9761410355567932
长寿命,MATR_b3c7,1836.0,20,current_hybrid,365,0.9953975081443787,0.9751452803611755,0.9748050570487976,0.9760289788246155
长寿命,MATR_b3c7,1836.0,20,current_hybrid,366,0.9952359199523926,0.9750851392745972,0.9747306704521179,0.97591632604599
长寿命,MATR_b3c7,1836.0,20,current_hybrid,367,0.9953091740608215,0.9750250577926636,0.9746558666229248,0.9758029580116272
长寿命,MATR_b3c7,1836.0,20,current_hybrid,368,0.9941121339797974,0.97496497631073,0.9745529294013977,0.9756888747215271
长寿命,MATR_b3c7,1836.0,20,current_hybrid,369,0.9952260255813599,0.9749049544334412,0.97443026304245,0.9755741953849792
长寿命,MATR_b3c7,1836.0,20,current_hybrid,370,0.9952501654624939,0.9748449325561523,0.9743070006370544,0.9754586815834045
长寿命,MATR_b3c7,1836.0,20,current_hybrid,371,0.9951309561729431,0.9747848510742188,0.9741831421852112,0.9753426313400269
长寿命,MATR_b3c7,1836.0,20,current_hybrid,372,0.9951485395431519,0.9747244119644165,0.9740587472915649,0.9752258062362671
长寿命,MATR_b3c7,1836.0,20,current_hybrid,373,0.9950738549232483,0.974663496017456,0.973933756351471,0.97510826587677
长寿命,MATR_b3c7,1836.0,20,current_hybrid,374,0.9939302206039429,0.9745668768882751,0.973808228969574,0.9749901294708252
长寿命,MATR_b3c7,1836.0,20,current_hybrid,375,0.9949214458465576,0.9744637608528137,0.9736821055412292,0.9748712182044983
长寿命,MATR_b3c7,1836.0,20,current_hybrid,376,0.9948687553405762,0.9743600487709045,0.973555326461792,0.9747516512870789
长寿命,MATR_b3c7,1836.0,20,current_hybrid,377,0.9948903918266296,0.9742558002471924,0.9734280705451965,0.9746314287185669
长寿命,MATR_b3c7,1836.0,20,current_hybrid,378,0.9948847889900208,0.9741510152816772,0.9733002185821533,0.9745104312896729
长寿命,MATR_b3c7,1836.0,20,current_hybrid,379,0.9948410987854004,0.9740455746650696,0.9731717705726624,0.9743887782096863
长寿命,MATR_b3c7,1836.0,20,current_hybrid,380,0.9948815703392029,0.9739395976066589,0.9730427861213684,0.9742664694786072
长寿命,MATR_b3c7,1836.0,20,current_hybrid,381,0.9948746562004089,0.9738330841064453,0.9729132056236267,0.9741600751876831
长寿命,MATR_b3c7,1836.0,20,current_hybrid,382,0.9949198365211487,0.9737259745597839,0.972783088684082,0.9740951657295227
长寿命,MATR_b3c7,1836.0,20,current_hybrid,383,0.9948447346687317,0.9736182689666748,0.9726523160934448,0.9740297198295593
长寿命,MATR_b3c7,1836.0,20,current_hybrid,384,0.9948468804359436,0.9735100269317627,0.9725210070610046,0.9739639759063721
长寿命,MATR_b3c7,1836.0,20,current_hybrid,385,0.9948555827140808,0.9734011888504028,0.9723891615867615,0.9738976359367371
长寿命,MATR_b3c7,1836.0,20,current_hybrid,386,0.9948042035102844,0.97329181432724,0.9722566604614258,0.9738308787345886
长寿命,MATR_b3c7,1836.0,20,current_hybrid,387,0.9947813749313354,0.9731818437576294,0.9721236824989319,0.9737637042999268
长寿命,MATR_b3c7,1836.0,20,current_hybrid,388,0.994767427444458,0.973071277141571,0.9719900488853455,0.9736960530281067
长寿命,MATR_b3c7,1836.0,20,current_hybrid,389,0.9947516322135925,0.9729601740837097,0.971855878829956,0.9736279845237732
长寿命,MATR_b3c7,1836.0,20,current_hybrid,390,0.9911983609199524,0.9728484749794006,0.9717211723327637,0.9735593795776367
长寿命,MATR_b3c7,1836.0,20,current_hybrid,391,0.9946215748786926,0.9727452993392944,0.971585750579834,0.9734904766082764
长寿命,MATR_b3c7,1836.0,20,current_hybrid,392,0.9945516586303711,0.9726608395576477,0.9714498519897461,0.973421037197113
长寿命,MATR_b3c7,1836.0,20,current_hybrid,393,0.9945520758628845,0.9725760221481323,0.9713134169578552,0.9733511209487915
长寿命,MATR_b3c7,1836.0,20,current_hybrid,394,0.9944861531257629,0.9724812507629395,0.9711763262748718,0.9732807874679565
长寿命,MATR_b3c7,1836.0,20,current_hybrid,395,0.993333637714386,0.9723485112190247,0.9710386991500854,0.9732099771499634
长寿命,MATR_b3c7,1836.0,20,current_hybrid,396,0.9944263696670532,0.9722151160240173,0.9709005355834961,0.9731387495994568
长寿命,MATR_b3c7,1836.0,20,current_hybrid,397,0.9944302439689636,0.9720810651779175,0.9707617163658142,0.973067045211792
长寿命,MATR_b3c7,1836.0,20,current_hybrid,398,0.9943906664848328,0.9719462990760803,0.9706223607063293,0.9729949235916138
长寿命,MATR_b3c7,1836.0,20,current_hybrid,399,0.9944296479225159,0.9718174338340759,0.9704824686050415,0.9729223251342773
长寿命,MATR_b3c7,1836.0,20,current_hybrid,400,0.9943761229515076,0.9717000126838684,0.9703419208526611,0.9728492498397827
长寿命,MATR_b3c7,1836.0,20,current_hybrid,401,0.9942559003829956,0.9715820550918579,0.9702008366584778,0.9727758169174194
长寿命,MATR_b3c7,1836.0,20,current_hybrid,402,0.9942351579666138,0.9714635014533997,0.9700592160224915,0.9727018475532532
长寿命,MATR_b3c7,1836.0,20,current_hybrid,403,0.9942384958267212,0.9713443517684937,0.9699169397354126,0.9726274609565735
长寿命,MATR_b3c7,1836.0,20,current_hybrid,404,0.9942135214805603,0.9712246060371399,0.9697741270065308,0.9725525975227356
长寿命,MATR_b3c7,1836.0,20,current_hybrid,405,0.9941419363021851,0.9711042642593384,0.969630777835846,0.9724773168563843
长寿命,MATR_b3c7,1836.0,20,current_hybrid,406,0.9940736293792725,0.9709833860397339,0.9694867730140686,0.9724015593528748
长寿命,MATR_b3c7,1836.0,20,current_hybrid,407,0.9940167665481567,0.9708619713783264,0.9693422317504883,0.9723253846168518
长寿命,MATR_b3c7,1836.0,20,current_hybrid,408,0.9939165711402893,0.9707399606704712,0.9691970944404602,0.9722486734390259
长寿命,MATR_b3c7,1836.0,20,current_hybrid,409,0.9939435124397278,0.970617413520813,0.9690514206886292,0.9721716642379761
长寿命,MATR_b3c7,1836.0,20,current_hybrid,410,0.9940126538276672,0.9704942107200623,0.9689050912857056,0.9720940589904785
长寿命,MATR_b3c7,1836.0,20,current_hybrid,411,0.9940381646156311,0.9703704714775085,0.9687582850456238,0.9720160365104675
长寿命,MATR_b3c7,1836.0,20,current_hybrid,412,0.9940338134765625,0.9702461361885071,0.9686108231544495,0.9719376564025879
长寿命,MATR_b3c7,1836.0,20,current_hybrid,413,0.9939325451850891,0.9701212048530579,0.9684628248214722,0.9718587398529053
长寿命,MATR_b3c7,1836.0,20,current_hybrid,414,0.9939479827880859,0.9699957966804504,0.9683142900466919,0.9717793464660645
长寿命,MATR_b3c7,1836.0,20,current_hybrid,415,0.9927823543548584,0.9698697328567505,0.9681650996208191,0.971699595451355
长寿命,MATR_b3c7,1836.0,20,current_hybrid,416,0.993904173374176,0.9697431325912476,0.9680153727531433,0.9716193079948425
长寿命,MATR_b3c7,1836.0,20,current_hybrid,417,0.9938916563987732,0.9696159362792969,0.9678650498390198,0.9715385437011719
长寿命,MATR_b3c7,1836.0,20,current_hybrid,418,0.9938780069351196,0.9694881439208984,0.9677141904830933,0.9714574217796326
长寿命,MATR_b3c7,1836.0,20,current_hybrid,419,0.9938125014305115,0.9693598747253418,0.9675627946853638,0.9713758230209351
长寿命,MATR_b3c7,1836.0,20,current_hybrid,420,0.9938037991523743,0.9692309498786926,0.9674107432365417,0.9712936878204346
长寿命,MATR_b3c7,1836.0,20,current_hybrid,421,0.9936563372612,0.9691014289855957,0.967258095741272,0.9712112545967102
长寿命,MATR_b3c7,1836.0,20,current_hybrid,422,0.9925715327262878,0.9689713716506958,0.9671049118041992,0.9711282253265381
长寿命,MATR_b3c7,1836.0,20,current_hybrid,423,0.9936845898628235,0.9688407778739929,0.9669511318206787,0.9710447788238525
长寿命,MATR_b3c7,1836.0,20,current_hybrid,424,0.9936977028846741,0.9687095284461975,0.9667968153953552,0.9709609746932983
长寿命,MATR_b3c7,1836.0,20,current_hybrid,425,0.9936121106147766,0.9685777425765991,0.9666418433189392,0.9708765745162964
长寿命,MATR_b3c7,1836.0,20,current_hybrid,426,0.9936295747756958,0.968445360660553,0.9664863348007202,0.9707918167114258
长寿命,MATR_b3c7,1836.0,20,current_hybrid,427,0.9936388731002808,0.9683124423027039,0.9663302898406982,0.970706582069397
长寿命,MATR_b3c7,1836.0,20,current_hybrid,428,0.9924399852752686,0.968178927898407,0.9661735892295837,0.97062087059021
长寿命,MATR_b3c7,1836.0,20,current_hybrid,429,0.993568480014801,0.9680448174476624,0.9660163521766663,0.9705347418785095
长寿命,MATR_b3c7,1836.0,20,current_hybrid,430,0.9934120774269104,0.96791011095047,0.965858519077301,0.9704481363296509
长寿命,MATR_b3c7,1836.0,20,current_hybrid,431,0.9935007691383362,0.9677749276161194,0.9657001495361328,0.9703611135482788
长寿命,MATR_b3c7,1836.0,20,current_hybrid,432,0.9933812618255615,0.9676390886306763,0.9655411839485168,0.9702736139297485
长寿命,MATR_b3c7,1836.0,20,current_hybrid,433,0.9932976365089417,0.9675026535987854,0.9653816223144531,0.9701856374740601
长寿命,MATR_b3c7,1836.0,20,current_hybrid,434,0.9932330846786499,0.9673656821250916,0.9652214646339417,0.9700971841812134
长寿命,MATR_b3c7,1836.0,20,current_hybrid,435,0.993224561214447,0.9672281742095947,0.965060830116272,0.970008373260498
长寿命,MATR_b3c7,1836.0,20,current_hybrid,436,0.993093729019165,0.9670900106430054,0.9648995399475098,0.9699190258979797
长寿命,MATR_b3c7,1836.0,20,current_hybrid,437,0.9931886792182922,0.966951310634613,0.9647377133369446,0.9698293209075928
长寿命,MATR_b3c7,1836.0,20,current_hybrid,438,0.9929479360580444,0.9668120741844177,0.9645752310752869,0.9697390794754028
长寿命,MATR_b3c7,1836.0,20,current_hybrid,439,0.992947518825531,0.9666722416877747,0.9644122123718262,0.9696484208106995
长寿命,MATR_b3c7,1836.0,20,current_hybrid,440,0.9928578734397888,0.9665317535400391,0.9642486572265625,0.9695572853088379
长寿命,MATR_b3c7,1836.0,20,current_hybrid,441,0.9928868412971497,0.9663907885551453,0.9640844464302063,0.9694657325744629
长寿命,MATR_b3c7,1836.0,20,current_hybrid,442,0.9930199980735779,0.9662492275238037,0.9639196991920471,0.9693736433982849
长寿命,MATR_b3c7,1836.0,20,current_hybrid,443,0.9929997324943542,0.9661070108413696,0.9637543559074402,0.9692811369895935
长寿命,MATR_b3c7,1836.0,20,current_hybrid,444,0.993050217628479,0.9659643173217773,0.963588535785675,0.9691882133483887
长寿命,MATR_b3c7,1836.0,20,current_hybrid,445,0.9930129647254944,0.9658210277557373,0.9634220004081726,0.9690948128700256
长寿命,MATR_b3c7,1836.0,20,current_hybrid,446,0.9930165410041809,0.9656770825386047,0.9632549285888672,0.9690009951591492
长寿命,MATR_b3c7,1836.0,20,current_hybrid,447,0.9929755926132202,0.965532660484314,0.9630873203277588,0.9689066410064697
长寿命,MATR_b3c7,1836.0,20,current_hybrid,448,0.9929884076118469,0.9653875827789307,0.9629190564155579,0.9688119292259216
长寿命,MATR_b3c7,1836.0,20,current_hybrid,449,0.9918387532234192,0.9652419686317444,0.962750256061554,0.9687166810035706
长寿命,MATR_b3c7,1836.0,20,current_hybrid,450,0.9928615093231201,0.9650958180427551,0.9625809192657471,0.968621015548706
长寿命,MATR_b3c7,1836.0,20,current_hybrid,451,0.9928010702133179,0.9649490118026733,0.9624109864234924,0.9685248732566833
长寿命,MATR_b3c7,1836.0,20,current_hybrid,452,0.9928563833236694,0.9648017287254333,0.9622403979301453,0.9684283137321472
长寿命,MATR_b3c7,1836.0,20,current_hybrid,453,0.9927544593811035,0.9646537899971008,0.9620692729949951,0.9683312773704529
长寿命,MATR_b3c7,1836.0,20,current_hybrid,454,0.992764413356781,0.9645052552223206,0.961897611618042,0.9682338237762451
长寿命,MATR_b3c7,1836.0,20,current_hybrid,455,0.9928107261657715,0.9643561840057373,0.9617252945899963,0.9681358337402344
长寿命,MATR_b3c7,1836.0,20,current_hybrid,456,0.9927051663398743,0.9642065167427063,0.9615525007247925,0.968037486076355
长寿命,MATR_b3c7,1836.0,20,current_hybrid,457,0.9926117062568665,0.9640563130378723,0.9613790512084961,0.9679386615753174
长寿命,MATR_b3c7,1836.0,20,current_hybrid,458,0.9926378726959229,0.9639054536819458,0.9612050652503967,0.9678393006324768
长寿命,MATR_b3c7,1836.0,20,current_hybrid,459,0.9925956130027771,0.9637540578842163,0.9610304832458496,0.9677395820617676
长寿命,MATR_b3c7,1836.0,20,current_hybrid,460,0.9914155602455139,0.9636021256446838,0.9608553051948547,0.9676393270492554
长寿命,MATR_b3c7,1836.0,20,current_hybrid,461,0.9923476576805115,0.9634495973587036,0.9606795907020569,0.9675387144088745
长寿命,MATR_b3c7,1836.0,20,current_hybrid,462,0.9925386309623718,0.9632964730262756,0.9605032205581665,0.9674375057220459
长寿命,MATR_b3c7,1836.0,20,current_hybrid,463,0.9924281239509583,0.9631427526473999,0.9603263139724731,0.9673359990119934
长寿命,MATR_b3c7,1836.0,20,current_hybrid,464,0.9923375248908997,0.962988555431366,0.9601488709449768,0.9672339558601379
长寿命,MATR_b3c7,1836.0,20,current_hybrid,465,0.9923689961433411,0.9628336429595947,0.9599708318710327,0.9671314358711243
长寿命,MATR_b3c7,1836.0,20,current_hybrid,466,0.9922559261322021,0.9626781940460205,0.9597921967506409,0.9670284986495972
长寿命,MATR_b3c7,1836.0,20,current_hybrid,467,0.9922816753387451,0.9625222086906433,0.9596129655838013,0.9669250845909119
长寿命,MATR_b3c7,1836.0,20,current_hybrid,468,0.9923087358474731,0.9623656272888184,0.9594331383705139,0.9668212532997131
长寿命,MATR_b3c7,1836.0,20,current_hybrid,469,0.9922592043876648,0.9622084498405457,0.9592527747154236,0.9667168855667114
长寿命,MATR_b3c7,1836.0,20,current_hybrid,470,0.9922304153442383,0.96205073595047,0.9590718150138855,0.9666121602058411
长寿命,MATR_b3c7,1836.0,20,current_hybrid,471,0.9920695424079895,0.9618924260139465,0.9588902592658997,0.9665069580078125
长寿命,MATR_b3c7,1836.0,20,current_hybrid,472,0.9920573234558105,0.9617335200309753,0.9587081670761108,0.9664012789726257
长寿命,MATR_b3c7,1836.0,20,current_hybrid,473,0.9920337200164795,0.9615740776062012,0.9585254788398743,0.9662951231002808
长寿命,MATR_b3c7,1836.0,20,current_hybrid,474,0.9921280741691589,0.9614139795303345,0.9583421945571899,0.9661885499954224
长寿命,MATR_b3c7,1836.0,20,current_hybrid,475,0.9920907020568848,0.9612533450126648,0.9581583142280579,0.9660815000534058
长寿命,MATR_b3c7,1836.0,20,current_hybrid,476,0.992024302482605,0.9610921144485474,0.9579738974571228,0.9659740328788757
长寿命,MATR_b3c7,1836.0,20,current_hybrid,477,0.991978645324707,0.960930347442627,0.95778888463974,0.9658660888671875
长寿命,MATR_b3c7,1836.0,20,current_hybrid,478,0.9920170903205872,0.9607679843902588,0.9576032757759094,0.9657576084136963
长寿命,MATR_b3c7,1836.0,20,current_hybrid,479,0.9919755458831787,0.9606050848960876,0.9574171304702759,0.9656487703323364
长寿命,MATR_b3c7,1836.0,20,current_hybrid,480,0.9918343424797058,0.960441529750824,0.9572303891181946,0.9655394554138184
长寿命,MATR_b3c7,1836.0,20,current_hybrid,481,0.9918348789215088,0.9602774381637573,0.9570430517196655,0.9654296636581421
长寿命,MATR_b3c7,1836.0,20,current_hybrid,482,0.9917980432510376,0.9601127505302429,0.9568551182746887,0.9653194546699524
长寿命,MATR_b3c7,1836.0,20,current_hybrid,483,0.9917389750480652,0.9599475264549255,0.9566666483879089,0.9652087688446045
长寿命,MATR_b3c7,1836.0,20,current_hybrid,484,0.9917049407958984,0.9597816467285156,0.9564775824546814,0.9650975465774536
长寿命,MATR_b3c7,1836.0,20,current_hybrid,485,0.991690456867218,0.9596152305603027,0.9562879204750061,0.9649859666824341
长寿命,MATR_b3c7,1836.0,20,current_hybrid,486,0.9916645288467407,0.9594482779502869,0.9560977220535278,0.9648739695549011
长寿命,MATR_b3c7,1836.0,20,current_hybrid,487,0.9916190505027771,0.9592806696891785,0.955906867980957,0.9647613763809204
长寿命,MATR_b3c7,1836.0,20,current_hybrid,488,0.9904260039329529,0.9591125845909119,0.9557154774665833,0.964648425579071
长寿命,MATR_b3c7,1836.0,20,current_hybrid,489,0.9915104508399963,0.958943784236908,0.9555235505104065,0.9645349979400635
长寿命,MATR_b3c7,1836.0,20,current_hybrid,490,0.9914160966873169,0.9587745070457458,0.9553309679031372,0.9644210934638977
长寿命,MATR_b3c7,1836.0,20,current_hybrid,491,0.9913405179977417,0.9586045742034912,0.9551377892494202,0.9643067717552185
长寿命,MATR_b3c7,1836.0,20,current_hybrid,492,0.9912810921669006,0.9584341645240784,0.9549441337585449,0.9641919732093811
长寿命,MATR_b3c7,1836.0,20,current_hybrid,493,0.9912983179092407,0.9582631587982178,0.9547498226165771,0.9640766978263855
长寿命,MATR_b3c7,1836.0,20,current_hybrid,494,0.9911726713180542,0.9580914974212646,0.9545549154281616,0.9639609456062317
长寿命,MATR_b3c7,1836.0,20,current_hybrid,495,0.991138756275177,0.9579192996025085,0.9543594717979431,0.9638448357582092
长寿命,MATR_b3c7,1836.0,20,current_hybrid,496,0.9911313056945801,0.9577465057373047,0.9541634321212769,0.9637281894683838
长寿命,MATR_b3c7,1836.0,20,current_hybrid,497,0.9910563230514526,0.9575731754302979,0.9539667963981628,0.9636111259460449
长寿命,MATR_b3c7,1836.0,20,current_hybrid,498,0.9909933805465698,0.9573992490768433,0.9537696242332458,0.9634935259819031
长寿命,MATR_b3c7,1836.0,20,current_hybrid,499,0.9908687472343445,0.9572246670722961,0.9535718560218811,0.9633755683898926
长寿命,MATR_b3c7,1836.0,20,current_hybrid,500,0.9897864460945129,0.9570496082305908,0.9533734917640686,0.9632571339607239
长寿命,MATR_b3c7,1836.0,20,hybridpatch_v2,21,1.001969575881958,1.0015225410461426,1.0013741254806519,1.0016025304794312
长寿命,MATR_b3c7,1836.0,20,hybridpatch_v2,22,1.0019757747650146,1.0013408660888672,1.0011241436004639,1.0014528036117554
长寿命,MATR_b3c7,1836.0,20,hybridpatch_v2,23,1.0006887912750244,1.0011950731277466,1.0009232759475708,1.001331090927124
长寿命,MATR_b3c7,1836.0,20,hybridpatch_v2,24,1.0018161535263062,1.001067876815796,1.000747799873352,1.0012239217758179
长寿命,MATR_b3c7,1836.0,20,hybridpatch_v2,25,1.0017849206924438,1.0009526014328003,1.0005885362625122,1.0011259317398071
长寿命,MATR_b3c7,1836.0,20,hybridpatch_v2,26,1.0019803047180176,1.0008456707000732,1.0004408359527588,1.0010346174240112
长寿命,MATR_b3c7,1836.0,20,hybridpatch_v2,27,1.0019805431365967,1.000745177268982,1.0003018379211426,1.000948190689087
长寿命,MATR_b3c7,1836.0,20,hybridpatch_v2,28,0.9995669722557068,1.0006498098373413,1.0001698732376099,1.0008658170700073
长寿命,MATR_b3c7,1836.0,20,hybridpatch_v2,29,1.0019958019256592,1.0005584955215454,1.0000433921813965,1.0007866621017456
长寿命,MATR_b3c7,1836.0,20,hybridpatch_v2,30,1.0019463300704956,1.0004706382751465,0.9999217987060547,1.000710129737854
长寿命,MATR_b3c7,1836.0,20,hybridpatch_v2,31,1.0019536018371582,1.0003858804702759,0.9998041987419128,1.0006359815597534
长寿命,MATR_b3c7,1836.0,20,hybridpatch_v2,32,1.001833200454712,1.0003035068511963,0.999690055847168,1.0005637407302856
长寿命,MATR_b3c7,1836.0,20,hybridpatch_v2,33,1.001842737197876,1.0002235174179077,0.9995790123939514,1.0004932880401611
长寿命,MATR_b3c7,1836.0,20,hybridpatch_v2,34,1.0018781423568726,1.000145435333252,0.9994706511497498,1.0004243850708008
长寿命,MATR_b3c7,1836.0,20,hybridpatch_v2,35,1.001810908317566,1.0000691413879395,0.9993647933006287,1.000356912612915
长寿命,MATR_b3c7,1836.0,20,hybridpatch_v2,36,1.0015984773635864,0.9999944567680359,0.9992610812187195,1.0002906322479248
长寿命,MATR_b3c7,1836.0,20,hybridpatch_v2,37,1.001665711402893,0.9999212622642517,0.9991593956947327,1.00022554397583
长寿命,MATR_b3c7,1836.0,20,hybridpatch_v2,38,1.0017931461334229,0.9998493790626526,0.9990594983100891,1.0001615285873413
长寿命,MATR_b3c7,1836.0,20,hybridpatch_v2,39,1.0017478466033936,0.999778687953949,0.9989612698554993,1.0000983476638794
长寿命,MATR_b3c7,1836.0,20,hybridpatch_v2,40,1.0016263723373413,0.9997091293334961,0.9988645911216736,1.0000361204147339
长寿命,MATR_b3c7,1836.0,20,hybridpatch_v2,41,1.0016449689865112,0.9996406435966492,0.9987693428993225,0.9999747276306152
长寿命,MATR_b3c7,1836.0,20,hybridpatch_v2,42,1.0015310049057007,0.9995731115341187,0.9986754059791565,0.9999140501022339
长寿命,MATR_b3c7,1836.0,20,hybridpatch_v2,43,1.0015554428100586,0.9995064735412598,0.9985827207565308,0.9998540878295898
长寿命,MATR_b3c7,1836.0,20,hybridpatch_v2,44,1.0014708042144775,0.9994407296180725,0.9984911680221558,0.9997947812080383
长寿命,MATR_b3c7,1836.0,20,hybridpatch_v2,45,1.0014666318893433,0.9993757605552673,0.9984006881713867,0.9997361302375793
长寿命,MATR_b3c7,1836.0,20,hybridpatch_v2,46,1.0015124082565308,0.9993115067481995,0.9983112812042236,0.9996780157089233
长寿命,MATR_b3c7,1836.0,20,hybridpatch_v2,47,1.0016019344329834,0.9992479681968689,0.9982227683067322,0.9996204376220703
长寿命,MATR_b3c7,1836.0,20,hybridpatch_v2,48,1.0015857219696045,0.9991850852966309,0.9981352090835571,0.9995633959770203
长寿命,MATR_b3c7,1836.0,20,hybridpatch_v2,49,1.0015478134155273,0.9991228580474854,0.9980484843254089,0.9995068907737732
长寿命,MATR_b3c7,1836.0,20,hybridpatch_v2,50,1.001520037651062,0.9990611672401428,0.9979625940322876,0.9994508028030396
长寿命,MATR_b3c7,1836.0,20,hybridpatch_v2,51,1.0004091262817383,0.9990001320838928,0.9978774785995483,0.9993951916694641
长寿命,MATR_b3c7,1836.0,20,hybridpatch_v2,52,1.001566767692566,0.998939573764801,0.9977930784225464,0.9993399381637573
长寿命,MATR_b3c7,1836.0,20,hybridpatch_v2,53,1.0016329288482666,0.9988795518875122,0.9977094531059265,0.9992851614952087
长寿命,MATR_b3c7,1836.0,20,hybridpatch_v2,54,1.0016238689422607,0.9988200068473816,0.9976264238357544,0.999230682849884
长寿命,MATR_b3c7,1836.0,20,hybridpatch_v2,55,1.0016061067581177,0.9987609386444092,0.9975440502166748,0.9991766214370728
长寿命,MATR_b3c7,1836.0,20,hybridpatch_v2,56,1.0014371871948242,0.998702347278595,0.9974623322486877,0.9991229176521301
长寿命,MATR_b3c7,1836.0,20,hybridpatch_v2,57,1.001467227935791,0.9986441135406494,0.9973811507225037,0.9990695714950562
长寿命,MATR_b3c7,1836.0,20,hybridpatch_v2,58,1.0015774965286255,0.9985863566398621,0.9973005652427673,0.999016523361206
长寿命,MATR_b3c7,1836.0,20,hybridpatch_v2,59,1.0015619993209839,0.9985290169715881,0.997220516204834,0.9989637732505798
长寿命,MATR_b3c7,1836.0,20,hybridpatch_v2,60,1.0016686916351318,0.9984720349311829,0.9971410036087036,0.9989113211631775
长寿命,MATR_b3c7,1836.0,20,hybridpatch_v2,61,1.0016497373580933,0.9984154105186462,0.9970619678497314,0.998859167098999
长寿命,MATR_b3c7,1836.0,20,hybridpatch_v2,62,1.0015190839767456,0.9983591437339783,0.9969834685325623,0.9988072514533997
长寿命,MATR_b3c7,1836.0,20,hybridpatch_v2,63,1.0014774799346924,0.9983031749725342,0.9969053864479065,0.998755693435669
长寿命,MATR_b3c7,1836.0,20,hybridpatch_v2,64,1.001452088356018,0.9982476234436035,0.9968277812004089,0.9987043142318726
长寿命,MATR_b3c7,1836.0,20,hybridpatch_v2,65,1.001479983329773,0.998192310333252,0.9967505931854248,0.9986532330513
长寿命,MATR_b3c7,1836.0,20,hybridpatch_v2,66,1.0013835430145264,0.998137354850769,0.9966738224029541,0.9986023306846619
长寿命,MATR_b3c7,1836.0,20,hybridpatch_v2,67,1.0013701915740967,0.99808269739151,0.9965974688529968,0.9985517263412476
长寿命,MATR_b3c7,1836.0,20,hybridpatch_v2,68,1.0013697147369385,0.9980283379554749,0.996521532535553,0.9985013008117676
长寿命,MATR_b3c7,1836.0,20,hybridpatch_v2,69,1.0013259649276733,0.9979742169380188,0.9964459538459778,0.9984511137008667
长寿命,MATR_b3c7,1836.0,20,hybridpatch_v2,70,1.0013610124588013,0.9979203939437866,0.9963707327842712,0.9984011650085449
长寿命,MATR_b3c7,1836.0,20,hybridpatch_v2,71,1.0013068914413452,0.9978668689727783,0.9962959289550781,0.9983513951301575
长寿命,MATR_b3c7,1836.0,20,hybridpatch_v2,72,1.0015181303024292,0.9978135228157043,0.9962214231491089,0.9983018040657043
长寿命,MATR_b3c7,1836.0,20,hybridpatch_v2,73,1.0012744665145874,0.9977604746818542,0.9961472749710083,0.9982524514198303
长寿命,MATR_b3c7,1836.0,20,hybridpatch_v2,74,1.0012943744659424,0.9977076649665833,0.9960734248161316,0.9982032775878906
长寿命,MATR_b3c7,1836.0,20,hybridpatch_v2,75,1.0012528896331787,0.9976550936698914,0.9959999322891235,0.9981542825698853
长寿命,MATR_b3c7,1836.0,20,hybridpatch_v2,76,1.0012788772583008,0.9976027607917786,0.9959267973899841,0.9981054067611694
长寿命,MATR_b3c7,1836.0,20,hybridpatch_v2,77,1.001373291015625,0.9975506067276001,0.9958539009094238,0.9980567693710327
长寿命,MATR_b3c7,1836.0,20,hybridpatch_v2,78,1.0013411045074463,0.9974986910820007,0.9957813024520874,0.9980083107948303
长寿命,MATR_b3c7,1836.0,20,hybridpatch_v2,79,1.0012041330337524,0.9974470138549805,0.9957090020179749,0.9979599714279175
长寿命,MATR_b3c7,1836.0,20,hybridpatch_v2,80,1.0012826919555664,0.9973955154418945,0.9956369996070862,0.997911810874939
长寿命,MATR_b3c7,1836.0,20,hybridpatch_v2,81,1.0013307332992554,0.9973441958427429,0.9955652356147766,0.9978638291358948
长寿命,MATR_b3c7,1836.0,20,hybridpatch_v2,82,1.0012167692184448,0.9972931146621704,0.9954937696456909,0.9978159666061401
长寿命,MATR_b3c7,1836.0,20,hybridpatch_v2,83,1.0012856721878052,0.9972422122955322,0.9954225420951843,0.9977682828903198
长寿命,MATR_b3c7,1836.0,20,hybridpatch_v2,84,1.0012531280517578,0.9971914887428284,0.9953516125679016,0.9977207183837891
长寿命,MATR_b3c7,1836.0,20,hybridpatch_v2,85,0.9999050498008728,0.9971409440040588,0.995280921459198,0.9976733326911926
长寿命,MATR_b3c7,1836.0,20,hybridpatch_v2,86,1.00111722946167,0.9970905780792236,0.9952104091644287,0.9976260662078857
长寿命,MATR_b3c7,1836.0,20,hybridpatch_v2,87,1.0011353492736816,0.9970403909683228,0.9951401948928833,0.9975789189338684
长寿命,MATR_b3c7,1836.0,20,hybridpatch_v2,88,1.0010462999343872,0.9969903826713562,0.995070219039917,0.9975318908691406
长寿命,MATR_b3c7,1836.0,20,hybridpatch_v2,89,1.0010496377944946,0.9969404935836792,0.995000422000885,0.9974850416183472
长寿命,MATR_b3c7,1836.0,20,hybridpatch_v2,90,1.0010056495666504,0.9968908429145813,0.9949308633804321,0.9974383115768433
长寿命,MATR_b3c7,1836.0,20,hybridpatch_v2,91,1.0008336305618286,0.996841311454773,0.9948615431785583,0.9973917007446289
长寿命,MATR_b3c7,1836.0,20,hybridpatch_v2,92,1.0009689331054688,0.9967918992042542,0.9947924613952637,0.9973451495170593
长寿命,MATR_b3c7,1836.0,20,hybridpatch_v2,93,1.000959038734436,0.9967426657676697,0.9947235584259033,0.9972987771034241
长寿命,MATR_b3c7,1836.0,20,hybridpatch_v2,94,1.0008692741394043,0.9966936111450195,0.9946548342704773,0.9972525238990784
长寿命,MATR_b3c7,1836.0,20,hybridpatch_v2,95,1.0008853673934937,0.9966446757316589,0.9945863485336304,0.9972063899040222
长寿命,MATR_b3c7,1836.0,20,hybridpatch_v2,96,1.0009417533874512,0.9965959191322327,0.9945180416107178,0.9971603751182556
长寿命,MATR_b3c7,1836.0,20,hybridpatch_v2,97,1.0009549856185913,0.996547281742096,0.9944499135017395,0.9971144199371338
长寿命,MATR_b3c7,1836.0,20,hybridpatch_v2,98,1.0010080337524414,0.9964987635612488,0.9943819642066956,0.9970685839653015
长寿命,MATR_b3c7,1836.0,20,hybridpatch_v2,99,0.9997240900993347,0.9964503645896912,0.9943142533302307,0.9970228672027588
长寿命,MATR_b3c7,1836.0,20,hybridpatch_v2,100,1.0006184577941895,0.9964021444320679,0.9942466616630554,0.9969772696495056
长寿命,MATR_b3c7,1836.0,20,hybridpatch_v2,101,1.000808835029602,0.9963540434837341,0.9941793084144592,0.996931791305542
长寿命,MATR_b3c7,1836.0,20,hybridpatch_v2,102,1.0008708238601685,0.9963060617446899,0.9941120743751526,0.9968863725662231
长寿命,MATR_b3c7,1836.0,20,hybridpatch_v2,103,1.000823974609375,0.9962581992149353,0.9940450191497803,0.9968410730361938
长寿命,MATR_b3c7,1836.0,20,hybridpatch_v2,104,1.0009913444519043,0.9962104558944702,0.9939782023429871,0.9967958331108093
长寿命,MATR_b3c7,1836.0,20,hybridpatch_v2,105,0.9998862147331238,0.9961628913879395,0.9939115047454834,0.9967507123947144
长寿命,MATR_b3c7,1836.0,20,hybridpatch_v2,106,1.0010467767715454,0.9961153864860535,0.9938449263572693,0.9967057108879089
长寿命,MATR_b3c7,1836.0,20,hybridpatch_v2,107,1.0010650157928467,0.996068000793457,0.9937785863876343,0.9966607689857483
长寿命,MATR_b3c7,1836.0,20,hybridpatch_v2,108,1.0010623931884766,0.9960207343101501,0.9937123656272888,0.9966158866882324
长寿命,MATR_b3c7,1836.0,20,hybridpatch_v2,109,1.0010508298873901,0.9959735870361328,0.9936462640762329,0.9965711236000061
长寿命,MATR_b3c7,1836.0,20,hybridpatch_v2,110,1.000949740409851,0.995926558971405,0.9935803413391113,0.9965264797210693
长寿命,MATR_b3c7,1836.0,20,hybridpatch_v2,111,1.0009706020355225,0.9958796501159668,0.9935145974159241,0.9964818954467773
长寿命,MATR_b3c7,1836.0,20,hybridpatch_v2,112,1.0009347200393677,0.9958328604698181,0.9934489727020264,0.9964373707771301
长寿命,MATR_b3c7,1836.0,20,hybridpatch_v2,113,1.0010344982147217,0.9957861304283142,0.993383526802063,0.9963929653167725
长寿命,MATR_b3c7,1836.0,20,hybridpatch_v2,114,1.000943660736084,0.9957395195960999,0.9933181405067444,0.9963486194610596
长寿命,MATR_b3c7,1836.0,20,hybridpatch_v2,115,1.0009801387786865,0.995693027973175,0.9932529926300049,0.9963043928146362
长寿命,MATR_b3c7,1836.0,20,hybridpatch_v2,116,1.000996708869934,0.995646595954895,0.9931879043579102,0.9962602257728577
长寿命,MATR_b3c7,1836.0,20,hybridpatch_v2,117,1.0008761882781982,0.9956002831459045,0.9931229948997498,0.9962161183357239
长寿命,MATR_b3c7,1836.0,20,hybridpatch_v2,118,1.0009249448776245,0.9955540895462036,0.9930582046508789,0.9961720705032349
长寿命,MATR_b3c7,1836.0,20,hybridpatch_v2,119,1.000917911529541,0.9955079555511475,0.9929935336112976,0.9961281418800354
长寿命,MATR_b3c7,1836.0,20,hybridpatch_v2,120,1.000784158706665,0.9954619407653809,0.9929290413856506,0.9960842728614807
长寿命,MATR_b3c7,1836.0,20,hybridpatch_v2,121,1.0007199048995972,0.9954160451889038,0.9928646087646484,0.9960404634475708
长寿命,MATR_b3c7,1836.0,20,hybridpatch_v2,122,1.0007001161575317,0.9953702092170715,0.9928003549575806,0.9959967136383057
长寿命,MATR_b3c7,1836.0,20,hybridpatch_v2,123,1.0007823705673218,0.9953244924545288,0.9927362203598022,0.9959530830383301
长寿命,MATR_b3c7,1836.0,20,hybridpatch_v2,124,1.000727891921997,0.9952788352966309,0.9926722049713135,0.9959094524383545
长寿命,MATR_b3c7,1836.0,20,hybridpatch_v2,125,1.0005921125411987,0.9952332377433777,0.9926082491874695,0.9958659410476685
长寿命,MATR_b3c7,1836.0,20,hybridpatch_v2,126,1.0003960132598877,0.9951877593994141,0.9925444722175598,0.9958224892616272
长寿命,MATR_b3c7,1836.0,20,hybridpatch_v2,127,1.0004091262817383,0.99514240026474,0.9924808144569397,0.9957790970802307
长寿命,MATR_b3c7,1836.0,20,hybridpatch_v2,128,1.000448226928711,0.9950971007347107,0.9924172759056091,0.995735764503479
长寿命,MATR_b3c7,1836.0,20,hybridpatch_v2,129,1.0004419088363647,0.9950518608093262,0.9923537969589233,0.9956925511360168
长寿命,MATR_b3c7,1836.0,20,hybridpatch_v2,130,1.0004154443740845,0.9950066804885864,0.9922904968261719,0.9956493377685547
长寿命,MATR_b3c7,1836.0,20,hybridpatch_v2,131,1.000475287437439,0.9949616193771362,0.9922272562980652,0.9956061840057373
长寿命,MATR_b3c7,1836.0,20,hybridpatch_v2,132,1.0004898309707642,0.9949166774749756,0.992164134979248,0.9955631494522095
长寿命,MATR_b3c7,1836.0,20,hybridpatch_v2,133,1.0004528760910034,0.9948717355728149,0.9921011328697205,0.9955201148986816
长寿命,MATR_b3c7,1836.0,20,hybridpatch_v2,134,1.0003414154052734,0.9948269128799438,0.9920382499694824,0.9954771995544434
长寿命,MATR_b3c7,1836.0,20,hybridpatch_v2,135,1.0003846883773804,0.9947821497917175,0.9919754862785339,0.9954342842102051
长寿命,MATR_b3c7,1836.0,20,hybridpatch_v2,136,1.000482201576233,0.9947375059127808,0.9919127821922302,0.9953914880752563
长寿命,MATR_b3c7,1836.0,20,hybridpatch_v2,137,0.9993935823440552,0.9946929216384888,0.9918501973152161,0.9953486919403076
长寿命,MATR_b3c7,1836.0,20,hybridpatch_v2,138,1.0005574226379395,0.9946483969688416,0.9917876720428467,0.9953060150146484
长寿命,MATR_b3c7,1836.0,20,hybridpatch_v2,139,1.0005428791046143,0.9946039319038391,0.9917253255844116,0.9952633380889893
长寿命,MATR_b3c7,1836.0,20,hybridpatch_v2,140,1.0005691051483154,0.9945595264434814,0.9916630387306213,0.9952207207679749
长寿命,MATR_b3c7,1836.0,20,hybridpatch_v2,141,1.0005282163619995,0.9945152401924133,0.9916008114814758,0.99517822265625
长寿命,MATR_b3c7,1836.0,20,hybridpatch_v2,142,1.0005252361297607,0.99447101354599,0.9915387630462646,0.9951357245445251
长寿命,MATR_b3c7,1836.0,20,hybridpatch_v2,143,0.9993996620178223,0.9944268465042114,0.9914767146110535,0.9950932860374451
长寿命,MATR_b3c7,1836.0,20,hybridpatch_v2,144,1.0005533695220947,0.9943827390670776,0.9914148449897766,0.9950509071350098
长寿命,MATR_b3c7,1836.0,20,hybridpatch_v2,145,1.0005146265029907,0.9943386912345886,0.9913530349731445,0.9950085878372192
长寿命,MATR_b3c7,1836.0,20,hybridpatch_v2,146,1.000434398651123,0.9942947030067444,0.9912912845611572,0.9949663281440735
长寿命,MATR_b3c7,1836.0,20,hybridpatch_v2,147,1.0004607439041138,0.9942508339881897,0.9912296533584595,0.9949240684509277
长寿命,MATR_b3c7,1836.0,20,hybridpatch_v2,148,1.0004197359085083,0.994206964969635,0.9911680817604065,0.9948819279670715
长寿命,MATR_b3c7,1836.0,20,hybridpatch_v2,149,1.0004215240478516,0.9941632151603699,0.9911066293716431,0.9948397874832153
长寿命,MATR_b3c7,1836.0,20,hybridpatch_v2,150,1.0002821683883667,0.9941195249557495,0.9910452961921692,0.9947977066040039
长寿命,MATR_b3c7,1836.0,20,hybridpatch_v2,151,1.0003169775009155,0.9940758347511292,0.9909840226173401,0.9947556853294373
长寿命,MATR_b3c7,1836.0,20,hybridpatch_v2,152,1.0002468824386597,0.9940322637557983,0.9909228086471558,0.9947137236595154
长寿命,MATR_b3c7,1836.0,20,hybridpatch_v2,153,0.9991828203201294,0.9939887523651123,0.9908616542816162,0.9946718215942383
长寿命,MATR_b3c7,1836.0,20,hybridpatch_v2,154,1.000223994255066,0.993945300579071,0.990800678730011,0.9946299195289612
长寿命,MATR_b3c7,1836.0,20,hybridpatch_v2,155,1.000133991241455,0.9939019083976746,0.9907397031784058,0.9945880770683289
长寿命,MATR_b3c7,1836.0,20,hybridpatch_v2,156,1.000141978263855,0.9938585162162781,0.9906788468360901,0.9945462942123413
长寿命,MATR_b3c7,1836.0,20,hybridpatch_v2,157,0.9999727010726929,0.9938152432441711,0.9906180500984192,0.9945045709609985
长寿命,MATR_b3c7,1836.0,20,hybridpatch_v2,158,1.000041127204895,0.993772029876709,0.9905573129653931,0.9944629073143005
长寿命,MATR_b3c7,1836.0,20,hybridpatch_v2,159,0.9999673366546631,0.9937288761138916,0.9904966950416565,0.9944212436676025
长寿命,MATR_b3c7,1836.0,20,hybridpatch_v2,160,0.9988470673561096,0.993685781955719,0.9904361367225647,0.9943796396255493
长寿命,MATR_b3c7,1836.0,20,hybridpatch_v2,161,1.0000406503677368,0.9936426877975464,0.9903756976127625,0.9943380951881409
长寿命,MATR_b3c7,1836.0,20,hybridpatch_v2,162,0.9999668598175049,0.9935997128486633,0.9903152585029602,0.9942965507507324
长寿命,MATR_b3c7,1836.0,20,hybridpatch_v2,163,0.9999973773956299,0.9935567378997803,0.9902549386024475,0.9942550659179688
长寿命,MATR_b3c7,1836.0,20,hybridpatch_v2,164,1.000117301940918,0.9935138821601868,0.9901947379112244,0.9942136406898499
长寿命,MATR_b3c7,1836.0,20,hybridpatch_v2,165,0.9999507665634155,0.9934710264205933,0.9901345372200012,0.9941722750663757
长寿命,MATR_b3c7,1836.0,20,hybridpatch_v2,166,0.9999691247940063,0.9934282302856445,0.9900744557380676,0.9941309094429016
长寿命,MATR_b3c7,1836.0,20,hybridpatch_v2,167,1.000049352645874,0.9933855533599854,0.9900144338607788,0.9940896034240723
长寿命,MATR_b3c7,1836.0,20,hybridpatch_v2,168,1.0000872611999512,0.9933428764343262,0.9899544715881348,0.9940483570098877
长寿命,MATR_b3c7,1836.0,20,hybridpatch_v2,169,0.9999666213989258,0.993300199508667,0.9898945689201355,0.9940071702003479
长寿命,MATR_b3c7,1836.0,20,hybridpatch_v2,170,1.0001469850540161,0.9932576417922974,0.989834725856781,0.9939659833908081
长寿命,MATR_b3c7,1836.0,20,hybridpatch_v2,171,1.0001111030578613,0.9932151436805725,0.9897750020027161,0.9939247965812683
长寿命,MATR_b3c7,1836.0,20,hybridpatch_v2,172,1.000055193901062,0.9931726455688477,0.9897153377532959,0.9938837289810181
长寿命,MATR_b3c7,1836.0,20,hybridpatch_v2,173,1.0000312328338623,0.9931302070617676,0.9896557331085205,0.9938426613807678
长寿命,MATR_b3c7,1836.0,20,hybridpatch_v2,174,1.000036597251892,0.993087887763977,0.9895961880683899,0.9938016533851624
长寿命,MATR_b3c7,1836.0,20,hybridpatch_v2,175,1.0000126361846924,0.9930455088615417,0.989536702632904,0.9937606453895569
长寿命,MATR_b3c7,1836.0,20,hybridpatch_v2,176,0.9999487400054932,0.993003249168396,0.989477276802063,0.9937196969985962
长寿命,MATR_b3c7,1836.0,20,hybridpatch_v2,177,0.9998785257339478,0.992961049079895,0.9894179701805115,0.9936788082122803
长寿命,MATR_b3c7,1836.0,20,hybridpatch_v2,178,0.999891996383667,0.992918848991394,0.98935866355896,0.9936379194259644
长寿命,MATR_b3c7,1836.0,20,hybridpatch_v2,179,0.9999023079872131,0.9928767085075378,0.989299476146698,0.9935970902442932
长寿命,MATR_b3c7,1836.0,20,hybridpatch_v2,180,0.9998037219047546,0.9928346276283264,0.989240288734436,0.9935562610626221
长寿命,MATR_b3c7,1836.0,20,hybridpatch_v2,181,0.9997352361679077,0.9927926063537598,0.9891812205314636,0.9935154914855957
长寿命,MATR_b3c7,1836.0,20,hybridpatch_v2,182,0.999731719493866,0.9927505850791931,0.9891221523284912,0.9934747815132141
长寿命,MATR_b3c7,1836.0,20,hybridpatch_v2,183,0.9996789693832397,0.9927086234092712,0.9890632033348083,0.9934340715408325
长寿命,MATR_b3c7,1836.0,20,hybridpatch_v2,184,0.9997735619544983,0.9926667213439941,0.9890043139457703,0.9933934211730957
长寿命,MATR_b3c7,1836.0,20,hybridpatch_v2,185,0.9997369647026062,0.9926248788833618,0.988945484161377,0.9933528304100037
长寿命,MATR_b3c7,1836.0,20,hybridpatch_v2,186,0.9996463060379028,0.9925830364227295,0.9888867139816284,0.9933122396469116
长寿命,MATR_b3c7,1836.0,20,hybridpatch_v2,187,0.9995927810668945,0.9925413131713867,0.9888279438018799,0.9932716488838196
长寿命,MATR_b3c7,1836.0,20,hybridpatch_v2,188,0.99948650598526,0.992499589920044,0.9887692928314209,0.9932311177253723
长寿命,MATR_b3c7,1836.0,20,hybridpatch_v2,189,0.9995688796043396,0.9924578666687012,0.9887107014656067,0.9931906461715698
长寿命,MATR_b3c7,1836.0,20,hybridpatch_v2,190,0.9995155930519104,0.9924162030220032,0.9886521697044373,0.9931501746177673
长寿命,MATR_b3c7,1836.0,20,hybridpatch_v2,191,0.9993820190429688,0.9923746585845947,0.9885936379432678,0.9931097626686096
长寿命,MATR_b3c7,1836.0,20,hybridpatch_v2,192,0.9994431734085083,0.9923330545425415,0.9885352253913879,0.9930694103240967
长寿命,MATR_b3c7,1836.0,20,hybridpatch_v2,193,0.9995610117912292,0.9922915697097778,0.9884768724441528,0.9930290579795837
长寿命,MATR_b3c7,1836.0,20,hybridpatch_v2,194,0.9994874596595764,0.9922500848770142,0.9884185194969177,0.9929887056350708
长寿命,MATR_b3c7,1836.0,20,hybridpatch_v2,195,0.9995497465133667,0.9922086596488953,0.9883602857589722,0.9929484128952026
长寿命,MATR_b3c7,1836.0,20,hybridpatch_v2,196,0.9995848536491394,0.9921672344207764,0.9883020520210266,0.9929081797599792
长寿命,MATR_b3c7,1836.0,20,hybridpatch_v2,197,0.999517560005188,0.9921258687973022,0.9882439374923706,0.9928679466247559
长寿命,MATR_b3c7,1836.0,20,hybridpatch_v2,198,0.9995129704475403,0.9920845627784729,0.9881858229637146,0.9928277134895325
长寿命,MATR_b3c7,1836.0,20,hybridpatch_v2,199,0.9983385801315308,0.9920432567596436,0.9881277680397034,0.9927875995635986
长寿命,MATR_b3c7,1836.0,20,hybridpatch_v2,200,0.9994329810142517,0.9920020699501038,0.9880697727203369,0.99274742603302
长寿命,MATR_b3c7,1836.0,20,hybridpatch_v2,201,0.9994205236434937,0.9919608235359192,0.9880118370056152,0.9927073121070862
长寿命,MATR_b3c7,1836.0,20,hybridpatch_v2,202,0.9993856549263,0.9919196963310242,0.9879539608955383,0.9926672577857971
长寿命,MATR_b3c7,1836.0,20,hybridpatch_v2,203,0.9994211792945862,0.9918785691261292,0.9878961443901062,0.9926272034645081
长寿命,MATR_b3c7,1836.0,20,hybridpatch_v2,204,0.9993500113487244,0.9918375015258789,0.9878383278846741,0.9925872087478638
长寿命,MATR_b3c7,1836.0,20,hybridpatch_v2,205,0.9993965029716492,0.9917964339256287,0.9877806305885315,0.9925472140312195
长寿命,MATR_b3c7,1836.0,20,hybridpatch_v2,206,0.9992641806602478,0.9917554259300232,0.9877229332923889,0.9925072193145752
长寿命,MATR_b3c7,1836.0,20,hybridpatch_v2,207,0.9992698431015015,0.9917144179344177,0.9876652956008911,0.9924672842025757
长寿命,MATR_b3c7,1836.0,20,hybridpatch_v2,208,0.9993592500686646,0.991673469543457,0.9876077175140381,0.992427408695221
长寿命,MATR_b3c7,1836.0,20,hybridpatch_v2,209,0.9994009137153625,0.9916325807571411,0.9875501990318298,0.9923875331878662
长寿命,MATR_b3c7,1836.0,20,hybridpatch_v2,210,0.9992631673812866,0.99159175157547,0.9874926805496216,0.9923477172851562
长寿命,MATR_b3c7,1836.0,20,hybridpatch_v2,211,0.9980984926223755,0.9915509223937988,0.9874352812767029,0.9923079013824463
长寿命,MATR_b3c7,1836.0,20,hybridpatch_v2,212,0.9992245435714722,0.9915100932121277,0.9873778820037842,0.9922680854797363
长寿命,MATR_b3c7,1836.0,20,hybridpatch_v2,213,0.9969159960746765,0.9914693236351013,0.9873205423355103,0.9922283291816711
长寿命,MATR_b3c7,1836.0,20,hybridpatch_v2,214,0.9991905689239502,0.9914286136627197,0.9872632622718811,0.992188572883606
长寿命,MATR_b3c7,1836.0,20,hybridpatch_v2,215,0.9991434216499329,0.9913879036903381,0.987205982208252,0.9921488761901855
长寿命,MATR_b3c7,1836.0,20,hybridpatch_v2,216,0.9991552233695984,0.9913472533226013,0.9871488213539124,0.9921092391014099
长寿命,MATR_b3c7,1836.0,20,hybridpatch_v2,217,0.9992654323577881,0.9913066625595093,0.9870916604995728,0.9920695424079895
长寿命,MATR_b3c7,1836.0,20,hybridpatch_v2,218,0.9990749359130859,0.9912660717964172,0.9870345592498779,0.9920299053192139
长寿命,MATR_b3c7,1836.0,20,hybridpatch_v2,219,0.9990167021751404,0.9912254810333252,0.9869775176048279,0.991990327835083
长寿命,MATR_b3c7,1836.0,20,hybridpatch_v2,220,0.9989863038063049,0.9911849498748779,0.9869204759597778,0.9919507503509521
长寿命,MATR_b3c7,1836.0,20,hybridpatch_v2,221,0.9989969730377197,0.9911444783210754,0.9868634939193726,0.9919112324714661
长寿命,MATR_b3c7,1836.0,20,hybridpatch_v2,222,0.9990940690040588,0.991104006767273,0.9868066310882568,0.99187171459198
长寿命,MATR_b3c7,1836.0,20,hybridpatch_v2,223,0.9989332556724548,0.9910635948181152,0.9867497086524963,0.9918321967124939
长寿命,MATR_b3c7,1836.0,20,hybridpatch_v2,224,0.9977944493293762,0.9910232424736023,0.9866929054260254,0.9917927384376526
长寿命,MATR_b3c7,1836.0,20,hybridpatch_v2,225,0.9977538585662842,0.9909828305244446,0.9866361021995544,0.9917532801628113
长寿命,MATR_b3c7,1836.0,20,hybridpatch_v2,226,0.9989314079284668,0.9909425377845764,0.9865793585777283,0.9917138814926147
长寿命,MATR_b3c7,1836.0,20,hybridpatch_v2,227,0.9977506995201111,0.9909022450447083,0.9865226745605469,0.9916744828224182
长寿命,MATR_b3c7,1836.0,20,hybridpatch_v2,228,0.9988446235656738,0.9908619523048401,0.9864659905433655,0.9916350841522217
长寿命,MATR_b3c7,1836.0,20,hybridpatch_v2,229,0.997668445110321,0.9908217191696167,0.9864093661308289,0.9915957450866699
长寿命,MATR_b3c7,1836.0,20,hybridpatch_v2,230,0.9988492131233215,0.9907815456390381,0.986352801322937,0.9915564060211182
长寿命,MATR_b3c7,1836.0,20,hybridpatch_v2,231,0.9988414645195007,0.9907413721084595,0.9862962961196899,0.9915171265602112
长寿命,MATR_b3c7,1836.0,20,hybridpatch_v2,232,0.9988155364990234,0.9907011985778809,0.9862397909164429,0.9914778470993042
长寿命,MATR_b3c7,1836.0,20,hybridpatch_v2,233,0.9986299872398376,0.990661084651947,0.9861833453178406,0.9914385676383972
长寿命,MATR_b3c7,1836.0,20,hybridpatch_v2,234,0.9985740780830383,0.990621030330658,0.9861268997192383,0.991399347782135
长寿命,MATR_b3c7,1836.0,20,hybridpatch_v2,235,0.9986255168914795,0.9905809760093689,0.9860705733299255,0.9913601875305176
长寿命,MATR_b3c7,1836.0,20,hybridpatch_v2,236,0.9986022114753723,0.9905409812927246,0.9860142469406128,0.9913209676742554
长寿命,MATR_b3c7,1836.0,20,hybridpatch_v2,237,0.9986441135406494,0.9905009865760803,0.9859579205513,0.9912818074226379
长寿命,MATR_b3c7,1836.0,20,hybridpatch_v2,238,0.9986429214477539,0.990460991859436,0.9859017133712769,0.9912427067756653
长寿命,MATR_b3c7,1836.0,20,hybridpatch_v2,239,0.9974270462989807,0.9904210567474365,0.9858455061912537,0.9912035465240479
长寿命,MATR_b3c7,1836.0,20,hybridpatch_v2,240,0.9985379576683044,0.9903811812400818,0.9857892990112305,0.99116450548172
长寿命,MATR_b3c7,1836.0,20,hybridpatch_v2,241,0.9985815286636353,0.990341305732727,0.9857332110404968,0.9911254048347473
长寿命,MATR_b3c7,1836.0,20,hybridpatch_v2,242,0.9985384941101074,0.9903014302253723,0.9856771230697632,0.9910863637924194
长寿命,MATR_b3c7,1836.0,20,hybridpatch_v2,243,0.9985466599464417,0.9902616143226624,0.9856210350990295,0.9910473227500916
长寿命,MATR_b3c7,1836.0,20,hybridpatch_v2,244,0.9985057711601257,0.9902217984199524,0.9855650663375854,0.9910083413124084
长寿命,MATR_b3c7,1836.0,20,hybridpatch_v2,245,0.9984744787216187,0.9901820421218872,0.9855090379714966,0.9909693598747253
长寿命,MATR_b3c7,1836.0,20,hybridpatch_v2,246,0.998450756072998,0.9901423454284668,0.9854531288146973,0.990930438041687
长寿命,MATR_b3c7,1836.0,20,hybridpatch_v2,247,0.9983434081077576,0.9901025891304016,0.985397219657898,0.9908914566040039
长寿命,MATR_b3c7,1836.0,20,hybridpatch_v2,248,0.9984616041183472,0.990062952041626,0.9853413701057434,0.9908525347709656
长寿命,MATR_b3c7,1836.0,20,hybridpatch_v2,249,0.998430073261261,0.9900232553482056,0.9852855205535889,0.990813672542572
长寿命,MATR_b3c7,1836.0,20,hybridpatch_v2,250,0.9983121752738953,0.9899836182594299,0.9852297306060791,0.9907748103141785
长寿命,MATR_b3c7,1836.0,20,hybridpatch_v2,251,0.9981800317764282,0.9899440407752991,0.9851740002632141,0.9907359480857849
长寿命,MATR_b3c7,1836.0,20,hybridpatch_v2,252,0.9980680346488953,0.9899044632911682,0.9851182699203491,0.9906971454620361
长寿命,MATR_b3c7,1836.0,20,hybridpatch_v2,253,0.9982080459594727,0.9898649454116821,0.9850625991821289,0.9906582832336426
长寿命,MATR_b3c7,1836.0,20,hybridpatch_v2,254,0.9981619715690613,0.989825427532196,0.9850069880485535,0.9906195402145386
长寿命,MATR_b3c7,1836.0,20,hybridpatch_v2,255,0.998170793056488,0.98978590965271,0.984951376914978,0.9905807375907898
长寿命,MATR_b3c7,1836.0,20,hybridpatch_v2,256,0.9981857538223267,0.9897464513778687,0.9848957657814026,0.9905419945716858
长寿命,MATR_b3c7,1836.0,20,hybridpatch_v2,257,0.9979442954063416,0.9897069931030273,0.9848402738571167,0.9905033111572266
长寿命,MATR_b3c7,1836.0,20,hybridpatch_v2,258,0.9980696439743042,0.9896675944328308,0.984784722328186,0.9904645681381226
长寿命,MATR_b3c7,1836.0,20,hybridpatch_v2,259,0.9980379939079285,0.9896281957626343,0.9847292900085449,0.9904258847236633
长寿命,MATR_b3c7,1836.0,20,hybridpatch_v2,260,0.9980547428131104,0.9895887970924377,0.9846738576889038,0.9903872013092041
长寿命,MATR_b3c7,1836.0,20,hybridpatch_v2,261,0.997998058795929,0.989549458026886,0.9846184253692627,0.9903485774993896
长寿命,MATR_b3c7,1836.0,20,hybridpatch_v2,262,0.9980227947235107,0.989510178565979,0.9845631122589111,0.9903099536895752
长寿命,MATR_b3c7,1836.0,20,hybridpatch_v2,263,0.9978199005126953,0.9894708395004272,0.9845077395439148,0.9902713298797607
长寿命,MATR_b3c7,1836.0,20,hybridpatch_v2,264,0.9978383779525757,0.989431619644165,0.984452486038208,0.9902327656745911
长寿命,MATR_b3c7,1836.0,20,hybridpatch_v2,265,0.9978234767913818,0.9893923401832581,0.9843972325325012,0.9901942014694214
长寿命,MATR_b3c7,1836.0,20,hybridpatch_v2,266,0.9977825880050659,0.9893531203269958,0.9843419790267944,0.9901556372642517
长寿命,MATR_b3c7,1836.0,20,hybridpatch_v2,267,0.9978995323181152,0.9893139600753784,0.9842867851257324,0.990117073059082
长寿命,MATR_b3c7,1836.0,20,hybridpatch_v2,268,0.9978993535041809,0.9892747402191162,0.9842315912246704,0.9900785684585571
长寿命,MATR_b3c7,1836.0,20,hybridpatch_v2,269,0.9978333711624146,0.9892356395721436,0.984176516532898,0.990040123462677
长寿命,MATR_b3c7,1836.0,20,hybridpatch_v2,270,0.9978919625282288,0.9891964793205261,0.9841213822364807,0.9900016188621521
长寿命,MATR_b3c7,1836.0,20,hybridpatch_v2,271,0.9978623986244202,0.9891573786735535,0.9840663075447083,0.989963173866272
长寿命,MATR_b3c7,1836.0,20,hybridpatch_v2,272,0.9978423118591309,0.9891183376312256,0.9840112924575806,0.9899247288703918
长寿命,MATR_b3c7,1836.0,20,hybridpatch_v2,273,0.9978666305541992,0.9890792965888977,0.9839562773704529,0.9898862838745117
长寿命,MATR_b3c7,1836.0,20,hybridpatch_v2,274,0.9978021383285522,0.9890402555465698,0.98390132188797,0.9898478984832764
长寿命,MATR_b3c7,1836.0,20,hybridpatch_v2,275,0.9977735280990601,0.9890012145042419,0.9838463664054871,0.989809513092041
长寿命,MATR_b3c7,1836.0,20,hybridpatch_v2,276,0.9977661967277527,0.9889622330665588,0.9837914705276489,0.9897711873054504
长寿命,MATR_b3c7,1836.0,20,hybridpatch_v2,277,0.9977179169654846,0.9889233112335205,0.9837366342544556,0.9897328019142151
长寿命,MATR_b3c7,1836.0,20,hybridpatch_v2,278,0.9976740479469299,0.9888843297958374,0.9836817383766174,0.9896944761276245
长寿命,MATR_b3c7,1836.0,20,hybridpatch_v2,279,0.997654139995575,0.9888454675674438,0.9836269617080688,0.9896561503410339
长寿命,MATR_b3c7,1836.0,20,hybridpatch_v2,280,0.9976032376289368,0.9888065457344055,0.9835721850395203,0.9896178841590881
长寿命,MATR_b3c7,1836.0,20,hybridpatch_v2,281,0.9974864721298218,0.988767683506012,0.9835174083709717,0.9895796179771423
长寿命,MATR_b3c7,1836.0,20,hybridpatch_v2,282,0.9974040389060974,0.9887288212776184,0.9834626913070679,0.9895413517951965
长寿命,MATR_b3c7,1836.0,20,hybridpatch_v2,283,0.9974496960639954,0.9886900186538696,0.9834080338478088,0.9895030856132507
长寿命,MATR_b3c7,1836.0,20,hybridpatch_v2,284,0.997380793094635,0.9886512160301208,0.9833533763885498,0.9894648790359497
长寿命,MATR_b3c7,1836.0,20,hybridpatch_v2,285,0.9974418878555298,0.9886124134063721,0.9832987189292908,0.9894266724586487
长寿命,MATR_b3c7,1836.0,20,hybridpatch_v2,286,0.9973725080490112,0.9885736703872681,0.9832441210746765,0.9893884658813477
长寿命,MATR_b3c7,1836.0,20,hybridpatch_v2,287,0.9974308013916016,0.9885349273681641,0.9831895232200623,0.9893503189086914
长寿命,MATR_b3c7,1836.0,20,hybridpatch_v2,288,0.9973962306976318,0.9884961843490601,0.9831349849700928,0.9893121719360352
长寿命,MATR_b3c7,1836.0,20,hybridpatch_v2,289,0.9972531199455261,0.9884575009346008,0.9830805063247681,0.9892740249633789
长寿命,MATR_b3c7,1836.0,20,hybridpatch_v2,290,0.9972388744354248,0.9884188175201416,0.9830260276794434,0.9892358779907227
长寿命,MATR_b3c7,1836.0,20,hybridpatch_v2,291,0.9971632957458496,0.9883801937103271,0.9829715490341187,0.9891977906227112
长寿命,MATR_b3c7,1836.0,20,hybridpatch_v2,292,0.9970108866691589,0.9883415699005127,0.9829171299934387,0.9891597032546997
长寿命,MATR_b3c7,1836.0,20,hybridpatch_v2,293,0.9971339702606201,0.9883029460906982,0.9828627109527588,0.9891216158866882
长寿命,MATR_b3c7,1836.0,20,hybridpatch_v2,294,0.9970204830169678,0.9882643222808838,0.9828083515167236,0.9890835881233215
长寿命,MATR_b3c7,1836.0,20,hybridpatch_v2,295,0.9970455765724182,0.9882257580757141,0.9827539920806885,0.9890455603599548
长寿命,MATR_b3c7,1836.0,20,hybridpatch_v2,296,0.9970308542251587,0.9881871938705444,0.9826996922492981,0.9890075325965881
长寿命,MATR_b3c7,1836.0,20,hybridpatch_v2,297,0.9970982670783997,0.9881486892700195,0.9826453924179077,0.9889695048332214
长寿命,MATR_b3c7,1836.0,20,hybridpatch_v2,298,0.9970937371253967,0.9881101846694946,0.9825911521911621,0.9889315366744995
长寿命,MATR_b3c7,1836.0,20,hybridpatch_v2,299,0.9970720410346985,0.9880716800689697,0.9825369119644165,0.9888935089111328
长寿命,MATR_b3c7,1836.0,20,hybridpatch_v2,300,0.9970865845680237,0.9880332350730896,0.9824827313423157,0.9888556003570557
长寿命,MATR_b3c7,1836.0,20,hybridpatch_v2,301,0.9969592094421387,0.9879947900772095,0.9824285507202148,0.9888176321983337
长寿命,MATR_b3c7,1836.0,20,hybridpatch_v2,302,0.996951162815094,0.9879563450813293,0.982374370098114,0.9887797236442566
长寿命,MATR_b3c7,1836.0,20,hybridpatch_v2,303,0.996792733669281,0.9879179000854492,0.982320249080658,0.9887418150901794
长寿命,MATR_b3c7,1836.0,20,hybridpatch_v2,304,0.9968430995941162,0.9878795146942139,0.9822661876678467,0.9887039065361023
长寿命,MATR_b3c7,1836.0,20,hybridpatch_v2,305,0.9968032240867615,0.9878411889076233,0.9822121262550354,0.9886659979820251
长寿命,MATR_b3c7,1836.0,20,hybridpatch_v2,306,0.9967195987701416,0.9878028035163879,0.9821580648422241,0.9886281490325928
长寿命,MATR_b3c7,1836.0,20,hybridpatch_v2,307,0.9966866374015808,0.9877644777297974,0.9821040630340576,0.9885903000831604
长寿命,MATR_b3c7,1836.0,20,hybridpatch_v2,308,0.9966687560081482,0.9877261519432068,0.9820500612258911,0.988552451133728
长寿命,MATR_b3c7,1836.0,20,hybridpatch_v2,309,0.9966655969619751,0.987687885761261,0.9819961190223694,0.9885146617889404
长寿命,MATR_b3c7,1836.0,20,hybridpatch_v2,310,0.9967749118804932,0.9876496195793152,0.9819421768188477,0.9884768128395081
长寿命,MATR_b3c7,1836.0,20,hybridpatch_v2,311,0.9966797232627869,0.9876113533973694,0.9818882346153259,0.9884390234947205
长寿命,MATR_b3c7,1836.0,20,hybridpatch_v2,312,0.9954717755317688,0.9875730872154236,0.981834352016449,0.9884012341499329
长寿命,MATR_b3c7,1836.0,20,hybridpatch_v2,313,0.9966034889221191,0.9875348806381226,0.9817805290222168,0.98836350440979
长寿命,MATR_b3c7,1836.0,20,hybridpatch_v2,314,0.9965298175811768,0.9874966740608215,0.9817266464233398,0.9883257746696472
长寿命,MATR_b3c7,1836.0,20,hybridpatch_v2,315,0.9965834617614746,0.9874585270881653,0.9816728830337524,0.9882880449295044
长寿命,MATR_b3c7,1836.0,20,hybridpatch_v2,316,0.9953603744506836,0.9874203205108643,0.9816190600395203,0.9882503151893616
长寿命,MATR_b3c7,1836.0,20,hybridpatch_v2,317,0.995337188243866,0.9873822331428528,0.9815653562545776,0.9882125854492188
长寿命,MATR_b3c7,1836.0,20,hybridpatch_v2,318,0.9964328408241272,0.9873440861701965,0.9815115928649902,0.9881749153137207
长寿命,MATR_b3c7,1836.0,20,hybridpatch_v2,319,0.9964318871498108,0.9873059988021851,0.9814578890800476,0.9881372451782227
长寿命,MATR_b3c7,1836.0,20,hybridpatch_v2,320,0.9964277744293213,0.9872678518295288,0.981404185295105,0.9880995750427246
长寿命,MATR_b3c7,1836.0,20,hybridpatch_v2,321,0.9964693784713745,0.9872298240661621,0.9813505411148071,0.9880619049072266
长寿命,MATR_b3c7,1836.0,20,hybridpatch_v2,322,0.9963208436965942,0.9871917366981506,0.9812968969345093,0.9880242943763733
长寿命,MATR_b3c7,1836.0,20,hybridpatch_v2,323,0.9963136315345764,0.9871537089347839,0.9812433123588562,0.98798668384552
长寿命,MATR_b3c7,1836.0,20,hybridpatch_v2,324,0.9963102340698242,0.9871156811714172,0.9811897277832031,0.9879490733146667
长寿命,MATR_b3c7,1836.0,20,hybridpatch_v2,325,0.9962838292121887,0.9870777130126953,0.98113614320755,0.9879114627838135
长寿命,MATR_b3c7,1836.0,20,hybridpatch_v2,326,0.9962977170944214,0.9870397448539734,0.9810826182365417,0.987873911857605
长寿命,MATR_b3c7,1836.0,20,hybridpatch_v2,327,0.9963629245758057,0.9870017766952515,0.9810290932655334,0.9878363609313965
长寿命,MATR_b3c7,1836.0,20,hybridpatch_v2,328,0.9962931871414185,0.9869638085365295,0.9809756278991699,0.987798810005188
长寿命,MATR_b3c7,1836.0,20,hybridpatch_v2,329,0.9959053993225098,0.9869258999824524,0.9809221625328064,0.9877612590789795
长寿命,MATR_b3c7,1836.0,20,hybridpatch_v2,330,0.9961315989494324,0.9868879318237305,0.9808686971664429,0.987723708152771
长寿命,MATR_b3c7,1836.0,20,hybridpatch_v2,331,0.9961401224136353,0.9868500828742981,0.9808152914047241,0.9876862168312073
长寿命,MATR_b3c7,1836.0,20,hybridpatch_v2,332,0.9961612820625305,0.986812174320221,0.9807618856430054,0.9876487255096436
长寿命,MATR_b3c7,1836.0,20,hybridpatch_v2,333,0.996063768863678,0.9867743253707886,0.9807085394859314,0.9876112341880798
长寿命,MATR_b3c7,1836.0,20,hybridpatch_v2,334,0.9960979223251343,0.9867364764213562,0.9806551933288574,0.9875738024711609
长寿命,MATR_b3c7,1836.0,20,hybridpatch_v2,335,0.9949082732200623,0.9866986274719238,0.9806018471717834,0.9875363111495972
长寿命,MATR_b3c7,1836.0,20,hybridpatch_v2,336,0.996000349521637,0.9866608381271362,0.9805485606193542,0.9874988794326782
长寿命,MATR_b3c7,1836.0,20,hybridpatch_v2,337,0.9959929585456848,0.9866230487823486,0.980495274066925,0.9874614477157593
长寿命,MATR_b3c7,1836.0,20,hybridpatch_v2,338,0.9958553314208984,0.986585259437561,0.9804419875144958,0.9874240159988403
长寿命,MATR_b3c7,1836.0,20,hybridpatch_v2,339,0.9959520697593689,0.9865475296974182,0.9803887605667114,0.9873866438865662
长寿命,MATR_b3c7,1836.0,20,hybridpatch_v2,340,0.9959601163864136,0.9865097403526306,0.980335533618927,0.987349271774292
长寿命,MATR_b3c7,1836.0,20,hybridpatch_v2,341,0.9958486557006836,0.9864720106124878,0.9802823662757874,0.9873118996620178
长寿命,MATR_b3c7,1836.0,20,hybridpatch_v2,342,0.9958875775337219,0.9864343404769897,0.9802291989326477,0.9872745275497437
长寿命,MATR_b3c7,1836.0,20,hybridpatch_v2,343,0.9957854151725769,0.9863966107368469,0.9801760315895081,0.9872371554374695
长寿命,MATR_b3c7,1836.0,20,hybridpatch_v2,344,0.9958385825157166,0.9863589406013489,0.9801229238510132,0.9871998429298401
长寿命,MATR_b3c7,1836.0,20,hybridpatch_v2,345,0.9957669973373413,0.9863212704658508,0.9800698161125183,0.9871625304222107
长寿命,MATR_b3c7,1836.0,20,hybridpatch_v2,346,0.9956570863723755,0.9862836003303528,0.9800167679786682,0.9871251583099365
长寿命,MATR_b3c7,1836.0,20,hybridpatch_v2,347,0.9957073926925659,0.9862459897994995,0.9799637198448181,0.9870879054069519
长寿命,MATR_b3c7,1836.0,20,hybridpatch_v2,348,0.9956561326980591,0.9862083792686462,0.979910671710968,0.9870505928993225
长寿命,MATR_b3c7,1836.0,20,hybridpatch_v2,349,0.9956340193748474,0.986170768737793,0.9798576235771179,0.9870133399963379
长寿命,MATR_b3c7,1836.0,20,hybridpatch_v2,350,0.9956701397895813,0.9861331582069397,0.9798046350479126,0.9869760870933533
长寿命,MATR_b3c7,1836.0,20,hybridpatch_v2,351,0.9956211447715759,0.9860956072807312,0.979751706123352,0.9869388341903687
长寿命,MATR_b3c7,1836.0,20,hybridpatch_v2,352,0.9956486225128174,0.9860580563545227,0.9796987175941467,0.986901581287384
长寿命,MATR_b3c7,1836.0,20,hybridpatch_v2,353,0.9956694841384888,0.9860205054283142,0.9796457886695862,0.9868643283843994
长寿命,MATR_b3c7,1836.0,20,hybridpatch_v2,354,0.9956930875778198,0.9859830141067505,0.9795929193496704,0.9868271350860596
长寿命,MATR_b3c7,1836.0,20,hybridpatch_v2,355,0.9956308603286743,0.985945463180542,0.9795399904251099,0.9867899417877197
长寿命,MATR_b3c7,1836.0,20,hybridpatch_v2,356,0.9956911206245422,0.9859079718589783,0.9794871211051941,0.9867527484893799
长寿命,MATR_b3c7,1836.0,20,hybridpatch_v2,357,0.9956716299057007,0.9858705401420593,0.9794343113899231,0.98671555519104
长寿命,MATR_b3c7,1836.0,20,hybridpatch_v2,358,0.9955962300300598,0.9858330488204956,0.9793814420700073,0.986678421497345
长寿命,MATR_b3c7,1836.0,20,hybridpatch_v2,359,0.9955486059188843,0.9857956171035767,0.9793286919593811,0.9866412281990051
长寿命,MATR_b3c7,1836.0,20,hybridpatch_v2,360,0.995467483997345,0.9857581853866577,0.9792758822441101,0.9866040945053101
长寿命,MATR_b3c7,1836.0,20,hybridpatch_v2,361,0.9954934120178223,0.9857207536697388,0.9792231321334839,0.986566960811615
长寿命,MATR_b3c7,1836.0,20,hybridpatch_v2,362,0.9954720139503479,0.9856833815574646,0.9791703820228577,0.9865298867225647
长寿命,MATR_b3c7,1836.0,20,hybridpatch_v2,363,0.9954689741134644,0.9856459498405457,0.9791176319122314,0.9864927530288696
长寿命,MATR_b3c7,1836.0,20,hybridpatch_v2,364,0.9953640103340149,0.9856085777282715,0.97906494140625,0.9864556789398193
长寿命,MATR_b3c7,1836.0,20,hybridpatch_v2,365,0.9953975081443787,0.9855712652206421,0.9790122509002686,0.9864185452461243
长寿命,MATR_b3c7,1836.0,20,hybridpatch_v2,366,0.9952359199523926,0.9855338931083679,0.9789596199989319,0.9863815307617188
长寿命,MATR_b3c7,1836.0,20,hybridpatch_v2,367,0.9953091740608215,0.9854965806007385,0.9789069890975952,0.9863444566726685
长寿命,MATR_b3c7,1836.0,20,hybridpatch_v2,368,0.9941121339797974,0.9854592680931091,0.9788543581962585,0.9863073825836182
长寿命,MATR_b3c7,1836.0,20,hybridpatch_v2,369,0.9952260255813599,0.9854219555854797,0.9788017272949219,0.9862703680992126
长寿命,MATR_b3c7,1836.0,20,hybridpatch_v2,370,0.9952501654624939,0.9853846430778503,0.97874915599823,0.9862333536148071
长寿命,MATR_b3c7,1836.0,20,hybridpatch_v2,371,0.9951309561729431,0.9853473901748657,0.9786965847015381,0.9861963391304016
长寿命,MATR_b3c7,1836.0,20,hybridpatch_v2,372,0.9951485395431519,0.9853101372718811,0.978644073009491,0.9861593246459961
长寿命,MATR_b3c7,1836.0,20,hybridpatch_v2,373,0.9950738549232483,0.9852728843688965,0.9785915017127991,0.9861223101615906
长寿命,MATR_b3c7,1836.0,20,hybridpatch_v2,374,0.9939302206039429,0.9852356910705566,0.978538990020752,0.9860853552818298
长寿命,MATR_b3c7,1836.0,20,hybridpatch_v2,375,0.9949214458465576,0.985198438167572,0.9784865379333496,0.9860483407974243
长寿命,MATR_b3c7,1836.0,20,hybridpatch_v2,376,0.9948687553405762,0.9851612448692322,0.9784340858459473,0.9860113859176636
长寿命,MATR_b3c7,1836.0,20,hybridpatch_v2,377,0.9948903918266296,0.9851240515708923,0.9783816337585449,0.9859744906425476
长寿命,MATR_b3c7,1836.0,20,hybridpatch_v2,378,0.9948847889900208,0.9850868582725525,0.9783291816711426,0.9859375357627869
长寿命,MATR_b3c7,1836.0,20,hybridpatch_v2,379,0.9948410987854004,0.9850497245788574,0.978276789188385,0.9859005808830261
长寿命,MATR_b3c7,1836.0,20,hybridpatch_v2,380,0.9948815703392029,0.9850125908851624,0.9782243967056274,0.9858636856079102
长寿命,MATR_b3c7,1836.0,20,hybridpatch_v2,381,0.9948746562004089,0.9849754571914673,0.9781720042228699,0.9858267903327942
长寿命,MATR_b3c7,1836.0,20,hybridpatch_v2,382,0.9949198365211487,0.9849383234977722,0.9781196713447571,0.9857898950576782
长寿命,MATR_b3c7,1836.0,20,hybridpatch_v2,383,0.9948447346687317,0.9849012494087219,0.9780673384666443,0.9857529997825623
长寿命,MATR_b3c7,1836.0,20,hybridpatch_v2,384,0.9948468804359436,0.9848641157150269,0.9780150055885315,0.9857161045074463
长寿命,MATR_b3c7,1836.0,20,hybridpatch_v2,385,0.9948555827140808,0.9848270416259766,0.9779627323150635,0.9856792688369751
长寿命,MATR_b3c7,1836.0,20,hybridpatch_v2,386,0.9948042035102844,0.9847899675369263,0.9779104590415955,0.9856424331665039
长寿命,MATR_b3c7,1836.0,20,hybridpatch_v2,387,0.9947813749313354,0.9847529530525208,0.9778581857681274,0.9856055974960327
长寿命,MATR_b3c7,1836.0,20,hybridpatch_v2,388,0.994767427444458,0.9847158789634705,0.9778059124946594,0.9855687618255615
长寿命,MATR_b3c7,1836.0,20,hybridpatch_v2,389,0.9947516322135925,0.9846788644790649,0.9777536988258362,0.9855319261550903
长寿命,MATR_b3c7,1836.0,20,hybridpatch_v2,390,0.9911983609199524,0.9846418499946594,0.9777014851570129,0.9854951500892639
长寿命,MATR_b3c7,1836.0,20,hybridpatch_v2,391,0.9946215748786926,0.9846048951148987,0.9776493310928345,0.9854583144187927
长寿命,MATR_b3c7,1836.0,20,hybridpatch_v2,392,0.9945516586303711,0.9845678806304932,0.9775971174240112,0.9854215383529663
长寿命,MATR_b3c7,1836.0,20,hybridpatch_v2,393,0.9945520758628845,0.9845309257507324,0.9775449633598328,0.9853847622871399
长寿命,MATR_b3c7,1836.0,20,hybridpatch_v2,394,0.9944861531257629,0.9844939708709717,0.9774928689002991,0.9853479862213135
长寿命,MATR_b3c7,1836.0,20,hybridpatch_v2,395,0.993333637714386,0.9844570159912109,0.9774407148361206,0.9853112697601318
长寿命,MATR_b3c7,1836.0,20,hybridpatch_v2,396,0.9944263696670532,0.9844200611114502,0.9773886203765869,0.9852744936943054
长寿命,MATR_b3c7,1836.0,20,hybridpatch_v2,397,0.9944302439689636,0.9843831658363342,0.9773365259170532,0.9852377772331238
长寿命,MATR_b3c7,1836.0,20,hybridpatch_v2,398,0.9943906664848328,0.9843462705612183,0.9772844910621643,0.9852010607719421
长寿命,MATR_b3c7,1836.0,20,hybridpatch_v2,399,0.9944296479225159,0.9843093752861023,0.9772324562072754,0.9851643443107605
长寿命,MATR_b3c7,1836.0,20,hybridpatch_v2,400,0.9943761229515076,0.9842724800109863,0.9771804213523865,0.9851276278495789
长寿命,MATR_b3c7,1836.0,20,hybridpatch_v2,401,0.9942559003829956,0.9842355847358704,0.9771283864974976,0.9850909113883972
长寿命,MATR_b3c7,1836.0,20,hybridpatch_v2,402,0.9942351579666138,0.9841987490653992,0.9770764112472534,0.9850542545318604
长寿命,MATR_b3c7,1836.0,20,hybridpatch_v2,403,0.9942384958267212,0.984161913394928,0.9770244359970093,0.9850175380706787
长寿命,MATR_b3c7,1836.0,20,hybridpatch_v2,404,0.9942135214805603,0.9841250777244568,0.9769724607467651,0.9849808812141418
长寿命,MATR_b3c7,1836.0,20,hybridpatch_v2,405,0.9941419363021851,0.9840882420539856,0.9769205451011658,0.984944224357605
长寿命,MATR_b3c7,1836.0,20,hybridpatch_v2,406,0.9940736293792725,0.9840514659881592,0.9768686294555664,0.9849075675010681
长寿命,MATR_b3c7,1836.0,20,hybridpatch_v2,407,0.9940167665481567,0.984014630317688,0.976816713809967,0.984870970249176
长寿命,MATR_b3c7,1836.0,20,hybridpatch_v2,408,0.9939165711402893,0.9839778542518616,0.9767647981643677,0.9848343133926392
长寿命,MATR_b3c7,1836.0,20,hybridpatch_v2,409,0.9939435124397278,0.9839410781860352,0.9767129421234131,0.9847977161407471
长寿命,MATR_b3c7,1836.0,20,hybridpatch_v2,410,0.9940126538276672,0.9839043617248535,0.9766610860824585,0.984761118888855
长寿命,MATR_b3c7,1836.0,20,hybridpatch_v2,411,0.9940381646156311,0.9838675856590271,0.9766092300415039,0.9847245216369629
长寿命,MATR_b3c7,1836.0,20,hybridpatch_v2,412,0.9940338134765625,0.9838308691978455,0.9765573740005493,0.9846879243850708
长寿命,MATR_b3c7,1836.0,20,hybridpatch_v2,413,0.9939325451850891,0.9837941527366638,0.9765055775642395,0.9846513271331787
长寿命,MATR_b3c7,1836.0,20,hybridpatch_v2,414,0.9939479827880859,0.9837574362754822,0.9764537811279297,0.9846147894859314
长寿命,MATR_b3c7,1836.0,20,hybridpatch_v2,415,0.9927823543548584,0.9837207198143005,0.9764020442962646,0.9845781922340393
长寿命,MATR_b3c7,1836.0,20,hybridpatch_v2,416,0.993904173374176,0.9836840629577637,0.9763502478599548,0.984541654586792
长寿命,MATR_b3c7,1836.0,20,hybridpatch_v2,417,0.9938916563987732,0.9836465120315552,0.9762985110282898,0.9845051169395447
长寿命,MATR_b3c7,1836.0,20,hybridpatch_v2,418,0.9938780069351196,0.9836053848266602,0.9762467741966248,0.9844685792922974
长寿命,MATR_b3c7,1836.0,20,hybridpatch_v2,419,0.9938125014305115,0.9835605025291443,0.9761950969696045,0.98443204164505
长寿命,MATR_b3c7,1836.0,20,hybridpatch_v2,420,0.9938037991523743,0.9835118651390076,0.9761433601379395,0.9843955636024475
长寿命,MATR_b3c7,1836.0,20,hybridpatch_v2,421,0.9936563372612,0.98345947265625,0.9760916829109192,0.9843590259552002
长寿命,MATR_b3c7,1836.0,20,hybridpatch_v2,422,0.9925715327262878,0.9834032654762268,0.9760400652885437,0.9843225479125977
长寿命,MATR_b3c7,1836.0,20,hybridpatch_v2,423,0.9936845898628235,0.9833433628082275,0.9759883880615234,0.9842860698699951
长寿命,MATR_b3c7,1836.0,20,hybridpatch_v2,424,0.9936977028846741,0.9832796454429626,0.975936770439148,0.9842495918273926
长寿命,MATR_b3c7,1836.0,20,hybridpatch_v2,425,0.9936121106147766,0.9832122325897217,0.9758851528167725,0.98421311378479
长寿命,MATR_b3c7,1836.0,20,hybridpatch_v2,426,0.9936295747756958,0.9831410050392151,0.975833535194397,0.9841766953468323
长寿命,MATR_b3c7,1836.0,20,hybridpatch_v2,427,0.9936388731002808,0.9830660223960876,0.9757819771766663,0.9841402173042297
长寿命,MATR_b3c7,1836.0,20,hybridpatch_v2,428,0.9924399852752686,0.9829872846603394,0.9757304191589355,0.984103798866272
长寿命,MATR_b3c7,1836.0,20,hybridpatch_v2,429,0.993568480014801,0.9829047918319702,0.9756788611412048,0.9840673804283142
长寿命,MATR_b3c7,1836.0,20,hybridpatch_v2,430,0.9934120774269104,0.9827784299850464,0.9756273031234741,0.9840309023857117
长寿命,MATR_b3c7,1836.0,20,hybridpatch_v2,431,0.9935007691383362,0.9826453924179077,0.9755758047103882,0.9839945435523987
长寿命,MATR_b3c7,1836.0,20,hybridpatch_v2,432,0.9933812618255615,0.982508659362793,0.9755242466926575,0.9839581251144409
长寿命,MATR_b3c7,1836.0,20,hybridpatch_v2,433,0.9932976365089417,0.9823682308197021,0.9754728078842163,0.9839217066764832
长寿命,MATR_b3c7,1836.0,20,hybridpatch_v2,434,0.9932330846786499,0.9822240471839905,0.9754213094711304,0.9838853478431702
长寿命,MATR_b3c7,1836.0,20,hybridpatch_v2,435,0.993224561214447,0.982076108455658,0.9753698706626892,0.9838489294052124
长寿命,MATR_b3c7,1836.0,20,hybridpatch_v2,436,0.993093729019165,0.9819244742393494,0.9753183722496033,0.9838125705718994
长寿命,MATR_b3c7,1836.0,20,hybridpatch_v2,437,0.9931886792182922,0.9817691445350647,0.9752669930458069,0.9837762117385864
长寿命,MATR_b3c7,1836.0,20,hybridpatch_v2,438,0.9929479360580444,0.9816100597381592,0.9752155542373657,0.9837398529052734
长寿命,MATR_b3c7,1836.0,20,hybridpatch_v2,439,0.992947518825531,0.9814472198486328,0.9751638174057007,0.9837035536766052
长寿命,MATR_b3c7,1836.0,20,hybridpatch_v2,440,0.9928578734397888,0.9812806844711304,0.975106954574585,0.9836671948432922
长寿命,MATR_b3c7,1836.0,20,hybridpatch_v2,441,0.9928868412971497,0.9811104536056519,0.9750434756278992,0.983630895614624
长寿命,MATR_b3c7,1836.0,20,hybridpatch_v2,442,0.9930199980735779,0.9810027480125427,0.9749733805656433,0.9835945963859558
长寿命,MATR_b3c7,1836.0,20,hybridpatch_v2,443,0.9929997324943542,0.9809294939041138,0.9748966693878174,0.9835582375526428
长寿命,MATR_b3c7,1836.0,20,hybridpatch_v2,444,0.993050217628479,0.980854332447052,0.9748132824897766,0.9835219383239746
长寿命,MATR_b3c7,1836.0,20,hybridpatch_v2,445,0.9930129647254944,0.9807771444320679,0.9747233390808105,0.9834856986999512
长寿命,MATR_b3c7,1836.0,20,hybridpatch_v2,446,0.9930165410041809,0.9806979894638062,0.9746267795562744,0.983449399471283
长寿命,MATR_b3c7,1836.0,20,hybridpatch_v2,447,0.9929755926132202,0.9806168675422668,0.9745235443115234,0.9834131002426147
长寿命,MATR_b3c7,1836.0,20,hybridpatch_v2,448,0.9929884076118469,0.98053377866745,0.9744137525558472,0.9833768606185913
长寿命,MATR_b3c7,1836.0,20,hybridpatch_v2,449,0.9918387532234192,0.9804487228393555,0.974297285079956,0.9833406209945679
长寿命,MATR_b3c7,1836.0,20,hybridpatch_v2,450,0.9928615093231201,0.9803029298782349,0.9741742610931396,0.9833043813705444
长寿命,MATR_b3c7,1836.0,20,hybridpatch_v2,451,0.9928010702133179,0.9801375865936279,0.9740445613861084,0.9832675457000732
长寿命,MATR_b3c7,1836.0,20,hybridpatch_v2,452,0.9928563833236694,0.9799685478210449,0.9739082455635071,0.983227550983429
长寿命,MATR_b3c7,1836.0,20,hybridpatch_v2,453,0.9927544593811035,0.9797957539558411,0.9737653136253357,0.9831841588020325
长寿命,MATR_b3c7,1836.0,20,hybridpatch_v2,454,0.992764413356781,0.9796191453933716,0.9736157655715942,0.983137309551239
长寿命,MATR_b3c7,1836.0,20,hybridpatch_v2,455,0.9928107261657715,0.9794387817382812,0.9734596014022827,0.9830870628356934
长寿命,MATR_b3c7,1836.0,20,hybridpatch_v2,456,0.9927051663398743,0.9792547225952148,0.9732968211174011,0.983033299446106
长寿命,MATR_b3c7,1836.0,20,hybridpatch_v2,457,0.9926117062568665,0.9790668487548828,0.9731274247169495,0.9829761385917664
长寿命,MATR_b3c7,1836.0,20,hybridpatch_v2,458,0.9926378726959229,0.9788751602172852,0.972951352596283,0.9829155206680298
长寿命,MATR_b3c7,1836.0,20,hybridpatch_v2,459,0.9925956130027771,0.9786797761917114,0.9727687239646912,0.9828514456748962
长寿命,MATR_b3c7,1836.0,20,hybridpatch_v2,460,0.9914155602455139,0.9784806370735168,0.9725794196128845,0.9827839136123657
长寿命,MATR_b3c7,1836.0,20,hybridpatch_v2,461,0.9923476576805115,0.9782776832580566,0.9723835587501526,0.982712984085083
长寿命,MATR_b3c7,1836.0,20,hybridpatch_v2,462,0.9925386309623718,0.9780709743499756,0.9721810221672058,0.9826385974884033
长寿命,MATR_b3c7,1836.0,20,hybridpatch_v2,463,0.9924281239509583,0.9778605103492737,0.971971869468689,0.9825607538223267
长寿命,MATR_b3c7,1836.0,20,hybridpatch_v2,464,0.9923375248908997,0.9776462912559509,0.971756100654602,0.982479453086853
长寿命,MATR_b3c7,1836.0,20,hybridpatch_v2,465,0.9923689961433411,0.9774283170700073,0.9715337753295898,0.9823946952819824
长寿命,MATR_b3c7,1836.0,20,hybridpatch_v2,466,0.9922559261322021,0.9772065877914429,0.971304714679718,0.9823065400123596
长寿命,MATR_b3c7,1836.0,20,hybridpatch_v2,467,0.9922816753387451,0.9769810438156128,0.9710690975189209,0.9822149276733398
长寿命,MATR_b3c7,1836.0,20,hybridpatch_v2,468,0.9923087358474731,0.9767517447471619,0.9708268642425537,0.9821198582649231
长寿命,MATR_b3c7,1836.0,20,hybridpatch_v2,469,0.9922592043876648,0.9765187501907349,0.9705780148506165,0.9820213317871094
长寿命,MATR_b3c7,1836.0,20,hybridpatch_v2,470,0.9922304153442383,0.9762819409370422,0.9703224897384644,0.9819194078445435
长寿命,MATR_b3c7,1836.0,20,hybridpatch_v2,471,0.9920695424079895,0.9760413765907288,0.970060408115387,0.9818139672279358
长寿命,MATR_b3c7,1836.0,20,hybridpatch_v2,472,0.9920573234558105,0.9757969975471497,0.9697916507720947,0.9817051291465759
长寿命,MATR_b3c7,1836.0,20,hybridpatch_v2,473,0.9920337200164795,0.9755489230155945,0.9695163369178772,0.9815928339958191
长寿命,MATR_b3c7,1836.0,20,hybridpatch_v2,474,0.9921280741691589,0.9752970337867737,0.9692343473434448,0.9814770817756653
长寿命,MATR_b3c7,1836.0,20,hybridpatch_v2,475,0.9920907020568848,0.9750414490699768,0.9689457416534424,0.9813579320907593
长寿命,MATR_b3c7,1836.0,20,hybridpatch_v2,476,0.992024302482605,0.9747820496559143,0.9686505198478699,0.9812353253364563
长寿命,MATR_b3c7,1836.0,20,hybridpatch_v2,477,0.991978645324707,0.974518895149231,0.9683486819267273,0.9811092019081116
长寿命,MATR_b3c7,1836.0,20,hybridpatch_v2,478,0.9920170903205872,0.9742519855499268,0.9680402278900146,0.9809797406196594
长寿命,MATR_b3c7,1836.0,20,hybridpatch_v2,479,0.9919755458831787,0.9739812612533569,0.9677250981330872,0.9808467626571655
长寿命,MATR_b3c7,1836.0,20,hybridpatch_v2,480,0.9918343424797058,0.973706841468811,0.9674034118652344,0.9807103276252747
长寿命,MATR_b3c7,1836.0,20,hybridpatch_v2,481,0.9918348789215088,0.9734286069869995,0.9670750498771667,0.9805704951286316
长寿命,MATR_b3c7,1836.0,20,hybridpatch_v2,482,0.9917980432510376,0.9731466174125671,0.9667401313781738,0.9804272055625916
长寿命,MATR_b3c7,1836.0,20,hybridpatch_v2,483,0.9917389750480652,0.9728608727455139,0.9663985371589661,0.9802804589271545
长寿命,MATR_b3c7,1836.0,20,hybridpatch_v2,484,0.9917049407958984,0.9725713729858398,0.9660503268241882,0.9801302552223206
长寿命,MATR_b3c7,1836.0,20,hybridpatch_v2,485,0.991690456867218,0.9722781181335449,0.9656955003738403,0.9799766540527344
长寿命,MATR_b3c7,1836.0,20,hybridpatch_v2,486,0.9916645288467407,0.9719810485839844,0.9653340578079224,0.9798195958137512
长寿命,MATR_b3c7,1836.0,20,hybridpatch_v2,487,0.9916190505027771,0.9716802835464478,0.9649659991264343,0.9796590805053711
长寿命,MATR_b3c7,1836.0,20,hybridpatch_v2,488,0.9904260039329529,0.9713757038116455,0.9645913243293762,0.979495108127594
长寿命,MATR_b3c7,1836.0,20,hybridpatch_v2,489,0.9915104508399963,0.9710673689842224,0.964210033416748,0.9793276786804199
长寿命,MATR_b3c7,1836.0,20,hybridpatch_v2,490,0.9914160966873169,0.9707552790641785,0.963822066783905,0.9791567921638489
长寿命,MATR_b3c7,1836.0,20,hybridpatch_v2,491,0.9913405179977417,0.9704394340515137,0.9634275436401367,0.9789825081825256
长寿命,MATR_b3c7,1836.0,20,hybridpatch_v2,492,0.9912810921669006,0.9701197743415833,0.9630263447761536,0.9788047671318054
长寿命,MATR_b3c7,1836.0,20,hybridpatch_v2,493,0.9912983179092407,0.9697964191436768,0.9626185297966003,0.9786235690116882
长寿命,MATR_b3c7,1836.0,20,hybridpatch_v2,494,0.9911726713180542,0.9694692492485046,0.962204098701477,0.9784389138221741
长寿命,MATR_b3c7,1836.0,20,hybridpatch_v2,495,0.991138756275177,0.9691383242607117,0.9617831110954285,0.9782508611679077
长寿命,MATR_b3c7,1836.0,20,hybridpatch_v2,496,0.9911313056945801,0.9688036441802979,0.9613553881645203,0.9780593514442444
长寿命,MATR_b3c7,1836.0,20,hybridpatch_v2,497,0.9910563230514526,0.9684651494026184,0.9609211087226868,0.9778643846511841
长寿命,MATR_b3c7,1836.0,20,hybridpatch_v2,498,0.9909933805465698,0.9681229591369629,0.9604802131652832,0.9776659607887268
长寿命,MATR_b3c7,1836.0,20,hybridpatch_v2,499,0.9908687472343445,0.9677770137786865,0.9600327014923096,0.9774640798568726
长寿命,MATR_b3c7,1836.0,20,hybridpatch_v2,500,0.9897864460945129,0.9674272537231445,0.9595785140991211,0.9772587418556213
长寿命,MATR_b3c7,1836.0,150,current_hybrid,151,1.0003169775009155,0.9995463490486145,0.9994370341300964,0.99970942735672
长寿命,MATR_b3c7,1836.0,150,current_hybrid,152,1.0002468824386597,0.9992020130157471,0.9990524053573608,0.9994350075721741
长寿命,MATR_b3c7,1836.0,150,current_hybrid,153,0.9991828203201294,0.9989220499992371,0.99874347448349,0.9992097020149231
长寿命,MATR_b3c7,1836.0,150,current_hybrid,154,1.000223994255066,0.9986754655838013,0.9984738826751709,0.9990097880363464
长寿命,MATR_b3c7,1836.0,150,current_hybrid,155,1.000133991241455,0.9984501600265503,0.9982293248176575,0.9988260865211487
长寿命,MATR_b3c7,1836.0,150,current_hybrid,156,1.000141978263855,0.998240053653717,0.9980025291442871,0.9986539483070374
长寿命,MATR_b3c7,1836.0,150,current_hybrid,157,0.9999727010726929,0.9980413317680359,0.9977892637252808,0.9984905123710632
长寿命,MATR_b3c7,1836.0,150,current_hybrid,158,1.000041127204895,0.9978517293930054,0.997586727142334,0.9983339905738831
长寿命,MATR_b3c7,1836.0,150,current_hybrid,159,0.9999673366546631,0.9976695775985718,0.9973928332328796,0.9981831908226013
长寿命,MATR_b3c7,1836.0,150,current_hybrid,160,0.9988470673561096,0.9974936246871948,0.9972062706947327,0.9980370402336121
长寿命,MATR_b3c7,1836.0,150,current_hybrid,161,1.0000406503677368,0.9973228573799133,0.9970259070396423,0.9978950023651123
长寿命,MATR_b3c7,1836.0,150,current_hybrid,162,0.9999668598175049,0.9971567988395691,0.9968510270118713,0.9977564811706543
长寿命,MATR_b3c7,1836.0,150,current_hybrid,163,0.9999973773956299,0.9969947934150696,0.9966808557510376,0.9976209998130798
长寿命,MATR_b3c7,1836.0,150,current_hybrid,164,1.000117301940918,0.996836245059967,0.9965148568153381,0.9974882006645203
长寿命,MATR_b3c7,1836.0,150,current_hybrid,165,0.9999507665634155,0.9966809749603271,0.9963526725769043,0.9973579049110413
长寿命,MATR_b3c7,1836.0,150,current_hybrid,166,0.9999691247940063,0.9965286254882812,0.9961938261985779,0.9972297549247742
长寿命,MATR_b3c7,1836.0,150,current_hybrid,167,1.000049352645874,0.9963788390159607,0.9960380792617798,0.9971035718917847
长寿命,MATR_b3c7,1836.0,150,current_hybrid,168,1.0000872611999512,0.9962314367294312,0.9958851337432861,0.996979296207428
长寿命,MATR_b3c7,1836.0,150,current_hybrid,169,0.9999666213989258,0.9960862398147583,0.9957347512245178,0.9968566298484802
长寿命,MATR_b3c7,1836.0,150,current_hybrid,170,1.0001469850540161,0.9959430694580078,0.9955867528915405,0.9967355728149414
长寿命,MATR_b3c7,1836.0,150,current_hybrid,171,1.0001111030578613,0.9958016872406006,0.9954409599304199,0.9966158866882324
长寿命,MATR_b3c7,1836.0,150,current_hybrid,172,1.000055193901062,0.9956620931625366,0.9952972531318665,0.9964975118637085
长寿命,MATR_b3c7,1836.0,150,current_hybrid,173,1.0000312328338623,0.9955241680145264,0.995155394077301,0.9963804483413696
长寿命,MATR_b3c7,1836.0,150,current_hybrid,174,1.000036597251892,0.9953877329826355,0.9950153231620789,0.9962644577026367
长寿命,MATR_b3c7,1836.0,150,current_hybrid,175,1.0000126361846924,0.9952526688575745,0.9948769807815552,0.9961495995521545
长寿命,MATR_b3c7,1836.0,150,current_hybrid,176,0.9999487400054932,0.995119035243988,0.9947401881217957,0.9960357546806335
长寿命,MATR_b3c7,1836.0,150,current_hybrid,177,0.9998785257339478,0.9949866533279419,0.9946048855781555,0.9959228038787842
长寿命,MATR_b3c7,1836.0,150,current_hybrid,178,0.999891996383667,0.9948554039001465,0.9944709539413452,0.995810866355896
长寿命,MATR_b3c7,1836.0,150,current_hybrid,179,0.9999023079872131,0.9947253465652466,0.99433833360672,0.9956997632980347
长寿命,MATR_b3c7,1836.0,150,current_hybrid,180,0.9998037219047546,0.9945963025093079,0.994206964969635,0.9955894351005554
长寿命,MATR_b3c7,1836.0,150,current_hybrid,181,0.9997352361679077,0.9944682717323303,0.9940768480300903,0.995479941368103
长寿命,MATR_b3c7,1836.0,150,current_hybrid,182,0.999731719493866,0.994341254234314,0.9939478039741516,0.9953711628913879
长寿命,MATR_b3c7,1836.0,150,current_hybrid,183,0.9996789693832397,0.994215190410614,0.9938199520111084,0.9952630996704102
长寿命,MATR_b3c7,1836.0,150,current_hybrid,184,0.9997735619544983,0.9940899610519409,0.9936930537223816,0.9951556921005249
长寿命,MATR_b3c7,1836.0,150,current_hybrid,185,0.9997369647026062,0.9939655661582947,0.993567168712616,0.9950489401817322
长寿命,MATR_b3c7,1836.0,150,current_hybrid,186,0.9996463060379028,0.9938419461250305,0.993442177772522,0.9949427843093872
长寿命,MATR_b3c7,1836.0,150,current_hybrid,187,0.9995927810668945,0.9937191605567932,0.9933178424835205,0.99483722448349
长寿命,MATR_b3c7,1836.0,150,current_hybrid,188,0.99948650598526,0.9935970902442932,0.9931943416595459,0.9947322607040405
长寿命,MATR_b3c7,1836.0,150,current_hybrid,189,0.9995688796043396,0.9934757351875305,0.9930716753005981,0.9946277737617493
长寿命,MATR_b3c7,1836.0,150,current_hybrid,190,0.9995155930519104,0.9933551549911499,0.9929497838020325,0.9945238828659058
长寿命,MATR_b3c7,1836.0,150,current_hybrid,191,0.9993820190429688,0.9932351112365723,0.9928287267684937,0.9944205284118652
长寿命,MATR_b3c7,1836.0,150,current_hybrid,192,0.9994431734085083,0.9931157827377319,0.9927083849906921,0.9943175911903381
长寿命,MATR_b3c7,1836.0,150,current_hybrid,193,0.9995610117912292,0.9929970502853394,0.9925888180732727,0.9942151308059692
长寿命,MATR_b3c7,1836.0,150,current_hybrid,194,0.9994874596595764,0.9928789138793945,0.9924699068069458,0.9941131472587585
长寿命,MATR_b3c7,1836.0,150,current_hybrid,195,0.9995497465133667,0.9927613139152527,0.9923516511917114,0.9940115809440613
长寿命,MATR_b3c7,1836.0,150,current_hybrid,196,0.9995848536491394,0.9926443696022034,0.9922339916229248,0.9939104318618774
长寿命,MATR_b3c7,1836.0,150,current_hybrid,197,0.999517560005188,0.9925278425216675,0.9921169877052307,0.993809700012207
长寿命,MATR_b3c7,1836.0,150,current_hybrid,198,0.9995129704475403,0.9924119114875793,0.9920006394386292,0.99370938539505
长寿命,MATR_b3c7,1836.0,150,current_hybrid,199,0.9983385801315308,0.9922963976860046,0.9918848276138306,0.9936094880104065
长寿命,MATR_b3c7,1836.0,150,current_hybrid,200,0.9994329810142517,0.9921814799308777,0.9917696714401245,0.9935098886489868
长寿命,MATR_b3c7,1836.0,150,current_hybrid,201,0.9994205236434937,0.9920669794082642,0.9916549921035767,0.9934107065200806
长寿命,MATR_b3c7,1836.0,150,current_hybrid,202,0.9993856549263,0.9919529557228088,0.9915408492088318,0.9933118224143982
长寿命,MATR_b3c7,1836.0,150,current_hybrid,203,0.9994211792945862,0.9918393492698669,0.9914273023605347,0.9932132959365845
长寿命,MATR_b3c7,1836.0,150,current_hybrid,204,0.9993500113487244,0.9917262196540833,0.991314172744751,0.9931151270866394
长寿命,MATR_b3c7,1836.0,150,current_hybrid,205,0.9993965029716492,0.9916134476661682,0.9912015795707703,0.993017315864563
长寿命,MATR_b3c7,1836.0,150,current_hybrid,206,0.9992641806602478,0.9915011525154114,0.9910894632339478,0.9929196834564209
长寿命,MATR_b3c7,1836.0,150,current_hybrid,207,0.9992698431015015,0.991389274597168,0.9909778237342834,0.9928224682807922
长寿命,MATR_b3c7,1836.0,150,current_hybrid,208,0.9993592500686646,0.9912777543067932,0.9908666014671326,0.9927255511283875
长寿命,MATR_b3c7,1836.0,150,current_hybrid,209,0.9994009137153625,0.9911665916442871,0.9907558560371399,0.9926289319992065
长寿命,MATR_b3c7,1836.0,150,current_hybrid,210,0.9992631673812866,0.9910558462142944,0.9906455278396606,0.9925325512886047
长寿命,MATR_b3c7,1836.0,150,current_hybrid,211,0.9980984926223755,0.9909454584121704,0.9905356764793396,0.9924364686012268
长寿命,MATR_b3c7,1836.0,150,current_hybrid,212,0.9992245435714722,0.9908353090286255,0.9904261827468872,0.9923406839370728
长寿命,MATR_b3c7,1836.0,150,current_hybrid,213,0.9969159960746765,0.9907256364822388,0.9903171062469482,0.992245078086853
长寿命,MATR_b3c7,1836.0,150,current_hybrid,214,0.9991905689239502,0.9906162619590759,0.9902084469795227,0.992149829864502
长寿命,MATR_b3c7,1836.0,150,current_hybrid,215,0.9991434216499329,0.990507185459137,0.990100085735321,0.9920547604560852
长寿命,MATR_b3c7,1836.0,150,current_hybrid,216,0.9991552233695984,0.9903984665870667,0.9899921417236328,0.9919599294662476
长寿命,MATR_b3c7,1836.0,150,current_hybrid,217,0.9992654323577881,0.9902900457382202,0.9898845553398132,0.991865336894989
长寿命,MATR_b3c7,1836.0,150,current_hybrid,218,0.9990749359130859,0.9901819229125977,0.9897773861885071,0.9917710423469543
长寿命,MATR_b3c7,1836.0,150,current_hybrid,219,0.9990167021751404,0.9900741577148438,0.9896705150604248,0.991676926612854
长寿命,MATR_b3c7,1836.0,150,current_hybrid,220,0.9989863038063049,0.989966630935669,0.9895640015602112,0.991582989692688
长寿命,MATR_b3c7,1836.0,150,current_hybrid,221,0.9989969730377197,0.9898593425750732,0.9894577860832214,0.9914894104003906
长寿命,MATR_b3c7,1836.0,150,current_hybrid,222,0.9990940690040588,0.9897524118423462,0.9893519282341003,0.9913959503173828
长寿命,MATR_b3c7,1836.0,150,current_hybrid,223,0.9989332556724548,0.9896457195281982,0.9892463684082031,0.9913026690483093
长寿命,MATR_b3c7,1836.0,150,current_hybrid,224,0.9977944493293762,0.9895392656326294,0.9891412258148193,0.9912096858024597
长寿命,MATR_b3c7,1836.0,150,current_hybrid,225,0.9977538585662842,0.9894331693649292,0.9890362620353699,0.9911168217658997
长寿命,MATR_b3c7,1836.0,150,current_hybrid,226,0.9989314079284668,0.9893272519111633,0.9889316558837891,0.9910241961479187
长寿命,MATR_b3c7,1836.0,150,current_hybrid,227,0.9977506995201111,0.9892216324806213,0.9888272881507874,0.9909318089485168
长寿命,MATR_b3c7,1836.0,150,current_hybrid,228,0.9988446235656738,0.9891161918640137,0.9887233376502991,0.9908395409584045
长寿命,MATR_b3c7,1836.0,150,current_hybrid,229,0.997668445110321,0.9890111088752747,0.9886195659637451,0.9907475113868713
长寿命,MATR_b3c7,1836.0,150,current_hybrid,230,0.9988492131233215,0.98890620470047,0.988516092300415,0.9906556010246277
长寿命,MATR_b3c7,1836.0,150,current_hybrid,231,0.9988414645195007,0.9888014793395996,0.9884129166603088,0.9905639290809631
长寿命,MATR_b3c7,1836.0,150,current_hybrid,232,0.9988155364990234,0.9886971116065979,0.9883099794387817,0.9904724359512329
长寿命,MATR_b3c7,1836.0,150,current_hybrid,233,0.9986299872398376,0.9885928630828857,0.9882072806358337,0.9903810620307922
长寿命,MATR_b3c7,1836.0,150,current_hybrid,234,0.9985740780830383,0.9884889125823975,0.9881049394607544,0.9902898669242859
长寿命,MATR_b3c7,1836.0,150,current_hybrid,235,0.9986255168914795,0.9883850812911987,0.9880027770996094,0.9901989102363586
长寿命,MATR_b3c7,1836.0,150,current_hybrid,236,0.9986022114753723,0.9882816076278687,0.9879009127616882,0.990108072757721
长寿命,MATR_b3c7,1836.0,150,current_hybrid,237,0.9986441135406494,0.9881781935691833,0.9877992272377014,0.9900173544883728
长寿命,MATR_b3c7,1836.0,150,current_hybrid,238,0.9986429214477539,0.9880750775337219,0.9876978397369385,0.989926815032959
长寿命,MATR_b3c7,1836.0,150,current_hybrid,239,0.9974270462989807,0.9879721403121948,0.9875966906547546,0.9898364543914795
长寿命,MATR_b3c7,1836.0,150,current_hybrid,240,0.9985379576683044,0.9878694415092468,0.9874957203865051,0.9897462725639343
长寿命,MATR_b3c7,1836.0,150,current_hybrid,241,0.9985815286636353,0.9877668619155884,0.9873950481414795,0.9896562099456787
长寿命,MATR_b3c7,1836.0,150,current_hybrid,242,0.9985384941101074,0.987664520740509,0.9872945547103882,0.9895663261413574
长寿命,MATR_b3c7,1836.0,150,current_hybrid,243,0.9985466599464417,0.9875624179840088,0.987194299697876,0.9894765615463257
长寿命,MATR_b3c7,1836.0,150,current_hybrid,244,0.9985057711601257,0.9874603748321533,0.9870942234992981,0.9893869161605835
长寿命,MATR_b3c7,1836.0,150,current_hybrid,245,0.9984744787216187,0.9873586297035217,0.9869944453239441,0.9892974495887756
长寿命,MATR_b3c7,1836.0,150,current_hybrid,246,0.998450756072998,0.9872570633888245,0.9868947863578796,0.9892081022262573
长寿命,MATR_b3c7,1836.0,150,current_hybrid,247,0.9983434081077576,0.9871556162834167,0.9867954254150391,0.9891188740730286
长寿命,MATR_b3c7,1836.0,150,current_hybrid,248,0.9984616041183472,0.9870543479919434,0.9866962432861328,0.9890298247337341
长寿命,MATR_b3c7,1836.0,150,current_hybrid,249,0.998430073261261,0.9869533181190491,0.9865972399711609,0.9889408946037292
长寿命,MATR_b3c7,1836.0,150,current_hybrid,250,0.9983121752738953,0.9868524074554443,0.9864984750747681,0.9888521432876587
长寿命,MATR_b3c7,1836.0,150,current_hybrid,251,0.9981800317764282,0.9867516756057739,0.9863998293876648,0.9887634515762329
长寿命,MATR_b3c7,1836.0,150,current_hybrid,252,0.9980680346488953,0.9866511225700378,0.9863014221191406,0.9886748790740967
长寿命,MATR_b3c7,1836.0,150,current_hybrid,253,0.9982080459594727,0.9865507483482361,0.9862032532691956,0.98858642578125
长寿命,MATR_b3c7,1836.0,150,current_hybrid,254,0.9981619715690613,0.9864504933357239,0.98610520362854,0.9884981513023376
长寿命,MATR_b3c7,1836.0,150,current_hybrid,255,0.998170793056488,0.9863503575325012,0.9860073328018188,0.9884099960327148
长寿命,MATR_b3c7,1836.0,150,current_hybrid,256,0.9981857538223267,0.9862504601478577,0.9859097003936768,0.9883219599723816
长寿命,MATR_b3c7,1836.0,150,current_hybrid,257,0.9979442954063416,0.9861506819725037,0.9858121871948242,0.9882339835166931
长寿命,MATR_b3c7,1836.0,150,current_hybrid,258,0.9980696439743042,0.986051082611084,0.9857149124145508,0.988146185874939
长寿命,MATR_b3c7,1836.0,150,current_hybrid,259,0.9980379939079285,0.9859516024589539,0.9856178164482117,0.9880584478378296
长寿命,MATR_b3c7,1836.0,150,current_hybrid,260,0.9980547428131104,0.9858523607254028,0.9855207800865173,0.9879708886146545
长寿命,MATR_b3c7,1836.0,150,current_hybrid,261,0.997998058795929,0.9857531785964966,0.9854240417480469,0.9878833889961243
长寿命,MATR_b3c7,1836.0,150,current_hybrid,262,0.9980227947235107,0.9856541156768799,0.985327422618866,0.9877960681915283
长寿命,MATR_b3c7,1836.0,150,current_hybrid,263,0.9978199005126953,0.9855552315711975,0.9852309226989746,0.9877087473869324
长寿命,MATR_b3c7,1836.0,150,current_hybrid,264,0.9978383779525757,0.9854564666748047,0.9851346611976624,0.9876216053962708
长寿命,MATR_b3c7,1836.0,150,current_hybrid,265,0.9978234767913818,0.9853578805923462,0.9850385785102844,0.9875345826148987
长寿命,MATR_b3c7,1836.0,150,current_hybrid,266,0.9977825880050659,0.9852594137191772,0.984942615032196,0.9874476790428162
长寿命,MATR_b3c7,1836.0,150,current_hybrid,267,0.9978995323181152,0.9851611256599426,0.984846830368042,0.9873607754707336
长寿命,MATR_b3c7,1836.0,150,current_hybrid,268,0.9978993535041809,0.9850628972053528,0.9847511053085327,0.9872741103172302
长寿命,MATR_b3c7,1836.0,150,current_hybrid,269,0.9978333711624146,0.9849647879600525,0.9846556186676025,0.9871874451637268
长寿命,MATR_b3c7,1836.0,150,current_hybrid,270,0.9978919625282288,0.9848668575286865,0.9845602512359619,0.9871009588241577
长寿命,MATR_b3c7,1836.0,150,current_hybrid,271,0.9978623986244202,0.9847691059112549,0.9844650626182556,0.9870145320892334
长寿命,MATR_b3c7,1836.0,150,current_hybrid,272,0.9978423118591309,0.9846713542938232,0.9843700528144836,0.9869281649589539
长寿命,MATR_b3c7,1836.0,150,current_hybrid,273,0.9978666305541992,0.9845737814903259,0.9842751622200012,0.9868419766426086
长寿命,MATR_b3c7,1836.0,150,current_hybrid,274,0.9978021383285522,0.9844763875007629,0.9841803908348083,0.9867557883262634
长寿命,MATR_b3c7,1836.0,150,current_hybrid,275,0.9977735280990601,0.9843790531158447,0.984085738658905,0.9866697788238525
长寿命,MATR_b3c7,1836.0,150,current_hybrid,276,0.9977661967277527,0.9842818975448608,0.983991265296936,0.9865838289260864
长寿命,MATR_b3c7,1836.0,150,current_hybrid,277,0.9977179169654846,0.9841848015785217,0.9838969111442566,0.9864979386329651
长寿命,MATR_b3c7,1836.0,150,current_hybrid,278,0.9976740479469299,0.9840878844261169,0.9838026762008667,0.9864121675491333
长寿命,MATR_b3c7,1836.0,150,current_hybrid,279,0.997654139995575,0.9839910268783569,0.9837086200714111,0.9863264560699463
长寿命,MATR_b3c7,1836.0,150,current_hybrid,280,0.9976032376289368,0.9838943481445312,0.9836146831512451,0.9862408638000488
长寿命,MATR_b3c7,1836.0,150,current_hybrid,281,0.9974864721298218,0.9837976694107056,0.9835209250450134,0.9861553907394409
长寿命,MATR_b3c7,1836.0,150,current_hybrid,282,0.9974040389060974,0.983701229095459,0.9834272265434265,0.9860699772834778
长寿命,MATR_b3c7,1836.0,150,current_hybrid,283,0.9974496960639954,0.9836047887802124,0.9833337068557739,0.9859846234321594
长寿命,MATR_b3c7,1836.0,150,current_hybrid,284,0.997380793094635,0.9835085272789001,0.9832403063774109,0.9858993887901306
长寿命,MATR_b3c7,1836.0,150,current_hybrid,285,0.9974418878555298,0.9834123849868774,0.9831470251083374,0.9858142137527466
长寿命,MATR_b3c7,1836.0,150,current_hybrid,286,0.9973725080490112,0.9833163022994995,0.9830538630485535,0.9857290983200073
长寿命,MATR_b3c7,1836.0,150,current_hybrid,287,0.9974308013916016,0.9832203984260559,0.9829608201980591,0.9856441617012024
长寿命,MATR_b3c7,1836.0,150,current_hybrid,288,0.9973962306976318,0.9831245541572571,0.9828678965568542,0.9855592250823975
长寿命,MATR_b3c7,1836.0,150,current_hybrid,289,0.9972531199455261,0.983028769493103,0.982775092124939,0.9854744076728821
长寿命,MATR_b3c7,1836.0,150,current_hybrid,290,0.9972388744354248,0.9829331636428833,0.9826824069023132,0.9853896498680115
长寿命,MATR_b3c7,1836.0,150,current_hybrid,291,0.9971632957458496,0.9828376173973083,0.9825899004936218,0.9853049516677856
长寿命,MATR_b3c7,1836.0,150,current_hybrid,292,0.9970108866691589,0.9827422499656677,0.9824974536895752,0.9852203130722046
长寿命,MATR_b3c7,1836.0,150,current_hybrid,293,0.9971339702606201,0.9826468825340271,0.9824051260948181,0.9851358532905579
长寿命,MATR_b3c7,1836.0,150,current_hybrid,294,0.9970204830169678,0.982551634311676,0.9823129177093506,0.9850513935089111
长寿命,MATR_b3c7,1836.0,150,current_hybrid,295,0.9970455765724182,0.9824565052986145,0.9822208285331726,0.9849669933319092
长寿命,MATR_b3c7,1836.0,150,current_hybrid,296,0.9970308542251587,0.9823614358901978,0.9821288585662842,0.9848827123641968
长寿命,MATR_b3c7,1836.0,150,current_hybrid,297,0.9970982670783997,0.9822665452957153,0.9820369482040405,0.9847984910011292
长寿命,MATR_b3c7,1836.0,150,current_hybrid,298,0.9970937371253967,0.9821716547012329,0.981945276260376,0.9847143888473511
长寿命,MATR_b3c7,1836.0,150,current_hybrid,299,0.9970720410346985,0.9820769429206848,0.9818536043167114,0.9846303462982178
长寿命,MATR_b3c7,1836.0,150,current_hybrid,300,0.9970865845680237,0.9819822907447815,0.9817620515823364,0.9845462441444397
长寿命,MATR_b3c7,1836.0,150,current_hybrid,301,0.9969592094421387,0.981887698173523,0.981670618057251,0.984462320804596
长寿命,MATR_b3c7,1836.0,150,current_hybrid,302,0.996951162815094,0.981793224811554,0.9815793037414551,0.984378457069397
长寿命,MATR_b3c7,1836.0,150,current_hybrid,303,0.996792733669281,0.9816988706588745,0.9814881086349487,0.9842947125434875
长寿命,MATR_b3c7,1836.0,150,current_hybrid,304,0.9968430995941162,0.9816045165061951,0.9813969731330872,0.9842109680175781
长寿命,MATR_b3c7,1836.0,150,current_hybrid,305,0.9968032240867615,0.98151034116745,0.9813059568405151,0.9841273427009583
长寿命,MATR_b3c7,1836.0,150,current_hybrid,306,0.9967195987701416,0.9814162254333496,0.9812150001525879,0.9840437173843384
长寿命,MATR_b3c7,1836.0,150,current_hybrid,307,0.9966866374015808,0.9813222289085388,0.981124222278595,0.9839602112770081
长寿命,MATR_b3c7,1836.0,150,current_hybrid,308,0.9966687560081482,0.9812282919883728,0.9810335040092468,0.9838767647743225
长寿命,MATR_b3c7,1836.0,150,current_hybrid,309,0.9966655969619751,0.9811344146728516,0.9809429049491882,0.9837933778762817
长寿命,MATR_b3c7,1836.0,150,current_hybrid,310,0.9967749118804932,0.9810405969619751,0.9808524250984192,0.9837101101875305
长寿命,MATR_b3c7,1836.0,150,current_hybrid,311,0.9966797232627869,0.9809468984603882,0.9807620048522949,0.9836268424987793
长寿命,MATR_b3c7,1836.0,150,current_hybrid,312,0.9954717755317688,0.9808533191680908,0.9806716442108154,0.9835436344146729
长寿命,MATR_b3c7,1836.0,150,current_hybrid,313,0.9966034889221191,0.9807597994804382,0.9805814623832703,0.9834604859352112
长寿命,MATR_b3c7,1836.0,150,current_hybrid,314,0.9965298175811768,0.9806663393974304,0.9804913401603699,0.9833774566650391
长寿命,MATR_b3c7,1836.0,150,current_hybrid,315,0.9965834617614746,0.9805729985237122,0.980401337146759,0.9832944273948669
长寿命,MATR_b3c7,1836.0,150,current_hybrid,316,0.9953603744506836,0.9804797172546387,0.9803113341331482,0.9832114577293396
长寿命,MATR_b3c7,1836.0,150,current_hybrid,317,0.995337188243866,0.98038649559021,0.9802214503288269,0.9831286072731018
长寿命,MATR_b3c7,1836.0,150,current_hybrid,318,0.9964328408241272,0.9802933931350708,0.9801317453384399,0.983045756816864
长寿命,MATR_b3c7,1836.0,150,current_hybrid,319,0.9964318871498108,0.9802003502845764,0.980042040348053,0.9829630255699158
长寿命,MATR_b3c7,1836.0,150,current_hybrid,320,0.9964277744293213,0.9801074266433716,0.9799525141716003,0.9828802943229675
长寿命,MATR_b3c7,1836.0,150,current_hybrid,321,0.9964693784713745,0.9800145030021667,0.9798629879951477,0.9827976822853088
长寿命,MATR_b3c7,1836.0,150,current_hybrid,322,0.9963208436965942,0.9799216389656067,0.9797736406326294,0.9827150702476501
长寿命,MATR_b3c7,1836.0,150,current_hybrid,323,0.9963136315345764,0.9798288941383362,0.9796842932701111,0.982632577419281
长寿命,MATR_b3c7,1836.0,150,current_hybrid,324,0.9963102340698242,0.9797362685203552,0.9795950651168823,0.9825500845909119
长寿命,MATR_b3c7,1836.0,150,current_hybrid,325,0.9962838292121887,0.9796436429023743,0.9795058965682983,0.9824677109718323
长寿命,MATR_b3c7,1836.0,150,current_hybrid,326,0.9962977170944214,0.9795511364936829,0.9794169068336487,0.9823853969573975
长寿命,MATR_b3c7,1836.0,150,current_hybrid,327,0.9963629245758057,0.9794586896896362,0.979327917098999,0.9823030233383179
长寿命,MATR_b3c7,1836.0,150,current_hybrid,328,0.9962931871414185,0.9793663620948792,0.9792390465736389,0.9822208285331726
长寿命,MATR_b3c7,1836.0,150,current_hybrid,329,0.9959053993225098,0.9792740345001221,0.9791501760482788,0.9821386337280273
长寿命,MATR_b3c7,1836.0,150,current_hybrid,330,0.9961315989494324,0.9791817665100098,0.979061484336853,0.9820565581321716
长寿命,MATR_b3c7,1836.0,150,current_hybrid,331,0.9961401224136353,0.979089617729187,0.9789729118347168,0.9819744825363159
长寿命,MATR_b3c7,1836.0,150,current_hybrid,332,0.9961612820625305,0.9789975881576538,0.9788842797279358,0.9818924069404602
长寿命,MATR_b3c7,1836.0,150,current_hybrid,333,0.996063768863678,0.9789054989814758,0.9787958264350891,0.981810450553894
长寿命,MATR_b3c7,1836.0,150,current_hybrid,334,0.9960979223251343,0.9788135886192322,0.9787073731422424,0.9817285537719727
长寿命,MATR_b3c7,1836.0,150,current_hybrid,335,0.9949082732200623,0.9787216782569885,0.9786190986633301,0.9816466569900513
长寿命,MATR_b3c7,1836.0,150,current_hybrid,336,0.996000349521637,0.9786298871040344,0.9785308837890625,0.9815648794174194
长寿命,MATR_b3c7,1836.0,150,current_hybrid,337,0.9959929585456848,0.9785381555557251,0.9784426689147949,0.9814831018447876
长寿命,MATR_b3c7,1836.0,150,current_hybrid,338,0.9958553314208984,0.9784464240074158,0.9783546328544617,0.9814014434814453
长寿命,MATR_b3c7,1836.0,150,current_hybrid,339,0.9959520697593689,0.978354811668396,0.9782665967941284,0.981319785118103
长寿命,MATR_b3c7,1836.0,150,current_hybrid,340,0.9959601163864136,0.978263258934021,0.9781786203384399,0.9812381863594055
长寿命,MATR_b3c7,1836.0,150,current_hybrid,341,0.9958486557006836,0.9781718254089355,0.9780908226966858,0.9811566472053528
长寿命,MATR_b3c7,1836.0,150,current_hybrid,342,0.9958875775337219,0.9780803918838501,0.9780030250549316,0.9810751676559448
长寿命,MATR_b3c7,1836.0,150,current_hybrid,343,0.9957854151725769,0.9779902696609497,0.977915346622467,0.9809936881065369
长寿命,MATR_b3c7,1836.0,150,current_hybrid,344,0.9958385825157166,0.9779031276702881,0.9778276681900024,0.980911910533905
长寿命,MATR_b3c7,1836.0,150,current_hybrid,345,0.9957669973373413,0.9778161644935608,0.9777401089668274,0.9808290004730225
长寿命,MATR_b3c7,1836.0,150,current_hybrid,346,0.9956570863723755,0.9777292013168335,0.9776526689529419,0.9807447195053101
长寿命,MATR_b3c7,1836.0,150,current_hybrid,347,0.9957073926925659,0.977642297744751,0.9775652289390564,0.9806591868400574
长寿命,MATR_b3c7,1836.0,150,current_hybrid,348,0.9956561326980591,0.977555513381958,0.9774778485298157,0.9805724620819092
长寿命,MATR_b3c7,1836.0,150,current_hybrid,349,0.9956340193748474,0.977468729019165,0.9773905873298645,0.9804844260215759
长寿命,MATR_b3c7,1836.0,150,current_hybrid,350,0.9956701397895813,0.9773820638656616,0.9773033857345581,0.9803950786590576
长寿命,MATR_b3c7,1836.0,150,current_hybrid,351,0.9956211447715759,0.977295458316803,0.9772162437438965,0.9803045392036438
长寿命,MATR_b3c7,1836.0,150,current_hybrid,352,0.9956486225128174,0.9772089123725891,0.9771292209625244,0.9802126288414001
长寿命,MATR_b3c7,1836.0,150,current_hybrid,353,0.9956694841384888,0.97712242603302,0.9770421981811523,0.980119526386261
长寿命,MATR_b3c7,1836.0,150,current_hybrid,354,0.9956930875778198,0.9770361185073853,0.976955235004425,0.9800251126289368
长寿命,MATR_b3c7,1836.0,150,current_hybrid,355,0.9956308603286743,0.9769497513771057,0.9768683910369873,0.979929506778717
长寿命,MATR_b3c7,1836.0,150,current_hybrid,356,0.9956911206245422,0.9768635034561157,0.9767816066741943,0.9798325896263123
长寿命,MATR_b3c7,1836.0,150,current_hybrid,357,0.9956716299057007,0.9767773151397705,0.9766948819160461,0.9797343611717224
长寿命,MATR_b3c7,1836.0,150,current_hybrid,358,0.9955962300300598,0.9766911864280701,0.9766082167625427,0.9796348810195923
长寿命,MATR_b3c7,1836.0,150,current_hybrid,359,0.9955486059188843,0.9766051173210144,0.9765216112136841,0.9795341491699219
长寿命,MATR_b3c7,1836.0,150,current_hybrid,360,0.995467483997345,0.9765191078186035,0.976435124874115,0.9794321060180664
长寿命,MATR_b3c7,1836.0,150,current_hybrid,361,0.9954934120178223,0.9764332175254822,0.9763486385345459,0.9793288707733154
长寿命,MATR_b3c7,1836.0,150,current_hybrid,362,0.9954720139503479,0.9763473272323608,0.9762622714042664,0.9792243242263794
长寿命,MATR_b3c7,1836.0,150,current_hybrid,363,0.9954689741134644,0.976261556148529,0.9761746525764465,0.9791184663772583
长寿命,MATR_b3c7,1836.0,150,current_hybrid,364,0.9953640103340149,0.976175844669342,0.9760845899581909,0.9790113568305969
长寿命,MATR_b3c7,1836.0,150,current_hybrid,365,0.9953975081443787,0.976090133190155,0.9759945273399353,0.9789029955863953
长寿命,MATR_b3c7,1836.0,150,current_hybrid,366,0.9952359199523926,0.9760044813156128,0.9759045243263245,0.9787933826446533
长寿命,MATR_b3c7,1836.0,150,current_hybrid,367,0.9953091740608215,0.9759190082550049,0.9758145809173584,0.9786824584007263
长寿命,MATR_b3c7,1836.0,150,current_hybrid,368,0.9941121339797974,0.9758334755897522,0.9757246971130371,0.9785702228546143
长寿命,MATR_b3c7,1836.0,150,current_hybrid,369,0.9952260255813599,0.9757480621337891,0.9756348133087158,0.9784567356109619
长寿命,MATR_b3c7,1836.0,150,current_hybrid,370,0.9952501654624939,0.9756627082824707,0.9755450487136841,0.9783419966697693
长寿命,MATR_b3c7,1836.0,150,current_hybrid,371,0.9951309561729431,0.9755774140357971,0.9754552841186523,0.9782260060310364
长寿命,MATR_b3c7,1836.0,150,current_hybrid,372,0.9951485395431519,0.9754921793937683,0.9753656387329102,0.9781087040901184
长寿命,MATR_b3c7,1836.0,150,current_hybrid,373,0.9950738549232483,0.9754070043563843,0.975275993347168,0.9779900908470154
长寿命,MATR_b3c7,1836.0,150,current_hybrid,374,0.9939302206039429,0.975321888923645,0.9751864075660706,0.9778702259063721
长寿命,MATR_b3c7,1836.0,150,current_hybrid,375,0.9949214458465576,0.9752368330955505,0.9750968813896179,0.9777491092681885
长寿命,MATR_b3c7,1836.0,150,current_hybrid,376,0.9948687553405762,0.9751518368721008,0.9750074148178101,0.9776267409324646
长寿命,MATR_b3c7,1836.0,150,current_hybrid,377,0.9948903918266296,0.9750668406486511,0.974918007850647,0.9775030612945557
长寿命,MATR_b3c7,1836.0,150,current_hybrid,378,0.9948847889900208,0.9749820232391357,0.9748286008834839,0.9773780703544617
长寿命,MATR_b3c7,1836.0,150,current_hybrid,379,0.9948410987854004,0.9748971462249756,0.9747392535209656,0.9772518873214722
长寿命,MATR_b3c7,1836.0,150,current_hybrid,380,0.9948815703392029,0.974812388420105,0.9746500253677368,0.9771243333816528
长寿命,MATR_b3c7,1836.0,150,current_hybrid,381,0.9948746562004089,0.9747276902198792,0.9745607972145081,0.9769955277442932
长寿命,MATR_b3c7,1836.0,150,current_hybrid,382,0.9949198365211487,0.9746430516242981,0.9744716286659241,0.9768655300140381
长寿命,MATR_b3c7,1836.0,150,current_hybrid,383,0.9948447346687317,0.974558413028717,0.9743824005126953,0.9767341613769531
长寿命,MATR_b3c7,1836.0,150,current_hybrid,384,0.9948468804359436,0.9744738936424255,0.9742933511734009,0.9766015410423279
长寿命,MATR_b3c7,1836.0,150,current_hybrid,385,0.9948555827140808,0.974389374256134,0.9742043018341064,0.9764676094055176
长寿命,MATR_b3c7,1836.0,150,current_hybrid,386,0.9948042035102844,0.9743049740791321,0.9741153120994568,0.9763324856758118
长寿命,MATR_b3c7,1836.0,150,current_hybrid,387,0.9947813749313354,0.9742205739021301,0.9740263819694519,0.9761959910392761
长寿命,MATR_b3c7,1836.0,150,current_hybrid,388,0.994767427444458,0.9741362929344177,0.9739375114440918,0.976058304309845
长寿命,MATR_b3c7,1836.0,150,current_hybrid,389,0.9947516322135925,0.9740519523620605,0.9738486409187317,0.9759193062782288
长寿命,MATR_b3c7,1836.0,150,current_hybrid,390,0.9911983609199524,0.9739677906036377,0.9737597703933716,0.9757789373397827
长寿命,MATR_b3c7,1836.0,150,current_hybrid,391,0.9946215748786926,0.9738835692405701,0.9736703634262085,0.9756373763084412
长寿命,MATR_b3c7,1836.0,150,current_hybrid,392,0.9945516586303711,0.9737995266914368,0.9735802412033081,0.9754945635795593
长寿命,MATR_b3c7,1836.0,150,current_hybrid,393,0.9945520758628845,0.9737154245376587,0.97348952293396,0.9753503799438477
长寿命,MATR_b3c7,1836.0,150,current_hybrid,394,0.9944861531257629,0.9736314415931702,0.9733981490135193,0.9752050042152405
长寿命,MATR_b3c7,1836.0,150,current_hybrid,395,0.993333637714386,0.9735475182533264,0.9733061194419861,0.9750583171844482
长寿命,MATR_b3c7,1836.0,150,current_hybrid,396,0.9944263696670532,0.9734635949134827,0.9732133746147156,0.974910318851471
长寿命,MATR_b3c7,1836.0,150,current_hybrid,397,0.9944302439689636,0.9733797311782837,0.9731200337409973,0.9747610688209534
长寿命,MATR_b3c7,1836.0,150,current_hybrid,398,0.9943906664848328,0.9732959866523743,0.9730259776115417,0.9746105670928955
长寿命,MATR_b3c7,1836.0,150,current_hybrid,399,0.9944296479225159,0.9732121825218201,0.9729313254356384,0.9744587540626526
长寿命,MATR_b3c7,1836.0,150,current_hybrid,400,0.9943761229515076,0.9731284976005554,0.9728360176086426,0.9743056297302246
长寿命,MATR_b3c7,1836.0,150,current_hybrid,401,0.9942559003829956,0.9730448722839355,0.9727399945259094,0.9741512537002563
长寿命,MATR_b3c7,1836.0,150,current_hybrid,402,0.9942351579666138,0.9729612469673157,0.9726433753967285,0.973995566368103
长寿命,MATR_b3c7,1836.0,150,current_hybrid,403,0.9942384958267212,0.9728777408599854,0.9725461006164551,0.9738386273384094
长寿命,MATR_b3c7,1836.0,150,current_hybrid,404,0.9942135214805603,0.972794234752655,0.9724481105804443,0.9736804366111755
长寿命,MATR_b3c7,1836.0,150,current_hybrid,405,0.9941419363021851,0.9727107882499695,0.9723495244979858,0.9735208749771118
长寿命,MATR_b3c7,1836.0,150,current_hybrid,406,0.9940736293792725,0.9726274013519287,0.9722502827644348,0.9733601212501526
长寿命,MATR_b3c7,1836.0,150,current_hybrid,407,0.9940167665481567,0.9725440740585327,0.9721503257751465,0.9731979966163635
长寿命,MATR_b3c7,1836.0,150,current_hybrid,408,0.9939165711402893,0.9724465608596802,0.9720497727394104,0.973034679889679
长寿命,MATR_b3c7,1836.0,150,current_hybrid,409,0.9939435124397278,0.9723040461540222,0.971948504447937,0.9728700518608093
长寿命,MATR_b3c7,1836.0,150,current_hybrid,410,0.9940126538276672,0.9721606373786926,0.9718466401100159,0.9727041125297546
长寿命,MATR_b3c7,1836.0,150,current_hybrid,411,0.9940381646156311,0.9720473289489746,0.9717440009117126,0.9725368618965149
长寿命,MATR_b3c7,1836.0,150,current_hybrid,412,0.9940338134765625,0.9719546437263489,0.9716408252716064,0.9723684191703796
长寿命,MATR_b3c7,1836.0,150,current_hybrid,413,0.9939325451850891,0.9718611836433411,0.9715369343757629,0.9721986055374146
长寿命,MATR_b3c7,1836.0,150,current_hybrid,414,0.9939479827880859,0.9717670679092407,0.9714323878288269,0.972027599811554
长寿命,MATR_b3c7,1836.0,150,current_hybrid,415,0.9927823543548584,0.9716722965240479,0.9713271856307983,0.9718782305717468
长寿命,MATR_b3c7,1836.0,150,current_hybrid,416,0.993904173374176,0.9715768098831177,0.9712213277816772,0.9717938303947449
长寿命,MATR_b3c7,1836.0,150,current_hybrid,417,0.9938916563987732,0.9714807271957397,0.9711148142814636,0.9717087149620056
长寿命,MATR_b3c7,1836.0,150,current_hybrid,418,0.9938780069351196,0.9713305234909058,0.9709840416908264,0.9716227650642395
长寿命,MATR_b3c7,1836.0,150,current_hybrid,419,0.9938125014305115,0.9711530208587646,0.9708333015441895,0.9715361595153809
长寿命,MATR_b3c7,1836.0,150,current_hybrid,420,0.9938037991523743,0.9709742665290833,0.9706816673278809,0.9714486598968506
长寿命,MATR_b3c7,1836.0,150,current_hybrid,421,0.9936563372612,0.970794141292572,0.9705292582511902,0.9713605046272278
长寿命,MATR_b3c7,1836.0,150,current_hybrid,422,0.9925715327262878,0.9706128239631653,0.9703760147094727,0.9712715744972229
长寿命,MATR_b3c7,1836.0,150,current_hybrid,423,0.9936845898628235,0.9704618453979492,0.9702219367027283,0.9711819291114807
长寿命,MATR_b3c7,1836.0,150,current_hybrid,424,0.9936977028846741,0.9703506827354431,0.9700670838356018,0.9710915088653564
长寿命,MATR_b3c7,1836.0,150,current_hybrid,425,0.9936121106147766,0.9702388048171997,0.9699113965034485,0.9710003733634949
长寿命,MATR_b3c7,1836.0,150,current_hybrid,426,0.9936295747756958,0.9701263308525085,0.9697548747062683,0.9709084033966064
长寿命,MATR_b3c7,1836.0,150,current_hybrid,427,0.9936388731002808,0.9700132608413696,0.9695975184440613,0.9708157181739807
长寿命,MATR_b3c7,1836.0,150,current_hybrid,428,0.9924399852752686,0.9698994755744934,0.9694393277168274,0.9707223176956177
长寿命,MATR_b3c7,1836.0,150,current_hybrid,429,0.993568480014801,0.9697849750518799,0.9692803025245667,0.9706280827522278
长寿命,MATR_b3c7,1836.0,150,current_hybrid,430,0.9934120774269104,0.9696698784828186,0.9691158533096313,0.9705331325531006
长寿命,MATR_b3c7,1836.0,150,current_hybrid,431,0.9935007691383362,0.96955406665802,0.9689229726791382,0.9704374670982361
长寿命,MATR_b3c7,1836.0,150,current_hybrid,432,0.9933812618255615,0.9694376587867737,0.96872878074646,0.9703409671783447
长寿命,MATR_b3c7,1836.0,150,current_hybrid,433,0.9932976365089417,0.96932053565979,0.9685332775115967,0.9702437520027161
长寿命,MATR_b3c7,1836.0,150,current_hybrid,434,0.9932330846786499,0.9692027568817139,0.9683365225791931,0.9701457619667053
长寿命,MATR_b3c7,1836.0,150,current_hybrid,435,0.993224561214447,0.9690843224525452,0.9681384563446045,0.9700470566749573
长寿命,MATR_b3c7,1836.0,150,current_hybrid,436,0.993093729019165,0.9689652323722839,0.9679390788078308,0.9699475765228271
长寿命,MATR_b3c7,1836.0,150,current_hybrid,437,0.9931886792182922,0.9688454270362854,0.9677384495735168,0.9698473215103149
长寿命,MATR_b3c7,1836.0,150,current_hybrid,438,0.9929479360580444,0.9687250256538391,0.9675365090370178,0.9697462916374207
长寿命,MATR_b3c7,1836.0,150,current_hybrid,439,0.992947518825531,0.9686039090156555,0.9673333168029785,0.9696445465087891
长寿命,MATR_b3c7,1836.0,150,current_hybrid,440,0.9928578734397888,0.9684821367263794,0.9671288132667542,0.9695420265197754
长寿命,MATR_b3c7,1836.0,150,current_hybrid,441,0.9928868412971497,0.9683597683906555,0.9669230580329895,0.9694387912750244
长寿命,MATR_b3c7,1836.0,150,current_hybrid,442,0.9930199980735779,0.9682366251945496,0.966715931892395,0.9693347215652466
长寿命,MATR_b3c7,1836.0,150,current_hybrid,443,0.9929997324943542,0.9681128859519958,0.9665075540542603,0.9692299962043762
长寿命,MATR_b3c7,1836.0,150,current_hybrid,444,0.993050217628479,0.9679884314537048,0.9662979245185852,0.969124436378479
长寿命,MATR_b3c7,1836.0,150,current_hybrid,445,0.9930129647254944,0.9678633213043213,0.9660869836807251,0.9690181612968445
长寿命,MATR_b3c7,1836.0,150,current_hybrid,446,0.9930165410041809,0.96773761510849,0.9658747911453247,0.9689110517501831
长寿命,MATR_b3c7,1836.0,150,current_hybrid,447,0.9929755926132202,0.9676111936569214,0.9656612277030945,0.9688032269477844
长寿命,MATR_b3c7,1836.0,150,current_hybrid,448,0.9929884076118469,0.9674840569496155,0.965446412563324,0.9686946868896484
长寿命,MATR_b3c7,1836.0,150,current_hybrid,449,0.9918387532234192,0.9673563838005066,0.9652303457260132,0.9685853123664856
长寿命,MATR_b3c7,1836.0,150,current_hybrid,450,0.9928615093231201,0.9672279357910156,0.9650129079818726,0.9684752821922302
长寿命,MATR_b3c7,1836.0,150,current_hybrid,451,0.9928010702133179,0.9670988321304321,0.9647942781448364,0.968364417552948
长寿命,MATR_b3c7,1836.0,150,current_hybrid,452,0.9928563833236694,0.9669691324234009,0.9645743370056152,0.9682527780532837
长寿命,MATR_b3c7,1836.0,150,current_hybrid,453,0.9927544593811035,0.9668386578559875,0.9643530249595642,0.9681403636932373
长寿命,MATR_b3c7,1836.0,150,current_hybrid,454,0.992764413356781,0.9667075872421265,0.9641305208206177,0.9680272936820984
长寿命,MATR_b3c7,1836.0,150,current_hybrid,455,0.9928107261657715,0.9665758013725281,0.9639067053794861,0.9679133892059326
长寿命,MATR_b3c7,1836.0,150,current_hybrid,456,0.9927051663398743,0.9664434194564819,0.9636815190315247,0.9677987098693848
长寿命,MATR_b3c7,1836.0,150,current_hybrid,457,0.9926117062568665,0.9663103222846985,0.9634551405906677,0.9676833152770996
长寿命,MATR_b3c7,1836.0,150,current_hybrid,458,0.9926378726959229,0.9661765694618225,0.963227391242981,0.9675671458244324
长寿命,MATR_b3c7,1836.0,150,current_hybrid,459,0.9925956130027771,0.966042160987854,0.9629984498023987,0.9674502015113831
长寿命,MATR_b3c7,1836.0,150,current_hybrid,460,0.9914155602455139,0.9659070372581482,0.9627681374549866,0.9673324823379517
长寿命,MATR_b3c7,1836.0,150,current_hybrid,461,0.9923476576805115,0.9657713174819946,0.9625365138053894,0.9672141075134277
长寿命,MATR_b3c7,1836.0,150,current_hybrid,462,0.9925386309623718,0.9656348824501038,0.962303638458252,0.9670948386192322
长寿命,MATR_b3c7,1836.0,150,current_hybrid,463,0.9924281239509583,0.9654977917671204,0.9620695114135742,0.9669748544692993
长寿命,MATR_b3c7,1836.0,150,current_hybrid,464,0.9923375248908997,0.9653600454330444,0.9618340730667114,0.9668540954589844
长寿命,MATR_b3c7,1836.0,150,current_hybrid,465,0.9923689961433411,0.9652215838432312,0.9615973234176636,0.9667326211929321
长寿命,MATR_b3c7,1836.0,150,current_hybrid,466,0.9922559261322021,0.9650824666023254,0.9613592624664307,0.9666103720664978
长寿命,MATR_b3c7,1836.0,150,current_hybrid,467,0.9922816753387451,0.9649427533149719,0.9611199498176575,0.9664873480796814
长寿命,MATR_b3c7,1836.0,150,current_hybrid,468,0.9923087358474731,0.9648023247718811,0.9608793258666992,0.9663635492324829
长寿命,MATR_b3c7,1836.0,150,current_hybrid,469,0.9922592043876648,0.9646611213684082,0.9606374502182007,0.9662389755249023
长寿命,MATR_b3c7,1836.0,150,current_hybrid,470,0.9922304153442383,0.9645193815231323,0.9603942632675171,0.9661136865615845
长寿命,MATR_b3c7,1836.0,150,current_hybrid,471,0.9920695424079895,0.9643769264221191,0.9601497650146484,0.9659875631332397
长寿命,MATR_b3c7,1836.0,150,current_hybrid,472,0.9920573234558105,0.9642338156700134,0.9599040150642395,0.9658607840538025
长寿命,MATR_b3c7,1836.0,150,current_hybrid,473,0.9920337200164795,0.9640900492668152,0.9596568942070007,0.9657331705093384
长寿命,MATR_b3c7,1836.0,150,current_hybrid,474,0.9921280741691589,0.9639456272125244,0.9594085812568665,0.965604841709137
长寿命,MATR_b3c7,1836.0,150,current_hybrid,475,0.9920907020568848,0.9638004899024963,0.9591588973999023,0.9654756784439087
长寿命,MATR_b3c7,1836.0,150,current_hybrid,476,0.992024302482605,0.9636546969413757,0.958907961845398,0.9653457403182983
长寿命,MATR_b3c7,1836.0,150,current_hybrid,477,0.991978645324707,0.963508129119873,0.9586556553840637,0.9652150869369507
长寿命,MATR_b3c7,1836.0,150,current_hybrid,478,0.9920170903205872,0.9633610248565674,0.958402156829834,0.965083658695221
长寿命,MATR_b3c7,1836.0,150,current_hybrid,479,0.9919755458831787,0.9632132053375244,0.9581473469734192,0.9649515151977539
长寿命,MATR_b3c7,1836.0,150,current_hybrid,480,0.9918343424797058,0.9630647897720337,0.9578912258148193,0.96481853723526
长寿命,MATR_b3c7,1836.0,150,current_hybrid,481,0.9918348789215088,0.9629156589508057,0.9576337933540344,0.9646848440170288
长寿命,MATR_b3c7,1836.0,150,current_hybrid,482,0.9917980432510376,0.9627658128738403,0.9573751091957092,0.9645503163337708
长寿命,MATR_b3c7,1836.0,150,current_hybrid,483,0.9917389750480652,0.9626153111457825,0.957115113735199,0.9644151329994202
长寿命,MATR_b3c7,1836.0,150,current_hybrid,484,0.9917049407958984,0.9624641537666321,0.9568538069725037,0.9642791152000427
长寿命,MATR_b3c7,1836.0,150,current_hybrid,485,0.991690456867218,0.9623122811317444,0.9565911889076233,0.9641423225402832
长寿命,MATR_b3c7,1836.0,150,current_hybrid,486,0.9916645288467407,0.9621597528457642,0.9563273787498474,0.9640048146247864
长寿命,MATR_b3c7,1836.0,150,current_hybrid,487,0.9916190505027771,0.9620065689086914,0.9560621976852417,0.9638664722442627
长寿命,MATR_b3c7,1836.0,150,current_hybrid,488,0.9904260039329529,0.9618527889251709,0.9557957053184509,0.9637274742126465
长寿命,MATR_b3c7,1836.0,150,current_hybrid,489,0.9915104508399963,0.9616982340812683,0.9555279612541199,0.9635875821113586
长寿命,MATR_b3c7,1836.0,150,current_hybrid,490,0.9914160966873169,0.9615430235862732,0.9552589058876038,0.9634469747543335
长寿命,MATR_b3c7,1836.0,150,current_hybrid,491,0.9913405179977417,0.9613871574401855,0.9549885988235474,0.963305652141571
长寿命,MATR_b3c7,1836.0,150,current_hybrid,492,0.9912810921669006,0.9612306356430054,0.9547169208526611,0.9631634950637817
长寿命,MATR_b3c7,1836.0,150,current_hybrid,493,0.9912983179092407,0.9610733985900879,0.9544439911842346,0.9630206227302551
长寿命,MATR_b3c7,1836.0,150,current_hybrid,494,0.9911726713180542,0.9609155058860779,0.954169750213623,0.9628769755363464
长寿命,MATR_b3c7,1836.0,150,current_hybrid,495,0.991138756275177,0.9607570171356201,0.9538942575454712,0.9627324938774109
长寿命,MATR_b3c7,1836.0,150,current_hybrid,496,0.9911313056945801,0.9605977535247803,0.9536174535751343,0.962587296962738
长寿命,MATR_b3c7,1836.0,150,current_hybrid,497,0.9910563230514526,0.9604378342628479,0.9533393383026123,0.9624413847923279
长寿命,MATR_b3c7,1836.0,150,current_hybrid,498,0.9909933805465698,0.960277259349823,0.9530599117279053,0.9622946381568909
长寿命,MATR_b3c7,1836.0,150,current_hybrid,499,0.9908687472343445,0.9601160287857056,0.952779233455658,0.9621471166610718
长寿命,MATR_b3c7,1836.0,150,current_hybrid,500,0.9897864460945129,0.9599540829658508,0.9524972438812256,0.9619988799095154
长寿命,MATR_b3c7,1836.0,150,hybridpatch_v2,151,1.0003169775009155,0.9997971057891846,0.9996291399002075,0.9999082088470459
长寿命,MATR_b3c7,1836.0,150,hybridpatch_v2,152,1.0002468824386597,0.9995737075805664,0.9993271231651306,0.999729573726654
长寿命,MATR_b3c7,1836.0,150,hybridpatch_v2,153,0.9991828203201294,0.9993934035301208,0.9990829229354858,0.9995831251144409
长寿命,MATR_b3c7,1836.0,150,hybridpatch_v2,154,1.000223994255066,0.9992353916168213,0.9988685846328735,0.9994532465934753
长寿命,MATR_b3c7,1836.0,150,hybridpatch_v2,155,1.000133991241455,0.999091625213623,0.9986733794212341,0.9993340373039246
长寿命,MATR_b3c7,1836.0,150,hybridpatch_v2,156,1.000141978263855,0.9989579319953918,0.9984917044639587,0.9992223381996155
长寿命,MATR_b3c7,1836.0,150,hybridpatch_v2,157,0.9999727010726929,0.9988319277763367,0.9983203411102295,0.9991164207458496
长寿命,MATR_b3c7,1836.0,150,hybridpatch_v2,158,1.000041127204895,0.9987120032310486,0.9981570839881897,0.9990149736404419
长寿命,MATR_b3c7,1836.0,150,hybridpatch_v2,159,0.9999673366546631,0.9985970854759216,0.9980005621910095,0.998917281627655
长寿命,MATR_b3c7,1836.0,150,hybridpatch_v2,160,0.9988470673561096,0.9984862208366394,0.9978495240211487,0.9988226890563965
长寿命,MATR_b3c7,1836.0,150,hybridpatch_v2,161,1.0000406503677368,0.9983789920806885,0.9977033138275146,0.9987307190895081
长寿命,MATR_b3c7,1836.0,150,hybridpatch_v2,162,0.9999668598175049,0.9982748031616211,0.9975611567497253,0.9986410140991211
长寿命,MATR_b3c7,1836.0,150,hybridpatch_v2,163,0.9999973773956299,0.9981732964515686,0.9974226355552673,0.9985533356666565
长寿命,MATR_b3c7,1836.0,150,hybridpatch_v2,164,1.000117301940918,0.9980741739273071,0.9972873330116272,0.9984674453735352
长寿命,MATR_b3c7,1836.0,150,hybridpatch_v2,165,0.9999507665634155,0.9979771971702576,0.9971548914909363,0.9983831644058228
长寿命,MATR_b3c7,1836.0,150,hybridpatch_v2,166,0.9999691247940063,0.9978821277618408,0.9970250129699707,0.998300313949585
长寿命,MATR_b3c7,1836.0,150,hybridpatch_v2,167,1.000049352645874,0.9977887868881226,0.9968975186347961,0.9982187747955322
长寿命,MATR_b3c7,1836.0,150,hybridpatch_v2,168,1.0000872611999512,0.997697114944458,0.9967721104621887,0.998138427734375
长寿命,MATR_b3c7,1836.0,150,hybridpatch_v2,169,0.9999666213989258,0.9976068139076233,0.9966487288475037,0.9980591535568237
长寿命,MATR_b3c7,1836.0,150,hybridpatch_v2,170,1.0001469850540161,0.9975179433822632,0.9965270757675171,0.9979808926582336
长寿命,MATR_b3c7,1836.0,150,hybridpatch_v2,171,1.0001111030578613,0.9974302649497986,0.996407151222229,0.99790358543396
长寿命,MATR_b3c7,1836.0,150,hybridpatch_v2,172,1.000055193901062,0.9973437786102295,0.9962887763977051,0.9978271126747131
长寿命,MATR_b3c7,1836.0,150,hybridpatch_v2,173,1.0000312328338623,0.9972584247589111,0.9961718916893005,0.9977514743804932
长寿命,MATR_b3c7,1836.0,150,hybridpatch_v2,174,1.000036597251892,0.9971740245819092,0.996056318283081,0.9976765513420105
长寿命,MATR_b3c7,1836.0,150,hybridpatch_v2,175,1.0000126361846924,0.9970905780792236,0.9959420561790466,0.9976024031639099
长寿命,MATR_b3c7,1836.0,150,hybridpatch_v2,176,0.9999487400054932,0.9970080256462097,0.9958289265632629,0.9975288510322571
长寿命,MATR_b3c7,1836.0,150,hybridpatch_v2,177,0.9998785257339478,0.9969263076782227,0.9957169890403748,0.9974559545516968
长寿命,MATR_b3c7,1836.0,150,hybridpatch_v2,178,0.999891996383667,0.9968454241752625,0.9956061244010925,0.997383713722229
长寿命,MATR_b3c7,1836.0,150,hybridpatch_v2,179,0.9999023079872131,0.9967652559280396,0.9954962134361267,0.9973119497299194
长寿命,MATR_b3c7,1836.0,150,hybridpatch_v2,180,0.9998037219047546,0.996685802936554,0.9953873157501221,0.9972407817840576
长寿命,MATR_b3c7,1836.0,150,hybridpatch_v2,181,0.9997352361679077,0.9966070652008057,0.9952793121337891,0.997170090675354
长寿命,MATR_b3c7,1836.0,150,hybridpatch_v2,182,0.999731719493866,0.9965289235115051,0.9951722025871277,0.9970998764038086
长寿命,MATR_b3c7,1836.0,150,hybridpatch_v2,183,0.9996789693832397,0.9964514374732971,0.9950658679008484,0.9970301389694214
长寿命,MATR_b3c7,1836.0,150,hybridpatch_v2,184,0.9997735619544983,0.9963745474815369,0.994960367679596,0.9969608187675476
长寿命,MATR_b3c7,1836.0,150,hybridpatch_v2,185,0.9997369647026062,0.9962981939315796,0.9948556423187256,0.996891975402832
长寿命,MATR_b3c7,1836.0,150,hybridpatch_v2,186,0.9996463060379028,0.9962223768234253,0.9947515726089478,0.9968234896659851
长寿命,MATR_b3c7,1836.0,150,hybridpatch_v2,187,0.9995927810668945,0.996147096157074,0.994648277759552,0.9967553615570068
长寿命,MATR_b3c7,1836.0,150,hybridpatch_v2,188,0.99948650598526,0.9960723519325256,0.994545578956604,0.996687650680542
长寿命,MATR_b3c7,1836.0,150,hybridpatch_v2,189,0.9995688796043396,0.9959980249404907,0.9944435358047485,0.9966202974319458
长寿命,MATR_b3c7,1836.0,150,hybridpatch_v2,190,0.9995155930519104,0.995924174785614,0.9943421483039856,0.9965533018112183
长寿命,MATR_b3c7,1836.0,150,hybridpatch_v2,191,0.9993820190429688,0.9958507418632507,0.9942412972450256,0.9964866042137146
长寿命,MATR_b3c7,1836.0,150,hybridpatch_v2,192,0.9994431734085083,0.9957777857780457,0.9941410422325134,0.9964202046394348
长寿命,MATR_b3c7,1836.0,150,hybridpatch_v2,193,0.9995610117912292,0.9957051873207092,0.9940413236618042,0.9963541626930237
长寿命,MATR_b3c7,1836.0,150,hybridpatch_v2,194,0.9994874596595764,0.9956330060958862,0.9939422011375427,0.9962884187698364
长寿命,MATR_b3c7,1836.0,150,hybridpatch_v2,195,0.9995497465133667,0.9955612421035767,0.9938434958457947,0.9962229132652283
长寿命,MATR_b3c7,1836.0,150,hybridpatch_v2,196,0.9995848536491394,0.9954898357391357,0.9937453866004944,0.996157705783844
长寿命,MATR_b3c7,1836.0,150,hybridpatch_v2,197,0.999517560005188,0.9954187273979187,0.9936476945877075,0.9960927963256836
长寿命,MATR_b3c7,1836.0,150,hybridpatch_v2,198,0.9995129704475403,0.9953480362892151,0.9935504794120789,0.9960280656814575
长寿命,MATR_b3c7,1836.0,150,hybridpatch_v2,199,0.9983385801315308,0.9952776432037354,0.9934536814689636,0.9959636330604553
长寿命,MATR_b3c7,1836.0,150,hybridpatch_v2,200,0.9994329810142517,0.9952076077461243,0.9933573603630066,0.995899498462677
长寿命,MATR_b3c7,1836.0,150,hybridpatch_v2,201,0.9994205236434937,0.9951378703117371,0.993261456489563,0.995835542678833
长寿命,MATR_b3c7,1836.0,150,hybridpatch_v2,202,0.9993856549263,0.9950684309005737,0.9931659698486328,0.9957718253135681
长寿命,MATR_b3c7,1836.0,150,hybridpatch_v2,203,0.9994211792945862,0.9949992895126343,0.9930709004402161,0.9957082867622375
长寿命,MATR_b3c7,1836.0,150,hybridpatch_v2,204,0.9993500113487244,0.9949304461479187,0.992976188659668,0.9956450462341309
长寿命,MATR_b3c7,1836.0,150,hybridpatch_v2,205,0.9993965029716492,0.994861900806427,0.9928818941116333,0.9955819845199585
长寿命,MATR_b3c7,1836.0,150,hybridpatch_v2,206,0.9992641806602478,0.9947935938835144,0.9927878975868225,0.9955191016197205
长寿命,MATR_b3c7,1836.0,150,hybridpatch_v2,207,0.9992698431015015,0.9947255849838257,0.9926943182945251,0.9954564571380615
长寿命,MATR_b3c7,1836.0,150,hybridpatch_v2,208,0.9993592500686646,0.9946578145027161,0.9926010966300964,0.9953939914703369
长寿命,MATR_b3c7,1836.0,150,hybridpatch_v2,209,0.9994009137153625,0.9945902824401855,0.9925081729888916,0.9953317046165466
长寿命,MATR_b3c7,1836.0,150,hybridpatch_v2,210,0.9992631673812866,0.9945230484008789,0.9924155473709106,0.9952695965766907
长寿命,MATR_b3c7,1836.0,150,hybridpatch_v2,211,0.9980984926223755,0.9944559931755066,0.9923233389854431,0.995207667350769
长寿命,MATR_b3c7,1836.0,150,hybridpatch_v2,212,0.9992245435714722,0.9943892359733582,0.9922313690185547,0.9951459169387817
长寿命,MATR_b3c7,1836.0,150,hybridpatch_v2,213,0.9969159960746765,0.994322657585144,0.9921397566795349,0.9950843453407288
长寿命,MATR_b3c7,1836.0,150,hybridpatch_v2,214,0.9991905689239502,0.994256317615509,0.9920483827590942,0.9950229525566101
长寿命,MATR_b3c7,1836.0,150,hybridpatch_v2,215,0.9991434216499329,0.9941902160644531,0.9919573664665222,0.9949617385864258
长寿命,MATR_b3c7,1836.0,150,hybridpatch_v2,216,0.9991552233695984,0.9941242933273315,0.9918665885925293,0.994900643825531
长寿命,MATR_b3c7,1836.0,150,hybridpatch_v2,217,0.9992654323577881,0.9940586090087891,0.9917761087417603,0.9948397278785706
长寿命,MATR_b3c7,1836.0,150,hybridpatch_v2,218,0.9990749359130859,0.9939931035041809,0.9916859269142151,0.9947789311408997
长寿命,MATR_b3c7,1836.0,150,hybridpatch_v2,219,0.9990167021751404,0.9939278364181519,0.991595983505249,0.9947183132171631
长寿命,MATR_b3c7,1836.0,150,hybridpatch_v2,220,0.9989863038063049,0.9938626885414124,0.9915063381195068,0.9946578145027161
长寿命,MATR_b3c7,1836.0,150,hybridpatch_v2,221,0.9989969730377197,0.993797779083252,0.9914169311523438,0.9945974946022034
长寿命,MATR_b3c7,1836.0,150,hybridpatch_v2,222,0.9990940690040588,0.9937331080436707,0.9913277626037598,0.9945372939109802
长寿命,MATR_b3c7,1836.0,150,hybridpatch_v2,223,0.9989332556724548,0.9936685562133789,0.9912388324737549,0.9944772124290466
长寿命,MATR_b3c7,1836.0,150,hybridpatch_v2,224,0.9977944493293762,0.9936041831970215,0.9911501407623291,0.9944173097610474
长寿命,MATR_b3c7,1836.0,150,hybridpatch_v2,225,0.9977538585662842,0.9935399889945984,0.9910616874694824,0.9943575263023376
长寿命,MATR_b3c7,1836.0,150,hybridpatch_v2,226,0.9989314079284668,0.9934759736061096,0.9909734725952148,0.9942978620529175
长寿命,MATR_b3c7,1836.0,150,hybridpatch_v2,227,0.9977506995201111,0.9934121370315552,0.9908854961395264,0.9942383170127869
长寿命,MATR_b3c7,1836.0,150,hybridpatch_v2,228,0.9988446235656738,0.9933484792709351,0.9907976984977722,0.9941788911819458
长寿命,MATR_b3c7,1836.0,150,hybridpatch_v2,229,0.997668445110321,0.9932849407196045,0.9907101988792419,0.9941196441650391
长寿命,MATR_b3c7,1836.0,150,hybridpatch_v2,230,0.9988492131233215,0.9932215809822083,0.9906228184700012,0.9940604567527771
长寿命,MATR_b3c7,1836.0,150,hybridpatch_v2,231,0.9988414645195007,0.9931584000587463,0.9905357360839844,0.9940013885498047
长寿命,MATR_b3c7,1836.0,150,hybridpatch_v2,232,0.9988155364990234,0.993095338344574,0.9904487729072571,0.9939424395561218
长寿命,MATR_b3c7,1836.0,150,hybridpatch_v2,233,0.9986299872398376,0.9930324554443359,0.9903621077537537,0.9938836097717285
长寿命,MATR_b3c7,1836.0,150,hybridpatch_v2,234,0.9985740780830383,0.9929697513580322,0.9902755618095398,0.9938248991966248
长寿命,MATR_b3c7,1836.0,150,hybridpatch_v2,235,0.9986255168914795,0.9929071068763733,0.990189254283905,0.9937663078308105
长寿命,MATR_b3c7,1836.0,150,hybridpatch_v2,236,0.9986022114753723,0.9928446412086487,0.9901031255722046,0.9937077760696411
长寿命,MATR_b3c7,1836.0,150,hybridpatch_v2,237,0.9986441135406494,0.9927823543548584,0.9900171756744385,0.9936493635177612
长寿命,MATR_b3c7,1836.0,150,hybridpatch_v2,238,0.9986429214477539,0.9927201867103577,0.9899314045906067,0.9935910701751709
长寿命,MATR_b3c7,1836.0,150,hybridpatch_v2,239,0.9974270462989807,0.9926581382751465,0.9898458123207092,0.9935328960418701
长寿命,MATR_b3c7,1836.0,150,hybridpatch_v2,240,0.9985379576683044,0.9925962090492249,0.9897603988647461,0.9934747815132141
长寿命,MATR_b3c7,1836.0,150,hybridpatch_v2,241,0.9985815286636353,0.9925343990325928,0.9896752238273621,0.9934167861938477
长寿命,MATR_b3c7,1836.0,150,hybridpatch_v2,242,0.9985384941101074,0.992472767829895,0.9895901679992676,0.9933589100837708
长寿命,MATR_b3c7,1836.0,150,hybridpatch_v2,243,0.9985466599464417,0.9924112558364868,0.9895052909851074,0.9933010935783386
长寿命,MATR_b3c7,1836.0,150,hybridpatch_v2,244,0.9985057711601257,0.9923498630523682,0.9894205331802368,0.993243396282196
长寿命,MATR_b3c7,1836.0,150,hybridpatch_v2,245,0.9984744787216187,0.9922885894775391,0.9893360137939453,0.9931857585906982
长寿命,MATR_b3c7,1836.0,150,hybridpatch_v2,246,0.998450756072998,0.9922274351119995,0.9892516136169434,0.99312824010849
长寿命,MATR_b3c7,1836.0,150,hybridpatch_v2,247,0.9983434081077576,0.9921663999557495,0.9891673922538757,0.9930708408355713
长寿命,MATR_b3c7,1836.0,150,hybridpatch_v2,248,0.9984616041183472,0.9921054244041443,0.9890833497047424,0.9930134415626526
长寿命,MATR_b3c7,1836.0,150,hybridpatch_v2,249,0.998430073261261,0.9920446276664734,0.9889994263648987,0.9929562211036682
长寿命,MATR_b3c7,1836.0,150,hybridpatch_v2,250,0.9983121752738953,0.991983950138092,0.9889156818389893,0.9928990006446838
长寿命,MATR_b3c7,1836.0,150,hybridpatch_v2,251,0.9981800317764282,0.9919233918190002,0.9888320565223694,0.992841899394989
长寿命,MATR_b3c7,1836.0,150,hybridpatch_v2,252,0.9980680346488953,0.9918628931045532,0.9887486100196838,0.9927849173545837
长寿命,MATR_b3c7,1836.0,150,hybridpatch_v2,253,0.9982080459594727,0.9918025135993958,0.9886652827262878,0.9927279949188232
长寿命,MATR_b3c7,1836.0,150,hybridpatch_v2,254,0.9981619715690613,0.9917423129081726,0.9885820746421814,0.9926711320877075
长寿命,MATR_b3c7,1836.0,150,hybridpatch_v2,255,0.998170793056488,0.9916821122169495,0.9884990453720093,0.9926143288612366
长寿命,MATR_b3c7,1836.0,150,hybridpatch_v2,256,0.9981857538223267,0.9916220903396606,0.9884161949157715,0.9925576448440552
长寿命,MATR_b3c7,1836.0,150,hybridpatch_v2,257,0.9979442954063416,0.9915621280670166,0.9883334040641785,0.9925010204315186
长寿命,MATR_b3c7,1836.0,150,hybridpatch_v2,258,0.9980696439743042,0.9915022850036621,0.9882507920265198,0.9924445152282715
长寿命,MATR_b3c7,1836.0,150,hybridpatch_v2,259,0.9980379939079285,0.9914425611495972,0.9881682991981506,0.9923880100250244
长寿命,MATR_b3c7,1836.0,150,hybridpatch_v2,260,0.9980547428131104,0.991382896900177,0.988085925579071,0.9923316240310669
长寿命,MATR_b3c7,1836.0,150,hybridpatch_v2,261,0.997998058795929,0.9913233518600464,0.9880037307739258,0.9922752976417542
长寿命,MATR_b3c7,1836.0,150,hybridpatch_v2,262,0.9980227947235107,0.9912639260292053,0.9879216551780701,0.9922190308570862
长寿命,MATR_b3c7,1836.0,150,hybridpatch_v2,263,0.9978199005126953,0.991204559803009,0.9878396391868591,0.9921628832817078
长寿命,MATR_b3c7,1836.0,150,hybridpatch_v2,264,0.9978383779525757,0.9911453127861023,0.9877578020095825,0.9921067953109741
长寿命,MATR_b3c7,1836.0,150,hybridpatch_v2,265,0.9978234767913818,0.9910861253738403,0.9876760840415955,0.9920507073402405
长寿命,MATR_b3c7,1836.0,150,hybridpatch_v2,266,0.9977825880050659,0.9910270571708679,0.987594485282898,0.9919947385787964
长寿命,MATR_b3c7,1836.0,150,hybridpatch_v2,267,0.9978995323181152,0.9909680485725403,0.98751300573349,0.9919388294219971
长寿命,MATR_b3c7,1836.0,150,hybridpatch_v2,268,0.9978993535041809,0.9909091591835022,0.9874316453933716,0.9918830394744873
长寿命,MATR_b3c7,1836.0,150,hybridpatch_v2,269,0.9978333711624146,0.9908503293991089,0.9873504042625427,0.9918272495269775
长寿命,MATR_b3c7,1836.0,150,hybridpatch_v2,270,0.9978919625282288,0.9907916188240051,0.9872692823410034,0.9917715191841125
长寿命,MATR_b3c7,1836.0,150,hybridpatch_v2,271,0.9978623986244202,0.9907329678535461,0.9871882796287537,0.9917159080505371
长寿命,MATR_b3c7,1836.0,150,hybridpatch_v2,272,0.9978423118591309,0.9906743764877319,0.9871073961257935,0.9916602969169617
长寿命,MATR_b3c7,1836.0,150,hybridpatch_v2,273,0.9978666305541992,0.9906159043312073,0.987026572227478,0.9916048049926758
长寿命,MATR_b3c7,1836.0,150,hybridpatch_v2,274,0.9978021383285522,0.9905575513839722,0.9869459271430969,0.9915493130683899
长寿命,MATR_b3c7,1836.0,150,hybridpatch_v2,275,0.9977735280990601,0.9904991984367371,0.9868653416633606,0.9914939403533936
长寿命,MATR_b3c7,1836.0,150,hybridpatch_v2,276,0.9977661967277527,0.9904409646987915,0.9867848753929138,0.9914385676383972
长寿命,MATR_b3c7,1836.0,150,hybridpatch_v2,277,0.9977179169654846,0.9903828501701355,0.9867045283317566,0.9913833141326904
长寿命,MATR_b3c7,1836.0,150,hybridpatch_v2,278,0.9976740479469299,0.9903247356414795,0.9866242408752441,0.9913281202316284
长寿命,MATR_b3c7,1836.0,150,hybridpatch_v2,279,0.997654139995575,0.990266740322113,0.986544132232666,0.9912729263305664
长寿命,MATR_b3c7,1836.0,150,hybridpatch_v2,280,0.9976032376289368,0.9902088046073914,0.9864640831947327,0.991217851638794
长寿命,MATR_b3c7,1836.0,150,hybridpatch_v2,281,0.9974864721298218,0.9901509881019592,0.9863840937614441,0.9911627769470215
长寿命,MATR_b3c7,1836.0,150,hybridpatch_v2,282,0.9974040389060974,0.9900932312011719,0.9863042831420898,0.9911077618598938
长寿命,MATR_b3c7,1836.0,150,hybridpatch_v2,283,0.9974496960639954,0.9900354743003845,0.9862245321273804,0.9910528659820557
长寿命,MATR_b3c7,1836.0,150,hybridpatch_v2,284,0.997380793094635,0.9899778962135315,0.9861449003219604,0.9909979701042175
长寿命,MATR_b3c7,1836.0,150,hybridpatch_v2,285,0.9974418878555298,0.9899203181266785,0.9860653281211853,0.9909431338310242
长寿命,MATR_b3c7,1836.0,150,hybridpatch_v2,286,0.9973725080490112,0.989862859249115,0.9859858751296997,0.9908883571624756
长寿命,MATR_b3c7,1836.0,150,hybridpatch_v2,287,0.9974308013916016,0.9898054003715515,0.9859065413475037,0.9908336400985718
长寿命,MATR_b3c7,1836.0,150,hybridpatch_v2,288,0.9973962306976318,0.9897480607032776,0.9858272671699524,0.9907789826393127
长寿命,MATR_b3c7,1836.0,150,hybridpatch_v2,289,0.9972531199455261,0.9896907806396484,0.9857481122016907,0.9907243847846985
长寿命,MATR_b3c7,1836.0,150,hybridpatch_v2,290,0.9972388744354248,0.9896336197853088,0.9856690168380737,0.9906697869300842
长寿命,MATR_b3c7,1836.0,150,hybridpatch_v2,291,0.9971632957458496,0.9895764589309692,0.9855900406837463,0.9906153082847595
长寿命,MATR_b3c7,1836.0,150,hybridpatch_v2,292,0.9970108866691589,0.9895194172859192,0.9855111241340637,0.9905608296394348
长寿命,MATR_b3c7,1836.0,150,hybridpatch_v2,293,0.9971339702606201,0.9894623756408691,0.9854323267936707,0.9905064105987549
长寿命,MATR_b3c7,1836.0,150,hybridpatch_v2,294,0.9970204830169678,0.9894054532051086,0.9853535890579224,0.9904520511627197
长寿命,MATR_b3c7,1836.0,150,hybridpatch_v2,295,0.9970455765724182,0.9893485903739929,0.9852749705314636,0.9903977513313293
长寿命,MATR_b3c7,1836.0,150,hybridpatch_v2,296,0.9970308542251587,0.989291787147522,0.9851964116096497,0.990343451499939
长寿命,MATR_b3c7,1836.0,150,hybridpatch_v2,297,0.9970982670783997,0.9892350435256958,0.9851179122924805,0.9902892112731934
长寿命,MATR_b3c7,1836.0,150,hybridpatch_v2,298,0.9970937371253967,0.9891783595085144,0.9850395321846008,0.9902350902557373
长寿命,MATR_b3c7,1836.0,150,hybridpatch_v2,299,0.9970720410346985,0.9891217350959778,0.9849612712860107,0.9901809692382812
长寿命,MATR_b3c7,1836.0,150,hybridpatch_v2,300,0.9970865845680237,0.9890651702880859,0.9848830103874207,0.9901268482208252
长寿命,MATR_b3c7,1836.0,150,hybridpatch_v2,301,0.9969592094421387,0.9890086650848389,0.9848048686981201,0.9900728464126587
长寿命,MATR_b3c7,1836.0,150,hybridpatch_v2,302,0.996951162815094,0.9889522194862366,0.9847268462181091,0.9900188446044922
长寿命,MATR_b3c7,1836.0,150,hybridpatch_v2,303,0.996792733669281,0.988895833492279,0.9846488833427429,0.9899649024009705
长寿命,MATR_b3c7,1836.0,150,hybridpatch_v2,304,0.9968430995941162,0.9888395071029663,0.9845709800720215,0.9899110198020935
长寿命,MATR_b3c7,1836.0,150,hybridpatch_v2,305,0.9968032240867615,0.9887832403182983,0.9844931364059448,0.9898571372032166
长寿命,MATR_b3c7,1836.0,150,hybridpatch_v2,306,0.9967195987701416,0.9887270331382751,0.9844154119491577,0.9898033142089844
长寿命,MATR_b3c7,1836.0,150,hybridpatch_v2,307,0.9966866374015808,0.9886708855628967,0.9843377470970154,0.989749550819397
长寿命,MATR_b3c7,1836.0,150,hybridpatch_v2,308,0.9966687560081482,0.9886147975921631,0.9842602014541626,0.9896958470344543
长寿命,MATR_b3c7,1836.0,150,hybridpatch_v2,309,0.9966655969619751,0.9885587692260742,0.9841826558113098,0.9896421432495117
长寿命,MATR_b3c7,1836.0,150,hybridpatch_v2,310,0.9967749118804932,0.9885028004646301,0.9841052293777466,0.9895884990692139
长寿命,MATR_b3c7,1836.0,150,hybridpatch_v2,311,0.9966797232627869,0.9884468913078308,0.9840278625488281,0.9895349144935608
长寿命,MATR_b3c7,1836.0,150,hybridpatch_v2,312,0.9954717755317688,0.9883910417556763,0.9839506149291992,0.9894813299179077
长寿命,MATR_b3c7,1836.0,150,hybridpatch_v2,313,0.9966034889221191,0.9883351922035217,0.9838734269142151,0.9894278049468994
长寿命,MATR_b3c7,1836.0,150,hybridpatch_v2,314,0.9965298175811768,0.9882794618606567,0.983796238899231,0.9893743395805359
长寿命,MATR_b3c7,1836.0,150,hybridpatch_v2,315,0.9965834617614746,0.9882237315177917,0.9837191700935364,0.9893209338188171
长寿命,MATR_b3c7,1836.0,150,hybridpatch_v2,316,0.9953603744506836,0.9881680607795715,0.9836422204971313,0.9892675280570984
长寿命,MATR_b3c7,1836.0,150,hybridpatch_v2,317,0.995337188243866,0.9881125092506409,0.9835652709007263,0.9892141819000244
长寿命,MATR_b3c7,1836.0,150,hybridpatch_v2,318,0.9964328408241272,0.9880569577217102,0.9834884405136108,0.9891608357429504
长寿命,MATR_b3c7,1836.0,150,hybridpatch_v2,319,0.9964318871498108,0.9880014657974243,0.9834116101264954,0.9891075491905212
长寿命,MATR_b3c7,1836.0,150,hybridpatch_v2,320,0.9964277744293213,0.9879459738731384,0.9833348989486694,0.9890543222427368
长寿命,MATR_b3c7,1836.0,150,hybridpatch_v2,321,0.9964693784713745,0.9878906011581421,0.9832582473754883,0.9890010952949524
长寿命,MATR_b3c7,1836.0,150,hybridpatch_v2,322,0.9963208436965942,0.9878352284431458,0.9831816554069519,0.9889479279518127
长寿命,MATR_b3c7,1836.0,150,hybridpatch_v2,323,0.9963136315345764,0.987779974937439,0.9831051826477051,0.9888948202133179
长寿命,MATR_b3c7,1836.0,150,hybridpatch_v2,324,0.9963102340698242,0.9877247214317322,0.9830287098884583,0.988841712474823
长寿命,MATR_b3c7,1836.0,150,hybridpatch_v2,325,0.9962838292121887,0.9876695275306702,0.9829522967338562,0.9887886643409729
长寿命,MATR_b3c7,1836.0,150,hybridpatch_v2,326,0.9962977170944214,0.9876143932342529,0.9828760027885437,0.9887356758117676
长寿命,MATR_b3c7,1836.0,150,hybridpatch_v2,327,0.9963629245758057,0.9875592589378357,0.982799768447876,0.9886826872825623
长寿命,MATR_b3c7,1836.0,150,hybridpatch_v2,328,0.9962931871414185,0.987504243850708,0.9827235341072083,0.9886296987533569
长寿命,MATR_b3c7,1836.0,150,hybridpatch_v2,329,0.9959053993225098,0.9874492287635803,0.9826474189758301,0.9885768294334412
长寿命,MATR_b3c7,1836.0,150,hybridpatch_v2,330,0.9961315989494324,0.9873942732810974,0.9825713634490967,0.9885239601135254
长寿命,MATR_b3c7,1836.0,150,hybridpatch_v2,331,0.9961401224136353,0.9873393177986145,0.9824953675270081,0.9884710907936096
长寿命,MATR_b3c7,1836.0,150,hybridpatch_v2,332,0.9961612820625305,0.9872844815254211,0.9824194312095642,0.9884182810783386
长寿命,MATR_b3c7,1836.0,150,hybridpatch_v2,333,0.996063768863678,0.9872296452522278,0.9823435544967651,0.9883655309677124
长寿命,MATR_b3c7,1836.0,150,hybridpatch_v2,334,0.9960979223251343,0.9871748685836792,0.9822677373886108,0.9883127808570862
长寿命,MATR_b3c7,1836.0,150,hybridpatch_v2,335,0.9949082732200623,0.9871201515197754,0.9821919798851013,0.9882600903511047
长寿命,MATR_b3c7,1836.0,150,hybridpatch_v2,336,0.996000349521637,0.9870654344558716,0.9821162819862366,0.9882073998451233
长寿命,MATR_b3c7,1836.0,150,hybridpatch_v2,337,0.9959929585456848,0.9870108366012573,0.9820406436920166,0.9881547689437866
长寿命,MATR_b3c7,1836.0,150,hybridpatch_v2,338,0.9958553314208984,0.9869562387466431,0.9819650650024414,0.98810213804245
长寿命,MATR_b3c7,1836.0,150,hybridpatch_v2,339,0.9959520697593689,0.9869016408920288,0.9818894863128662,0.9880495667457581
长寿命,MATR_b3c7,1836.0,150,hybridpatch_v2,340,0.9959601163864136,0.9868471622467041,0.9818140268325806,0.9879970550537109
长寿命,MATR_b3c7,1836.0,150,hybridpatch_v2,341,0.9958486557006836,0.9867926836013794,0.9817386269569397,0.9879445433616638
长寿命,MATR_b3c7,1836.0,150,hybridpatch_v2,342,0.9958875775337219,0.9867382645606995,0.9816632866859436,0.9878920912742615
长寿命,MATR_b3c7,1836.0,150,hybridpatch_v2,343,0.9957854151725769,0.9866838455200195,0.9815880060195923,0.9878396391868591
长寿命,MATR_b3c7,1836.0,150,hybridpatch_v2,344,0.9958385825157166,0.9866295456886292,0.9815127849578857,0.9877871870994568
长寿命,MATR_b3c7,1836.0,150,hybridpatch_v2,345,0.9957669973373413,0.9865752458572388,0.9814375638961792,0.987734854221344
长寿命,MATR_b3c7,1836.0,150,hybridpatch_v2,346,0.9956570863723755,0.9865209460258484,0.9813624620437622,0.9876824617385864
长寿命,MATR_b3c7,1836.0,150,hybridpatch_v2,347,0.9957073926925659,0.9864667654037476,0.9812873601913452,0.9876301884651184
长寿命,MATR_b3c7,1836.0,150,hybridpatch_v2,348,0.9956561326980591,0.9864125847816467,0.9812123775482178,0.9875778555870056
长寿命,MATR_b3c7,1836.0,150,hybridpatch_v2,349,0.9956340193748474,0.9863584041595459,0.9811373949050903,0.9875256419181824
长寿命,MATR_b3c7,1836.0,150,hybridpatch_v2,350,0.9956701397895813,0.9863043427467346,0.9810624718666077,0.9874733686447144
长寿命,MATR_b3c7,1836.0,150,hybridpatch_v2,351,0.9956211447715759,0.9862502813339233,0.9809876084327698,0.9874212145805359
长寿命,MATR_b3c7,1836.0,150,hybridpatch_v2,352,0.9956486225128174,0.9861962199211121,0.9809128046035767,0.9873690009117126
长寿命,MATR_b3c7,1836.0,150,hybridpatch_v2,353,0.9956694841384888,0.9861422777175903,0.9808380603790283,0.987316906452179
长寿命,MATR_b3c7,1836.0,150,hybridpatch_v2,354,0.9956930875778198,0.9860883355140686,0.9807633757591248,0.9872647523880005
长寿命,MATR_b3c7,1836.0,150,hybridpatch_v2,355,0.9956308603286743,0.9860343933105469,0.980688750743866,0.9872127175331116
长寿命,MATR_b3c7,1836.0,150,hybridpatch_v2,356,0.9956911206245422,0.9859805703163147,0.9806141257286072,0.9871606230735779
长寿命,MATR_b3c7,1836.0,150,hybridpatch_v2,357,0.9956716299057007,0.9859267473220825,0.9805396199226379,0.9871086478233337
长寿命,MATR_b3c7,1836.0,150,hybridpatch_v2,358,0.9955962300300598,0.9858729243278503,0.9804651141166687,0.9870566129684448
长寿命,MATR_b3c7,1836.0,150,hybridpatch_v2,359,0.9955486059188843,0.9858191609382629,0.9803906679153442,0.9870046377182007
长寿命,MATR_b3c7,1836.0,150,hybridpatch_v2,360,0.995467483997345,0.9857654571533203,0.9803162813186646,0.9869527220726013
长寿命,MATR_b3c7,1836.0,150,hybridpatch_v2,361,0.9954934120178223,0.9857118129730225,0.9802418947219849,0.986900806427002
长寿命,MATR_b3c7,1836.0,150,hybridpatch_v2,362,0.9954720139503479,0.9856581687927246,0.9801676273345947,0.9868489503860474
长寿命,MATR_b3c7,1836.0,150,hybridpatch_v2,363,0.9954689741134644,0.9856045246124268,0.9800933599472046,0.9867970943450928
长寿命,MATR_b3c7,1836.0,150,hybridpatch_v2,364,0.9953640103340149,0.9855509996414185,0.9800191521644592,0.9867452383041382
长寿命,MATR_b3c7,1836.0,150,hybridpatch_v2,365,0.9953975081443787,0.9854974150657654,0.9799450039863586,0.9866934418678284
长寿命,MATR_b3c7,1836.0,150,hybridpatch_v2,366,0.9952359199523926,0.9854439496994019,0.9798709154129028,0.9866417050361633
长寿命,MATR_b3c7,1836.0,150,hybridpatch_v2,367,0.9953091740608215,0.9853904843330383,0.9797968864440918,0.9865899085998535
长寿命,MATR_b3c7,1836.0,150,hybridpatch_v2,368,0.9941121339797974,0.9853370785713196,0.9797228574752808,0.9865382313728333
长寿命,MATR_b3c7,1836.0,150,hybridpatch_v2,369,0.9952260255813599,0.9852836728096008,0.9796488881111145,0.9864864945411682
长寿命,MATR_b3c7,1836.0,150,hybridpatch_v2,370,0.9952501654624939,0.9852303266525269,0.979574978351593,0.9864348769187927
长寿命,MATR_b3c7,1836.0,150,hybridpatch_v2,371,0.9951309561729431,0.9851769804954529,0.9795011281967163,0.9863831996917725
长寿命,MATR_b3c7,1836.0,150,hybridpatch_v2,372,0.9951485395431519,0.9851236939430237,0.9794272780418396,0.986331582069397
长寿命,MATR_b3c7,1836.0,150,hybridpatch_v2,373,0.9950738549232483,0.9850704073905945,0.9793534874916077,0.9862800240516663
长寿命,MATR_b3c7,1836.0,150,hybridpatch_v2,374,0.9939302206039429,0.9850171804428101,0.9792797565460205,0.9862284064292908
长寿命,MATR_b3c7,1836.0,150,hybridpatch_v2,375,0.9949214458465576,0.9849640130996704,0.9792060852050781,0.9861769080162048
长寿命,MATR_b3c7,1836.0,150,hybridpatch_v2,376,0.9948687553405762,0.9849108457565308,0.9791324734687805,0.9861253499984741
长寿命,MATR_b3c7,1836.0,150,hybridpatch_v2,377,0.9948903918266296,0.9848577380180359,0.9790588617324829,0.986073911190033
长寿命,MATR_b3c7,1836.0,150,hybridpatch_v2,378,0.9948847889900208,0.984804630279541,0.9789853096008301,0.986022412776947
长寿命,MATR_b3c7,1836.0,150,hybridpatch_v2,379,0.9948410987854004,0.9847515821456909,0.978911817073822,0.9859709739685059
长寿命,MATR_b3c7,1836.0,150,hybridpatch_v2,380,0.9948815703392029,0.9846985936164856,0.978838324546814,0.9859195947647095
长寿命,MATR_b3c7,1836.0,150,hybridpatch_v2,381,0.9948746562004089,0.9846456050872803,0.9787648916244507,0.9858681559562683
长寿命,MATR_b3c7,1836.0,150,hybridpatch_v2,382,0.9949198365211487,0.984592616558075,0.9786915183067322,0.9858168363571167
长寿命,MATR_b3c7,1836.0,150,hybridpatch_v2,383,0.9948447346687317,0.9845396876335144,0.9786182045936584,0.9857654571533203
长寿命,MATR_b3c7,1836.0,150,hybridpatch_v2,384,0.9948468804359436,0.9844868183135986,0.9785448908805847,0.9857141375541687
长寿命,MATR_b3c7,1836.0,150,hybridpatch_v2,385,0.9948555827140808,0.9844339489936829,0.9784716367721558,0.9856628179550171
长寿命,MATR_b3c7,1836.0,150,hybridpatch_v2,386,0.9948042035102844,0.9843810796737671,0.9783984422683716,0.9856115579605103
长寿命,MATR_b3c7,1836.0,150,hybridpatch_v2,387,0.9947813749313354,0.9843282699584961,0.9783252477645874,0.9855602979660034
长寿命,MATR_b3c7,1836.0,150,hybridpatch_v2,388,0.994767427444458,0.9842755198478699,0.978252112865448,0.9855090975761414
长寿命,MATR_b3c7,1836.0,150,hybridpatch_v2,389,0.9947516322135925,0.9842227697372437,0.9781790375709534,0.9854578971862793
长寿命,MATR_b3c7,1836.0,150,hybridpatch_v2,390,0.9911983609199524,0.9841700792312622,0.9781060218811035,0.9854066967964172
长寿命,MATR_b3c7,1836.0,150,hybridpatch_v2,391,0.9946215748786926,0.9841173887252808,0.9780330061912537,0.9853555560112
长寿命,MATR_b3c7,1836.0,150,hybridpatch_v2,392,0.9945516586303711,0.9840647578239441,0.9779600501060486,0.9853044152259827
长寿命,MATR_b3c7,1836.0,150,hybridpatch_v2,393,0.9945520758628845,0.9840121269226074,0.9778870940208435,0.9852533340454102
长寿命,MATR_b3c7,1836.0,150,hybridpatch_v2,394,0.9944861531257629,0.9839594960212708,0.9778141975402832,0.9852022528648376
长寿命,MATR_b3c7,1836.0,150,hybridpatch_v2,395,0.993333637714386,0.9839069247245789,0.9777413606643677,0.9851511716842651
长寿命,MATR_b3c7,1836.0,150,hybridpatch_v2,396,0.9944263696670532,0.9838544130325317,0.9776685833930969,0.9851000905036926
长寿命,MATR_b3c7,1836.0,150,hybridpatch_v2,397,0.9944302439689636,0.9838019013404846,0.9775958061218262,0.9850490689277649
长寿命,MATR_b3c7,1836.0,150,hybridpatch_v2,398,0.9943906664848328,0.9837494492530823,0.9775230884552002,0.9849981069564819
长寿命,MATR_b3c7,1836.0,150,hybridpatch_v2,399,0.9944296479225159,0.9836969971656799,0.9774503707885742,0.9849470853805542
长寿命,MATR_b3c7,1836.0,150,hybridpatch_v2,400,0.9943761229515076,0.9836445450782776,0.977377712726593,0.9848961234092712
长寿命,MATR_b3c7,1836.0,150,hybridpatch_v2,401,0.9942559003829956,0.9835922122001648,0.9773051142692566,0.9848452210426331
长寿命,MATR_b3c7,1836.0,150,hybridpatch_v2,402,0.9942351579666138,0.9835398197174072,0.9772325158119202,0.9847943186759949
长寿命,MATR_b3c7,1836.0,150,hybridpatch_v2,403,0.9942384958267212,0.9834874868392944,0.9771599769592285,0.9847434163093567
长寿命,MATR_b3c7,1836.0,150,hybridpatch_v2,404,0.9942135214805603,0.9834351539611816,0.9770874977111816,0.9846925139427185
长寿命,MATR_b3c7,1836.0,150,hybridpatch_v2,405,0.9941419363021851,0.9833828806877136,0.9770150184631348,0.9846416711807251
长寿命,MATR_b3c7,1836.0,150,hybridpatch_v2,406,0.9940736293792725,0.9833306670188904,0.9769425988197327,0.9845908284187317
长寿命,MATR_b3c7,1836.0,150,hybridpatch_v2,407,0.9940167665481567,0.9832784533500671,0.9768702387809753,0.9845400452613831
长寿命,MATR_b3c7,1836.0,150,hybridpatch_v2,408,0.9939165711402893,0.9832262396812439,0.976797878742218,0.9844892621040344
长寿命,MATR_b3c7,1836.0,150,hybridpatch_v2,409,0.9939435124397278,0.9831740856170654,0.9767255783081055,0.9844384789466858
长寿命,MATR_b3c7,1836.0,150,hybridpatch_v2,410,0.9940126538276672,0.983121931552887,0.9766532778739929,0.9843877553939819
长寿命,MATR_b3c7,1836.0,150,hybridpatch_v2,411,0.9940381646156311,0.9830698370933533,0.9765810370445251,0.9843370318412781
长寿命,MATR_b3c7,1836.0,150,hybridpatch_v2,412,0.9940338134765625,0.9830177426338196,0.9765087962150574,0.9842863082885742
长寿命,MATR_b3c7,1836.0,150,hybridpatch_v2,413,0.9939325451850891,0.9829656481742859,0.9764366745948792,0.9842356443405151
长寿命,MATR_b3c7,1836.0,150,hybridpatch_v2,414,0.9939479827880859,0.982913613319397,0.9763644933700562,0.984184980392456
长寿命,MATR_b3c7,1836.0,150,hybridpatch_v2,415,0.9927823543548584,0.9828616380691528,0.9762924313545227,0.984134316444397
长寿命,MATR_b3c7,1836.0,150,hybridpatch_v2,416,0.993904173374176,0.9828096628189087,0.9762203693389893,0.9840836524963379
长寿命,MATR_b3c7,1836.0,150,hybridpatch_v2,417,0.9938916563987732,0.9827576875686646,0.9761483073234558,0.9840330481529236
长寿命,MATR_b3c7,1836.0,150,hybridpatch_v2,418,0.9938780069351196,0.9827057719230652,0.9760763049125671,0.983982503414154
长寿命,MATR_b3c7,1836.0,150,hybridpatch_v2,419,0.9938125014305115,0.9826538562774658,0.9760043621063232,0.9839318990707397
长寿命,MATR_b3c7,1836.0,150,hybridpatch_v2,420,0.9938037991523743,0.9826019406318665,0.9759324193000793,0.9838813543319702
长寿命,MATR_b3c7,1836.0,150,hybridpatch_v2,421,0.9936563372612,0.9825500845909119,0.9758605360984802,0.9838308095932007
长寿命,MATR_b3c7,1836.0,150,hybridpatch_v2,422,0.9925715327262878,0.982498288154602,0.9757886528968811,0.9837803244590759
长寿命,MATR_b3c7,1836.0,150,hybridpatch_v2,423,0.9936845898628235,0.9824464917182922,0.9757168292999268,0.9837298393249512
长寿命,MATR_b3c7,1836.0,150,hybridpatch_v2,424,0.9936977028846741,0.9823946952819824,0.9756450653076172,0.9836793541908264
长寿命,MATR_b3c7,1836.0,150,hybridpatch_v2,425,0.9936121106147766,0.9823429584503174,0.9755733013153076,0.9836288690567017
长寿命,MATR_b3c7,1836.0,150,hybridpatch_v2,426,0.9936295747756958,0.9822912216186523,0.975501537322998,0.9835784435272217
长寿命,MATR_b3c7,1836.0,150,hybridpatch_v2,427,0.9936388731002808,0.9822394847869873,0.9754298329353333,0.9835280179977417
长寿命,MATR_b3c7,1836.0,150,hybridpatch_v2,428,0.9924399852752686,0.982187807559967,0.9753581881523132,0.9834776520729065
长寿命,MATR_b3c7,1836.0,150,hybridpatch_v2,429,0.993568480014801,0.9821361303329468,0.9752865433692932,0.9834272861480713
长寿命,MATR_b3c7,1836.0,150,hybridpatch_v2,430,0.9934120774269104,0.9820845127105713,0.975214958190918,0.9833769202232361
长寿命,MATR_b3c7,1836.0,150,hybridpatch_v2,431,0.9935007691383362,0.9820328950881958,0.9751434326171875,0.9833265542984009
长寿命,MATR_b3c7,1836.0,150,hybridpatch_v2,432,0.9933812618255615,0.9819813370704651,0.9750718474388123,0.9832762479782104
长寿命,MATR_b3c7,1836.0,150,hybridpatch_v2,433,0.9932976365089417,0.9819297790527344,0.9750003814697266,0.98322594165802
长寿命,MATR_b3c7,1836.0,150,hybridpatch_v2,434,0.9932330846786499,0.9818782210350037,0.9749289155006409,0.9831756353378296
长寿命,MATR_b3c7,1836.0,150,hybridpatch_v2,435,0.993224561214447,0.9818267226219177,0.9748574495315552,0.9831253886222839
长寿命,MATR_b3c7,1836.0,150,hybridpatch_v2,436,0.993093729019165,0.9817752242088318,0.9747860431671143,0.9830750823020935
长寿命,MATR_b3c7,1836.0,150,hybridpatch_v2,437,0.9931886792182922,0.9817237257957458,0.9747146964073181,0.9830248951911926
长寿命,MATR_b3c7,1836.0,150,hybridpatch_v2,438,0.9929479360580444,0.9816722869873047,0.974643349647522,0.982974648475647
长寿命,MATR_b3c7,1836.0,150,hybridpatch_v2,439,0.992947518825531,0.9816209077835083,0.9745720028877258,0.9829244613647461
长寿命,MATR_b3c7,1836.0,150,hybridpatch_v2,440,0.9928578734397888,0.9815694689750671,0.9745007753372192,0.9828742742538452
长寿命,MATR_b3c7,1836.0,150,hybridpatch_v2,441,0.9928868412971497,0.9815180897712708,0.9744294881820679,0.9828240871429443
长寿命,MATR_b3c7,1836.0,150,hybridpatch_v2,442,0.9930199980735779,0.9814667701721191,0.9743582606315613,0.9827739596366882
长寿命,MATR_b3c7,1836.0,150,hybridpatch_v2,443,0.9929997324943542,0.9814152717590332,0.9742870926856995,0.9827238321304321
长寿命,MATR_b3c7,1836.0,150,hybridpatch_v2,444,0.993050217628479,0.9813589453697205,0.9742159247398376,0.982673704624176
长寿命,MATR_b3c7,1836.0,150,hybridpatch_v2,445,0.9930129647254944,0.9812953472137451,0.9741448163986206,0.9826235771179199
长寿命,MATR_b3c7,1836.0,150,hybridpatch_v2,446,0.9930165410041809,0.981224536895752,0.9740737080574036,0.9825735092163086
长寿命,MATR_b3c7,1836.0,150,hybridpatch_v2,447,0.9929755926132202,0.981146514415741,0.9740025997161865,0.9825234413146973
长寿命,MATR_b3c7,1836.0,150,hybridpatch_v2,448,0.9929884076118469,0.9810612201690674,0.973931610584259,0.9824734330177307
长寿命,MATR_b3c7,1836.0,150,hybridpatch_v2,449,0.9918387532234192,0.9809687733650208,0.9738605618476868,0.9824233651161194
长寿命,MATR_b3c7,1836.0,150,hybridpatch_v2,450,0.9928615093231201,0.9808689951896667,0.9737895727157593,0.9823733568191528
长寿命,MATR_b3c7,1836.0,150,hybridpatch_v2,451,0.9928010702133179,0.9807180166244507,0.9737186431884766,0.9823233485221863
长寿命,MATR_b3c7,1836.0,150,hybridpatch_v2,452,0.9928563833236694,0.9805412292480469,0.9736477136611938,0.9822733998298645
长寿命,MATR_b3c7,1836.0,150,hybridpatch_v2,453,0.9927544593811035,0.9803577661514282,0.9735768437385559,0.982223391532898
长寿命,MATR_b3c7,1836.0,150,hybridpatch_v2,454,0.992764413356781,0.9801675081253052,0.973505973815918,0.9821734428405762
长寿命,MATR_b3c7,1836.0,150,hybridpatch_v2,455,0.9928107261657715,0.9799705743789673,0.97343510389328,0.9821235537528992
长寿命,MATR_b3c7,1836.0,150,hybridpatch_v2,456,0.9927051663398743,0.9797669053077698,0.9733636975288391,0.9820736050605774
长寿命,MATR_b3c7,1836.0,150,hybridpatch_v2,457,0.9926117062568665,0.9795564413070679,0.9732828736305237,0.9820237159729004
长寿命,MATR_b3c7,1836.0,150,hybridpatch_v2,458,0.9926378726959229,0.9793393015861511,0.9731898903846741,0.9819738268852234
长寿命,MATR_b3c7,1836.0,150,hybridpatch_v2,459,0.9925956130027771,0.97911536693573,0.9730846881866455,0.9819239377975464
长寿命,MATR_b3c7,1836.0,150,hybridpatch_v2,460,0.9914155602455139,0.978884756565094,0.9729673266410828,0.9818741083145142
长寿命,MATR_b3c7,1836.0,150,hybridpatch_v2,461,0.9923476576805115,0.9787383079528809,0.9728376865386963,0.9818242788314819
长寿命,MATR_b3c7,1836.0,150,hybridpatch_v2,462,0.9925386309623718,0.9786303639411926,0.9726958870887756,0.9817744493484497
长寿命,MATR_b3c7,1836.0,150,hybridpatch_v2,463,0.9924281239509583,0.9785189032554626,0.9725419282913208,0.9817246198654175
长寿命,MATR_b3c7,1836.0,150,hybridpatch_v2,464,0.9923375248908997,0.9784038662910461,0.9723756909370422,0.98167484998703
长寿命,MATR_b3c7,1836.0,150,hybridpatch_v2,465,0.9923689961433411,0.9782853126525879,0.9721972942352295,0.981624960899353
长寿命,MATR_b3c7,1836.0,150,hybridpatch_v2,466,0.9922559261322021,0.9781631231307983,0.972006618976593,0.9815709590911865
长寿命,MATR_b3c7,1836.0,150,hybridpatch_v2,467,0.9922816753387451,0.978037416934967,0.9718037843704224,0.9815104603767395
长寿命,MATR_b3c7,1836.0,150,hybridpatch_v2,468,0.9923087358474731,0.9778370261192322,0.9715887904167175,0.9814435839653015
长寿命,MATR_b3c7,1836.0,150,hybridpatch_v2,469,0.9922592043876648,0.9775998592376709,0.971361517906189,0.9813702702522278
长寿命,MATR_b3c7,1836.0,150,hybridpatch_v2,470,0.9922304153442383,0.9773554801940918,0.9711220860481262,0.9812905192375183
长寿命,MATR_b3c7,1836.0,150,hybridpatch_v2,471,0.9920695424079895,0.9771038293838501,0.9708704352378845,0.9812043309211731
长寿命,MATR_b3c7,1836.0,150,hybridpatch_v2,472,0.9920573234558105,0.9768449664115906,0.9706065654754639,0.9811117053031921
长寿命,MATR_b3c7,1836.0,150,hybridpatch_v2,473,0.9920337200164795,0.9765788316726685,0.970330536365509,0.9810127019882202
长寿命,MATR_b3c7,1836.0,150,hybridpatch_v2,474,0.9921280741691589,0.9763055443763733,0.9700422286987305,0.9809072017669678
长寿命,MATR_b3c7,1836.0,150,hybridpatch_v2,475,0.9920907020568848,0.9760249853134155,0.9697417616844177,0.9807953238487244
长寿命,MATR_b3c7,1836.0,150,hybridpatch_v2,476,0.992024302482605,0.9757371544837952,0.969429075717926,0.9806769490242004
长寿命,MATR_b3c7,1836.0,150,hybridpatch_v2,477,0.991978645324707,0.975442111492157,0.9691042304039001,0.9805521965026855
长寿命,MATR_b3c7,1836.0,150,hybridpatch_v2,478,0.9920170903205872,0.975139856338501,0.9687671065330505,0.9804210066795349
长寿命,MATR_b3c7,1836.0,150,hybridpatch_v2,479,0.9919755458831787,0.9748303294181824,0.9684178233146667,0.9802833795547485
长寿命,MATR_b3c7,1836.0,150,hybridpatch_v2,480,0.9918343424797058,0.974513590335846,0.968056321144104,0.9801393747329712
长寿命,MATR_b3c7,1836.0,150,hybridpatch_v2,481,0.9918348789215088,0.9741896390914917,0.9676826000213623,0.9799888730049133
长寿命,MATR_b3c7,1836.0,150,hybridpatch_v2,482,0.9917980432510376,0.9738584160804749,0.9672966599464417,0.9798319935798645
长寿命,MATR_b3c7,1836.0,150,hybridpatch_v2,483,0.9917389750480652,0.9735199809074402,0.9668985605239868,0.9796686172485352
长寿命,MATR_b3c7,1836.0,150,hybridpatch_v2,484,0.9917049407958984,0.9731742739677429,0.9664881825447083,0.9794988632202148
长寿命,MATR_b3c7,1836.0,150,hybridpatch_v2,485,0.991690456867218,0.9728214144706726,0.9660657048225403,0.9793226718902588
长寿命,MATR_b3c7,1836.0,150,hybridpatch_v2,486,0.9916645288467407,0.9724612236022949,0.9656309485435486,0.979140043258667
长寿命,MATR_b3c7,1836.0,150,hybridpatch_v2,487,0.9916190505027771,0.9720938801765442,0.9651839733123779,0.9789509773254395
长寿命,MATR_b3c7,1836.0,150,hybridpatch_v2,488,0.9904260039329529,0.9717192053794861,0.9647247791290283,0.9787554740905762
长寿命,MATR_b3c7,1836.0,150,hybridpatch_v2,489,0.9915104508399963,0.9713373780250549,0.9642534255981445,0.9785535335540771
长寿命,MATR_b3c7,1836.0,150,hybridpatch_v2,490,0.9914160966873169,0.9709482789039612,0.9637698531150818,0.9783452153205872
长寿命,MATR_b3c7,1836.0,150,hybridpatch_v2,491,0.9913405179977417,0.9705519676208496,0.9632740616798401,0.9781304001808167
长寿命,MATR_b3c7,1836.0,150,hybridpatch_v2,492,0.9912810921669006,0.9701483845710754,0.9627660512924194,0.9779092073440552
长寿命,MATR_b3c7,1836.0,150,hybridpatch_v2,493,0.9912983179092407,0.9697375893592834,0.9622458815574646,0.977681577205658
长寿命,MATR_b3c7,1836.0,150,hybridpatch_v2,494,0.9911726713180542,0.9693195223808289,0.961713433265686,0.977447509765625
长寿命,MATR_b3c7,1836.0,150,hybridpatch_v2,495,0.991138756275177,0.9688943028450012,0.9611688256263733,0.9772070050239563
长寿命,MATR_b3c7,1836.0,150,hybridpatch_v2,496,0.9911313056945801,0.9684617519378662,0.9606119990348816,0.9769600629806519
长寿命,MATR_b3c7,1836.0,150,hybridpatch_v2,497,0.9910563230514526,0.9680220484733582,0.9600429534912109,0.9767066836357117
长寿命,MATR_b3c7,1836.0,150,hybridpatch_v2,498,0.9909933805465698,0.9675750732421875,0.9594617486000061,0.9764468669891357
长寿命,MATR_b3c7,1836.0,150,hybridpatch_v2,499,0.9908687472343445,0.9671208262443542,0.9588682651519775,0.9761806726455688
长寿命,MATR_b3c7,1836.0,150,hybridpatch_v2,500,0.9897864460945129,0.9666593670845032,0.9582626223564148,0.9759079813957214
低误差,MATR_b3c11,817.0,20,current_hybrid,21,1.0014375448226929,1.0008537769317627,1.000749111175537,1.0009695291519165
低误差,MATR_b3c11,817.0,20,current_hybrid,22,1.001404047012329,1.0005680322647095,1.0004208087921143,1.0007307529449463
低误差,MATR_b3c11,817.0,20,current_hybrid,23,1.0013930797576904,1.000337839126587,1.000158429145813,1.0005364418029785
低误差,MATR_b3c11,817.0,20,current_hybrid,24,1.0013501644134521,1.0001366138458252,0.999930202960968,1.0003652572631836
低误差,MATR_b3c11,817.0,20,current_hybrid,25,1.001373291015625,0.9999538064002991,0.9997237920761108,1.0002084970474243
低误差,MATR_b3c11,817.0,20,current_hybrid,26,1.0013757944107056,0.9997840523719788,0.9995328187942505,1.0000624656677246
低误差,MATR_b3c11,817.0,20,current_hybrid,27,1.0013892650604248,0.9996242523193359,0.9993535876274109,0.9999241828918457
低误差,MATR_b3c11,817.0,20,current_hybrid,28,1.0014457702636719,0.9994723200798035,0.9991836547851562,0.999792218208313
低误差,MATR_b3c11,817.0,20,current_hybrid,29,1.0013982057571411,0.9993267059326172,0.9990213513374329,0.9996653199195862
低误差,MATR_b3c11,817.0,20,current_hybrid,30,1.0013986825942993,0.9991865754127502,0.9988654255867004,0.999542772769928
低误差,MATR_b3c11,817.0,20,current_hybrid,31,1.0013242959976196,0.9990509748458862,0.9987148642539978,0.9994238615036011
低误差,MATR_b3c11,817.0,20,current_hybrid,32,1.0013185739517212,0.9989193677902222,0.9985690116882324,0.9993081092834473
低误差,MATR_b3c11,817.0,20,current_hybrid,33,1.00141441822052,0.9987912178039551,0.9984272718429565,0.9991951584815979
低误差,MATR_b3c11,817.0,20,current_hybrid,34,1.0013824701309204,0.9986661672592163,0.9982892274856567,0.9990846514701843
低误差,MATR_b3c11,817.0,20,current_hybrid,35,1.0012729167938232,0.9985438585281372,0.9981544613838196,0.9989763498306274
低误差,MATR_b3c11,817.0,20,current_hybrid,36,1.0012761354446411,0.9984241127967834,0.9980225563049316,0.9988700747489929
低误差,MATR_b3c11,817.0,20,current_hybrid,37,1.001257061958313,0.9983065724372864,0.9978934526443481,0.9987655282020569
低误差,MATR_b3c11,817.0,20,current_hybrid,38,1.0012606382369995,0.9981910586357117,0.9977667331695557,0.9986626505851746
低误差,MATR_b3c11,817.0,20,current_hybrid,40,1.0011683702468872,0.9979656934738159,0.9975197911262512,0.9984613656997681
低误差,MATR_b3c11,817.0,20,current_hybrid,41,1.0011390447616577,0.9978554844856262,0.9973993301391602,0.9983627200126648
低误差,MATR_b3c11,817.0,20,current_hybrid,42,1.0010877847671509,0.9977468252182007,0.9972805976867676,0.998265266418457
低误差,MATR_b3c11,817.0,20,current_hybrid,43,1.0010271072387695,0.9976394772529602,0.9971635341644287,0.9981688857078552
低误差,MATR_b3c11,817.0,20,current_hybrid,44,1.0011347532272339,0.9975335001945496,0.997048020362854,0.9980735778808594
低误差,MATR_b3c11,817.0,20,current_hybrid,45,1.0011707544326782,0.9974287152290344,0.9969339370727539,0.9979792833328247
低误差,MATR_b3c11,817.0,20,current_hybrid,46,1.0011212825775146,0.9973251223564148,0.9968212842941284,0.9978858828544617
低误差,MATR_b3c11,817.0,20,current_hybrid,47,1.0010442733764648,0.9972226023674011,0.9967098832130432,0.9977933764457703
低误差,MATR_b3c11,817.0,20,current_hybrid,48,1.0010486841201782,0.9971211552619934,0.9965997338294983,0.9977016448974609
低误差,MATR_b3c11,817.0,20,current_hybrid,49,1.0010812282562256,0.9970206618309021,0.9964906573295593,0.9976107478141785
低误差,MATR_b3c11,817.0,20,current_hybrid,50,1.0010932683944702,0.9969210028648376,0.9963827729225159,0.9975205659866333
低误差,MATR_b3c11,817.0,20,current_hybrid,51,1.001058578491211,0.9968222975730896,0.9962759017944336,0.9974310994148254
低误差,MATR_b3c11,817.0,20,current_hybrid,52,1.001037359237671,0.9967244863510132,0.9961699843406677,0.9973422884941101
低误差,MATR_b3c11,817.0,20,current_hybrid,53,1.0010045766830444,0.9966273903846741,0.996065080165863,0.9972541332244873
低误差,MATR_b3c11,817.0,20,current_hybrid,54,1.0009727478027344,0.9965311288833618,0.9959610104560852,0.9971665740013123
低误差,MATR_b3c11,817.0,20,current_hybrid,55,1.0009124279022217,0.9964355230331421,0.995857834815979,0.997079610824585
低误差,MATR_b3c11,817.0,20,current_hybrid,56,1.0009223222732544,0.9963406920433044,0.9957554936408997,0.9969931840896606
低误差,MATR_b3c11,817.0,20,current_hybrid,57,1.000921368598938,0.9962464570999146,0.9956538677215576,0.9969072937965393
低误差,MATR_b3c11,817.0,20,current_hybrid,58,1.0008659362792969,0.996152937412262,0.9955531358718872,0.9968218803405762
低误差,MATR_b3c11,817.0,20,current_hybrid,59,1.0008339881896973,0.9960600137710571,0.9954530000686646,0.996737003326416
低误差,MATR_b3c11,817.0,20,current_hybrid,60,1.0008350610733032,0.9959676265716553,0.9953536987304688,0.9966526031494141
低误差,MATR_b3c11,817.0,20,current_hybrid,61,1.0007095336914062,0.995875895023346,0.9952549934387207,0.9965686798095703
低误差,MATR_b3c11,817.0,20,current_hybrid,62,1.0007357597351074,0.9957846403121948,0.9951569437980652,0.99648517370224
低误差,MATR_b3c11,817.0,20,current_hybrid,63,1.0006507635116577,0.9956939220428467,0.9950595498085022,0.9964020252227783
低误差,MATR_b3c11,817.0,20,current_hybrid,64,1.0006415843963623,0.9956037402153015,0.9949626922607422,0.9963193535804749
低误差,MATR_b3c11,817.0,20,current_hybrid,65,1.0005319118499756,0.9955140948295593,0.9948665499687195,0.9962370991706848
低误差,MATR_b3c11,817.0,20,current_hybrid,66,1.0004955530166626,0.9954248070716858,0.9947708249092102,0.9961552023887634
低误差,MATR_b3c11,817.0,20,current_hybrid,67,1.0005038976669312,0.9953360557556152,0.9946757555007935,0.9960736632347107
低误差,MATR_b3c11,817.0,20,current_hybrid,68,1.0005627870559692,0.9952477812767029,0.9945811629295349,0.9959925413131714
低误差,MATR_b3c11,817.0,20,current_hybrid,69,1.000454068183899,0.9951599836349487,0.9944871664047241,0.995911717414856
低误差,MATR_b3c11,817.0,20,current_hybrid,70,1.0004258155822754,0.9950725436210632,0.9943935871124268,0.9958311915397644
低误差,MATR_b3c11,817.0,20,current_hybrid,71,1.0003905296325684,0.9949855208396912,0.9943005442619324,0.9957510232925415
低误差,MATR_b3c11,817.0,20,current_hybrid,72,1.0003646612167358,0.9948988556861877,0.9942079186439514,0.9956712126731873
低误差,MATR_b3c11,817.0,20,current_hybrid,73,1.0006213188171387,0.9948126077651978,0.9941157698631287,0.9955917000770569
低误差,MATR_b3c11,817.0,20,current_hybrid,74,1.0002859830856323,0.9947267770767212,0.9940240383148193,0.9955124258995056
低误差,MATR_b3c11,817.0,20,current_hybrid,75,1.0001521110534668,0.9946412444114685,0.993932843208313,0.9954335689544678
低误差,MATR_b3c11,817.0,20,current_hybrid,76,1.0001134872436523,0.9945560693740845,0.9938419461250305,0.9953548908233643
低误差,MATR_b3c11,817.0,20,current_hybrid,77,1.0001274347305298,0.9944713115692139,0.9937515258789062,0.9952764511108398
低误差,MATR_b3c11,817.0,20,current_hybrid,78,1.0001169443130493,0.9943867921829224,0.9936615228652954,0.9951983690261841
低误差,MATR_b3c11,817.0,20,current_hybrid,79,1.0001375675201416,0.9943026304244995,0.9935718178749084,0.9951205253601074
低误差,MATR_b3c11,817.0,20,current_hybrid,80,1.000012755393982,0.9942188262939453,0.9934825897216797,0.9950429797172546
低误差,MATR_b3c11,817.0,20,current_hybrid,81,0.9999725222587585,0.994135320186615,0.99339359998703,0.9949656128883362
低误差,MATR_b3c11,817.0,20,current_hybrid,82,1.0000097751617432,0.9940521121025085,0.9933050870895386,0.9948885440826416
低误差,MATR_b3c11,817.0,20,current_hybrid,83,0.9999912977218628,0.993969202041626,0.993216872215271,0.9948116540908813
低误差,MATR_b3c11,817.0,20,current_hybrid,84,1.0000836849212646,0.9938865303993225,0.9931290149688721,0.994735062122345
低误差,MATR_b3c11,817.0,20,current_hybrid,85,1.0000154972076416,0.9938042759895325,0.9930415153503418,0.9946585893630981
低误差,MATR_b3c11,817.0,20,current_hybrid,86,0.9999209642410278,0.9937222003936768,0.9929543137550354,0.99458247423172
低误差,MATR_b3c11,817.0,20,current_hybrid,87,0.9998849630355835,0.9936404228210449,0.9928674697875977,0.9945064783096313
低误差,MATR_b3c11,817.0,20,current_hybrid,88,0.9997543692588806,0.9935588836669922,0.9927809238433838,0.9944307208061218
低误差,MATR_b3c11,817.0,20,current_hybrid,89,0.9996933937072754,0.9934775829315186,0.992694616317749,0.9943551421165466
低误差,MATR_b3c11,817.0,20,current_hybrid,90,0.9996278285980225,0.993396520614624,0.9926086664199829,0.9942798018455505
低误差,MATR_b3c11,817.0,20,current_hybrid,91,0.9996224045753479,0.9933157563209534,0.9925229549407959,0.9942046999931335
低误差,MATR_b3c11,817.0,20,current_hybrid,92,0.9995021820068359,0.9932352900505066,0.9924376010894775,0.9941297173500061
低误差,MATR_b3c11,817.0,20,current_hybrid,93,0.9995679259300232,0.9931550025939941,0.9923525452613831,0.9940549731254578
低误差,MATR_b3c11,817.0,20,current_hybrid,94,0.9994723796844482,0.993074893951416,0.9922676682472229,0.9939804077148438
低误差,MATR_b3c11,817.0,20,current_hybrid,95,0.9994199872016907,0.9929950833320618,0.9921831488609314,0.9939059615135193
低误差,MATR_b3c11,817.0,20,current_hybrid,96,0.9994078278541565,0.9929154515266418,0.992098867893219,0.9938317537307739
低误差,MATR_b3c11,817.0,20,current_hybrid,97,0.9993952512741089,0.9928361177444458,0.9920148253440857,0.9937577247619629
低误差,MATR_b3c11,817.0,20,current_hybrid,98,0.9993873238563538,0.9927569031715393,0.9919310212135315,0.9936838746070862
低误差,MATR_b3c11,817.0,20,current_hybrid,99,0.9992601275444031,0.9926779270172119,0.9918475151062012,0.993610143661499
低误差,MATR_b3c11,817.0,20,current_hybrid,100,0.999238908290863,0.9925991892814636,0.99176424741745,0.9935365915298462
低误差,MATR_b3c11,817.0,20,current_hybrid,101,0.999049186706543,0.9925205707550049,0.9916811585426331,0.9934632182121277
低误差,MATR_b3c11,817.0,20,current_hybrid,102,0.999027669429779,0.99244225025177,0.99159836769104,0.9933900237083435
低误差,MATR_b3c11,817.0,20,current_hybrid,103,0.9989216327667236,0.9923641085624695,0.9915157556533813,0.9933169484138489
低误差,MATR_b3c11,817.0,20,current_hybrid,104,0.9989844560623169,0.9922860860824585,0.9914334416389465,0.9932440519332886
低误差,MATR_b3c11,817.0,20,current_hybrid,105,0.9989942908287048,0.9922083020210266,0.9913512468338013,0.9931713342666626
低误差,MATR_b3c11,817.0,20,current_hybrid,106,0.9990473389625549,0.9921307563781738,0.9912693500518799,0.9930987358093262
低误差,MATR_b3c11,817.0,20,current_hybrid,107,0.998974621295929,0.9920533299446106,0.9911876916885376,0.9930262565612793
低误差,MATR_b3c11,817.0,20,current_hybrid,108,0.9990120530128479,0.9919760823249817,0.9911062121391296,0.9929539561271667
低误差,MATR_b3c11,817.0,20,current_hybrid,109,0.9989875555038452,0.9918989539146423,0.9910248517990112,0.9928817749023438
低误差,MATR_b3c11,817.0,20,current_hybrid,110,0.9988894462585449,0.9918221235275269,0.9909437894821167,0.9928097128868103
低误差,MATR_b3c11,817.0,20,current_hybrid,111,0.9989798069000244,0.9917454123497009,0.9908629655838013,0.9927378296852112
低误差,MATR_b3c11,817.0,20,current_hybrid,112,0.9988962411880493,0.9916688203811646,0.9907822608947754,0.9926660656929016
低误差,MATR_b3c11,817.0,20,current_hybrid,113,0.9988259077072144,0.9915924668312073,0.9907017946243286,0.9925944209098816
低误差,MATR_b3c11,817.0,20,current_hybrid,114,0.9988822340965271,0.9915162324905396,0.9906214475631714,0.9925228953361511
低误差,MATR_b3c11,817.0,20,current_hybrid,115,0.9989164471626282,0.9914401173591614,0.990541398525238,0.9924514889717102
低误差,MATR_b3c11,817.0,20,current_hybrid,116,0.998786449432373,0.9913642406463623,0.9904614686965942,0.9923802614212036
低误差,MATR_b3c11,817.0,20,current_hybrid,117,0.9987976551055908,0.9912884831428528,0.9903817176818848,0.9923090934753418
低误差,MATR_b3c11,817.0,20,current_hybrid,118,0.9987281560897827,0.9912128448486328,0.9903022050857544,0.9922381043434143
低误差,MATR_b3c11,817.0,20,current_hybrid,119,0.9986172318458557,0.9911374449729919,0.9902228116989136,0.9921671748161316
低误差,MATR_b3c11,817.0,20,current_hybrid,120,0.9986236095428467,0.9910621047019958,0.9901435375213623,0.992096483707428
低误差,MATR_b3c11,817.0,20,current_hybrid,121,0.9985183477401733,0.9909868836402893,0.9900645017623901,0.9920257925987244
低误差,MATR_b3c11,817.0,20,current_hybrid,122,0.998499870300293,0.9909119009971619,0.9899856448173523,0.9919552206993103
低误差,MATR_b3c11,817.0,20,current_hybrid,123,0.9983848929405212,0.9908369779586792,0.9899069666862488,0.9918848276138306
低误差,MATR_b3c11,817.0,20,current_hybrid,124,0.9983671307563782,0.9907622337341309,0.9898284673690796,0.9918145537376404
低误差,MATR_b3c11,817.0,20,current_hybrid,125,0.9983019232749939,0.9906876683235168,0.9897500872612,0.9917442798614502
低误差,MATR_b3c11,817.0,20,current_hybrid,126,0.9981637001037598,0.9906131625175476,0.9896718859672546,0.9916741847991943
低误差,MATR_b3c11,817.0,20,current_hybrid,127,0.998106062412262,0.9905388355255127,0.9895938038825989,0.9916042685508728
低误差,MATR_b3c11,817.0,20,current_hybrid,128,0.9981002807617188,0.9904646277427673,0.9895159006118774,0.9915343523025513
低误差,MATR_b3c11,817.0,20,current_hybrid,129,0.9980088472366333,0.9903905391693115,0.9894381761550903,0.9914645552635193
低误差,MATR_b3c11,817.0,20,current_hybrid,130,0.9979884028434753,0.9903165698051453,0.989360511302948,0.9913948774337769
低误差,MATR_b3c11,817.0,20,current_hybrid,131,0.9979290962219238,0.9902427196502686,0.9892830848693848,0.9913252592086792
低误差,MATR_b3c11,817.0,20,current_hybrid,132,0.99795001745224,0.9901690483093262,0.9892057776451111,0.9912558197975159
低误差,MATR_b3c11,817.0,20,current_hybrid,133,0.9978823065757751,0.9900954365730286,0.989128589630127,0.9911864399909973
低误差,MATR_b3c11,817.0,20,current_hybrid,134,0.9978236556053162,0.9900220036506653,0.9890515804290771,0.9911171197891235
低误差,MATR_b3c11,817.0,20,current_hybrid,135,0.9977353811264038,0.9899486899375916,0.9889747500419617,0.9910479784011841
低误差,MATR_b3c11,817.0,20,current_hybrid,136,0.9976580739021301,0.9898754954338074,0.988897979259491,0.9909788370132446
低误差,MATR_b3c11,817.0,20,current_hybrid,137,0.997661292552948,0.989802360534668,0.9888213872909546,0.9909098744392395
低误差,MATR_b3c11,817.0,20,current_hybrid,138,0.9977691173553467,0.9897292852401733,0.9887449145317078,0.9908409118652344
低误差,MATR_b3c11,817.0,20,current_hybrid,139,0.9977171421051025,0.9896564483642578,0.9886686205863953,0.9907721281051636
低误差,MATR_b3c11,817.0,20,current_hybrid,140,0.9976749420166016,0.9895836710929871,0.9885923862457275,0.9907034635543823
低误差,MATR_b3c11,817.0,20,current_hybrid,141,0.9976767897605896,0.9895110130310059,0.9885163307189941,0.9906347990036011
低误差,MATR_b3c11,817.0,20,current_hybrid,142,0.9964921474456787,0.9894384741783142,0.9884403944015503,0.9905662536621094
低误差,MATR_b3c11,817.0,20,current_hybrid,143,0.997646152973175,0.9893660545349121,0.988364577293396,0.9904977679252625
低误差,MATR_b3c11,817.0,20,current_hybrid,144,0.9975454807281494,0.9892936944961548,0.9882888793945312,0.9904294013977051
低误差,MATR_b3c11,817.0,20,current_hybrid,145,0.9975181818008423,0.989221453666687,0.988213300704956,0.9903610944747925
低误差,MATR_b3c11,817.0,20,current_hybrid,146,0.9974569082260132,0.9891493320465088,0.9881379008293152,0.9902928471565247
低误差,MATR_b3c11,817.0,20,current_hybrid,147,0.9974147081375122,0.9890773296356201,0.9880625605583191,0.9902247786521912
低误差,MATR_b3c11,817.0,20,current_hybrid,148,0.9972730875015259,0.989005446434021,0.9879873394966125,0.9901567101478577
低误差,MATR_b3c11,817.0,20,current_hybrid,149,0.9972304701805115,0.9889335632324219,0.9879122972488403,0.9900887608528137
低误差,MATR_b3c11,817.0,20,current_hybrid,150,0.9972280263900757,0.9888618588447571,0.9878373146057129,0.9900208711624146
低误差,MATR_b3c11,817.0,20,current_hybrid,151,0.9972254633903503,0.9887902140617371,0.9877625107765198,0.9899530410766602
低误差,MATR_b3c11,817.0,20,current_hybrid,152,0.9971501231193542,0.9887186884880066,0.9876877665519714,0.9898853302001953
低误差,MATR_b3c11,817.0,20,current_hybrid,153,0.9970377683639526,0.9886472225189209,0.9876131415367126,0.9898176789283752
低误差,MATR_b3c11,817.0,20,current_hybrid,154,0.9970138072967529,0.9885759353637695,0.9875386357307434,0.9897501468658447
低误差,MATR_b3c11,817.0,20,current_hybrid,155,0.9969190359115601,0.9885047078132629,0.9874642491340637,0.9896826148033142
低误差,MATR_b3c11,817.0,20,current_hybrid,156,0.9968141913414001,0.9884335398674011,0.9873899817466736,0.9896151423454285
低误差,MATR_b3c11,817.0,20,current_hybrid,157,0.9968348741531372,0.9883624911308289,0.9873157739639282,0.989547848701477
低误差,MATR_b3c11,817.0,20,current_hybrid,158,0.9967697858810425,0.9882914423942566,0.9872416853904724,0.9894805550575256
低误差,MATR_b3c11,817.0,20,current_hybrid,159,0.9966048002243042,0.9882206320762634,0.9871677160263062,0.989414393901825
低误差,MATR_b3c11,817.0,20,current_hybrid,160,0.9965314269065857,0.9881498217582703,0.9870939254760742,0.9893487095832825
低误差,MATR_b3c11,817.0,20,current_hybrid,161,0.9965028166770935,0.9880790710449219,0.9870201349258423,0.98928302526474
低误差,MATR_b3c11,817.0,20,current_hybrid,162,0.9964693188667297,0.9880084991455078,0.9869464635848999,0.9892174005508423
低误差,MATR_b3c11,817.0,20,current_hybrid,163,0.9963296055793762,0.9879379272460938,0.9868729114532471,0.9891518950462341
低误差,MATR_b3c11,817.0,20,current_hybrid,164,0.9963704943656921,0.9878674745559692,0.9867994785308838,0.9890864491462708
低误差,MATR_b3c11,817.0,20,current_hybrid,165,0.9964213371276855,0.9877971410751343,0.9867261052131653,0.9890211224555969
低误差,MATR_b3c11,817.0,20,current_hybrid,166,0.996400773525238,0.9877268671989441,0.9866529107093811,0.9889557957649231
低误差,MATR_b3c11,817.0,20,current_hybrid,167,0.9964582920074463,0.9876566529273987,0.9865797162055969,0.9888905882835388
低误差,MATR_b3c11,817.0,20,current_hybrid,168,0.9964126348495483,0.9875865578651428,0.9865066409111023,0.9888254404067993
低误差,MATR_b3c11,817.0,20,current_hybrid,169,0.9963813424110413,0.987516462802887,0.9864336848258972,0.9887602925300598
低误差,MATR_b3c11,817.0,20,current_hybrid,170,0.99629807472229,0.9874465465545654,0.9863607883453369,0.9886952638626099
低误差,MATR_b3c11,817.0,20,current_hybrid,171,0.996356725692749,0.9873766899108887,0.9862880706787109,0.9886303544044495
低误差,MATR_b3c11,817.0,20,current_hybrid,172,0.9961714148521423,0.9873068332672119,0.986215353012085,0.9885654449462891
低误差,MATR_b3c11,817.0,20,current_hybrid,173,0.9961435198783875,0.9872371554374695,0.9861427545547485,0.9885006546974182
低误差,MATR_b3c11,817.0,20,current_hybrid,174,0.9960874915122986,0.9871675372123718,0.9860702157020569,0.9884358644485474
低误差,MATR_b3c11,817.0,20,current_hybrid,175,0.9960972666740417,0.987097978591919,0.9859977960586548,0.9883711934089661
低误差,MATR_b3c11,817.0,20,current_hybrid,176,0.9960368275642395,0.9870284199714661,0.985925555229187,0.9883065819740295
低误差,MATR_b3c11,817.0,20,current_hybrid,177,0.9960182309150696,0.9869590401649475,0.9858533143997192,0.988241970539093
低误差,MATR_b3c11,817.0,20,current_hybrid,178,0.9959374070167542,0.9868897199630737,0.9857811331748962,0.988177478313446
低误差,MATR_b3c11,817.0,20,current_hybrid,179,0.9957442283630371,0.9868203997612,0.9857090711593628,0.9881130456924438
低误差,MATR_b3c11,817.0,20,current_hybrid,180,0.9958459734916687,0.9867511987686157,0.9856371283531189,0.9880486726760864
低误差,MATR_b3c11,817.0,20,current_hybrid,181,0.9957489967346191,0.9866820573806763,0.985565185546875,0.9879843592643738
低误差,MATR_b3c11,817.0,20,current_hybrid,182,0.9957110285758972,0.9866130352020264,0.9854933619499207,0.9879201054573059
低误差,MATR_b3c11,817.0,20,current_hybrid,183,0.9956486225128174,0.9865440726280212,0.9854217171669006,0.9878559112548828
低误差,MATR_b3c11,817.0,20,current_hybrid,184,0.9955899715423584,0.9864751100540161,0.9853500127792358,0.9877917766571045
低误差,MATR_b3c11,817.0,20,current_hybrid,185,0.9955378770828247,0.9864062666893005,0.9852784872055054,0.987727701663971
低误差,MATR_b3c11,817.0,20,current_hybrid,186,0.9954805374145508,0.9863374829292297,0.9852070212364197,0.9876636862754822
低误差,MATR_b3c11,817.0,20,current_hybrid,187,0.9953842759132385,0.9862688183784485,0.9851356148719788,0.987599790096283
低误差,MATR_b3c11,817.0,20,current_hybrid,188,0.9952894449234009,0.9862000942230225,0.9850642681121826,0.9875358939170837
低误差,MATR_b3c11,817.0,20,current_hybrid,189,0.9952552318572998,0.9861315488815308,0.9849931001663208,0.9874719977378845
低误差,MATR_b3c11,817.0,20,current_hybrid,190,0.9951040744781494,0.9860630631446838,0.9849218726158142,0.9874082207679749
低误差,MATR_b3c11,817.0,20,current_hybrid,191,0.9950459003448486,0.9859946370124817,0.9848507642745972,0.98734450340271
低误差,MATR_b3c11,817.0,20,current_hybrid,192,0.9950191378593445,0.9859262704849243,0.9847798347473145,0.9872808456420898
低误差,MATR_b3c11,817.0,20,current_hybrid,193,0.9948311448097229,0.9858579635620117,0.984708845615387,0.9872172474861145
低误差,MATR_b3c11,817.0,20,current_hybrid,194,0.9947447776794434,0.9857896566390991,0.984637975692749,0.9871536493301392
低误差,MATR_b3c11,817.0,20,current_hybrid,195,0.9948642253875732,0.9857214689254761,0.9845672249794006,0.9870901703834534
低误差,MATR_b3c11,817.0,20,current_hybrid,196,0.9948707818984985,0.9856533408164978,0.984496533870697,0.9870266914367676
低误差,MATR_b3c11,817.0,20,current_hybrid,197,0.9949386119842529,0.9855852723121643,0.9844259023666382,0.9869632720947266
低误差,MATR_b3c11,817.0,20,current_hybrid,198,0.994868814945221,0.9855172634124756,0.9843553304672241,0.9868999719619751
低误差,MATR_b3c11,817.0,20,current_hybrid,199,0.9948723912239075,0.9854493737220764,0.9842848181724548,0.9868366718292236
低误差,MATR_b3c11,817.0,20,current_hybrid,200,0.994759738445282,0.9853814840316772,0.9842144846916199,0.9867734313011169
低误差,MATR_b3c11,817.0,20,current_hybrid,201,0.9947324395179749,0.9853135943412781,0.9841440916061401,0.9867101907730103
低误差,MATR_b3c11,817.0,20,current_hybrid,202,0.9946843385696411,0.9852458834648132,0.9840738773345947,0.9866470694541931
低误差,MATR_b3c11,817.0,20,current_hybrid,203,0.9946845769882202,0.9851781725883484,0.9840036034584045,0.986583948135376
低误差,MATR_b3c11,817.0,20,current_hybrid,204,0.9946826696395874,0.9851105213165283,0.9839334487915039,0.9865209460258484
低误差,MATR_b3c11,817.0,20,current_hybrid,205,0.9947120547294617,0.985042929649353,0.9838634133338928,0.9864579439163208
低误差,MATR_b3c11,817.0,20,current_hybrid,206,0.9946426153182983,0.9849754571914673,0.9837934374809265,0.986395001411438
低误差,MATR_b3c11,817.0,20,current_hybrid,207,0.9945577383041382,0.9849079847335815,0.983723521232605,0.9863321185112
低误差,MATR_b3c11,817.0,20,current_hybrid,208,0.9945323467254639,0.9848405718803406,0.9836536049842834,0.9862692356109619
低误差,MATR_b3c11,817.0,20,current_hybrid,209,0.9944705367088318,0.9847732186317444,0.9835838675498962,0.9862064719200134
低误差,MATR_b3c11,817.0,20,current_hybrid,210,0.9943633675575256,0.984705924987793,0.983514130115509,0.9861437082290649
低误差,MATR_b3c11,817.0,20,current_hybrid,211,0.9944059252738953,0.9846386909484863,0.9834444522857666,0.9860810041427612
低误差,MATR_b3c11,817.0,20,current_hybrid,212,0.9943388104438782,0.9845715165138245,0.983374834060669,0.9860184192657471
低误差,MATR_b3c11,817.0,20,current_hybrid,213,0.9942288994789124,0.9845043420791626,0.9833053350448608,0.9859557747840881
低误差,MATR_b3c11,817.0,20,current_hybrid,214,0.9942271709442139,0.9844372272491455,0.9832358360290527,0.985893189907074
低误差,MATR_b3c11,817.0,20,current_hybrid,215,0.9942535161972046,0.9843701720237732,0.9831664562225342,0.9858307242393494
低误差,MATR_b3c11,817.0,20,current_hybrid,216,0.994225263595581,0.9843032360076904,0.9830971360206604,0.98576819896698
低误差,MATR_b3c11,817.0,20,current_hybrid,217,0.9941844940185547,0.9842362999916077,0.9830278754234314,0.9857057929039001
低误差,MATR_b3c11,817.0,20,current_hybrid,218,0.994101345539093,0.9841694235801697,0.9829586148262024,0.9856433868408203
低误差,MATR_b3c11,817.0,20,current_hybrid,219,0.9939965605735779,0.9841026067733765,0.9828894734382629,0.98558109998703
低误差,MATR_b3c11,817.0,20,current_hybrid,220,0.9940106272697449,0.984035849571228,0.9828203320503235,0.985518753528595
低误差,MATR_b3c11,817.0,20,current_hybrid,221,0.9939587712287903,0.9839691519737244,0.9827513694763184,0.9854565858840942
低误差,MATR_b3c11,817.0,20,current_hybrid,222,0.9938335418701172,0.9839025139808655,0.9826823472976685,0.9853943586349487
低误差,MATR_b3c11,817.0,20,current_hybrid,223,0.9937412142753601,0.9838358759880066,0.9826134443283081,0.985332190990448
低误差,MATR_b3c11,817.0,20,current_hybrid,224,0.993678629398346,0.9837693572044373,0.9825446605682373,0.985270082950592
低误差,MATR_b3c11,817.0,20,current_hybrid,225,0.9936792254447937,0.9837028980255127,0.9824758172035217,0.9852080345153809
低误差,MATR_b3c11,817.0,20,current_hybrid,226,0.9936355352401733,0.9836364388465881,0.9824070930480957,0.9851459860801697
低误差,MATR_b3c11,817.0,20,current_hybrid,227,0.9935709834098816,0.9835699796676636,0.9823383688926697,0.985084056854248
低误差,MATR_b3c11,817.0,20,current_hybrid,228,0.9934880137443542,0.9835036396980286,0.9822697639465332,0.9850220680236816
低误差,MATR_b3c11,817.0,20,current_hybrid,229,0.993412435054779,0.9834372997283936,0.9822012782096863,0.98496013879776
低误差,MATR_b3c11,817.0,20,current_hybrid,230,0.9934806227684021,0.9833710789680481,0.9821327328681946,0.9848982691764832
低误差,MATR_b3c11,817.0,20,current_hybrid,231,0.9934162497520447,0.9833048582077026,0.9820643067359924,0.9848364591598511
低误差,MATR_b3c11,817.0,20,current_hybrid,232,0.9933660626411438,0.9832386374473572,0.9819958806037903,0.984774649143219
低误差,MATR_b3c11,817.0,20,current_hybrid,233,0.9933430552482605,0.9831725358963013,0.9819275736808777,0.9847129583358765
低误差,MATR_b3c11,817.0,20,current_hybrid,234,0.9932940006256104,0.9831064343452454,0.9818592667579651,0.9846512675285339
低误差,MATR_b3c11,817.0,20,current_hybrid,235,0.9931474328041077,0.9830403923988342,0.9817910194396973,0.9845895767211914
低误差,MATR_b3c11,817.0,20,current_hybrid,236,0.9930434226989746,0.9829744100570679,0.981722891330719,0.9845279455184937
低误差,MATR_b3c11,817.0,20,current_hybrid,237,0.9929099678993225,0.9829084873199463,0.9816547632217407,0.9844664335250854
低误差,MATR_b3c11,817.0,20,current_hybrid,238,0.9929524064064026,0.9828426241874695,0.9815866947174072,0.9844048619270325
低误差,MATR_b3c11,817.0,20,current_hybrid,239,0.9929103255271912,0.9827768206596375,0.9815186858177185,0.9843433499336243
低误差,MATR_b3c11,817.0,20,current_hybrid,240,0.992865264415741,0.9827110171318054,0.9814507365226746,0.9842818975448608
低误差,MATR_b3c11,817.0,20,current_hybrid,241,0.9927797317504883,0.9826452136039734,0.9813827872276306,0.9842204451560974
低误差,MATR_b3c11,817.0,20,current_hybrid,242,0.9927732348442078,0.9825795292854309,0.9813149571418762,0.9841591119766235
低误差,MATR_b3c11,817.0,20,current_hybrid,243,0.9928094148635864,0.9825138449668884,0.9812471866607666,0.9840977191925049
低误差,MATR_b3c11,817.0,20,current_hybrid,244,0.9927710294723511,0.9824482202529907,0.981179416179657,0.984036386013031
低误差,MATR_b3c11,817.0,20,current_hybrid,245,0.9927372932434082,0.9823826551437378,0.9811117649078369,0.9839751720428467
低误差,MATR_b3c11,817.0,20,current_hybrid,246,0.9926754832267761,0.9823171496391296,0.9810441136360168,0.9839138984680176
低误差,MATR_b3c11,817.0,20,current_hybrid,247,0.99262934923172,0.9822516441345215,0.9809765219688416,0.9838526844978333
低误差,MATR_b3c11,817.0,20,current_hybrid,248,0.992556095123291,0.9821861386299133,0.9809089303016663,0.9837915301322937
低误差,MATR_b3c11,817.0,20,current_hybrid,249,0.99257493019104,0.9821207523345947,0.9808414578437805,0.9837304353713989
低误差,MATR_b3c11,817.0,20,current_hybrid,250,0.9924763441085815,0.9820554256439209,0.9807740449905396,0.9836693406105042
低误差,MATR_b3c11,817.0,20,current_hybrid,251,0.9924609661102295,0.9819900989532471,0.9807066917419434,0.9836082458496094
低误差,MATR_b3c11,817.0,20,current_hybrid,252,0.9923393130302429,0.9819247722625732,0.9806392788887024,0.9835472702980042
低误差,MATR_b3c11,817.0,20,current_hybrid,253,0.9922680258750916,0.9818595051765442,0.980571985244751,0.9834862351417542
低误差,MATR_b3c11,817.0,20,current_hybrid,254,0.9923055171966553,0.9817942976951599,0.9805047512054443,0.9834252595901489
低误差,MATR_b3c11,817.0,20,current_hybrid,255,0.9922181367874146,0.9817292094230652,0.9804375767707825,0.9833643436431885
低误差,MATR_b3c11,817.0,20,current_hybrid,256,0.9921055436134338,0.9816640615463257,0.9803704023361206,0.9833031296730042
低误差,MATR_b3c11,817.0,20,current_hybrid,257,0.9920858144760132,0.981598973274231,0.9803032875061035,0.9832412600517273
低误差,MATR_b3c11,817.0,20,current_hybrid,258,0.9920280575752258,0.981533944606781,0.9802362322807312,0.9831788539886475
低误差,MATR_b3c11,817.0,20,current_hybrid,259,0.9919489622116089,0.9814689755439758,0.9801692366600037,0.9831159710884094
低误差,MATR_b3c11,817.0,20,current_hybrid,260,0.9918777942657471,0.9814040064811707,0.9801023006439209,0.9830524325370789
低误差,MATR_b3c11,817.0,20,current_hybrid,261,0.9918128848075867,0.9813390374183655,0.9800353050231934,0.9829883575439453
低误差,MATR_b3c11,817.0,20,current_hybrid,262,0.9918251037597656,0.9812741279602051,0.9799684882164001,0.9829237461090088
低误差,MATR_b3c11,817.0,20,current_hybrid,263,0.9918197989463806,0.9812093377113342,0.9799016714096069,0.9828585386276245
低误差,MATR_b3c11,817.0,20,current_hybrid,264,0.991674542427063,0.9811445474624634,0.9798349142074585,0.982792854309082
低误差,MATR_b3c11,817.0,20,current_hybrid,265,0.9916105270385742,0.9810797572135925,0.9797681570053101,0.982726514339447
低误差,MATR_b3c11,817.0,20,current_hybrid,266,0.9915463924407959,0.9810150861740112,0.9797014594078064,0.982659637928009
低误差,MATR_b3c11,817.0,20,current_hybrid,267,0.9914535880088806,0.9809503555297852,0.9796348214149475,0.9825922250747681
低误差,MATR_b3c11,817.0,20,current_hybrid,268,0.9914298057556152,0.9808856844902039,0.9795681834220886,0.9825242757797241
低误差,MATR_b3c11,817.0,20,current_hybrid,269,0.991324245929718,0.9808210730552673,0.9795016646385193,0.9824556708335876
低误差,MATR_b3c11,817.0,20,current_hybrid,270,0.9912362694740295,0.9807565212249756,0.97943514585495,0.982386589050293
低误差,MATR_b3c11,817.0,20,current_hybrid,271,0.9912932515144348,0.9806919693946838,0.9793686866760254,0.9823169112205505
低误差,MATR_b3c11,817.0,20,current_hybrid,272,0.991235613822937,0.9806274175643921,0.9793022871017456,0.9822467565536499
低误差,MATR_b3c11,817.0,20,current_hybrid,273,0.991213858127594,0.9805629849433899,0.9792358875274658,0.9821759462356567
低误差,MATR_b3c11,817.0,20,current_hybrid,274,0.9911419153213501,0.9804985523223877,0.9791695475578308,0.9821045398712158
低误差,MATR_b3c11,817.0,20,current_hybrid,275,0.9910203218460083,0.9804341197013855,0.9791032671928406,0.9820326566696167
低误差,MATR_b3c11,817.0,20,current_hybrid,276,0.9909733533859253,0.9803698062896729,0.9790369868278503,0.9819601774215698
低误差,MATR_b3c11,817.0,20,current_hybrid,277,0.9908685088157654,0.9803054332733154,0.9789707660675049,0.98188716173172
低误差,MATR_b3c11,817.0,20,current_hybrid,278,0.9908531904220581,0.9802411794662476,0.9789046049118042,0.9818135499954224
低误差,MATR_b3c11,817.0,20,current_hybrid,279,0.9907852411270142,0.9801769256591797,0.9788384437561035,0.9817394018173218
低误差,MATR_b3c11,817.0,20,current_hybrid,280,0.9907472133636475,0.9801126718521118,0.9787724018096924,0.9816646575927734
低误差,MATR_b3c11,817.0,20,current_hybrid,281,0.9906328916549683,0.9800485372543335,0.9787063598632812,0.9815993905067444
低误差,MATR_b3c11,817.0,20,current_hybrid,282,0.9905591011047363,0.9799843430519104,0.9786403775215149,0.9815376400947571
低误差,MATR_b3c11,817.0,20,current_hybrid,283,0.9905285835266113,0.9799202680587769,0.9785743951797485,0.9814759492874146
低误差,MATR_b3c11,817.0,20,current_hybrid,284,0.99040287733078,0.9798561930656433,0.978508472442627,0.9814143180847168
低误差,MATR_b3c11,817.0,20,current_hybrid,285,0.9904223084449768,0.9797921180725098,0.9784426093101501,0.9813526272773743
低误差,MATR_b3c11,817.0,20,current_hybrid,286,0.990334689617157,0.9797281622886658,0.9783767461776733,0.9812909960746765
低误差,MATR_b3c11,817.0,20,current_hybrid,287,0.9903006553649902,0.979664146900177,0.9783109426498413,0.9812293648719788
低误差,MATR_b3c11,817.0,20,current_hybrid,288,0.990246593952179,0.979600191116333,0.978245198726654,0.9811673164367676
低误差,MATR_b3c11,817.0,20,current_hybrid,289,0.9902241230010986,0.9795362949371338,0.9781794548034668,0.9811045527458191
低误差,MATR_b3c11,817.0,20,current_hybrid,290,0.9901081323623657,0.9794723987579346,0.9781137704849243,0.9810410737991333
低误差,MATR_b3c11,817.0,20,current_hybrid,291,0.9900766015052795,0.9794085621833801,0.9780481457710266,0.9809770584106445
低误差,MATR_b3c11,817.0,20,current_hybrid,292,0.9899376034736633,0.9793447256088257,0.9779825210571289,0.9809122085571289
低误差,MATR_b3c11,817.0,20,current_hybrid,293,0.9899408221244812,0.979280948638916,0.977916955947876,0.9808467626571655
低误差,MATR_b3c11,817.0,20,current_hybrid,294,0.9899356365203857,0.9792171716690063,0.977851390838623,0.9807806611061096
低误差,MATR_b3c11,817.0,20,current_hybrid,295,0.9897398948669434,0.9791535139083862,0.9777859449386597,0.9807138442993164
低误差,MATR_b3c11,817.0,20,current_hybrid,296,0.9896804690361023,0.9790897965431213,0.9777204990386963,0.9806463718414307
低误差,MATR_b3c11,817.0,20,current_hybrid,297,0.9896193146705627,0.979026198387146,0.9776550531387329,0.9805781841278076
低误差,MATR_b3c11,817.0,20,current_hybrid,298,0.9895887970924377,0.978962242603302,0.9775896668434143,0.980509340763092
低误差,MATR_b3c11,817.0,20,current_hybrid,299,0.9895414710044861,0.978897750377655,0.9775243401527405,0.9804398417472839
低误差,MATR_b3c11,817.0,20,current_hybrid,300,0.9894778728485107,0.9788327217102051,0.9774590134620667,0.9803696274757385
低误差,MATR_b3c11,817.0,20,current_hybrid,301,0.9894310832023621,0.9787670969963074,0.9773937463760376,0.9802988171577454
低误差,MATR_b3c11,817.0,20,current_hybrid,302,0.9893120527267456,0.9787009358406067,0.9773284792900085,0.9802272915840149
低误差,MATR_b3c11,817.0,20,current_hybrid,303,0.9891707897186279,0.9786341786384583,0.9772633910179138,0.9801550507545471
低误差,MATR_b3c11,817.0,20,current_hybrid,304,0.989147961139679,0.9785668849945068,0.9771981835365295,0.9800821542739868
低误差,MATR_b3c11,817.0,20,current_hybrid,305,0.9890312552452087,0.9784990549087524,0.9771330952644348,0.9800085425376892
低误差,MATR_b3c11,817.0,20,current_hybrid,306,0.9890373945236206,0.9784305691719055,0.9770680069923401,0.9799343347549438
低误差,MATR_b3c11,817.0,20,current_hybrid,307,0.9889618158340454,0.9783616065979004,0.9770029187202454,0.9798593521118164
低误差,MATR_b3c11,817.0,20,current_hybrid,308,0.9888808131217957,0.9782921075820923,0.9769378900527954,0.9797837734222412
低误差,MATR_b3c11,817.0,20,current_hybrid,309,0.9888501763343811,0.9782219529151917,0.9768729209899902,0.9797074794769287
低误差,MATR_b3c11,817.0,20,current_hybrid,310,0.9887828826904297,0.9781513214111328,0.9768079519271851,0.9796304702758789
低误差,MATR_b3c11,817.0,20,current_hybrid,311,0.988787829875946,0.9780800342559814,0.9767431020736694,0.9795528650283813
低误差,MATR_b3c11,817.0,20,current_hybrid,312,0.9886154532432556,0.9780082702636719,0.9766782522201538,0.9794745445251465
低误差,MATR_b3c11,817.0,20,current_hybrid,313,0.9885647892951965,0.9779358506202698,0.9766134023666382,0.9793955683708191
低误差,MATR_b3c11,817.0,20,current_hybrid,314,0.9884954690933228,0.9778629541397095,0.9765485525131226,0.9793158769607544
低误差,MATR_b3c11,817.0,20,current_hybrid,315,0.9883707761764526,0.9777894616127014,0.9764837622642517,0.9792355298995972
低误差,MATR_b3c11,817.0,20,current_hybrid,316,0.9883176684379578,0.9777153730392456,0.9764190316200256,0.9791544675827026
低误差,MATR_b3c11,817.0,20,current_hybrid,317,0.9881599545478821,0.9776407480239868,0.9763543009757996,0.9790728092193604
低误差,MATR_b3c11,817.0,20,current_hybrid,318,0.9881808757781982,0.9775655269622803,0.976289689540863,0.978990375995636
低误差,MATR_b3c11,817.0,20,current_hybrid,319,0.9880886673927307,0.9774897694587708,0.9762250781059265,0.9789072871208191
低误差,MATR_b3c11,817.0,20,current_hybrid,320,0.9880265593528748,0.9774134755134583,0.97616046667099,0.9788235425949097
低误差,MATR_b3c11,817.0,20,current_hybrid,321,0.9879143238067627,0.9773365259170532,0.9760958552360535,0.9787391424179077
低误差,MATR_b3c11,817.0,20,current_hybrid,322,0.9878377914428711,0.97725909948349,0.9760313034057617,0.9786540269851685
低误差,MATR_b3c11,817.0,20,current_hybrid,323,0.9876993894577026,0.9771811366081238,0.9759668707847595,0.9785682559013367
低误差,MATR_b3c11,817.0,20,current_hybrid,324,0.9877081513404846,0.9771024584770203,0.9759023785591125,0.9784817695617676
低误差,MATR_b3c11,817.0,20,current_hybrid,325,0.9876920580863953,0.9770233631134033,0.9758379459381104,0.978394627571106
低误差,MATR_b3c11,817.0,20,current_hybrid,326,0.987593412399292,0.9769436717033386,0.9757735133171082,0.9783068299293518
低误差,MATR_b3c11,817.0,20,current_hybrid,327,0.9874958395957947,0.9768633246421814,0.9757091999053955,0.9782183170318604
低误差,MATR_b3c11,817.0,20,current_hybrid,328,0.9873296022415161,0.976782500743866,0.9756448268890381,0.9781290888786316
低误差,MATR_b3c11,817.0,20,current_hybrid,329,0.9872972369194031,0.9767010807991028,0.9755805134773254,0.9780392646789551
低误差,MATR_b3c11,817.0,20,current_hybrid,330,0.9873198866844177,0.9766190648078918,0.9755162000656128,0.9779486656188965
低误差,MATR_b3c11,817.0,20,current_hybrid,331,0.9872285723686218,0.9765365123748779,0.9754520058631897,0.9778574705123901
低误差,MATR_b3c11,817.0,20,current_hybrid,332,0.9871757626533508,0.976453423500061,0.9753877520561218,0.9777655601501465
低误差,MATR_b3c11,817.0,20,current_hybrid,333,0.9870364665985107,0.9763697385787964,0.9753235578536987,0.9776729345321655
低误差,MATR_b3c11,817.0,20,current_hybrid,334,0.9869372248649597,0.976285457611084,0.9752594828605652,0.977579653263092
低误差,MATR_b3c11,817.0,20,current_hybrid,335,0.9868508577346802,0.9762006402015686,0.9751953482627869,0.977485716342926
低误差,MATR_b3c11,817.0,20,current_hybrid,336,0.9867796301841736,0.9761152863502502,0.9751312136650085,0.9773910641670227
低误差,MATR_b3c11,817.0,20,current_hybrid,337,0.9867518544197083,0.9760292768478394,0.975067138671875,0.9772957563400269
低误差,MATR_b3c11,817.0,20,current_hybrid,338,0.9866301417350769,0.9759427905082703,0.975003182888031,0.9771997332572937
低误差,MATR_b3c11,817.0,20,current_hybrid,339,0.9866579174995422,0.9758557081222534,0.9749391674995422,0.9771031141281128
低误差,MATR_b3c11,817.0,20,current_hybrid,340,0.9865151643753052,0.9757680296897888,0.9748751521110535,0.9770057201385498
低误差,MATR_b3c11,817.0,20,current_hybrid,341,0.9864293336868286,0.9756797552108765,0.9748112559318542,0.9769076704978943
低误差,MATR_b3c11,817.0,20,current_hybrid,342,0.9863344430923462,0.9755910038948059,0.974747359752655,0.9768089652061462
低误差,MATR_b3c11,817.0,20,current_hybrid,343,0.9862801432609558,0.9755016565322876,0.9746834635734558,0.9767095446586609
低误差,MATR_b3c11,817.0,20,current_hybrid,344,0.9862210750579834,0.9754117131233215,0.9746196269989014,0.976609468460083
低误差,MATR_b3c11,817.0,20,current_hybrid,345,0.986090898513794,0.9753212332725525,0.9745557904243469,0.9765087366104126
低误差,MATR_b3c11,817.0,20,current_hybrid,346,0.9860531091690063,0.9752300977706909,0.9744920134544373,0.9764072299003601
低误差,MATR_b3c11,817.0,20,current_hybrid,347,0.9859298467636108,0.9751384854316711,0.9744282960891724,0.9763051867485046
低误差,MATR_b3c11,817.0,20,current_hybrid,348,0.9858855605125427,0.9750462770462036,0.9743613004684448,0.9762023091316223
低误差,MATR_b3c11,817.0,20,current_hybrid,349,0.9858188629150391,0.9749535322189331,0.974290132522583,0.9760988354682922
低误差,MATR_b3c11,817.0,20,current_hybrid,350,0.9856836199760437,0.9748601913452148,0.9742186069488525,0.9759947061538696
低误差,MATR_b3c11,817.0,20,current_hybrid,351,0.9856581687927246,0.9747662544250488,0.9741466641426086,0.9758898019790649
低误差,MATR_b3c11,817.0,20,current_hybrid,352,0.9855479001998901,0.9746717810630798,0.9740744233131409,0.9757842421531677
低误差,MATR_b3c11,817.0,20,current_hybrid,353,0.9854353070259094,0.9745767116546631,0.9740016460418701,0.975678026676178
低误差,MATR_b3c11,817.0,20,current_hybrid,354,0.9854012131690979,0.9744811058044434,0.9739286303520203,0.9755710959434509
低误差,MATR_b3c11,817.0,20,current_hybrid,355,0.9853247404098511,0.9743849039077759,0.9738550782203674,0.9754635691642761
低误差,MATR_b3c11,817.0,20,current_hybrid,356,0.9852024912834167,0.9742881655693054,0.9737812280654907,0.9753552675247192
低误差,MATR_b3c11,817.0,20,current_hybrid,357,0.9852205514907837,0.9741907715797424,0.9737069606781006,0.9752463102340698
低误差,MATR_b3c11,817.0,20,current_hybrid,358,0.9851374626159668,0.9740907549858093,0.9736323356628418,0.9751366376876831
低误差,MATR_b3c11,817.0,20,current_hybrid,359,0.9851058721542358,0.9739711880683899,0.9735572934150696,0.9750263690948486
低误差,MATR_b3c11,817.0,20,current_hybrid,360,0.9850962162017822,0.9738509058952332,0.9734818935394287,0.9749153256416321
低误差,MATR_b3c11,817.0,20,current_hybrid,361,0.9850082993507385,0.973730206489563,0.9734060764312744,0.9748036861419678
低误差,MATR_b3c11,817.0,20,current_hybrid,362,0.9848992228507996,0.9736088514328003,0.9733298420906067,0.9746913313865662
低误差,MATR_b3c11,817.0,20,current_hybrid,363,0.9848060607910156,0.9734869599342346,0.9732532501220703,0.9745782613754272
低误差,MATR_b3c11,817.0,20,current_hybrid,364,0.9847211241722107,0.973364531993866,0.9731763005256653,0.9744645357131958
低误差,MATR_b3c11,817.0,20,current_hybrid,365,0.9846716523170471,0.9732855558395386,0.973098874092102,0.974350094795227
低误差,MATR_b3c11,817.0,20,current_hybrid,366,0.9845966100692749,0.9732223153114319,0.9730211496353149,0.9742349982261658
低误差,MATR_b3c11,817.0,20,current_hybrid,367,0.9845648407936096,0.97315913438797,0.9729430079460144,0.974119246006012
低误差,MATR_b3c11,817.0,20,current_hybrid,368,0.9844347238540649,0.9730824828147888,0.9728643894195557,0.9740027189254761
低误差,MATR_b3c11,817.0,20,current_hybrid,369,0.984377920627594,0.9729783535003662,0.9727435111999512,0.9738855957984924
低误差,MATR_b3c11,817.0,20,current_hybrid,370,0.9843461513519287,0.9728735685348511,0.9726176261901855,0.9737677574157715
低误差,MATR_b3c11,817.0,20,current_hybrid,371,0.9842932224273682,0.972768247127533,0.9724911451339722,0.973649263381958
低误差,MATR_b3c11,817.0,20,current_hybrid,372,0.9830657243728638,0.9726623892784119,0.972364068031311,0.9735299944877625
低误差,MATR_b3c11,817.0,20,current_hybrid,373,0.9841070771217346,0.972555935382843,0.9722364544868469,0.9734101295471191
低误差,MATR_b3c11,817.0,20,current_hybrid,374,0.9840754270553589,0.9724488854408264,0.9721082448959351,0.9732895493507385
低误差,MATR_b3c11,817.0,20,current_hybrid,375,0.9839259386062622,0.9723412990570068,0.9719794988632202,0.9731683135032654
低误差,MATR_b3c11,817.0,20,current_hybrid,376,0.9839508533477783,0.9722331166267395,0.9718501567840576,0.9730463624000549
低误差,MATR_b3c11,817.0,20,current_hybrid,377,0.9837482571601868,0.9721398949623108,0.9717202186584473,0.9729236960411072
低误差,MATR_b3c11,817.0,20,current_hybrid,378,0.9837814569473267,0.9720574617385864,0.9715897440910339,0.9728004336357117
低误差,MATR_b3c11,817.0,20,current_hybrid,379,0.9836475849151611,0.9719746112823486,0.9714586734771729,0.9726764559745789
低误差,MATR_b3c11,817.0,20,current_hybrid,380,0.9835582971572876,0.9718914031982422,0.971327006816864,0.9725517630577087
低误差,MATR_b3c11,817.0,20,current_hybrid,381,0.9835366010665894,0.9718077778816223,0.9711948037147522,0.9724264144897461
低误差,MATR_b3c11,817.0,20,current_hybrid,382,0.9834683537483215,0.971723735332489,0.9710620045661926,0.9723003506660461
低误差,MATR_b3c11,817.0,20,current_hybrid,383,0.9833672642707825,0.9716393351554871,0.9709286093711853,0.9721736311912537
低误差,MATR_b3c11,817.0,20,current_hybrid,384,0.9832818508148193,0.9715545773506165,0.970794677734375,0.9720461964607239
低误差,MATR_b3c11,817.0,20,current_hybrid,385,0.9831472039222717,0.9714693427085876,0.9706600904464722,0.9719510674476624
低误差,MATR_b3c11,817.0,20,current_hybrid,386,0.9830655455589294,0.9713837504386902,0.9705250263214111,0.9718796610832214
低误差,MATR_b3c11,817.0,20,current_hybrid,387,0.9829689860343933,0.9712978005409241,0.9703893065452576,0.9718078374862671
低误差,MATR_b3c11,817.0,20,current_hybrid,388,0.9829111695289612,0.9712113738059998,0.9702531099319458,0.9717355966567993
低误差,MATR_b3c11,817.0,20,current_hybrid,389,0.982799232006073,0.9711245894432068,0.9701162576675415,0.9716628193855286
低误差,MATR_b3c11,817.0,20,current_hybrid,390,0.9827464818954468,0.9710375070571899,0.9699788689613342,0.9715896248817444
低误差,MATR_b3c11,817.0,20,current_hybrid,391,0.982646107673645,0.9709499478340149,0.9698408842086792,0.9715160131454468
低误差,MATR_b3c11,817.0,20,current_hybrid,392,0.9826361536979675,0.9708620309829712,0.969702422618866,0.9714418649673462
低误差,MATR_b3c11,817.0,20,current_hybrid,393,0.9825645089149475,0.9707736372947693,0.9695633053779602,0.971367359161377
低误差,MATR_b3c11,817.0,20,current_hybrid,394,0.9824187159538269,0.9706849455833435,0.9694235920906067,0.9712923765182495
低误差,MATR_b3c11,817.0,20,current_hybrid,395,0.9822904467582703,0.9705957770347595,0.9692833423614502,0.9712168574333191
低误差,MATR_b3c11,817.0,20,current_hybrid,396,0.9822744727134705,0.9704636931419373,0.969142496585846,0.97114098072052
低误差,MATR_b3c11,817.0,20,current_hybrid,397,0.9821506142616272,0.9703273773193359,0.969001054763794,0.9710646271705627
低误差,MATR_b3c11,817.0,20,current_hybrid,398,0.9821313619613647,0.9701903462409973,0.9688590168952942,0.9709877967834473
低误差,MATR_b3c11,817.0,20,current_hybrid,399,0.9819915890693665,0.9700526595115662,0.9687165021896362,0.9709105491638184
低误差,MATR_b3c11,817.0,20,current_hybrid,400,0.9819591641426086,0.9699142575263977,0.9685733318328857,0.970832884311676
低误差,MATR_b3c11,817.0,20,current_hybrid,401,0.9819162487983704,0.9697752594947815,0.9684296250343323,0.9707546234130859
低误差,MATR_b3c11,817.0,20,current_hybrid,402,0.9818482995033264,0.9696354269981384,0.9682852625846863,0.970676064491272
低误差,MATR_b3c11,817.0,20,current_hybrid,403,0.9817370772361755,0.9694949984550476,0.9681404232978821,0.970596969127655
低误差,MATR_b3c11,817.0,20,current_hybrid,404,0.9816519021987915,0.9693538546562195,0.9679949879646301,0.9705175161361694
低误差,MATR_b3c11,817.0,20,current_hybrid,405,0.9815347790718079,0.9692120552062988,0.9678489565849304,0.9704374670982361
低误差,MATR_b3c11,817.0,20,current_hybrid,406,0.9813916683197021,0.9690695405006409,0.967702329158783,0.9703570604324341
低误差,MATR_b3c11,817.0,20,current_hybrid,407,0.9813862442970276,0.9689263105392456,0.9675551652908325,0.9702761769294739
低误差,MATR_b3c11,817.0,20,current_hybrid,408,0.9812449812889099,0.9687824845314026,0.9674074649810791,0.9701948761940002
低误差,MATR_b3c11,817.0,20,current_hybrid,409,0.9811964631080627,0.9686378836631775,0.9672591090202332,0.9701130390167236
低误差,MATR_b3c11,817.0,20,current_hybrid,410,0.9810855984687805,0.9684926867485046,0.9671101570129395,0.9700308442115784
低误差,MATR_b3c11,817.0,20,current_hybrid,411,0.9809443950653076,0.9683467149734497,0.9669606685638428,0.9699481129646301
低误差,MATR_b3c11,817.0,20,current_hybrid,412,0.9809092879295349,0.9682000875473022,0.9668106436729431,0.9698650240898132
低误差,MATR_b3c11,817.0,20,current_hybrid,413,0.980779767036438,0.9680528044700623,0.9666599631309509,0.9697813391685486
低误差,MATR_b3c11,817.0,20,current_hybrid,414,0.9807939529418945,0.967904806137085,0.9665087461471558,0.9696972966194153
低误差,MATR_b3c11,817.0,20,current_hybrid,415,0.9807275533676147,0.9677561521530151,0.9663569927215576,0.9696128368377686
低误差,MATR_b3c11,817.0,20,current_hybrid,416,0.9805936813354492,0.9676067233085632,0.9662045836448669,0.9695279002189636
低误差,MATR_b3c11,817.0,20,current_hybrid,417,0.9805231690406799,0.9674566984176636,0.9660516977310181,0.9694424867630005
低误差,MATR_b3c11,817.0,20,current_hybrid,418,0.980485737323761,0.9673059582710266,0.9658981561660767,0.9693565368652344
低误差,MATR_b3c11,817.0,20,current_hybrid,419,0.9803234934806824,0.9671545624732971,0.9657440781593323,0.9692702293395996
低误差,MATR_b3c11,817.0,20,current_hybrid,420,0.9802712798118591,0.9670024514198303,0.9655894041061401,0.9691835045814514
低误差,MATR_b3c11,817.0,20,current_hybrid,421,0.9801942706108093,0.9668496251106262,0.9654341340065002,0.9690962433815002
低误差,MATR_b3c11,817.0,20,current_hybrid,422,0.9801203012466431,0.9666961431503296,0.9652782678604126,0.9690086245536804
低误差,MATR_b3c11,817.0,20,current_hybrid,423,0.9799979329109192,0.9665419459342957,0.9651219248771667,0.9689204692840576
低误差,MATR_b3c11,817.0,20,current_hybrid,424,0.9799664616584778,0.9663870930671692,0.9649649262428284,0.9688318967819214
低误差,MATR_b3c11,817.0,20,current_hybrid,425,0.9798029065132141,0.9662315249443054,0.964807391166687,0.9687427878379822
低误差,MATR_b3c11,817.0,20,current_hybrid,426,0.9796868562698364,0.9660934209823608,0.9646492004394531,0.9686533212661743
低误差,MATR_b3c11,817.0,20,current_hybrid,427,0.9796718955039978,0.9659559726715088,0.964490532875061,0.9685633778572083
低误差,MATR_b3c11,817.0,20,current_hybrid,428,0.9795398116111755,0.9658179879188538,0.9643312692642212,0.968472957611084
低误差,MATR_b3c11,817.0,20,current_hybrid,429,0.9794185757637024,0.9656793475151062,0.9641714096069336,0.9683821201324463
低误差,MATR_b3c11,817.0,20,current_hybrid,430,0.979414165019989,0.9655401706695557,0.9640108942985535,0.9682908058166504
低误差,MATR_b3c11,817.0,20,current_hybrid,431,0.9792765974998474,0.9654003977775574,0.9638499021530151,0.9681990146636963
低误差,MATR_b3c11,817.0,20,current_hybrid,432,0.9792064428329468,0.9652601480484009,0.9636882543563843,0.9681068062782288
低误差,MATR_b3c11,817.0,20,current_hybrid,433,0.9789968132972717,0.9651192426681519,0.9635261297225952,0.968014121055603
低误差,MATR_b3c11,817.0,20,current_hybrid,434,0.9789782166481018,0.9649777412414551,0.9633634090423584,0.9679208993911743
低误差,MATR_b3c11,817.0,20,current_hybrid,435,0.9788752198219299,0.9648357033729553,0.963200032711029,0.967827320098877
低误差,MATR_b3c11,817.0,20,current_hybrid,436,0.9788268804550171,0.9646930694580078,0.9630361199378967,0.9677333235740662
低误差,MATR_b3c11,817.0,20,current_hybrid,437,0.9786317348480225,0.9645498394966125,0.9628716707229614,0.9676387906074524
低误差,MATR_b3c11,817.0,20,current_hybrid,438,0.9785290360450745,0.9644061326980591,0.9627065658569336,0.9675438404083252
低误差,MATR_b3c11,817.0,20,current_hybrid,439,0.9783207178115845,0.9642617106437683,0.9625409245491028,0.9674484133720398
低误差,MATR_b3c11,817.0,20,current_hybrid,440,0.9782679080963135,0.9641168117523193,0.9623746871948242,0.967352569103241
低误差,MATR_b3c11,817.0,20,current_hybrid,441,0.9781017899513245,0.9639713168144226,0.9622079133987427,0.9672562479972839
低误差,MATR_b3c11,817.0,20,current_hybrid,442,0.978009045124054,0.9638252258300781,0.9620405435562134,0.9671594500541687
低误差,MATR_b3c11,817.0,20,current_hybrid,443,0.9778277277946472,0.9636785387992859,0.9618725776672363,0.96706223487854
低误差,MATR_b3c11,817.0,20,current_hybrid,444,0.97773677110672,0.9635313153266907,0.9617040157318115,0.9669645428657532
低误差,MATR_b3c11,817.0,20,current_hybrid,445,0.97768634557724,0.9633834958076477,0.9615349769592285,0.9668663740158081
低误差,MATR_b3c11,817.0,20,current_hybrid,446,0.9776399731636047,0.9632351398468018,0.9613652229309082,0.9667677879333496
低误差,MATR_b3c11,817.0,20,current_hybrid,447,0.9775607585906982,0.9630861282348633,0.9611949324607849,0.9666687250137329
低误差,MATR_b3c11,817.0,20,current_hybrid,448,0.977464497089386,0.9629365801811218,0.9610241651535034,0.966569185256958
低误差,MATR_b3c11,817.0,20,current_hybrid,449,0.9775134921073914,0.9627864956855774,0.9608527421951294,0.9664692282676697
低误差,MATR_b3c11,817.0,20,current_hybrid,450,0.9773578643798828,0.9626357555389404,0.9606807231903076,0.9663687944412231
低误差,MATR_b3c11,817.0,20,current_hybrid,451,0.9773343801498413,0.9624844789505005,0.9605081677436829,0.9662679433822632
低误差,MATR_b3c11,817.0,20,current_hybrid,452,0.9771631956100464,0.9623326063156128,0.9603349566459656,0.9661665558815002
低误差,MATR_b3c11,817.0,20,current_hybrid,453,0.9771482348442078,0.9621801972389221,0.9601612091064453,0.9660648107528687
低误差,MATR_b3c11,817.0,20,current_hybrid,454,0.977047860622406,0.9620271921157837,0.9599869251251221,0.9659625291824341
低误差,MATR_b3c11,817.0,20,current_hybrid,455,0.9769800901412964,0.9618735909461975,0.9598120450973511,0.9658598303794861
低误差,MATR_b3c11,817.0,20,current_hybrid,456,0.9768184423446655,0.9617194533348083,0.9596365094184875,0.9657566547393799
低误差,MATR_b3c11,817.0,20,current_hybrid,457,0.9767259955406189,0.9615646600723267,0.9594604969024658,0.9656530022621155
低误差,MATR_b3c11,817.0,20,current_hybrid,458,0.9765943288803101,0.9614093899726868,0.9592838287353516,0.9655489325523376
低误差,MATR_b3c11,817.0,20,current_hybrid,459,0.9765024781227112,0.9612534642219543,0.9591066241264343,0.9654444456100464
低误差,MATR_b3c11,817.0,20,current_hybrid,460,0.9764045476913452,0.9610970616340637,0.9589288830757141,0.9653394818305969
低误差,MATR_b3c11,817.0,20,current_hybrid,461,0.9762852787971497,0.9609399437904358,0.9587504863739014,0.9652339816093445
低误差,MATR_b3c11,817.0,20,current_hybrid,462,0.9761995077133179,0.9607823491096497,0.9585714936256409,0.9651280641555786
低误差,MATR_b3c11,817.0,20,current_hybrid,463,0.9761093258857727,0.960624098777771,0.9583920240402222,0.9650217294692993
低误差,MATR_b3c11,817.0,20,current_hybrid,464,0.9759560823440552,0.9604653716087341,0.9582118988037109,0.9649149179458618
低误差,MATR_b3c11,817.0,20,current_hybrid,465,0.9757990837097168,0.9603059887886047,0.958031177520752,0.9648076295852661
低误差,MATR_b3c11,817.0,20,current_hybrid,466,0.9745510220527649,0.9601460695266724,0.9578499794006348,0.9646998643875122
低误差,MATR_b3c11,817.0,20,current_hybrid,467,0.9756200313568115,0.9599854946136475,0.9576680660247803,0.9645916819572449
低误差,MATR_b3c11,817.0,20,current_hybrid,468,0.9755169749259949,0.9598244428634644,0.9574856758117676,0.9644830822944641
低误差,MATR_b3c11,817.0,20,current_hybrid,469,0.9754124879837036,0.9596627354621887,0.9573026895523071,0.9643739461898804
低误差,MATR_b3c11,817.0,20,current_hybrid,470,0.9753097891807556,0.9595005512237549,0.9571190476417542,0.9642643928527832
低误差,MATR_b3c11,817.0,20,current_hybrid,471,0.9751864075660706,0.9593376517295837,0.956934928894043,0.9641543626785278
低误差,MATR_b3c11,817.0,20,current_hybrid,472,0.9750847220420837,0.9591742753982544,0.9567501544952393,0.9640438556671143
低误差,MATR_b3c11,817.0,20,current_hybrid,473,0.9749592542648315,0.9590102434158325,0.9565649032592773,0.9639329314231873
低误差,MATR_b3c11,817.0,20,current_hybrid,474,0.9748675227165222,0.9588457345962524,0.9563789367675781,0.963821530342102
低误差,MATR_b3c11,817.0,20,current_hybrid,475,0.974716067314148,0.9586805701255798,0.9561924934387207,0.9637097120285034
低误差,MATR_b3c11,817.0,20,current_hybrid,476,0.9745913743972778,0.9585148692131042,0.9560054540634155,0.9635974168777466
低误差,MATR_b3c11,817.0,20,current_hybrid,477,0.9745062589645386,0.9583485126495361,0.9558178186416626,0.9634846448898315
低误差,MATR_b3c11,817.0,20,current_hybrid,478,0.9743474721908569,0.9581816792488098,0.9556295871734619,0.9633713960647583
低误差,MATR_b3c11,817.0,20,current_hybrid,479,0.974288821220398,0.9580142498016357,0.9554407596588135,0.9632576704025269
低误差,MATR_b3c11,817.0,20,current_hybrid,480,0.9741876721382141,0.9578461647033691,0.9552513957023621,0.9631435871124268
低误差,MATR_b3c11,817.0,20,current_hybrid,481,0.9740908741950989,0.9576775431632996,0.9550614356994629,0.9630289673805237
低误差,MATR_b3c11,817.0,20,current_hybrid,482,0.9739625453948975,0.9575083255767822,0.9548709392547607,0.9629139304161072
低误差,MATR_b3c11,817.0,20,current_hybrid,483,0.9738389849662781,0.9573385715484619,0.9546797871589661,0.9627984166145325
低误差,MATR_b3c11,817.0,20,current_hybrid,484,0.9737075567245483,0.9571682810783386,0.9544880986213684,0.9626824259757996
低误差,MATR_b3c11,817.0,20,current_hybrid,485,0.9736303687095642,0.956997275352478,0.954295814037323,0.9625660181045532
低误差,MATR_b3c11,817.0,20,current_hybrid,486,0.9735187292098999,0.9568257927894592,0.9541029334068298,0.9624491333961487
低误差,MATR_b3c11,817.0,20,current_hybrid,487,0.973419189453125,0.9566536545753479,0.9539095163345337,0.9623317718505859
低误差,MATR_b3c11,817.0,20,current_hybrid,488,0.9733189940452576,0.9564810395240784,0.9537155032157898,0.962213933467865
低误差,MATR_b3c11,817.0,20,current_hybrid,489,0.9731343388557434,0.9563078284263611,0.9535208940505981,0.9620957374572754
低误差,MATR_b3c11,817.0,20,current_hybrid,490,0.9729664921760559,0.9561339616775513,0.9533257484436035,0.961976945400238
低误差,MATR_b3c11,817.0,20,current_hybrid,491,0.9728437662124634,0.9559595584869385,0.9531299471855164,0.961857795715332
低误差,MATR_b3c11,817.0,20,current_hybrid,492,0.9727413058280945,0.9557846188545227,0.952933669090271,0.9617381691932678
低误差,MATR_b3c11,817.0,20,current_hybrid,493,0.972583532333374,0.9556090235710144,0.9527366757392883,0.9616180658340454
低误差,MATR_b3c11,817.0,20,current_hybrid,494,0.9724771976470947,0.9554328918457031,0.9525392055511475,0.9614974856376648
低误差,MATR_b3c11,817.0,20,current_hybrid,495,0.972424328327179,0.9552561640739441,0.9523411393165588,0.961376428604126
低误差,MATR_b3c11,817.0,20,current_hybrid,496,0.9722434878349304,0.9550788402557373,0.9521424770355225,0.9612550139427185
低误差,MATR_b3c11,817.0,20,current_hybrid,497,0.9721229672431946,0.9549009799957275,0.9519432187080383,0.9611330628395081
低误差,MATR_b3c11,817.0,20,current_hybrid,498,0.971938967704773,0.95472252368927,0.9517434239387512,0.9610106348991394
低误差,MATR_b3c11,817.0,20,current_hybrid,499,0.9718337059020996,0.9545434713363647,0.9515430331230164,0.9608878493309021
低误差,MATR_b3c11,817.0,20,current_hybrid,500,0.9716631174087524,0.9543638229370117,0.951341986656189,0.9607645273208618
低误差,MATR_b3c11,817.0,20,hybridpatch_v2,21,1.0014375448226929,1.0010906457901,1.0009208917617798,1.0011606216430664
低误差,MATR_b3c11,817.0,20,hybridpatch_v2,22,1.001404047012329,1.000912070274353,1.0006670951843262,1.001011848449707
低误差,MATR_b3c11,817.0,20,hybridpatch_v2,23,1.0013930797576904,1.000767707824707,1.0004631280899048,1.0008909702301025
低误差,MATR_b3c11,817.0,20,hybridpatch_v2,24,1.0013501644134521,1.0006412267684937,1.0002851486206055,1.0007842779159546
低误差,MATR_b3c11,817.0,20,hybridpatch_v2,25,1.001373291015625,1.0005260705947876,1.0001235008239746,1.0006868839263916
低误差,MATR_b3c11,817.0,20,hybridpatch_v2,26,1.0013757944107056,1.000419020652771,0.9999737739562988,1.000596046447754
低误差,MATR_b3c11,817.0,20,hybridpatch_v2,27,1.0013892650604248,1.0003180503845215,0.999832808971405,1.0005100965499878
低误差,MATR_b3c11,817.0,20,hybridpatch_v2,28,1.0014457702636719,1.0002219676971436,0.9996989369392395,1.0004280805587769
低误差,MATR_b3c11,817.0,20,hybridpatch_v2,29,1.0013982057571411,1.0001298189163208,0.9995708465576172,1.0003492832183838
低误差,MATR_b3c11,817.0,20,hybridpatch_v2,30,1.0013986825942993,1.0000410079956055,0.9994475245475769,1.0002731084823608
低误差,MATR_b3c11,817.0,20,hybridpatch_v2,31,1.0013242959976196,0.9999549984931946,0.9993283152580261,1.000199317932129
低误差,MATR_b3c11,817.0,20,hybridpatch_v2,32,1.0013185739517212,0.9998714327812195,0.9992126822471619,1.0001274347305298
低误差,MATR_b3c11,817.0,20,hybridpatch_v2,33,1.00141441822052,0.9997900128364563,0.9991001486778259,1.000057339668274
低误差,MATR_b3c11,817.0,20,hybridpatch_v2,34,1.0013824701309204,0.9997105002403259,0.9989904165267944,0.9999887347221375
低误差,MATR_b3c11,817.0,20,hybridpatch_v2,35,1.0012729167938232,0.999632716178894,0.9988831281661987,0.9999215006828308
低误差,MATR_b3c11,817.0,20,hybridpatch_v2,36,1.0012761354446411,0.9995564222335815,0.9987781047821045,0.9998555183410645
低误差,MATR_b3c11,817.0,20,hybridpatch_v2,37,1.001257061958313,0.9994815587997437,0.9986750483512878,0.9997907280921936
低误差,MATR_b3c11,817.0,20,hybridpatch_v2,38,1.0012606382369995,0.999407947063446,0.998573899269104,0.9997268915176392
低误差,MATR_b3c11,817.0,20,hybridpatch_v2,39,1.0012224912643433,0.999335527420044,0.9984744191169739,0.9996640086174011
低误差,MATR_b3c11,817.0,20,hybridpatch_v2,40,1.0011683702468872,0.9992641806602478,0.9983765482902527,0.9996020197868347
低误差,MATR_b3c11,817.0,20,hybridpatch_v2,41,1.0011390447616577,0.9991937875747681,0.9982800483703613,0.9995408058166504
低误差,MATR_b3c11,817.0,20,hybridpatch_v2,42,1.0010877847671509,0.9991261959075928,0.9981849789619446,0.9994803667068481
低误差,MATR_b3c11,817.0,20,hybridpatch_v2,43,1.0010271072387695,0.9990600943565369,0.9980911016464233,0.9994206428527832
低误差,MATR_b3c11,817.0,20,hybridpatch_v2,44,1.0011347532272339,0.9989948868751526,0.9979984164237976,0.9993615746498108
低误差,MATR_b3c11,817.0,20,hybridpatch_v2,45,1.0011707544326782,0.9989305138587952,0.9979068636894226,0.9993031024932861
低误差,MATR_b3c11,817.0,20,hybridpatch_v2,46,1.0011212825775146,0.998866856098175,0.9978163242340088,0.9992451667785645
低误差,MATR_b3c11,817.0,20,hybridpatch_v2,47,1.0010442733764648,0.9988039135932922,0.9977267980575562,0.9991878271102905
低误差,MATR_b3c11,817.0,20,hybridpatch_v2,48,1.0010486841201782,0.9987416863441467,0.9976381659507751,0.9991309642791748
低误差,MATR_b3c11,817.0,20,hybridpatch_v2,49,1.0010812282562256,0.998680055141449,0.997550368309021,0.9990746378898621
低误差,MATR_b3c11,817.0,20,hybridpatch_v2,50,1.0010932683944702,0.998619019985199,0.9974634647369385,0.9990187287330627
低误差,MATR_b3c11,817.0,20,hybridpatch_v2,51,1.001058578491211,0.9985585808753967,0.997377336025238,0.9989632964134216
低误差,MATR_b3c11,817.0,20,hybridpatch_v2,52,1.001037359237671,0.9984987378120422,0.9972919225692749,0.9989082217216492
低误差,MATR_b3c11,817.0,20,hybridpatch_v2,53,1.0010045766830444,0.998439371585846,0.9972072243690491,0.9988536238670349
低误差,MATR_b3c11,817.0,20,hybridpatch_v2,54,1.0009727478027344,0.9983804821968079,0.9971232414245605,0.9987993836402893
低误差,MATR_b3c11,817.0,20,hybridpatch_v2,55,1.0009124279022217,0.9983221292495728,0.9970399141311646,0.9987454414367676
低误差,MATR_b3c11,817.0,20,hybridpatch_v2,56,1.0009223222732544,0.9982641935348511,0.9969571828842163,0.9986919164657593
低误差,MATR_b3c11,817.0,20,hybridpatch_v2,57,1.000921368598938,0.9982067346572876,0.9968751072883606,0.9986386895179749
低误差,MATR_b3c11,817.0,20,hybridpatch_v2,58,1.0008659362792969,0.9981496334075928,0.9967935681343079,0.9985858201980591
低误差,MATR_b3c11,817.0,20,hybridpatch_v2,59,1.0008339881896973,0.9980930089950562,0.9967125654220581,0.9985332489013672
低误差,MATR_b3c11,817.0,20,hybridpatch_v2,60,1.0008350610733032,0.9980367422103882,0.9966320991516113,0.9984809756278992
低误差,MATR_b3c11,817.0,20,hybridpatch_v2,61,1.0007095336914062,0.9979808330535889,0.9965521693229675,0.9984289407730103
低误差,MATR_b3c11,817.0,20,hybridpatch_v2,62,1.0007357597351074,0.9979252815246582,0.9964727163314819,0.9983772039413452
低误差,MATR_b3c11,817.0,20,hybridpatch_v2,63,1.0006507635116577,0.9978700876235962,0.9963937401771545,0.998325765132904
低误差,MATR_b3c11,817.0,20,hybridpatch_v2,64,1.0006415843963623,0.9978152513504028,0.9963152408599854,0.998274564743042
低误差,MATR_b3c11,817.0,20,hybridpatch_v2,65,1.0005319118499756,0.9977607727050781,0.9962372183799744,0.998223602771759
低误差,MATR_b3c11,817.0,20,hybridpatch_v2,66,1.0004955530166626,0.9977065324783325,0.996159553527832,0.9981728792190552
低误差,MATR_b3c11,817.0,20,hybridpatch_v2,67,1.0005038976669312,0.9976526498794556,0.9960823059082031,0.9981223940849304
低误差,MATR_b3c11,817.0,20,hybridpatch_v2,68,1.0005627870559692,0.9975990056991577,0.9960055351257324,0.9980721473693848
低误差,MATR_b3c11,817.0,20,hybridpatch_v2,69,1.000454068183899,0.9975457191467285,0.9959290623664856,0.9980220794677734
低误差,MATR_b3c11,817.0,20,hybridpatch_v2,70,1.0004258155822754,0.9974926710128784,0.995853066444397,0.9979722499847412
低误差,MATR_b3c11,817.0,20,hybridpatch_v2,71,1.0003905296325684,0.9974398612976074,0.9957773685455322,0.9979225993156433
低误差,MATR_b3c11,817.0,20,hybridpatch_v2,72,1.0003646612167358,0.9973873496055603,0.9957020282745361,0.9978731870651245
低误差,MATR_b3c11,817.0,20,hybridpatch_v2,73,1.0006213188171387,0.9973350763320923,0.9956270456314087,0.9978238940238953
低误差,MATR_b3c11,817.0,20,hybridpatch_v2,74,1.0002859830856323,0.9972830414772034,0.9955524206161499,0.9977748394012451
低误差,MATR_b3c11,817.0,20,hybridpatch_v2,75,1.0001521110534668,0.9972313046455383,0.995478093624115,0.9977259635925293
低误差,MATR_b3c11,817.0,20,hybridpatch_v2,76,1.0001134872436523,0.9971797466278076,0.995404064655304,0.9976772665977478
低误差,MATR_b3c11,817.0,20,hybridpatch_v2,77,1.0001274347305298,0.997128427028656,0.9953303933143616,0.9976287484169006
低误差,MATR_b3c11,817.0,20,hybridpatch_v2,78,1.0001169443130493,0.9970772862434387,0.9952569603919983,0.9975804090499878
低误差,MATR_b3c11,817.0,20,hybridpatch_v2,79,1.0001375675201416,0.9970264434814453,0.9951838850975037,0.9975322484970093
低误差,MATR_b3c11,817.0,20,hybridpatch_v2,80,1.000012755393982,0.9969757199287415,0.9951110482215881,0.9974842071533203
低误差,MATR_b3c11,817.0,20,hybridpatch_v2,81,0.9999725222587585,0.9969252943992615,0.9950385093688965,0.9974362850189209
低误差,MATR_b3c11,817.0,20,hybridpatch_v2,82,1.0000097751617432,0.996874988079071,0.9949662685394287,0.9973886013031006
低误差,MATR_b3c11,817.0,20,hybridpatch_v2,83,0.9999912977218628,0.9968249201774597,0.99489426612854,0.997340977191925
低误差,MATR_b3c11,817.0,20,hybridpatch_v2,84,1.0000836849212646,0.9967750310897827,0.9948225617408752,0.9972935318946838
低误差,MATR_b3c11,817.0,20,hybridpatch_v2,85,1.0000154972076416,0.99672532081604,0.9947510361671448,0.997246265411377
低误差,MATR_b3c11,817.0,20,hybridpatch_v2,86,0.9999209642410278,0.9966757893562317,0.9946798086166382,0.9971991181373596
低误差,MATR_b3c11,817.0,20,hybridpatch_v2,87,0.9998849630355835,0.9966264367103577,0.9946088194847107,0.9971520900726318
低误差,MATR_b3c11,817.0,20,hybridpatch_v2,88,0.9997543692588806,0.996577262878418,0.9945380687713623,0.9971051812171936
低误差,MATR_b3c11,817.0,20,hybridpatch_v2,89,0.9996933937072754,0.9965282678604126,0.994467556476593,0.9970584511756897
低误差,MATR_b3c11,817.0,20,hybridpatch_v2,90,0.9996278285980225,0.9964794516563416,0.9943972229957581,0.9970117807388306
低误差,MATR_b3c11,817.0,20,hybridpatch_v2,91,0.9996224045753479,0.9964307546615601,0.9943271279335022,0.9969652891159058
低误差,MATR_b3c11,817.0,20,hybridpatch_v2,92,0.9995021820068359,0.9963822364807129,0.9942572712898254,0.9969189167022705
低误差,MATR_b3c11,817.0,20,hybridpatch_v2,93,0.9995679259300232,0.9963338971138,0.9941876530647278,0.99687260389328
低误差,MATR_b3c11,817.0,20,hybridpatch_v2,94,0.9994723796844482,0.9962856769561768,0.9941182136535645,0.9968264698982239
低误差,MATR_b3c11,817.0,20,hybridpatch_v2,95,0.9994199872016907,0.996237576007843,0.9940489530563354,0.9967803955078125
低误差,MATR_b3c11,817.0,20,hybridpatch_v2,96,0.9994078278541565,0.9961897134780884,0.9939799308776855,0.9967344999313354
低误差,MATR_b3c11,817.0,20,hybridpatch_v2,97,0.9993952512741089,0.9961419105529785,0.99391108751297,0.9966886639595032
低误差,MATR_b3c11,817.0,20,hybridpatch_v2,98,0.9993873238563538,0.996094286441803,0.9938424229621887,0.9966429471969604
低误差,MATR_b3c11,817.0,20,hybridpatch_v2,99,0.9992601275444031,0.996046781539917,0.9937739372253418,0.9965972900390625
低误差,MATR_b3c11,817.0,20,hybridpatch_v2,100,0.999238908290863,0.9959994554519653,0.993705689907074,0.9965518116950989
低误差,MATR_b3c11,817.0,20,hybridpatch_v2,101,0.999049186706543,0.9959521889686584,0.9936375617980957,0.99650639295578
低误差,MATR_b3c11,817.0,20,hybridpatch_v2,102,0.999027669429779,0.9959051012992859,0.9935696721076965,0.9964610934257507
低误差,MATR_b3c11,817.0,20,hybridpatch_v2,103,0.9989216327667236,0.9958581328392029,0.9935019016265869,0.9964158535003662
低误差,MATR_b3c11,817.0,20,hybridpatch_v2,104,0.9989844560623169,0.9958112835884094,0.9934343099594116,0.9963707327842712
低误差,MATR_b3c11,817.0,20,hybridpatch_v2,105,0.9989942908287048,0.9957646131515503,0.9933668971061707,0.9963257312774658
低误差,MATR_b3c11,817.0,20,hybridpatch_v2,106,0.9990473389625549,0.9957180023193359,0.993299663066864,0.9962807893753052
低误差,MATR_b3c11,817.0,20,hybridpatch_v2,107,0.998974621295929,0.9956715106964111,0.9932326078414917,0.9962359666824341
低误差,MATR_b3c11,817.0,20,hybridpatch_v2,108,0.9990120530128479,0.9956251382827759,0.9931656718254089,0.9961912035942078
低误差,MATR_b3c11,817.0,20,hybridpatch_v2,109,0.9989875555038452,0.9955788850784302,0.9930989146232605,0.996146559715271
低误差,MATR_b3c11,817.0,20,hybridpatch_v2,110,0.9988894462585449,0.995532751083374,0.9930323362350464,0.996101975440979
低误差,MATR_b3c11,817.0,20,hybridpatch_v2,111,0.9989798069000244,0.9954867362976074,0.9929658770561218,0.9960574507713318
低误差,MATR_b3c11,817.0,20,hybridpatch_v2,112,0.9988962411880493,0.9954408407211304,0.9928995370864868,0.9960130453109741
低误差,MATR_b3c11,817.0,20,hybridpatch_v2,113,0.9988259077072144,0.9953950643539429,0.9928333759307861,0.995968759059906
低误差,MATR_b3c11,817.0,20,hybridpatch_v2,114,0.9988822340965271,0.9953493475914001,0.9927673935890198,0.9959244728088379
低误差,MATR_b3c11,817.0,20,hybridpatch_v2,115,0.9989164471626282,0.995303750038147,0.9927014708518982,0.9958803057670593
低误差,MATR_b3c11,817.0,20,hybridpatch_v2,116,0.998786449432373,0.9952582716941833,0.9926357865333557,0.9958361983299255
低误差,MATR_b3c11,817.0,20,hybridpatch_v2,117,0.9987976551055908,0.9952128529548645,0.992570161819458,0.9957922101020813
低误差,MATR_b3c11,817.0,20,hybridpatch_v2,118,0.9987281560897827,0.99516761302948,0.9925047159194946,0.9957482814788818
低误差,MATR_b3c11,817.0,20,hybridpatch_v2,119,0.9986172318458557,0.9951223731040955,0.9924393892288208,0.9957044124603271
低误差,MATR_b3c11,817.0,20,hybridpatch_v2,120,0.9986236095428467,0.9950773119926453,0.9923741817474365,0.9956606030464172
低误差,MATR_b3c11,817.0,20,hybridpatch_v2,121,0.9985183477401733,0.9950323104858398,0.9923091530799866,0.9956169128417969
低误差,MATR_b3c11,817.0,20,hybridpatch_v2,122,0.998499870300293,0.9949873685836792,0.9922441840171814,0.9955732226371765
低误差,MATR_b3c11,817.0,20,hybridpatch_v2,123,0.9983848929405212,0.9949426054954529,0.9921793937683105,0.9955296516418457
低误差,MATR_b3c11,817.0,20,hybridpatch_v2,124,0.9983671307563782,0.9948978424072266,0.9921147227287292,0.9954861402511597
低误差,MATR_b3c11,817.0,20,hybridpatch_v2,125,0.9983019232749939,0.9948531985282898,0.9920501112937927,0.9954427480697632
低误差,MATR_b3c11,817.0,20,hybridpatch_v2,126,0.9981637001037598,0.9948086738586426,0.9919856786727905,0.9953993558883667
低误差,MATR_b3c11,817.0,20,hybridpatch_v2,127,0.998106062412262,0.9947642087936401,0.9919213652610779,0.995356023311615
低误差,MATR_b3c11,817.0,20,hybridpatch_v2,128,0.9981002807617188,0.9947198629379272,0.9918571710586548,0.9953128099441528
低误差,MATR_b3c11,817.0,20,hybridpatch_v2,129,0.9980088472366333,0.9946755766868591,0.9917930960655212,0.9952696561813354
低误差,MATR_b3c11,817.0,20,hybridpatch_v2,130,0.9979884028434753,0.9946313500404358,0.9917290806770325,0.9952265024185181
低误差,MATR_b3c11,817.0,20,hybridpatch_v2,131,0.9979290962219238,0.994587242603302,0.991665244102478,0.9951834678649902
低误差,MATR_b3c11,817.0,20,hybridpatch_v2,132,0.99795001745224,0.994543194770813,0.9916014671325684,0.9951404929161072
低误差,MATR_b3c11,817.0,20,hybridpatch_v2,133,0.9978823065757751,0.9944992065429688,0.9915378093719482,0.9950975775718689
低误差,MATR_b3c11,817.0,20,hybridpatch_v2,134,0.9978236556053162,0.9944553375244141,0.9914742708206177,0.9950546622276306
低误差,MATR_b3c11,817.0,20,hybridpatch_v2,135,0.9977353811264038,0.9944115281105042,0.9914108514785767,0.9950118660926819
低误差,MATR_b3c11,817.0,20,hybridpatch_v2,136,0.9976580739021301,0.9943678379058838,0.9913475513458252,0.9949691295623779
低误差,MATR_b3c11,817.0,20,hybridpatch_v2,137,0.997661292552948,0.9943242073059082,0.9912843108177185,0.9949264526367188
低误差,MATR_b3c11,817.0,20,hybridpatch_v2,138,0.9977691173553467,0.9942806363105774,0.9912211894989014,0.9948837757110596
低误差,MATR_b3c11,817.0,20,hybridpatch_v2,139,0.9977171421051025,0.9942371249198914,0.9911581873893738,0.9948412179946899
低误差,MATR_b3c11,817.0,20,hybridpatch_v2,140,0.9976749420166016,0.9941936731338501,0.991095244884491,0.9947987198829651
低误差,MATR_b3c11,817.0,20,hybridpatch_v2,141,0.9976767897605896,0.9941503405570984,0.9910324215888977,0.9947562217712402
低误差,MATR_b3c11,817.0,20,hybridpatch_v2,142,0.9964921474456787,0.9941070675849915,0.990969717502594,0.9947138428688049
低误差,MATR_b3c11,817.0,20,hybridpatch_v2,143,0.997646152973175,0.9940638542175293,0.9909070730209351,0.9946714639663696
低误差,MATR_b3c11,817.0,20,hybridpatch_v2,144,0.9975454807281494,0.9940207004547119,0.9908445477485657,0.9946291446685791
低误差,MATR_b3c11,817.0,20,hybridpatch_v2,145,0.9975181818008423,0.9939776062965393,0.9907821416854858,0.9945868849754333
低误差,MATR_b3c11,817.0,20,hybridpatch_v2,146,0.9974569082260132,0.9939346313476562,0.9907197952270508,0.9945446848869324
低误差,MATR_b3c11,817.0,20,hybridpatch_v2,147,0.9974147081375122,0.9938916563987732,0.9906575083732605,0.9945025444030762
低误差,MATR_b3c11,817.0,20,hybridpatch_v2,148,0.9972730875015259,0.9938488006591797,0.9905953407287598,0.9944604635238647
低误差,MATR_b3c11,817.0,20,hybridpatch_v2,149,0.9972304701805115,0.993806004524231,0.9905332922935486,0.9944183826446533
低误差,MATR_b3c11,817.0,20,hybridpatch_v2,150,0.9972280263900757,0.993763267993927,0.9904713034629822,0.9943764209747314
低误差,MATR_b3c11,817.0,20,hybridpatch_v2,151,0.9972254633903503,0.9937205910682678,0.9904094338417053,0.9943344593048096
低误差,MATR_b3c11,817.0,20,hybridpatch_v2,152,0.9971501231193542,0.9936779737472534,0.9903476238250732,0.9942925572395325
低误差,MATR_b3c11,817.0,20,hybridpatch_v2,153,0.9970377683639526,0.9936354160308838,0.9902858734130859,0.9942507147789001
低误差,MATR_b3c11,817.0,20,hybridpatch_v2,154,0.9970138072967529,0.9935929775238037,0.9902242422103882,0.9942088723182678
低误差,MATR_b3c11,817.0,20,hybridpatch_v2,155,0.9969190359115601,0.9935505390167236,0.9901626706123352,0.994167149066925
低误差,MATR_b3c11,817.0,20,hybridpatch_v2,156,0.9968141913414001,0.9935081601142883,0.9901012182235718,0.9941254258155823
低误差,MATR_b3c11,817.0,20,hybridpatch_v2,157,0.9968348741531372,0.9934658408164978,0.9900398254394531,0.9940837621688843
低误差,MATR_b3c11,817.0,20,hybridpatch_v2,158,0.9967697858810425,0.993423581123352,0.9899784922599792,0.9940420985221863
低误差,MATR_b3c11,817.0,20,hybridpatch_v2,159,0.9966048002243042,0.9933814406394958,0.9899172782897949,0.9940005540847778
低误差,MATR_b3c11,817.0,20,hybridpatch_v2,160,0.9965314269065857,0.9933393001556396,0.9898561239242554,0.9939590096473694
低误差,MATR_b3c11,817.0,20,hybridpatch_v2,161,0.9965028166770935,0.9932972192764282,0.9897950887680054,0.9939175248146057
低误差,MATR_b3c11,817.0,20,hybridpatch_v2,162,0.9964693188667297,0.9932551980018616,0.9897340536117554,0.993876039981842
低误差,MATR_b3c11,817.0,20,hybridpatch_v2,163,0.9963296055793762,0.9932132363319397,0.9896731376647949,0.9938346743583679
低误差,MATR_b3c11,817.0,20,hybridpatch_v2,164,0.9963704943656921,0.9931713342666626,0.989612340927124,0.9937933087348938
低误差,MATR_b3c11,817.0,20,hybridpatch_v2,165,0.9964213371276855,0.9931294918060303,0.9895515441894531,0.9937519431114197
低误差,MATR_b3c11,817.0,20,hybridpatch_v2,166,0.996400773525238,0.9930877089500427,0.9894908666610718,0.9937106966972351
低误差,MATR_b3c11,817.0,20,hybridpatch_v2,167,0.9964582920074463,0.9930459856987,0.9894302487373352,0.9936694502830505
低误差,MATR_b3c11,817.0,20,hybridpatch_v2,168,0.9964126348495483,0.993004322052002,0.9893696904182434,0.9936282634735107
低误差,MATR_b3c11,817.0,20,hybridpatch_v2,169,0.9963813424110413,0.992962658405304,0.9893091917037964,0.993587076663971
低误差,MATR_b3c11,817.0,20,hybridpatch_v2,170,0.99629807472229,0.9929211139678955,0.9892488121986389,0.9935459494590759
低误差,MATR_b3c11,817.0,20,hybridpatch_v2,171,0.996356725692749,0.9928795695304871,0.9891884922981262,0.9935048818588257
低误差,MATR_b3c11,817.0,20,hybridpatch_v2,172,0.9961714148521423,0.9928380846977234,0.9891282320022583,0.9934638738632202
低误差,MATR_b3c11,817.0,20,hybridpatch_v2,173,0.9961435198783875,0.9927966594696045,0.9890680313110352,0.9934228658676147
低误差,MATR_b3c11,817.0,20,hybridpatch_v2,174,0.9960874915122986,0.9927552938461304,0.9890078902244568,0.9933818578720093
低误差,MATR_b3c11,817.0,20,hybridpatch_v2,175,0.9960972666740417,0.992713987827301,0.988947868347168,0.9933409690856934
低误差,MATR_b3c11,817.0,20,hybridpatch_v2,176,0.9960368275642395,0.9926726818084717,0.9888878464698792,0.9933000802993774
低误差,MATR_b3c11,817.0,20,hybridpatch_v2,177,0.9960182309150696,0.9926314353942871,0.9888279438018799,0.9932592511177063
低误差,MATR_b3c11,817.0,20,hybridpatch_v2,178,0.9959374070167542,0.9925903081893921,0.9887681007385254,0.9932184219360352
低误差,MATR_b3c11,817.0,20,hybridpatch_v2,179,0.9957442283630371,0.9925491809844971,0.9887083172798157,0.9931776523590088
低误差,MATR_b3c11,817.0,20,hybridpatch_v2,180,0.9958459734916687,0.992508053779602,0.988648533821106,0.9931368827819824
低误差,MATR_b3c11,817.0,20,hybridpatch_v2,181,0.9957489967346191,0.9924670457839966,0.9885889291763306,0.9930961728096008
低误差,MATR_b3c11,817.0,20,hybridpatch_v2,182,0.9957110285758972,0.9924260377883911,0.9885293245315552,0.993055522441864
低误差,MATR_b3c11,817.0,20,hybridpatch_v2,183,0.9956486225128174,0.9923850893974304,0.9884697794914246,0.9930148720741272
低误差,MATR_b3c11,817.0,20,hybridpatch_v2,184,0.9955899715423584,0.9923442006111145,0.9884102940559387,0.9929742813110352
低误差,MATR_b3c11,817.0,20,hybridpatch_v2,185,0.9955378770828247,0.9923033714294434,0.9883508682250977,0.9929336905479431
低误差,MATR_b3c11,817.0,20,hybridpatch_v2,186,0.9954805374145508,0.9922625422477722,0.9882915616035461,0.9928931593894958
低误差,MATR_b3c11,817.0,20,hybridpatch_v2,187,0.9953842759132385,0.9922218322753906,0.9882322549819946,0.9928526878356934
低误差,MATR_b3c11,817.0,20,hybridpatch_v2,188,0.9952894449234009,0.992181122303009,0.9881730079650879,0.9928122162818909
低误差,MATR_b3c11,817.0,20,hybridpatch_v2,189,0.9952552318572998,0.9921404123306274,0.9881138205528259,0.9927718043327332
低误差,MATR_b3c11,817.0,20,hybridpatch_v2,190,0.9951040744781494,0.9920998215675354,0.9880547523498535,0.9927313923835754
低误差,MATR_b3c11,817.0,20,hybridpatch_v2,191,0.9950459003448486,0.9920592308044434,0.9879956841468811,0.9926910400390625
低误差,MATR_b3c11,817.0,20,hybridpatch_v2,192,0.9950191378593445,0.9920186400413513,0.9879366755485535,0.9926506876945496
低误差,MATR_b3c11,817.0,20,hybridpatch_v2,193,0.9948311448097229,0.9919781684875488,0.9878777265548706,0.9926103949546814
低误差,MATR_b3c11,817.0,20,hybridpatch_v2,194,0.9947447776794434,0.9919376969337463,0.9878188967704773,0.992570161819458
低误差,MATR_b3c11,817.0,20,hybridpatch_v2,195,0.9948642253875732,0.9918972849845886,0.987760066986084,0.9925299286842346
低误差,MATR_b3c11,817.0,20,hybridpatch_v2,196,0.9948707818984985,0.9918569326400757,0.9877012968063354,0.9924896955490112
低误差,MATR_b3c11,817.0,20,hybridpatch_v2,197,0.9949386119842529,0.9918165802955627,0.9876425862312317,0.9924495220184326
低误差,MATR_b3c11,817.0,20,hybridpatch_v2,198,0.994868814945221,0.9917762875556946,0.9875839352607727,0.9924094080924988
低误差,MATR_b3c11,817.0,20,hybridpatch_v2,199,0.9948723912239075,0.9917360544204712,0.9875253438949585,0.9923692941665649
低误差,MATR_b3c11,817.0,20,hybridpatch_v2,200,0.994759738445282,0.9916958212852478,0.9874667525291443,0.9923291802406311
低误差,MATR_b3c11,817.0,20,hybridpatch_v2,201,0.9947324395179749,0.9916556477546692,0.9874082803726196,0.992289125919342
低误差,MATR_b3c11,817.0,20,hybridpatch_v2,202,0.9946843385696411,0.9916155338287354,0.9873498678207397,0.9922491312026978
低误差,MATR_b3c11,817.0,20,hybridpatch_v2,203,0.9946845769882202,0.9915754199028015,0.9872914552688599,0.9922091364860535
低误差,MATR_b3c11,817.0,20,hybridpatch_v2,204,0.9946826696395874,0.9915353655815125,0.9872331023216248,0.9921691417694092
低误差,MATR_b3c11,817.0,20,hybridpatch_v2,205,0.9947120547294617,0.9914953708648682,0.9871748685836792,0.9921292066574097
低误差,MATR_b3c11,817.0,20,hybridpatch_v2,206,0.9946426153182983,0.9914553761482239,0.9871166348457336,0.9920893311500549
低误差,MATR_b3c11,817.0,20,hybridpatch_v2,207,0.9945577383041382,0.9914154410362244,0.9870584607124329,0.9920494556427002
低误差,MATR_b3c11,817.0,20,hybridpatch_v2,208,0.9945323467254639,0.9913755059242249,0.9870002865791321,0.9920095801353455
低误差,MATR_b3c11,817.0,20,hybridpatch_v2,209,0.9944705367088318,0.9913356304168701,0.9869422316551208,0.9919697642326355
低误差,MATR_b3c11,817.0,20,hybridpatch_v2,210,0.9943633675575256,0.9912958145141602,0.9868841767311096,0.9919300079345703
低误差,MATR_b3c11,817.0,20,hybridpatch_v2,211,0.9944059252738953,0.9912559986114502,0.9868262410163879,0.9918901920318604
低误差,MATR_b3c11,817.0,20,hybridpatch_v2,212,0.9943388104438782,0.991216242313385,0.9867683053016663,0.9918504953384399
低误差,MATR_b3c11,817.0,20,hybridpatch_v2,213,0.9942288994789124,0.9911765456199646,0.9867104291915894,0.9918107986450195
低误差,MATR_b3c11,817.0,20,hybridpatch_v2,214,0.9942271709442139,0.9911368489265442,0.9866525530815125,0.9917711019515991
低误差,MATR_b3c11,817.0,20,hybridpatch_v2,215,0.9942535161972046,0.9910972118377686,0.9865947961807251,0.9917314052581787
低误差,MATR_b3c11,817.0,20,hybridpatch_v2,216,0.994225263595581,0.9910575747489929,0.9865370392799377,0.9916918277740479
低误差,MATR_b3c11,817.0,20,hybridpatch_v2,217,0.9941844940185547,0.9910179972648621,0.9864794015884399,0.9916521906852722
低误差,MATR_b3c11,817.0,20,hybridpatch_v2,218,0.994101345539093,0.990978479385376,0.9864217042922974,0.9916126132011414
低误差,MATR_b3c11,817.0,20,hybridpatch_v2,219,0.9939965605735779,0.9909389615058899,0.9863641262054443,0.9915730953216553
低误差,MATR_b3c11,817.0,20,hybridpatch_v2,220,0.9940106272697449,0.9908995032310486,0.9863066077232361,0.9915335774421692
低误差,MATR_b3c11,817.0,20,hybridpatch_v2,221,0.9939587712287903,0.9908600449562073,0.9862490892410278,0.9914940595626831
低误差,MATR_b3c11,817.0,20,hybridpatch_v2,222,0.9938335418701172,0.9908206462860107,0.9861916303634644,0.9914546012878418
低误差,MATR_b3c11,817.0,20,hybridpatch_v2,223,0.9937412142753601,0.9907812476158142,0.9861342310905457,0.9914151430130005
低误差,MATR_b3c11,817.0,20,hybridpatch_v2,224,0.993678629398346,0.9907419085502625,0.986076831817627,0.9913756847381592
低误差,MATR_b3c11,817.0,20,hybridpatch_v2,225,0.9936792254447937,0.9907025694847107,0.9860195517539978,0.9913362860679626
低误差,MATR_b3c11,817.0,20,hybridpatch_v2,226,0.9936355352401733,0.9906632900238037,0.9859622716903687,0.9912969470024109
低误差,MATR_b3c11,817.0,20,hybridpatch_v2,227,0.9935709834098816,0.9906240701675415,0.9859049916267395,0.9912576079368591
低误差,MATR_b3c11,817.0,20,hybridpatch_v2,228,0.9934880137443542,0.9905848503112793,0.9858478307723999,0.9912182688713074
低误差,MATR_b3c11,817.0,20,hybridpatch_v2,229,0.993412435054779,0.9905456900596619,0.9857906699180603,0.9911789894104004
低误差,MATR_b3c11,817.0,20,hybridpatch_v2,230,0.9934806227684021,0.9905065298080444,0.9857335686683655,0.9911397099494934
低误差,MATR_b3c11,817.0,20,hybridpatch_v2,231,0.9934162497520447,0.9904674291610718,0.9856765270233154,0.9911004304885864
低误差,MATR_b3c11,817.0,20,hybridpatch_v2,232,0.9933660626411438,0.9904283285140991,0.9856194853782654,0.9910612106323242
低误差,MATR_b3c11,817.0,20,hybridpatch_v2,233,0.9933430552482605,0.9903892278671265,0.9855625033378601,0.991021990776062
低误差,MATR_b3c11,817.0,20,hybridpatch_v2,234,0.9932940006256104,0.9903502464294434,0.9855055809020996,0.9909828305244446
低误差,MATR_b3c11,817.0,20,hybridpatch_v2,235,0.9931474328041077,0.9903112649917603,0.9854487180709839,0.9909436702728271
低误差,MATR_b3c11,817.0,20,hybridpatch_v2,236,0.9930434226989746,0.9902722835540771,0.9853918552398682,0.9909045100212097
低误差,MATR_b3c11,817.0,20,hybridpatch_v2,237,0.9929099678993225,0.9902333617210388,0.9853350520133972,0.9908654093742371
低误差,MATR_b3c11,817.0,20,hybridpatch_v2,238,0.9929524064064026,0.9901944398880005,0.9852782487869263,0.9908263087272644
低误差,MATR_b3c11,817.0,20,hybridpatch_v2,239,0.9929103255271912,0.9901555776596069,0.9852215051651001,0.9907872676849365
低误差,MATR_b3c11,817.0,20,hybridpatch_v2,240,0.992865264415741,0.9901167154312134,0.9851648211479187,0.9907482266426086
低误差,MATR_b3c11,817.0,20,hybridpatch_v2,241,0.9927797317504883,0.9900779128074646,0.9851081967353821,0.9907091856002808
低误差,MATR_b3c11,817.0,20,hybridpatch_v2,242,0.9927732348442078,0.9900391101837158,0.9850515723228455,0.9906702041625977
低误差,MATR_b3c11,817.0,20,hybridpatch_v2,243,0.9928094148635864,0.9900003671646118,0.9849950075149536,0.9906312227249146
低误差,MATR_b3c11,817.0,20,hybridpatch_v2,244,0.9927710294723511,0.9899616241455078,0.9849385023117065,0.9905923008918762
低误差,MATR_b3c11,817.0,20,hybridpatch_v2,245,0.9927372932434082,0.9899229407310486,0.9848819971084595,0.9905533194541931
低误差,MATR_b3c11,817.0,20,hybridpatch_v2,246,0.9926754832267761,0.9898842573165894,0.9848255515098572,0.9905143976211548
低误差,MATR_b3c11,817.0,20,hybridpatch_v2,247,0.99262934923172,0.9898456335067749,0.9847691059112549,0.9904755353927612
低误差,MATR_b3c11,817.0,20,hybridpatch_v2,248,0.992556095123291,0.9898070096969604,0.9847127199172974,0.9904366731643677
低误差,MATR_b3c11,817.0,20,hybridpatch_v2,249,0.99257493019104,0.989768385887146,0.9846563935279846,0.9903978109359741
低误差,MATR_b3c11,817.0,20,hybridpatch_v2,250,0.9924763441085815,0.9897298216819763,0.9846000671386719,0.9903590083122253
低误差,MATR_b3c11,817.0,20,hybridpatch_v2,251,0.9924609661102295,0.9896913170814514,0.9845438003540039,0.9903202056884766
低误差,MATR_b3c11,817.0,20,hybridpatch_v2,252,0.9923393130302429,0.9896528124809265,0.9844875931739807,0.9902814030647278
低误差,MATR_b3c11,817.0,20,hybridpatch_v2,253,0.9922680258750916,0.9896143078804016,0.9844313859939575,0.9902426600456238
低误差,MATR_b3c11,817.0,20,hybridpatch_v2,254,0.9923055171966553,0.9895758628845215,0.9843752384185791,0.9902039170265198
低误差,MATR_b3c11,817.0,20,hybridpatch_v2,255,0.9922181367874146,0.9895374774932861,0.9843191504478455,0.9901651740074158
低误差,MATR_b3c11,817.0,20,hybridpatch_v2,256,0.9921055436134338,0.9894990921020508,0.9842630624771118,0.9901264905929565
低误差,MATR_b3c11,817.0,20,hybridpatch_v2,257,0.9920858144760132,0.9894607067108154,0.9842069745063782,0.9900878071784973
低误差,MATR_b3c11,817.0,20,hybridpatch_v2,258,0.9920280575752258,0.9894223213195801,0.9841510057449341,0.9900491237640381
低误差,MATR_b3c11,817.0,20,hybridpatch_v2,259,0.9919489622116089,0.9893840551376343,0.98409503698349,0.9900104999542236
低误差,MATR_b3c11,817.0,20,hybridpatch_v2,260,0.9918777942657471,0.9893457293510437,0.9840390682220459,0.9899718761444092
低误差,MATR_b3c11,817.0,20,hybridpatch_v2,261,0.9918128848075867,0.9893074631690979,0.9839831590652466,0.9899332523345947
低误差,MATR_b3c11,817.0,20,hybridpatch_v2,262,0.9918251037597656,0.9892692565917969,0.983927309513092,0.9898946285247803
低误差,MATR_b3c11,817.0,20,hybridpatch_v2,263,0.9918197989463806,0.9892309904098511,0.9838714599609375,0.9898560643196106
低误差,MATR_b3c11,817.0,20,hybridpatch_v2,264,0.991674542427063,0.9891928434371948,0.9838156700134277,0.9898175597190857
低误差,MATR_b3c11,817.0,20,hybridpatch_v2,265,0.9916105270385742,0.9891546368598938,0.983759880065918,0.989778995513916
低误差,MATR_b3c11,817.0,20,hybridpatch_v2,266,0.9915463924407959,0.9891165494918823,0.983704149723053,0.9897404909133911
低误差,MATR_b3c11,817.0,20,hybridpatch_v2,267,0.9914535880088806,0.9890784025192261,0.9836484789848328,0.989702045917511
低误差,MATR_b3c11,817.0,20,hybridpatch_v2,268,0.9914298057556152,0.9890403151512146,0.9835928082466125,0.9896635413169861
低误差,MATR_b3c11,817.0,20,hybridpatch_v2,269,0.991324245929718,0.9890022277832031,0.9835371375083923,0.989625096321106
低误差,MATR_b3c11,817.0,20,hybridpatch_v2,270,0.9912362694740295,0.9889642000198364,0.9834815263748169,0.9895866513252258
低误差,MATR_b3c11,817.0,20,hybridpatch_v2,271,0.9912932515144348,0.9889262318611145,0.9834259748458862,0.9895482659339905
低误差,MATR_b3c11,817.0,20,hybridpatch_v2,272,0.991235613822937,0.9888882040977478,0.9833704233169556,0.9895098209381104
低误差,MATR_b3c11,817.0,20,hybridpatch_v2,273,0.991213858127594,0.9888502359390259,0.9833149313926697,0.9894714951515198
低误差,MATR_b3c11,817.0,20,hybridpatch_v2,274,0.9911419153213501,0.9888123273849487,0.9832594990730286,0.9894331097602844
低误差,MATR_b3c11,817.0,20,hybridpatch_v2,275,0.9910203218460083,0.9887743592262268,0.9832040667533875,0.9893947839736938
低误差,MATR_b3c11,817.0,20,hybridpatch_v2,276,0.9909733533859253,0.9887365102767944,0.9831486344337463,0.9893564581871033
低误差,MATR_b3c11,817.0,20,hybridpatch_v2,277,0.9908685088157654,0.9886986017227173,0.98309326171875,0.9893181324005127
低误差,MATR_b3c11,817.0,20,hybridpatch_v2,278,0.9908531904220581,0.9886607527732849,0.9830379486083984,0.9892798662185669
低误差,MATR_b3c11,817.0,20,hybridpatch_v2,279,0.9907852411270142,0.9886229634284973,0.9829826354980469,0.9892416000366211
低误差,MATR_b3c11,817.0,20,hybridpatch_v2,280,0.9907472133636475,0.9885851144790649,0.9829273223876953,0.9892033338546753
低误差,MATR_b3c11,817.0,20,hybridpatch_v2,281,0.9906328916549683,0.9885473251342773,0.9828720688819885,0.9891650676727295
低误差,MATR_b3c11,817.0,20,hybridpatch_v2,282,0.9905591011047363,0.9885095953941345,0.9828168749809265,0.9891268610954285
低误差,MATR_b3c11,817.0,20,hybridpatch_v2,283,0.9905285835266113,0.9884718656539917,0.9827616810798645,0.9890886545181274
低误差,MATR_b3c11,817.0,20,hybridpatch_v2,284,0.99040287733078,0.9884341359138489,0.9827065467834473,0.9890505075454712
低误差,MATR_b3c11,817.0,20,hybridpatch_v2,285,0.9904223084449768,0.9883964657783508,0.98265141248703,0.9890123009681702
低误差,MATR_b3c11,817.0,20,hybridpatch_v2,286,0.990334689617157,0.9883587956428528,0.9825962781906128,0.9889741539955139
低误差,MATR_b3c11,817.0,20,hybridpatch_v2,287,0.9903006553649902,0.9883211255073547,0.9825412631034851,0.9889360070228577
低误差,MATR_b3c11,817.0,20,hybridpatch_v2,288,0.990246593952179,0.9882835149765015,0.9824861884117126,0.9888979196548462
低误差,MATR_b3c11,817.0,20,hybridpatch_v2,289,0.9902241230010986,0.9882459044456482,0.982431173324585,0.9888598322868347
低误差,MATR_b3c11,817.0,20,hybridpatch_v2,290,0.9901081323623657,0.9882083535194397,0.982376217842102,0.9888217449188232
低误差,MATR_b3c11,817.0,20,hybridpatch_v2,291,0.9900766015052795,0.9881708025932312,0.9823212623596191,0.9887855052947998
低误差,MATR_b3c11,817.0,20,hybridpatch_v2,292,0.9899376034736633,0.9881332516670227,0.982266366481781,0.9887494444847107
低误差,MATR_b3c11,817.0,20,hybridpatch_v2,293,0.9899408221244812,0.988095760345459,0.9822114706039429,0.9887133836746216
低误差,MATR_b3c11,817.0,20,hybridpatch_v2,294,0.9899356365203857,0.9880582690238953,0.9821565747261047,0.9886773824691772
低误差,MATR_b3c11,817.0,20,hybridpatch_v2,295,0.9897398948669434,0.9880207777023315,0.9821017980575562,0.9886413216590881
低误差,MATR_b3c11,817.0,20,hybridpatch_v2,296,0.9896804690361023,0.9879833459854126,0.9820469617843628,0.9886053800582886
低误差,MATR_b3c11,817.0,20,hybridpatch_v2,297,0.9896193146705627,0.9879459142684937,0.9819921851158142,0.9885693788528442
低误差,MATR_b3c11,817.0,20,hybridpatch_v2,298,0.9895887970924377,0.9879084825515747,0.9819374680519104,0.9885334372520447
低误差,MATR_b3c11,817.0,20,hybridpatch_v2,299,0.9895414710044861,0.9878711104393005,0.9818827509880066,0.9884974956512451
低误差,MATR_b3c11,817.0,20,hybridpatch_v2,300,0.9894778728485107,0.9878337383270264,0.9818280339241028,0.9884616136550903
低误差,MATR_b3c11,817.0,20,hybridpatch_v2,301,0.9894310832023621,0.9877963662147522,0.9817733764648438,0.9884257316589355
低误差,MATR_b3c11,817.0,20,hybridpatch_v2,302,0.9893120527267456,0.9877590537071228,0.9817187190055847,0.9883898496627808
低误差,MATR_b3c11,817.0,20,hybridpatch_v2,303,0.9891707897186279,0.9877217411994934,0.9816641211509705,0.988353967666626
低误差,MATR_b3c11,817.0,20,hybridpatch_v2,304,0.989147961139679,0.9876844882965088,0.981609582901001,0.988318145275116
低误差,MATR_b3c11,817.0,20,hybridpatch_v2,305,0.9890312552452087,0.9876471757888794,0.9815549850463867,0.988282322883606
低误差,MATR_b3c11,817.0,20,hybridpatch_v2,306,0.9890373945236206,0.9876099228858948,0.9815004467964172,0.9882465600967407
低误差,MATR_b3c11,817.0,20,hybridpatch_v2,307,0.9889618158340454,0.9875727295875549,0.9814459681510925,0.9882107973098755
低误差,MATR_b3c11,817.0,20,hybridpatch_v2,308,0.9888808131217957,0.9875355362892151,0.9813914895057678,0.9881750345230103
低误差,MATR_b3c11,817.0,20,hybridpatch_v2,309,0.9888501763343811,0.9874983429908752,0.9813370704650879,0.988139271736145
低误差,MATR_b3c11,817.0,20,hybridpatch_v2,310,0.9887828826904297,0.9874611496925354,0.981282651424408,0.9881035685539246
低误差,MATR_b3c11,817.0,20,hybridpatch_v2,311,0.988787829875946,0.9874240159988403,0.981228232383728,0.9880678653717041
低误差,MATR_b3c11,817.0,20,hybridpatch_v2,312,0.9886154532432556,0.9873868823051453,0.9811738729476929,0.9880321621894836
低误差,MATR_b3c11,817.0,20,hybridpatch_v2,313,0.9885647892951965,0.987349808216095,0.9811195135116577,0.9879964590072632
低误差,MATR_b3c11,817.0,20,hybridpatch_v2,314,0.9884954690933228,0.9873126745223999,0.9810652136802673,0.9879608154296875
低误差,MATR_b3c11,817.0,20,hybridpatch_v2,315,0.9883707761764526,0.9872756600379944,0.981010913848877,0.9879251718521118
低误差,MATR_b3c11,817.0,20,hybridpatch_v2,316,0.9883176684379578,0.9872385859489441,0.9809566736221313,0.9878895878791809
低误差,MATR_b3c11,817.0,20,hybridpatch_v2,317,0.9881599545478821,0.9872015714645386,0.9809024333953857,0.98785400390625
低误差,MATR_b3c11,817.0,20,hybridpatch_v2,318,0.9881808757781982,0.9871645569801331,0.9808482527732849,0.9878184199333191
低误差,MATR_b3c11,817.0,20,hybridpatch_v2,319,0.9880886673927307,0.9871275424957275,0.9807940721511841,0.9877828359603882
低误差,MATR_b3c11,817.0,20,hybridpatch_v2,320,0.9880265593528748,0.9870905876159668,0.9807398915290833,0.987747311592102
低误差,MATR_b3c11,817.0,20,hybridpatch_v2,321,0.9879143238067627,0.987053632736206,0.9806857705116272,0.9877117276191711
低误差,MATR_b3c11,817.0,20,hybridpatch_v2,322,0.9878377914428711,0.9870166778564453,0.9806316494941711,0.9876762628555298
低误差,MATR_b3c11,817.0,20,hybridpatch_v2,323,0.9876993894577026,0.9869797825813293,0.9805775284767151,0.9876407384872437
低误差,MATR_b3c11,817.0,20,hybridpatch_v2,324,0.9877081513404846,0.9869428873062134,0.9805234670639038,0.9876052737236023
低误差,MATR_b3c11,817.0,20,hybridpatch_v2,325,0.9876920580863953,0.9869059920310974,0.9804694652557373,0.9875698089599609
低误差,MATR_b3c11,817.0,20,hybridpatch_v2,326,0.987593412399292,0.9868690967559814,0.9804154634475708,0.9875343441963196
低误差,MATR_b3c11,817.0,20,hybridpatch_v2,327,0.9874958395957947,0.9868322610855103,0.9803614616394043,0.987498939037323
低误差,MATR_b3c11,817.0,20,hybridpatch_v2,328,0.9873296022415161,0.9867954254150391,0.9803074598312378,0.9874635338783264
低误差,MATR_b3c11,817.0,20,hybridpatch_v2,329,0.9872972369194031,0.9867586493492126,0.9802535176277161,0.9874281287193298
低误差,MATR_b3c11,817.0,20,hybridpatch_v2,330,0.9873198866844177,0.9867218136787415,0.9801996350288391,0.9873927235603333
低误差,MATR_b3c11,817.0,20,hybridpatch_v2,331,0.9872285723686218,0.986685037612915,0.9801457524299622,0.9873573780059814
低误差,MATR_b3c11,817.0,20,hybridpatch_v2,332,0.9871757626533508,0.9866483211517334,0.9800918698310852,0.9873220324516296
低误差,MATR_b3c11,817.0,20,hybridpatch_v2,333,0.9870364665985107,0.986611545085907,0.980038046836853,0.9872866868972778
低误差,MATR_b3c11,817.0,20,hybridpatch_v2,334,0.9869372248649597,0.9865748286247253,0.9799842238426208,0.9872514009475708
低误差,MATR_b3c11,817.0,20,hybridpatch_v2,335,0.9868508577346802,0.9865381121635437,0.9799304008483887,0.987216055393219
低误差,MATR_b3c11,817.0,20,hybridpatch_v2,336,0.9867796301841736,0.9865014553070068,0.9798766374588013,0.987180769443512
低误差,MATR_b3c11,817.0,20,hybridpatch_v2,337,0.9867518544197083,0.98646479845047,0.9798228740692139,0.9871455430984497
低误差,MATR_b3c11,817.0,20,hybridpatch_v2,338,0.9866301417350769,0.9864281415939331,0.9797691702842712,0.9871102571487427
低误差,MATR_b3c11,817.0,20,hybridpatch_v2,339,0.9866579174995422,0.9863914847373962,0.9797154664993286,0.9870750308036804
低误差,MATR_b3c11,817.0,20,hybridpatch_v2,340,0.9865151643753052,0.9863548874855042,0.979661762714386,0.9870398044586182
低误差,MATR_b3c11,817.0,20,hybridpatch_v2,341,0.9864293336868286,0.9863182902336121,0.9796081185340881,0.9870045781135559
低误差,MATR_b3c11,817.0,20,hybridpatch_v2,342,0.9863344430923462,0.98628169298172,0.9795544743537903,0.9869694113731384
低误差,MATR_b3c11,817.0,20,hybridpatch_v2,343,0.9862801432609558,0.9862450957298279,0.9795008897781372,0.986934244632721
低误差,MATR_b3c11,817.0,20,hybridpatch_v2,344,0.9862210750579834,0.9862085580825806,0.9794472455978394,0.9868990778923035
低误差,MATR_b3c11,817.0,20,hybridpatch_v2,345,0.986090898513794,0.9861720204353333,0.979393720626831,0.986863911151886
低误差,MATR_b3c11,817.0,20,hybridpatch_v2,346,0.9860531091690063,0.9861354827880859,0.979340136051178,0.9868288040161133
低误差,MATR_b3c11,817.0,20,hybridpatch_v2,347,0.9859298467636108,0.9860990047454834,0.9792866110801697,0.9867936968803406
低误差,MATR_b3c11,817.0,20,hybridpatch_v2,348,0.9858855605125427,0.9860625267028809,0.9792331457138062,0.9867585897445679
低误差,MATR_b3c11,817.0,20,hybridpatch_v2,349,0.9858188629150391,0.9860260486602783,0.9791796207427979,0.9867235422134399
低误差,MATR_b3c11,817.0,20,hybridpatch_v2,350,0.9856836199760437,0.9859895706176758,0.9791262149810791,0.9866884350776672
低误差,MATR_b3c11,817.0,20,hybridpatch_v2,351,0.9856581687927246,0.985953152179718,0.9790727496147156,0.9866533875465393
低误差,MATR_b3c11,817.0,20,hybridpatch_v2,352,0.9855479001998901,0.9859167337417603,0.9790193438529968,0.9866183400154114
低误差,MATR_b3c11,817.0,20,hybridpatch_v2,353,0.9854353070259094,0.9858803153038025,0.9789659380912781,0.9865833520889282
低误差,MATR_b3c11,817.0,20,hybridpatch_v2,354,0.9854012131690979,0.9858439564704895,0.9789125919342041,0.9865483045578003
低误差,MATR_b3c11,817.0,20,hybridpatch_v2,355,0.9853247404098511,0.9858075380325317,0.9788592457771301,0.9865133166313171
低误差,MATR_b3c11,817.0,20,hybridpatch_v2,356,0.9852024912834167,0.9857711791992188,0.9788058996200562,0.986478328704834
低误差,MATR_b3c11,817.0,20,hybridpatch_v2,357,0.9852205514907837,0.9857348799705505,0.978752613067627,0.9864434003829956
低误差,MATR_b3c11,817.0,20,hybridpatch_v2,358,0.9851374626159668,0.9856985211372375,0.9786993265151978,0.9864084124565125
低误差,MATR_b3c11,817.0,20,hybridpatch_v2,359,0.9851058721542358,0.9856622219085693,0.9786460399627686,0.9863734841346741
低误差,MATR_b3c11,817.0,20,hybridpatch_v2,360,0.9850962162017822,0.9856259226799011,0.9785928130149841,0.9863385558128357
低误差,MATR_b3c11,817.0,20,hybridpatch_v2,361,0.9850082993507385,0.9855896830558777,0.9785395860671997,0.9863036274909973
低误差,MATR_b3c11,817.0,20,hybridpatch_v2,362,0.9848992228507996,0.9855533838272095,0.9784863591194153,0.9862687587738037
低误差,MATR_b3c11,817.0,20,hybridpatch_v2,363,0.9848060607910156,0.985517144203186,0.9784331917762756,0.9862338900566101
低误差,MATR_b3c11,817.0,20,hybridpatch_v2,364,0.9847211241722107,0.9854809045791626,0.978380024433136,0.9861990213394165
低误差,MATR_b3c11,817.0,20,hybridpatch_v2,365,0.9846716523170471,0.9854446649551392,0.9783268570899963,0.9861641526222229
低误差,MATR_b3c11,817.0,20,hybridpatch_v2,366,0.9845966100692749,0.9854084849357605,0.9782737493515015,0.9861292839050293
低误差,MATR_b3c11,817.0,20,hybridpatch_v2,367,0.9845648407936096,0.9853723049163818,0.9782206416130066,0.9860944747924805
低误差,MATR_b3c11,817.0,20,hybridpatch_v2,368,0.9844347238540649,0.9853361248970032,0.9781675934791565,0.9860596656799316
低误差,MATR_b3c11,817.0,20,hybridpatch_v2,369,0.984377920627594,0.9852999448776245,0.9781144857406616,0.9860248565673828
低误差,MATR_b3c11,817.0,20,hybridpatch_v2,370,0.9843461513519287,0.9852638244628906,0.9780614376068115,0.9859901070594788
低误差,MATR_b3c11,817.0,20,hybridpatch_v2,371,0.9842932224273682,0.9852277040481567,0.9780084490776062,0.9859552979469299
低误差,MATR_b3c11,817.0,20,hybridpatch_v2,372,0.9830657243728638,0.9851915836334229,0.9779554605484009,0.9859205484390259
低误差,MATR_b3c11,817.0,20,hybridpatch_v2,373,0.9841070771217346,0.985155463218689,0.9779024720191956,0.9858857989311218
低误差,MATR_b3c11,817.0,20,hybridpatch_v2,374,0.9840754270553589,0.9851194024085999,0.9778494834899902,0.9858511090278625
低误差,MATR_b3c11,817.0,20,hybridpatch_v2,375,0.9839259386062622,0.9850833415985107,0.9777965545654297,0.9858163595199585
低误差,MATR_b3c11,817.0,20,hybridpatch_v2,376,0.9839508533477783,0.9850472807884216,0.9777436256408691,0.9857816696166992
低误差,MATR_b3c11,817.0,20,hybridpatch_v2,377,0.9837482571601868,0.9850112199783325,0.9776907563209534,0.9857469797134399
低误差,MATR_b3c11,817.0,20,hybridpatch_v2,378,0.9837814569473267,0.9849752187728882,0.9776378273963928,0.9857122898101807
低误差,MATR_b3c11,817.0,20,hybridpatch_v2,379,0.9836475849151611,0.9849392175674438,0.977584958076477,0.9856776595115662
低误差,MATR_b3c11,817.0,20,hybridpatch_v2,380,0.9835582971572876,0.9849032163619995,0.977532148361206,0.9856429696083069
低误差,MATR_b3c11,817.0,20,hybridpatch_v2,381,0.9835366010665894,0.9848672151565552,0.9774793386459351,0.9856083393096924
低误差,MATR_b3c11,817.0,20,hybridpatch_v2,382,0.9834683537483215,0.9848312735557556,0.9774265289306641,0.9855737090110779
低误差,MATR_b3c11,817.0,20,hybridpatch_v2,383,0.9833672642707825,0.9847952723503113,0.9773737192153931,0.9855391383171082
低误差,MATR_b3c11,817.0,20,hybridpatch_v2,384,0.9832818508148193,0.9847593307495117,0.9773209691047668,0.9855045080184937
低误差,MATR_b3c11,817.0,20,hybridpatch_v2,385,0.9831472039222717,0.9847234487533569,0.9772682189941406,0.9854699373245239
低误差,MATR_b3c11,817.0,20,hybridpatch_v2,386,0.9830655455589294,0.9846875071525574,0.9772154688835144,0.9854353666305542
低误差,MATR_b3c11,817.0,20,hybridpatch_v2,387,0.9829689860343933,0.9846516251564026,0.977162778377533,0.9854007959365845
低误差,MATR_b3c11,817.0,20,hybridpatch_v2,388,0.9829111695289612,0.9846157431602478,0.9771100282669067,0.9853662252426147
低误差,MATR_b3c11,817.0,20,hybridpatch_v2,389,0.982799232006073,0.984579861164093,0.9770573973655701,0.9853317141532898
低误差,MATR_b3c11,817.0,20,hybridpatch_v2,390,0.9827464818954468,0.9845439791679382,0.9770047068595886,0.9852972030639648
低误差,MATR_b3c11,817.0,20,hybridpatch_v2,391,0.982646107673645,0.9845081567764282,0.976952075958252,0.9852626919746399
低误差,MATR_b3c11,817.0,20,hybridpatch_v2,392,0.9826361536979675,0.9844723343849182,0.9768994450569153,0.9852281808853149
低误差,MATR_b3c11,817.0,20,hybridpatch_v2,393,0.9825645089149475,0.9844365119934082,0.9768468737602234,0.98519366979599
低误差,MATR_b3c11,817.0,20,hybridpatch_v2,394,0.9824187159538269,0.9844006896018982,0.9767943024635315,0.9851592183113098
低误差,MATR_b3c11,817.0,20,hybridpatch_v2,395,0.9822904467582703,0.984364926815033,0.9767417311668396,0.9851247668266296
低误差,MATR_b3c11,817.0,20,hybridpatch_v2,396,0.9822744727134705,0.9843291640281677,0.9766891598701477,0.9850903153419495
低误差,MATR_b3c11,817.0,20,hybridpatch_v2,397,0.9821506142616272,0.9842934012413025,0.9766366481781006,0.9850558638572693
低误差,MATR_b3c11,817.0,20,hybridpatch_v2,398,0.9821313619613647,0.9842576384544373,0.9765841364860535,0.9850214719772339
低误差,MATR_b3c11,817.0,20,hybridpatch_v2,399,0.9819915890693665,0.984221875667572,0.9765316247940063,0.9849870204925537
低误差,MATR_b3c11,817.0,20,hybridpatch_v2,400,0.9819591641426086,0.9841861724853516,0.976479172706604,0.9849526286125183
低误差,MATR_b3c11,817.0,20,hybridpatch_v2,401,0.9819162487983704,0.9841504693031311,0.9764266610145569,0.9849182367324829
低误差,MATR_b3c11,817.0,20,hybridpatch_v2,402,0.9818482995033264,0.9841147661209106,0.9763742685317993,0.9848838448524475
低误差,MATR_b3c11,817.0,20,hybridpatch_v2,403,0.9817370772361755,0.9840790629386902,0.976321816444397,0.9848495125770569
低误差,MATR_b3c11,817.0,20,hybridpatch_v2,404,0.9816519021987915,0.9840434193611145,0.9762694239616394,0.9848151206970215
低误差,MATR_b3c11,817.0,20,hybridpatch_v2,405,0.9815347790718079,0.9840077757835388,0.9762170314788818,0.9847807884216309
低误差,MATR_b3c11,817.0,20,hybridpatch_v2,406,0.9813916683197021,0.9839721322059631,0.9761646389961243,0.9847464561462402
低误差,MATR_b3c11,817.0,20,hybridpatch_v2,407,0.9813862442970276,0.9839364886283875,0.9761123061180115,0.9847121834754944
低误差,MATR_b3c11,817.0,20,hybridpatch_v2,408,0.9812449812889099,0.9839008450508118,0.9760599732398987,0.9846778512001038
低误差,MATR_b3c11,817.0,20,hybridpatch_v2,409,0.9811964631080627,0.9838652610778809,0.9760076403617859,0.9846435785293579
低误差,MATR_b3c11,817.0,20,hybridpatch_v2,410,0.9810855984687805,0.98382967710495,0.9759553074836731,0.9846093058586121
低误差,MATR_b3c11,817.0,20,hybridpatch_v2,411,0.9809443950653076,0.983794093132019,0.9759030342102051,0.9845750331878662
低误差,MATR_b3c11,817.0,20,hybridpatch_v2,412,0.9809092879295349,0.9837585091590881,0.9758507609367371,0.9845407605171204
低误差,MATR_b3c11,817.0,20,hybridpatch_v2,413,0.980779767036438,0.9837229251861572,0.975798487663269,0.9845064878463745
低误差,MATR_b3c11,817.0,20,hybridpatch_v2,414,0.9807939529418945,0.9836874008178711,0.9757462739944458,0.9844722747802734
低误差,MATR_b3c11,817.0,20,hybridpatch_v2,415,0.9807275533676147,0.983651876449585,0.9756940603256226,0.9844380617141724
低误差,MATR_b3c11,817.0,20,hybridpatch_v2,416,0.9805936813354492,0.9836163520812988,0.9756418466567993,0.9844038486480713
低误差,MATR_b3c11,817.0,20,hybridpatch_v2,417,0.9805231690406799,0.9835808277130127,0.9755896925926208,0.9843696355819702
低误差,MATR_b3c11,817.0,20,hybridpatch_v2,418,0.980485737323761,0.9835453629493713,0.9755374789237976,0.9843354225158691
低误差,MATR_b3c11,817.0,20,hybridpatch_v2,419,0.9803234934806824,0.98350989818573,0.9754853248596191,0.9843012690544128
低误差,MATR_b3c11,817.0,20,hybridpatch_v2,420,0.9802712798118591,0.9834744334220886,0.9754332304000854,0.984266996383667
低误差,MATR_b3c11,817.0,20,hybridpatch_v2,421,0.9801942706108093,0.9834389686584473,0.975381076335907,0.984230101108551
低误差,MATR_b3c11,817.0,20,hybridpatch_v2,422,0.9801203012466431,0.9834035038948059,0.9753289818763733,0.9841894507408142
低误差,MATR_b3c11,817.0,20,hybridpatch_v2,423,0.9799979329109192,0.9833680987358093,0.9752768874168396,0.9841449856758118
低误差,MATR_b3c11,817.0,20,hybridpatch_v2,424,0.9799664616584778,0.983332633972168,0.9752248525619507,0.9840968251228333
低误差,MATR_b3c11,817.0,20,hybridpatch_v2,425,0.9798029065132141,0.9832972288131714,0.975172758102417,0.9840449094772339
低误差,MATR_b3c11,817.0,20,hybridpatch_v2,426,0.9796868562698364,0.9832617044448853,0.9751207232475281,0.9839891791343689
低误差,MATR_b3c11,817.0,20,hybridpatch_v2,427,0.9796718955039978,0.9832245707511902,0.9750686883926392,0.9839297533035278
低误差,MATR_b3c11,817.0,20,hybridpatch_v2,428,0.9795398116111755,0.9831852912902832,0.975016713142395,0.9838665723800659
低误差,MATR_b3c11,817.0,20,hybridpatch_v2,429,0.9794185757637024,0.9831439256668091,0.9749646782875061,0.9837995767593384
低误差,MATR_b3c11,817.0,20,hybridpatch_v2,430,0.979414165019989,0.9831004738807678,0.974912703037262,0.9837288856506348
低误差,MATR_b3c11,817.0,20,hybridpatch_v2,431,0.9792765974998474,0.9830548763275146,0.9748607873916626,0.9836543798446655
低误差,MATR_b3c11,817.0,20,hybridpatch_v2,432,0.9792064428329468,0.9830071926116943,0.9748088121414185,0.9835761785507202
低误差,MATR_b3c11,817.0,20,hybridpatch_v2,433,0.9789968132972717,0.9829574227333069,0.9747568964958191,0.9835119247436523
低误差,MATR_b3c11,817.0,20,hybridpatch_v2,434,0.9789782166481018,0.9829055666923523,0.9747049808502197,0.9834755659103394
低误差,MATR_b3c11,817.0,20,hybridpatch_v2,435,0.9788752198219299,0.9828516244888306,0.9746530652046204,0.9834392070770264
低误差,MATR_b3c11,817.0,20,hybridpatch_v2,436,0.9788268804550171,0.9827955365180969,0.9746012091636658,0.9834028482437134
低误差,MATR_b3c11,817.0,20,hybridpatch_v2,437,0.9786317348480225,0.9827374219894409,0.9745493531227112,0.9833664894104004
低误差,MATR_b3c11,817.0,20,hybridpatch_v2,438,0.9785290360450745,0.9826771020889282,0.9744974970817566,0.9833301901817322
低误差,MATR_b3c11,817.0,20,hybridpatch_v2,439,0.9783207178115845,0.9826147556304932,0.974445641040802,0.983293890953064
低误差,MATR_b3c11,817.0,20,hybridpatch_v2,440,0.9782679080963135,0.982550323009491,0.9743900299072266,0.983257532119751
低误差,MATR_b3c11,817.0,20,hybridpatch_v2,441,0.9781017899513245,0.9824837446212769,0.9743272066116333,0.9832212328910828
低误差,MATR_b3c11,817.0,20,hybridpatch_v2,442,0.978009045124054,0.9824150800704956,0.9742571711540222,0.9831849932670593
低误差,MATR_b3c11,817.0,20,hybridpatch_v2,443,0.9778277277946472,0.9823443293571472,0.9741798639297485,0.9831486940383911
低误差,MATR_b3c11,817.0,20,hybridpatch_v2,444,0.97773677110672,0.9822714328765869,0.974095344543457,0.9831123948097229
低误差,MATR_b3c11,817.0,20,hybridpatch_v2,445,0.97768634557724,0.9821965098381042,0.9740036129951477,0.9830761551856995
低误差,MATR_b3c11,817.0,20,hybridpatch_v2,446,0.9776399731636047,0.9820863008499146,0.9739046692848206,0.9830398559570312
低误差,MATR_b3c11,817.0,20,hybridpatch_v2,447,0.9775607585906982,0.9819517135620117,0.9737985134124756,0.9830036163330078
低误差,MATR_b3c11,817.0,20,hybridpatch_v2,448,0.977464497089386,0.981813371181488,0.973685085773468,0.9829673767089844
低误差,MATR_b3c11,817.0,20,hybridpatch_v2,449,0.9775134921073914,0.9816712141036987,0.9735644459724426,0.9829311370849609
低误差,MATR_b3c11,817.0,20,hybridpatch_v2,450,0.9773578643798828,0.9815253615379333,0.9734365940093994,0.9828949570655823
低误差,MATR_b3c11,817.0,20,hybridpatch_v2,451,0.9773343801498413,0.9813756942749023,0.9733014702796936,0.9828587174415588
低误差,MATR_b3c11,817.0,20,hybridpatch_v2,452,0.9771631956100464,0.9812223315238953,0.9731591939926147,0.9828225374221802
低误差,MATR_b3c11,817.0,20,hybridpatch_v2,453,0.9771482348442078,0.9810651540756226,0.9730096459388733,0.9827860593795776
低误差,MATR_b3c11,817.0,20,hybridpatch_v2,454,0.977047860622406,0.9809042811393738,0.972852885723114,0.9827467203140259
低误差,MATR_b3c11,817.0,20,hybridpatch_v2,455,0.9769800901412964,0.9807395935058594,0.9726889133453369,0.982703685760498
低误差,MATR_b3c11,817.0,20,hybridpatch_v2,456,0.9768184423446655,0.9805711507797241,0.9725176692008972,0.9826570153236389
低误差,MATR_b3c11,817.0,20,hybridpatch_v2,457,0.9767259955406189,0.980398952960968,0.9723392724990845,0.9826067686080933
低误差,MATR_b3c11,817.0,20,hybridpatch_v2,458,0.9765943288803101,0.9802230596542358,0.9721536040306091,0.9825527667999268
低误差,MATR_b3c11,817.0,20,hybridpatch_v2,459,0.9765024781227112,0.980043351650238,0.971960723400116,0.9824951887130737
低误差,MATR_b3c11,817.0,20,hybridpatch_v2,460,0.9764045476913452,0.9798598885536194,0.9717605710029602,0.9824339747428894
低误差,MATR_b3c11,817.0,20,hybridpatch_v2,461,0.9762852787971497,0.9796726703643799,0.9715532064437866,0.982369065284729
低误差,MATR_b3c11,817.0,20,hybridpatch_v2,462,0.9761995077133179,0.9794816970825195,0.97133868932724,0.9823005199432373
低误差,MATR_b3c11,817.0,20,hybridpatch_v2,463,0.9761093258857727,0.9792869687080383,0.9711169004440308,0.9822283387184143
低误差,MATR_b3c11,817.0,20,hybridpatch_v2,464,0.9759560823440552,0.9790884256362915,0.9708878397941589,0.98215252161026
低误差,MATR_b3c11,817.0,20,hybridpatch_v2,465,0.9757990837097168,0.9788861870765686,0.9706516265869141,0.9820730686187744
低误差,MATR_b3c11,817.0,20,hybridpatch_v2,466,0.9745510220527649,0.9786801934242249,0.9704081416130066,0.9819899201393127
低误差,MATR_b3c11,817.0,20,hybridpatch_v2,467,0.9756200313568115,0.9784703850746155,0.9701574444770813,0.9819031357765198
低误差,MATR_b3c11,817.0,20,hybridpatch_v2,468,0.9755169749259949,0.97825688123703,0.9698994755744934,0.9818127155303955
低误差,MATR_b3c11,817.0,20,hybridpatch_v2,469,0.9754124879837036,0.978039562702179,0.9696343541145325,0.9817186594009399
低误差,MATR_b3c11,817.0,20,hybridpatch_v2,470,0.9753097891807556,0.9778185486793518,0.9693619608879089,0.9816209673881531
低误差,MATR_b3c11,817.0,20,hybridpatch_v2,471,0.9751864075660706,0.977593719959259,0.9690823554992676,0.9815195798873901
低误差,MATR_b3c11,817.0,20,hybridpatch_v2,472,0.9750847220420837,0.9773651957511902,0.9687955379486084,0.9814146161079407
低误差,MATR_b3c11,817.0,20,hybridpatch_v2,473,0.9749592542648315,0.9771328568458557,0.9685014486312866,0.9813059568405151
低误差,MATR_b3c11,817.0,20,hybridpatch_v2,474,0.9748675227165222,0.9768967628479004,0.9682002067565918,0.9811936616897583
低误差,MATR_b3c11,817.0,20,hybridpatch_v2,475,0.974716067314148,0.9766569137573242,0.9678916931152344,0.9810776710510254
低误差,MATR_b3c11,817.0,20,hybridpatch_v2,476,0.9745913743972778,0.9764133095741272,0.9675759077072144,0.980958104133606
低误差,MATR_b3c11,817.0,20,hybridpatch_v2,477,0.9745062589645386,0.9761659502983093,0.9672529697418213,0.9808348417282104
低误差,MATR_b3c11,817.0,20,hybridpatch_v2,478,0.9743474721908569,0.9759148359298706,0.9669227600097656,0.9807080030441284
低误差,MATR_b3c11,817.0,20,hybridpatch_v2,479,0.974288821220398,0.975659966468811,0.9665853381156921,0.9805774688720703
低误差,MATR_b3c11,817.0,20,hybridpatch_v2,480,0.9741876721382141,0.9754013419151306,0.9662407040596008,0.9804432392120361
低误差,MATR_b3c11,817.0,20,hybridpatch_v2,481,0.9740908741950989,0.9751389026641846,0.9658888578414917,0.9803054332733154
低误差,MATR_b3c11,817.0,20,hybridpatch_v2,482,0.9739625453948975,0.9748727679252625,0.96552973985672,0.9801639318466187
低误差,MATR_b3c11,817.0,20,hybridpatch_v2,483,0.9738389849662781,0.9746028184890747,0.9651634097099304,0.9800188541412354
低误差,MATR_b3c11,817.0,20,hybridpatch_v2,484,0.9737075567245483,0.9743291735649109,0.964789867401123,0.979870080947876
低误差,MATR_b3c11,817.0,20,hybridpatch_v2,485,0.9736303687095642,0.9740517139434814,0.9644090533256531,0.9797176122665405
低误差,MATR_b3c11,817.0,20,hybridpatch_v2,486,0.9735187292098999,0.9737705588340759,0.9640210866928101,0.9795615673065186
低误差,MATR_b3c11,817.0,20,hybridpatch_v2,487,0.973419189453125,0.9734855890274048,0.9636258482933044,0.9794018268585205
低误差,MATR_b3c11,817.0,20,hybridpatch_v2,488,0.9733189940452576,0.9731968641281128,0.963223397731781,0.9792385101318359
低误差,MATR_b3c11,817.0,20,hybridpatch_v2,489,0.9731343388557434,0.9729043841362,0.962813675403595,0.9790714979171753
低误差,MATR_b3c11,817.0,20,hybridpatch_v2,490,0.9729664921760559,0.9726081490516663,0.9623967409133911,0.9789007902145386
低误差,MATR_b3c11,817.0,20,hybridpatch_v2,491,0.9728437662124634,0.9723081588745117,0.9619725942611694,0.9787265062332153
低误差,MATR_b3c11,817.0,20,hybridpatch_v2,492,0.9727413058280945,0.9720044136047363,0.9615412354469299,0.9785485863685608
低误差,MATR_b3c11,817.0,20,hybridpatch_v2,493,0.972583532333374,0.9716969132423401,0.9611026644706726,0.9783669710159302
低误差,MATR_b3c11,817.0,20,hybridpatch_v2,494,0.9724771976470947,0.971385657787323,0.9606568217277527,0.9781817197799683
低误差,MATR_b3c11,817.0,20,hybridpatch_v2,495,0.972424328327179,0.9710706472396851,0.9602037668228149,0.977992832660675
低误差,MATR_b3c11,817.0,20,hybridpatch_v2,496,0.9722434878349304,0.9707518219947815,0.9597434997558594,0.9778002500534058
低误差,MATR_b3c11,817.0,20,hybridpatch_v2,497,0.9721229672431946,0.9704293012619019,0.9592759609222412,0.97760409116745
低误差,MATR_b3c11,817.0,20,hybridpatch_v2,498,0.971938967704773,0.9701029658317566,0.95880126953125,0.9774042367935181
低误差,MATR_b3c11,817.0,20,hybridpatch_v2,499,0.9718337059020996,0.9697729349136353,0.9583193063735962,0.9772007465362549
低误差,MATR_b3c11,817.0,20,hybridpatch_v2,500,0.9716631174087524,0.9694390892982483,0.9578300714492798,0.9769936203956604
低误差,MATR_b3c11,817.0,150,current_hybrid,151,0.9972254633903503,0.996465802192688,0.9963448643684387,0.996627926826477
低误差,MATR_b3c11,817.0,150,current_hybrid,152,0.9971501231193542,0.9961092472076416,0.9959430694580078,0.9963409304618835
低误差,MATR_b3c11,817.0,150,current_hybrid,153,0.9970377683639526,0.9958194494247437,0.9956205487251282,0.9961053133010864
低误差,MATR_b3c11,817.0,150,current_hybrid,154,0.9970138072967529,0.9955642223358154,0.9953389763832092,0.9958963990211487
低误差,MATR_b3c11,817.0,150,current_hybrid,155,0.9969190359115601,0.9953311085700989,0.9950835704803467,0.9957045316696167
低误差,MATR_b3c11,817.0,150,current_hybrid,156,0.9968141913414001,0.9951136112213135,0.9948468804359436,0.9955247044563293
低误差,MATR_b3c11,817.0,150,current_hybrid,157,0.9968348741531372,0.9949080348014832,0.9946242570877075,0.9953541159629822
低误差,MATR_b3c11,817.0,150,current_hybrid,158,0.9967697858810425,0.9947118759155273,0.9944127798080444,0.9951907992362976
低误差,MATR_b3c11,817.0,150,current_hybrid,159,0.9966048002243042,0.9945234060287476,0.994210422039032,0.9950333833694458
低误差,MATR_b3c11,817.0,150,current_hybrid,160,0.9965314269065857,0.9943413734436035,0.9940157532691956,0.9948809146881104
低误差,MATR_b3c11,817.0,150,current_hybrid,161,0.9965028166770935,0.994164764881134,0.9938275814056396,0.9947327375411987
低误差,MATR_b3c11,817.0,150,current_hybrid,162,0.9964693188667297,0.9939929842948914,0.9936450719833374,0.9945881962776184
低误差,MATR_b3c11,817.0,150,current_hybrid,163,0.9963296055793762,0.993825376033783,0.993467390537262,0.994446873664856
低误差,MATR_b3c11,817.0,150,current_hybrid,164,0.9963704943656921,0.9936614632606506,0.9932942390441895,0.9943084716796875
低误差,MATR_b3c11,817.0,150,current_hybrid,165,0.9964213371276855,0.993500828742981,0.9931249618530273,0.9941725730895996
低误差,MATR_b3c11,817.0,150,current_hybrid,166,0.996400773525238,0.9933432340621948,0.9929592609405518,0.9940389394760132
低误差,MATR_b3c11,817.0,150,current_hybrid,167,0.9964582920074463,0.9931883215904236,0.992796778678894,0.9939074516296387
低误差,MATR_b3c11,817.0,150,current_hybrid,168,0.9964126348495483,0.9930358529090881,0.9926372170448303,0.993777871131897
低误差,MATR_b3c11,817.0,150,current_hybrid,169,0.9963813424110413,0.9928857088088989,0.9924802780151367,0.9936500191688538
低误差,MATR_b3c11,817.0,150,current_hybrid,170,0.99629807472229,0.9927376508712769,0.9923259019851685,0.9935238361358643
低误差,MATR_b3c11,817.0,150,current_hybrid,171,0.996356725692749,0.9925915002822876,0.9921738505363464,0.9933991432189941
低误差,MATR_b3c11,817.0,150,current_hybrid,172,0.9961714148521423,0.9924471974372864,0.9920238852500916,0.9932757616043091
低误差,MATR_b3c11,817.0,150,current_hybrid,173,0.9961435198783875,0.9923045039176941,0.991875946521759,0.9931537508964539
低误差,MATR_b3c11,817.0,150,current_hybrid,174,0.9960874915122986,0.9921634793281555,0.9917298555374146,0.9930329322814941
低误差,MATR_b3c11,817.0,150,current_hybrid,175,0.9960972666740417,0.9920238256454468,0.9915854930877686,0.9929132461547852
低误差,MATR_b3c11,817.0,150,current_hybrid,176,0.9960368275642395,0.9918856024742126,0.9914427995681763,0.9927946329116821
低误差,MATR_b3c11,817.0,150,current_hybrid,177,0.9960182309150696,0.9917487502098083,0.9913016557693481,0.9926770925521851
低误差,MATR_b3c11,817.0,150,current_hybrid,178,0.9959374070167542,0.9916130304336548,0.9911619424819946,0.9925604462623596
低误差,MATR_b3c11,817.0,150,current_hybrid,179,0.9957442283630371,0.9914785623550415,0.9910236597061157,0.9924446940422058
低误差,MATR_b3c11,817.0,150,current_hybrid,180,0.9958459734916687,0.9913451671600342,0.9908866882324219,0.9923297762870789
低误差,MATR_b3c11,817.0,150,current_hybrid,181,0.9957489967346191,0.9912128448486328,0.9907509684562683,0.9922157526016235
低误差,MATR_b3c11,817.0,150,current_hybrid,182,0.9957110285758972,0.9910814762115479,0.9906164407730103,0.9921024441719055
低误差,MATR_b3c11,817.0,150,current_hybrid,183,0.9956486225128174,0.9909511208534241,0.9904830455780029,0.9919899106025696
低误差,MATR_b3c11,817.0,150,current_hybrid,184,0.9955899715423584,0.9908216595649719,0.9903507232666016,0.9918780326843262
低误差,MATR_b3c11,817.0,150,current_hybrid,185,0.9955378770828247,0.9906930923461914,0.9902194142341614,0.9917669296264648
低误差,MATR_b3c11,817.0,150,current_hybrid,186,0.9954805374145508,0.9905653595924377,0.9900891184806824,0.9916563630104065
低误差,MATR_b3c11,817.0,150,current_hybrid,187,0.9953842759132385,0.9904384016990662,0.9899598360061646,0.9915465116500854
低误差,MATR_b3c11,817.0,150,current_hybrid,188,0.9952894449234009,0.9903122782707214,0.9898314476013184,0.9914371371269226
低误差,MATR_b3c11,817.0,150,current_hybrid,189,0.9952552318572998,0.9901868104934692,0.989703893661499,0.9913284778594971
低误差,MATR_b3c11,817.0,150,current_hybrid,190,0.9951040744781494,0.9900620579719543,0.9895771741867065,0.9912202954292297
低误差,MATR_b3c11,817.0,150,current_hybrid,191,0.9950459003448486,0.9899380803108215,0.9894512891769409,0.9911125898361206
低误差,MATR_b3c11,817.0,150,current_hybrid,192,0.9950191378593445,0.9898146986961365,0.9893261790275574,0.9910054802894592
低误差,MATR_b3c11,817.0,150,current_hybrid,193,0.9948311448097229,0.989691972732544,0.9892019033432007,0.990898847579956
低误差,MATR_b3c11,817.0,150,current_hybrid,194,0.9947447776794434,0.9895698428153992,0.9890782833099365,0.9907926917076111
低误差,MATR_b3c11,817.0,150,current_hybrid,195,0.9948642253875732,0.9894483089447021,0.9889553189277649,0.9906870126724243
低误差,MATR_b3c11,817.0,150,current_hybrid,196,0.9948707818984985,0.9893273711204529,0.9888330698013306,0.990581750869751
低误差,MATR_b3c11,817.0,150,current_hybrid,197,0.9949386119842529,0.9892069697380066,0.9887115359306335,0.9904769062995911
低误差,MATR_b3c11,817.0,150,current_hybrid,198,0.994868814945221,0.9890871644020081,0.988590657711029,0.9903724789619446
低误差,MATR_b3c11,817.0,150,current_hybrid,199,0.9948723912239075,0.9889678359031677,0.9884703159332275,0.9902684688568115
低误差,MATR_b3c11,817.0,150,current_hybrid,200,0.994759738445282,0.9888489842414856,0.9883505702018738,0.9901648759841919
低误差,MATR_b3c11,817.0,150,current_hybrid,201,0.9947324395179749,0.9887306690216064,0.9882314801216125,0.9900616407394409
低误差,MATR_b3c11,817.0,150,current_hybrid,202,0.9946843385696411,0.9886128306388855,0.9881129264831543,0.9899587631225586
低误差,MATR_b3c11,817.0,150,current_hybrid,203,0.9946845769882202,0.988495409488678,0.987994909286499,0.9898562431335449
低误差,MATR_b3c11,817.0,150,current_hybrid,204,0.9946826696395874,0.9883784651756287,0.9878774285316467,0.9897540807723999
低误差,MATR_b3c11,817.0,150,current_hybrid,205,0.9947120547294617,0.9882619976997375,0.9877604842185974,0.9896522164344788
低误差,MATR_b3c11,817.0,150,current_hybrid,206,0.9946426153182983,0.9881458878517151,0.9876439571380615,0.989550769329071
低误差,MATR_b3c11,817.0,150,current_hybrid,207,0.9945577383041382,0.988030195236206,0.9875280261039734,0.9894495606422424
低误差,MATR_b3c11,817.0,150,current_hybrid,208,0.9945323467254639,0.9879149794578552,0.9874125123023987,0.9893487095832825
低误差,MATR_b3c11,817.0,150,current_hybrid,209,0.9944705367088318,0.987800121307373,0.987297534942627,0.9892481565475464
低误差,MATR_b3c11,817.0,150,current_hybrid,210,0.9943633675575256,0.9876856207847595,0.9871829748153687,0.9891479015350342
低误差,MATR_b3c11,817.0,150,current_hybrid,211,0.9944059252738953,0.9875715374946594,0.9870688319206238,0.9890479445457458
低误差,MATR_b3c11,817.0,150,current_hybrid,212,0.9943388104438782,0.987457811832428,0.9869550466537476,0.9889482259750366
低误差,MATR_b3c11,817.0,150,current_hybrid,213,0.9942288994789124,0.9873444437980652,0.9868414402008057,0.988848865032196
低误差,MATR_b3c11,817.0,150,current_hybrid,214,0.9942271709442139,0.9872313737869263,0.9867281317710876,0.9887496829032898
低误差,MATR_b3c11,817.0,150,current_hybrid,215,0.9942535161972046,0.9871187210083008,0.9866153001785278,0.9886508584022522
低误差,MATR_b3c11,817.0,150,current_hybrid,216,0.994225263595581,0.9870063066482544,0.9865028262138367,0.9885521531105042
低误差,MATR_b3c11,817.0,150,current_hybrid,217,0.9941844940185547,0.9868942499160767,0.9863907694816589,0.9884538054466248
低误差,MATR_b3c11,817.0,150,current_hybrid,218,0.994101345539093,0.9867825508117676,0.9862790703773499,0.9883556962013245
低误差,MATR_b3c11,817.0,150,current_hybrid,219,0.9939965605735779,0.9866710901260376,0.9861676692962646,0.9882577657699585
低误差,MATR_b3c11,817.0,150,current_hybrid,220,0.9940106272697449,0.986560046672821,0.9860566854476929,0.9881601333618164
低误差,MATR_b3c11,817.0,150,current_hybrid,221,0.9939587712287903,0.9864491820335388,0.985945999622345,0.9880627393722534
低误差,MATR_b3c11,817.0,150,current_hybrid,222,0.9938335418701172,0.9863386750221252,0.9858357310295105,0.9879655838012695
低误差,MATR_b3c11,817.0,150,current_hybrid,223,0.9937412142753601,0.9862284064292908,0.9857258200645447,0.98786860704422
低误差,MATR_b3c11,817.0,150,current_hybrid,224,0.993678629398346,0.986118495464325,0.9856160879135132,0.9877718687057495
低误差,MATR_b3c11,817.0,150,current_hybrid,225,0.9936792254447937,0.9860088229179382,0.9855068325996399,0.9876753091812134
低误差,MATR_b3c11,817.0,150,current_hybrid,226,0.9936355352401733,0.9858993887901306,0.9853978157043457,0.9875789880752563
低误差,MATR_b3c11,817.0,150,current_hybrid,227,0.9935709834098816,0.9857902526855469,0.9852890968322754,0.9874828457832336
低误差,MATR_b3c11,817.0,150,current_hybrid,228,0.9934880137443542,0.9856813549995422,0.9851807355880737,0.9873868823051453
低误差,MATR_b3c11,817.0,150,current_hybrid,229,0.993412435054779,0.9855726957321167,0.9850726127624512,0.987291157245636
低误差,MATR_b3c11,817.0,150,current_hybrid,230,0.9934806227684021,0.9854642748832703,0.9849648475646973,0.987195611000061
低误差,MATR_b3c11,817.0,150,current_hybrid,231,0.9934162497520447,0.9853561520576477,0.9848572611808777,0.9871002435684204
低误差,MATR_b3c11,817.0,150,current_hybrid,232,0.9933660626411438,0.9852482080459595,0.9847500324249268,0.9870050549507141
低误差,MATR_b3c11,817.0,150,current_hybrid,233,0.9933430552482605,0.9851405620574951,0.9846431016921997,0.9869101047515869
低误差,MATR_b3c11,817.0,150,current_hybrid,234,0.9932940006256104,0.9850330948829651,0.9845364093780518,0.9868152737617493
低误差,MATR_b3c11,817.0,150,current_hybrid,235,0.9931474328041077,0.9849258661270142,0.9844300150871277,0.986720621585846
低误差,MATR_b3c11,817.0,150,current_hybrid,236,0.9930434226989746,0.9848188757896423,0.9843238592147827,0.986626148223877
低误差,MATR_b3c11,817.0,150,current_hybrid,237,0.9929099678993225,0.9847121238708496,0.9842178821563721,0.9865319132804871
低误差,MATR_b3c11,817.0,150,current_hybrid,238,0.9929524064064026,0.9846055507659912,0.9841122627258301,0.9864377379417419
低误差,MATR_b3c11,817.0,150,current_hybrid,239,0.9929103255271912,0.9844992160797119,0.9840068221092224,0.9863438010215759
低误差,MATR_b3c11,817.0,150,current_hybrid,240,0.992865264415741,0.9843930602073669,0.9839016795158386,0.9862499833106995
低误差,MATR_b3c11,817.0,150,current_hybrid,241,0.9927797317504883,0.9842871427536011,0.9837967753410339,0.9861563444137573
低误差,MATR_b3c11,817.0,150,current_hybrid,242,0.9927732348442078,0.9841814041137695,0.9836920499801636,0.9860628247261047
低误差,MATR_b3c11,817.0,150,current_hybrid,243,0.9928094148635864,0.9840758442878723,0.9835876226425171,0.9859695434570312
低误差,MATR_b3c11,817.0,150,current_hybrid,244,0.9927710294723511,0.9839704632759094,0.9834833741188049,0.9858763813972473
低误差,MATR_b3c11,817.0,150,current_hybrid,245,0.9927372932434082,0.9838653206825256,0.9833793640136719,0.9857833385467529
低误差,MATR_b3c11,817.0,150,current_hybrid,246,0.9926754832267761,0.9837603569030762,0.9832755923271179,0.9856904745101929
低误差,MATR_b3c11,817.0,150,current_hybrid,247,0.99262934923172,0.9836555123329163,0.9831720590591431,0.9855977296829224
低误差,MATR_b3c11,817.0,150,current_hybrid,248,0.992556095123291,0.9835509061813354,0.9830687046051025,0.9855051040649414
低误差,MATR_b3c11,817.0,150,current_hybrid,249,0.99257493019104,0.9834465384483337,0.9829655289649963,0.98541259765625
低误差,MATR_b3c11,817.0,150,current_hybrid,250,0.9924763441085815,0.9833422899246216,0.9828625917434692,0.9853203296661377
低误差,MATR_b3c11,817.0,150,current_hybrid,251,0.9924609661102295,0.9832382202148438,0.9827598929405212,0.9852281212806702
低误差,MATR_b3c11,817.0,150,current_hybrid,252,0.9923393130302429,0.9831343293190002,0.9826573729515076,0.985136091709137
低误差,MATR_b3c11,817.0,150,current_hybrid,253,0.9922680258750916,0.9830306172370911,0.9825550317764282,0.9850441813468933
低误差,MATR_b3c11,817.0,150,current_hybrid,254,0.9923055171966553,0.9829270243644714,0.9824528694152832,0.9849523901939392
低误差,MATR_b3c11,817.0,150,current_hybrid,255,0.9922181367874146,0.9828236103057861,0.9823509454727173,0.9848607182502747
低误差,MATR_b3c11,817.0,150,current_hybrid,256,0.9921055436134338,0.9827204346656799,0.9822492003440857,0.9847691655158997
低误差,MATR_b3c11,817.0,150,current_hybrid,257,0.9920858144760132,0.9826173186302185,0.9821476340293884,0.9846777319908142
低误差,MATR_b3c11,817.0,150,current_hybrid,258,0.9920280575752258,0.9825144410133362,0.9820463061332703,0.9845864772796631
低误差,MATR_b3c11,817.0,150,current_hybrid,259,0.9919489622116089,0.9824116826057434,0.9819450974464417,0.9844952821731567
低误差,MATR_b3c11,817.0,150,current_hybrid,260,0.9918777942657471,0.9823090434074402,0.9818440675735474,0.9844042658805847
低误差,MATR_b3c11,817.0,150,current_hybrid,261,0.9918128848075867,0.9822065830230713,0.9817432165145874,0.9843133091926575
低误差,MATR_b3c11,817.0,150,current_hybrid,262,0.9918251037597656,0.9821043014526367,0.9816425442695618,0.9842225313186646
低误差,MATR_b3c11,817.0,150,current_hybrid,263,0.9918197989463806,0.9820021390914917,0.9815421104431152,0.9841318130493164
低误差,MATR_b3c11,817.0,150,current_hybrid,264,0.991674542427063,0.981900155544281,0.9814417958259583,0.9840412139892578
低误差,MATR_b3c11,817.0,150,current_hybrid,265,0.9916105270385742,0.9817982316017151,0.9813416004180908,0.9839507341384888
低误差,MATR_b3c11,817.0,150,current_hybrid,266,0.9915463924407959,0.9816965460777283,0.9812415838241577,0.9838603734970093
低误差,MATR_b3c11,817.0,150,current_hybrid,267,0.9914535880088806,0.981594979763031,0.9811418056488037,0.9837701320648193
低误差,MATR_b3c11,817.0,150,current_hybrid,268,0.9914298057556152,0.9814934730529785,0.9810421466827393,0.9836799502372742
低误差,MATR_b3c11,817.0,150,current_hybrid,269,0.991324245929718,0.9813922047615051,0.9809426665306091,0.9835899472236633
低误差,MATR_b3c11,817.0,150,current_hybrid,270,0.9912362694740295,0.9812910556793213,0.9808433055877686,0.9835000038146973
低误差,MATR_b3c11,817.0,150,current_hybrid,271,0.9912932515144348,0.9811899662017822,0.9807441234588623,0.9834101796150208
低误差,MATR_b3c11,817.0,150,current_hybrid,272,0.991235613822937,0.9810890555381775,0.9806451201438904,0.9833204746246338
低误差,MATR_b3c11,817.0,150,current_hybrid,273,0.991213858127594,0.9809882640838623,0.9805461764335632,0.9832307696342468
低误差,MATR_b3c11,817.0,150,current_hybrid,274,0.9911419153213501,0.9808876514434814,0.98044753074646,0.983141303062439
低误差,MATR_b3c11,817.0,150,current_hybrid,275,0.9910203218460083,0.9807870984077454,0.9803488850593567,0.9830518960952759
低误差,MATR_b3c11,817.0,150,current_hybrid,276,0.9909733533859253,0.9806867241859436,0.9802504777908325,0.9829624891281128
低误差,MATR_b3c11,817.0,150,current_hybrid,277,0.9908685088157654,0.9805864095687866,0.9801521897315979,0.982873260974884
低误差,MATR_b3c11,817.0,150,current_hybrid,278,0.9908531904220581,0.9804862141609192,0.9800540208816528,0.9827841520309448
低误差,MATR_b3c11,817.0,150,current_hybrid,279,0.9907852411270142,0.9803861975669861,0.9799560904502869,0.9826951026916504
低误差,MATR_b3c11,817.0,150,current_hybrid,280,0.9907472133636475,0.9802863001823425,0.9798581600189209,0.9826061725616455
低误差,MATR_b3c11,817.0,150,current_hybrid,281,0.9906328916549683,0.9801865220069885,0.979760468006134,0.9825173020362854
低误差,MATR_b3c11,817.0,150,current_hybrid,282,0.9905591011047363,0.9800868034362793,0.9796628355979919,0.9824285507202148
低误差,MATR_b3c11,817.0,150,current_hybrid,283,0.9905285835266113,0.9799872636795044,0.979565441608429,0.9823398590087891
低误差,MATR_b3c11,817.0,150,current_hybrid,284,0.99040287733078,0.9798877835273743,0.9794681072235107,0.9822512865066528
低误差,MATR_b3c11,817.0,150,current_hybrid,285,0.9904223084449768,0.9797885417938232,0.9793709516525269,0.9821627736091614
低误差,MATR_b3c11,817.0,150,current_hybrid,286,0.990334689617157,0.9796893000602722,0.9792738556861877,0.9820743203163147
低误差,MATR_b3c11,817.0,150,current_hybrid,287,0.9903006553649902,0.9795901775360107,0.979176938533783,0.9819859862327576
低误差,MATR_b3c11,817.0,150,current_hybrid,288,0.990246593952179,0.9794911742210388,0.9790802001953125,0.98189777135849
低误差,MATR_b3c11,817.0,150,current_hybrid,289,0.9902241230010986,0.9793922305107117,0.978983461856842,0.9818096160888672
低误差,MATR_b3c11,817.0,150,current_hybrid,290,0.9901081323623657,0.9792934656143188,0.9788869619369507,0.9817215204238892
低误差,MATR_b3c11,817.0,150,current_hybrid,291,0.9900766015052795,0.9791948199272156,0.9787905216217041,0.9816335439682007
低误差,MATR_b3c11,817.0,150,current_hybrid,292,0.9899376034736633,0.9790962338447571,0.9786942601203918,0.981545627117157
低误差,MATR_b3c11,817.0,150,current_hybrid,293,0.9899408221244812,0.9789977073669434,0.9785980582237244,0.9814578294754028
低误差,MATR_b3c11,817.0,150,current_hybrid,294,0.9899356365203857,0.978899359703064,0.9785019755363464,0.9813700318336487
低误差,MATR_b3c11,817.0,150,current_hybrid,295,0.9897398948669434,0.9788011312484741,0.9784060716629028,0.9812824130058289
低误差,MATR_b3c11,817.0,150,current_hybrid,296,0.9896804690361023,0.9787029027938843,0.9783102869987488,0.981194794178009
低误差,MATR_b3c11,817.0,150,current_hybrid,297,0.9896193146705627,0.9786048531532288,0.9782145023345947,0.9811072945594788
低误差,MATR_b3c11,817.0,150,current_hybrid,298,0.9895887970924377,0.978506863117218,0.9781189560890198,0.9810198545455933
低误差,MATR_b3c11,817.0,150,current_hybrid,299,0.9895414710044861,0.9784089922904968,0.9780234694480896,0.9809325337409973
低误差,MATR_b3c11,817.0,150,current_hybrid,300,0.9894778728485107,0.9783112406730652,0.977928102016449,0.9808451533317566
低误差,MATR_b3c11,817.0,150,current_hybrid,301,0.9894310832023621,0.9782135486602783,0.9778328537940979,0.980758011341095
低误差,MATR_b3c11,817.0,150,current_hybrid,302,0.9893120527267456,0.978115975856781,0.9777377247810364,0.9806708097457886
低误差,MATR_b3c11,817.0,150,current_hybrid,303,0.9891707897186279,0.9780184626579285,0.9776427149772644,0.9805837869644165
低误差,MATR_b3c11,817.0,150,current_hybrid,304,0.989147961139679,0.9779210686683655,0.9775477647781372,0.9804968237876892
低误差,MATR_b3c11,817.0,150,current_hybrid,305,0.9890312552452087,0.977823793888092,0.9774529337882996,0.9804099202156067
低误差,MATR_b3c11,817.0,150,current_hybrid,306,0.9890373945236206,0.9777265191078186,0.9773582220077515,0.9803230166435242
低误差,MATR_b3c11,817.0,150,current_hybrid,307,0.9889618158340454,0.9776294231414795,0.9772636294364929,0.9802362322807312
低误差,MATR_b3c11,817.0,150,current_hybrid,308,0.9888808131217957,0.9775323867797852,0.9771691560745239,0.9801495671272278
低误差,MATR_b3c11,817.0,150,current_hybrid,309,0.9888501763343811,0.9774354100227356,0.9770748019218445,0.9800629019737244
低误差,MATR_b3c11,817.0,150,current_hybrid,310,0.9887828826904297,0.9773386120796204,0.976980447769165,0.9799763560295105
低误差,MATR_b3c11,817.0,150,current_hybrid,311,0.988787829875946,0.9772418141365051,0.9768862724304199,0.9798898696899414
低误差,MATR_b3c11,817.0,150,current_hybrid,312,0.9886154532432556,0.9771450757980347,0.9767921566963196,0.9798033833503723
低误差,MATR_b3c11,817.0,150,current_hybrid,313,0.9885647892951965,0.9770485162734985,0.9766981601715088,0.9797170162200928
低误差,MATR_b3c11,817.0,150,current_hybrid,314,0.9884954690933228,0.9769520163536072,0.9766042828559875,0.9796307682991028
低误差,MATR_b3c11,817.0,150,current_hybrid,315,0.9883707761764526,0.9768555760383606,0.9765105247497559,0.9795445203781128
低误差,MATR_b3c11,817.0,150,current_hybrid,316,0.9883176684379578,0.9767592549324036,0.976416826248169,0.9794583320617676
低误差,MATR_b3c11,817.0,150,current_hybrid,317,0.9881599545478821,0.9766629338264465,0.9763232469558716,0.9793722629547119
低误差,MATR_b3c11,817.0,150,current_hybrid,318,0.9881808757781982,0.976566731929779,0.976229727268219,0.9792861938476562
低误差,MATR_b3c11,817.0,150,current_hybrid,319,0.9880886673927307,0.9764706492424011,0.976136326789856,0.9792002439498901
低误差,MATR_b3c11,817.0,150,current_hybrid,320,0.9880265593528748,0.976374626159668,0.9760429859161377,0.979114294052124
低误差,MATR_b3c11,817.0,150,current_hybrid,321,0.9879143238067627,0.9762786626815796,0.975949764251709,0.9790284633636475
低误差,MATR_b3c11,817.0,150,current_hybrid,322,0.9878377914428711,0.9761828184127808,0.9758566617965698,0.9789426922798157
低误差,MATR_b3c11,817.0,150,current_hybrid,323,0.9876993894577026,0.9760870337486267,0.9757636189460754,0.9788569211959839
低误差,MATR_b3c11,817.0,150,current_hybrid,324,0.9877081513404846,0.9759913086891174,0.9756706357002258,0.9787712693214417
低误差,MATR_b3c11,817.0,150,current_hybrid,325,0.9876920580863953,0.9758957028388977,0.9755777716636658,0.9786856770515442
低误差,MATR_b3c11,817.0,150,current_hybrid,326,0.987593412399292,0.975800096988678,0.9754850268363953,0.9786001443862915
低误差,MATR_b3c11,817.0,150,current_hybrid,327,0.9874958395957947,0.9757046103477478,0.9753923416137695,0.9785146117210388
低误差,MATR_b3c11,817.0,150,current_hybrid,328,0.9873296022415161,0.9756092429161072,0.9752997159957886,0.9784291982650757
低误差,MATR_b3c11,817.0,150,current_hybrid,329,0.9872972369194031,0.9755139350891113,0.9752072691917419,0.9783437848091125
低误差,MATR_b3c11,817.0,150,current_hybrid,330,0.9873198866844177,0.9754186868667603,0.9751148223876953,0.978258490562439
低误差,MATR_b3c11,817.0,150,current_hybrid,331,0.9872285723686218,0.9753234386444092,0.9750224947929382,0.9781732559204102
低误差,MATR_b3c11,817.0,150,current_hybrid,332,0.9871757626533508,0.9752283692359924,0.9749302268028259,0.9780880212783813
低误差,MATR_b3c11,817.0,150,current_hybrid,333,0.9870364665985107,0.9751333594322205,0.9748380184173584,0.9780029058456421
低误差,MATR_b3c11,817.0,150,current_hybrid,334,0.9869372248649597,0.9750383496284485,0.9747459292411804,0.9779178500175476
低误差,MATR_b3c11,817.0,150,current_hybrid,335,0.9868508577346802,0.9749434590339661,0.974653959274292,0.9778327941894531
低误差,MATR_b3c11,817.0,150,current_hybrid,336,0.9867796301841736,0.9748486280441284,0.9745620489120483,0.9777477979660034
低误差,MATR_b3c11,817.0,150,current_hybrid,337,0.9867518544197083,0.9747538566589355,0.9744701981544495,0.9776628613471985
低误差,MATR_b3c11,817.0,150,current_hybrid,338,0.9866301417350769,0.9746591448783875,0.9743784070014954,0.9775779843330383
低误差,MATR_b3c11,817.0,150,current_hybrid,339,0.9866579174995422,0.9745645523071289,0.9742867946624756,0.9774932265281677
低误差,MATR_b3c11,817.0,150,current_hybrid,340,0.9865151643753052,0.9744700193405151,0.9741951823234558,0.9774084687232971
低误差,MATR_b3c11,817.0,150,current_hybrid,341,0.9864293336868286,0.9743755459785461,0.9741036295890808,0.9773237109184265
低误差,MATR_b3c11,817.0,150,current_hybrid,342,0.9863344430923462,0.9742810726165771,0.9740121364593506,0.9772390723228455
低误差,MATR_b3c11,817.0,150,current_hybrid,343,0.9862801432609558,0.9741867780685425,0.9739208221435547,0.9771544933319092
低误差,MATR_b3c11,817.0,150,current_hybrid,344,0.9862210750579834,0.9740924835205078,0.9738295078277588,0.9770697951316833
低误差,MATR_b3c11,817.0,150,current_hybrid,345,0.986090898513794,0.9739982485771179,0.9737383127212524,0.9769840240478516
低误差,MATR_b3c11,817.0,150,current_hybrid,346,0.9860531091690063,0.9739040732383728,0.9736471772193909,0.9768969416618347
低误差,MATR_b3c11,817.0,150,current_hybrid,347,0.9859298467636108,0.9738100171089172,0.9735561013221741,0.9768087267875671
低误差,MATR_b3c11,817.0,150,current_hybrid,348,0.9858855605125427,0.9737159609794617,0.973465085029602,0.9767191410064697
低误差,MATR_b3c11,817.0,150,current_hybrid,349,0.9858188629150391,0.9736220240592957,0.9733742475509644,0.9766283631324768
低误差,MATR_b3c11,817.0,150,current_hybrid,350,0.9856836199760437,0.9735281467437744,0.9732833504676819,0.9765362739562988
低误差,MATR_b3c11,817.0,150,current_hybrid,351,0.9856581687927246,0.9734342098236084,0.9731926321983337,0.9764429926872253
低误差,MATR_b3c11,817.0,150,current_hybrid,352,0.9855479001998901,0.9733404517173767,0.9731019139289856,0.9763484001159668
低误差,MATR_b3c11,817.0,150,current_hybrid,353,0.9854353070259094,0.9732468128204346,0.973011314868927,0.9762526154518127
低误差,MATR_b3c11,817.0,150,current_hybrid,354,0.9854012131690979,0.9731531739234924,0.9729207158088684,0.9761554598808289
低误差,MATR_b3c11,817.0,150,current_hybrid,355,0.9853247404098511,0.9730595350265503,0.9728302955627441,0.9760571122169495
低误差,MATR_b3c11,817.0,150,current_hybrid,356,0.9852024912834167,0.9729659557342529,0.9727398157119751,0.9759575128555298
低误差,MATR_b3c11,817.0,150,current_hybrid,357,0.9852205514907837,0.9728725552558899,0.9726495146751404,0.975856602191925
低误差,MATR_b3c11,817.0,150,current_hybrid,358,0.9851374626159668,0.9727790951728821,0.9725592136383057,0.9757544994354248
低误差,MATR_b3c11,817.0,150,current_hybrid,359,0.9851058721542358,0.9726857542991638,0.9724690318107605,0.9756511449813843
低误差,MATR_b3c11,817.0,150,current_hybrid,360,0.9850962162017822,0.9725924730300903,0.9723789095878601,0.9755464196205139
低误差,MATR_b3c11,817.0,150,current_hybrid,361,0.9850082993507385,0.9724991917610168,0.9722888469696045,0.975440502166748
低误差,MATR_b3c11,817.0,150,current_hybrid,362,0.9848992228507996,0.9724060297012329,0.9721987843513489,0.9753333330154419
低误差,MATR_b3c11,817.0,150,current_hybrid,363,0.9848060607910156,0.9723129272460938,0.9721089005470276,0.9752248525619507
低误差,MATR_b3c11,817.0,150,current_hybrid,364,0.9847211241722107,0.9722198247909546,0.9720190167427063,0.975115180015564
低误差,MATR_b3c11,817.0,150,current_hybrid,365,0.9846716523170471,0.972126841545105,0.9719291925430298,0.9750041961669922
低误差,MATR_b3c11,817.0,150,current_hybrid,366,0.9845966100692749,0.9720338582992554,0.9718394875526428,0.9748920202255249
低误差,MATR_b3c11,817.0,150,current_hybrid,367,0.9845648407936096,0.9719410538673401,0.9717497825622559,0.9747784733772278
低误差,MATR_b3c11,817.0,150,current_hybrid,368,0.9844347238540649,0.97184818983078,0.9716601967811584,0.9746636748313904
低误差,MATR_b3c11,817.0,150,current_hybrid,369,0.984377920627594,0.9717553853988647,0.9715706706047058,0.9745476841926575
低误差,MATR_b3c11,817.0,150,current_hybrid,370,0.9843461513519287,0.9716626405715942,0.9714811444282532,0.9744303822517395
低误差,MATR_b3c11,817.0,150,current_hybrid,371,0.9842932224273682,0.9715700149536133,0.9713917970657349,0.9743118286132812
低误差,MATR_b3c11,817.0,150,current_hybrid,372,0.9830657243728638,0.9714773297309875,0.9713024497032166,0.9741920232772827
低误差,MATR_b3c11,817.0,150,current_hybrid,373,0.9841070771217346,0.9713847637176514,0.9712131023406982,0.9740709066390991
低误差,MATR_b3c11,817.0,150,current_hybrid,374,0.9840754270553589,0.9712923169136047,0.9711238741874695,0.97394859790802
低误差,MATR_b3c11,817.0,150,current_hybrid,375,0.9839259386062622,0.9711998105049133,0.9710347652435303,0.9738249778747559
低误差,MATR_b3c11,817.0,150,current_hybrid,376,0.9839508533477783,0.9711074233055115,0.9709456562995911,0.9737001061439514
低误差,MATR_b3c11,817.0,150,current_hybrid,377,0.9837482571601868,0.9710150361061096,0.9708565473556519,0.9735739231109619
低误差,MATR_b3c11,817.0,150,current_hybrid,378,0.9837814569473267,0.9709227681159973,0.970767617225647,0.9734464883804321
低误差,MATR_b3c11,817.0,150,current_hybrid,379,0.9836475849151611,0.970830500125885,0.9706786870956421,0.9733178615570068
低误差,MATR_b3c11,817.0,150,current_hybrid,380,0.9835582971572876,0.9707383513450623,0.970589816570282,0.9731878638267517
低误差,MATR_b3c11,817.0,150,current_hybrid,381,0.9835366010665894,0.9706461429595947,0.9705010056495667,0.9730566740036011
低误差,MATR_b3c11,817.0,150,current_hybrid,382,0.9834683537483215,0.9705540537834167,0.9704122543334961,0.9729241132736206
低误差,MATR_b3c11,817.0,150,current_hybrid,383,0.9833672642707825,0.9704620242118835,0.9703235626220703,0.9727904200553894
低误差,MATR_b3c11,817.0,150,current_hybrid,384,0.9832818508148193,0.9703699946403503,0.9702349305152893,0.9726553559303284
低误差,MATR_b3c11,817.0,150,current_hybrid,385,0.9831472039222717,0.9702780842781067,0.9701463580131531,0.9725190997123718
低误差,MATR_b3c11,817.0,150,current_hybrid,386,0.9830655455589294,0.970186173915863,0.9700579047203064,0.9723815321922302
低误差,MATR_b3c11,817.0,150,current_hybrid,387,0.9829689860343933,0.9700943231582642,0.9699694514274597,0.9722427129745483
低误差,MATR_b3c11,817.0,150,current_hybrid,388,0.9829111695289612,0.9700025320053101,0.9698810577392578,0.9721025824546814
低误差,MATR_b3c11,817.0,150,current_hybrid,389,0.982799232006073,0.9699108004570007,0.9697926044464111,0.971961259841919
低误差,MATR_b3c11,817.0,150,current_hybrid,390,0.9827464818954468,0.9698187112808228,0.9697043299674988,0.9718186259269714
低误差,MATR_b3c11,817.0,150,current_hybrid,391,0.982646107673645,0.9697259664535522,0.9696161150932312,0.9716746807098389
低误差,MATR_b3c11,817.0,150,current_hybrid,392,0.9826361536979675,0.9696325659751892,0.9695279598236084,0.9715295433998108
低误差,MATR_b3c11,817.0,150,current_hybrid,393,0.9825645089149475,0.9695385694503784,0.9694398045539856,0.9713830947875977
低误差,MATR_b3c11,817.0,150,current_hybrid,394,0.9824187159538269,0.9694461822509766,0.9693517684936523,0.9712353348731995
低误差,MATR_b3c11,817.0,150,current_hybrid,395,0.9822904467582703,0.9693588018417358,0.9692637324333191,0.9710863828659058
低误差,MATR_b3c11,817.0,150,current_hybrid,396,0.9822744727134705,0.9692714214324951,0.9691757559776306,0.970936119556427
低误差,MATR_b3c11,817.0,150,current_hybrid,397,0.9821506142616272,0.9691840410232544,0.9690878987312317,0.970784604549408
低误差,MATR_b3c11,817.0,150,current_hybrid,398,0.9821313619613647,0.9690967798233032,0.9689998626708984,0.9706317782402039
低误差,MATR_b3c11,817.0,150,current_hybrid,399,0.9819915890693665,0.9690095782279968,0.9689112305641174,0.9704777002334595
低误差,MATR_b3c11,817.0,150,current_hybrid,400,0.9819591641426086,0.9689224362373352,0.9688218832015991,0.9703223705291748
低误差,MATR_b3c11,817.0,150,current_hybrid,401,0.9819162487983704,0.9688352942466736,0.9687319397926331,0.9701657295227051
低误差,MATR_b3c11,817.0,150,current_hybrid,402,0.9818482995033264,0.9687482118606567,0.9686412215232849,0.9700078964233398
低误差,MATR_b3c11,817.0,150,current_hybrid,403,0.9817370772361755,0.9686611890792847,0.9685498476028442,0.9698486924171448
低误差,MATR_b3c11,817.0,150,current_hybrid,404,0.9816519021987915,0.9685742259025574,0.9684577584266663,0.9696882963180542
低误差,MATR_b3c11,817.0,150,current_hybrid,405,0.9815347790718079,0.9684873223304749,0.9683582782745361,0.9695265293121338
低误差,MATR_b3c11,817.0,150,current_hybrid,406,0.9813916683197021,0.9684004783630371,0.9682556390762329,0.9693635702133179
低误差,MATR_b3c11,817.0,150,current_hybrid,407,0.9813862442970276,0.9683136940002441,0.9681522846221924,0.9691992998123169
低误差,MATR_b3c11,817.0,150,current_hybrid,408,0.9812449812889099,0.968226969242096,0.9680483341217041,0.9690337777137756
低误差,MATR_b3c11,817.0,150,current_hybrid,409,0.9811964631080627,0.9681006073951721,0.9679436683654785,0.9688670039176941
低误差,MATR_b3c11,817.0,150,current_hybrid,410,0.9810855984687805,0.9679532051086426,0.9678383469581604,0.9686989188194275
低误差,MATR_b3c11,817.0,150,current_hybrid,411,0.9809443950653076,0.967805027961731,0.967732310295105,0.9685295224189758
低误差,MATR_b3c11,817.0,150,current_hybrid,412,0.9809092879295349,0.9676963090896606,0.9676256775856018,0.9683588743209839
低误差,MATR_b3c11,817.0,150,current_hybrid,413,0.980779767036438,0.967598021030426,0.9675061106681824,0.9681870341300964
低误差,MATR_b3c11,817.0,150,current_hybrid,414,0.9807939529418945,0.9674990773200989,0.967355489730835,0.9680138230323792
低误差,MATR_b3c11,817.0,150,current_hybrid,415,0.9807275533676147,0.9673993587493896,0.9672039747238159,0.9678394198417664
低误差,MATR_b3c11,817.0,150,current_hybrid,416,0.9805936813354492,0.9672989845275879,0.96705162525177,0.9676637053489685
低误差,MATR_b3c11,817.0,150,current_hybrid,417,0.9805231690406799,0.9671980142593384,0.966898500919342,0.9674867391586304
低误差,MATR_b3c11,817.0,150,current_hybrid,418,0.980485737323761,0.9670962691307068,0.9667445421218872,0.967345654964447
低误差,MATR_b3c11,817.0,150,current_hybrid,419,0.9803234934806824,0.9669938087463379,0.9665896892547607,0.9672539234161377
低误差,MATR_b3c11,817.0,150,current_hybrid,420,0.9802712798118591,0.9668906331062317,0.966434121131897,0.9671613574028015
低误差,MATR_b3c11,817.0,150,current_hybrid,421,0.9801942706108093,0.9667659401893616,0.9662775993347168,0.9670681953430176
低误差,MATR_b3c11,817.0,150,current_hybrid,422,0.9801203012466431,0.9665825963020325,0.9661203026771545,0.966974139213562
低误差,MATR_b3c11,817.0,150,current_hybrid,423,0.9799979329109192,0.9664084911346436,0.9659622311592102,0.9668793678283691
低误差,MATR_b3c11,817.0,150,current_hybrid,424,0.9799664616584778,0.9662938117980957,0.9658032059669495,0.9667838215827942
低误差,MATR_b3c11,817.0,150,current_hybrid,425,0.9798029065132141,0.9661785364151001,0.9656434059143066,0.9666875004768372
低误差,MATR_b3c11,817.0,150,current_hybrid,426,0.9796868562698364,0.9660625457763672,0.9654828310012817,0.966590404510498
低误差,MATR_b3c11,817.0,150,current_hybrid,427,0.9796718955039978,0.9659458994865417,0.9653213620185852,0.9664925932884216
低误差,MATR_b3c11,817.0,150,current_hybrid,428,0.9795398116111755,0.965828537940979,0.9651591777801514,0.9663940072059631
低误差,MATR_b3c11,817.0,150,current_hybrid,429,0.9794185757637024,0.9657105803489685,0.9649960398674011,0.9662946462631226
低误差,MATR_b3c11,817.0,150,current_hybrid,430,0.979414165019989,0.9655918478965759,0.9648321270942688,0.9661946296691895
低误差,MATR_b3c11,817.0,150,current_hybrid,431,0.9792765974998474,0.9654725193977356,0.9646673202514648,0.9660937190055847
低误差,MATR_b3c11,817.0,150,current_hybrid,432,0.9792064428329468,0.965352475643158,0.9645017385482788,0.9659920930862427
低误差,MATR_b3c11,817.0,150,current_hybrid,433,0.9789968132972717,0.9652318358421326,0.9643353223800659,0.9658897519111633
低误差,MATR_b3c11,817.0,150,current_hybrid,434,0.9789782166481018,0.9651105403900146,0.9641680717468262,0.9657865762710571
低误差,MATR_b3c11,817.0,150,current_hybrid,435,0.9788752198219299,0.9649884700775146,0.9639999866485596,0.9656827449798584
低误差,MATR_b3c11,817.0,150,current_hybrid,436,0.9788268804550171,0.9648658037185669,0.9638310670852661,0.9655780792236328
低误差,MATR_b3c11,817.0,150,current_hybrid,437,0.9786317348480225,0.9647424221038818,0.9636613130569458,0.9654726386070251
低误差,MATR_b3c11,817.0,150,current_hybrid,438,0.9785290360450745,0.9646183848381042,0.9634749889373779,0.9653664231300354
低误差,MATR_b3c11,817.0,150,current_hybrid,439,0.9783207178115845,0.9644936919212341,0.9632698893547058,0.9652595520019531
低误差,MATR_b3c11,817.0,150,current_hybrid,440,0.9782679080963135,0.9643683433532715,0.9630634784698486,0.9651517868041992
低误差,MATR_b3c11,817.0,150,current_hybrid,441,0.9781017899513245,0.9642422795295715,0.9628558158874512,0.965043306350708
低误差,MATR_b3c11,817.0,150,current_hybrid,442,0.978009045124054,0.9641156196594238,0.9626469612121582,0.9649341702461243
低误差,MATR_b3c11,817.0,150,current_hybrid,443,0.9778277277946472,0.963988184928894,0.9624367356300354,0.9648241400718689
低误差,MATR_b3c11,817.0,150,current_hybrid,444,0.97773677110672,0.9638600945472717,0.9622252583503723,0.9647133946418762
低误差,MATR_b3c11,817.0,150,current_hybrid,445,0.97768634557724,0.9637313485145569,0.962012529373169,0.9646018743515015
低误差,MATR_b3c11,817.0,150,current_hybrid,446,0.9776399731636047,0.9636020064353943,0.9617984294891357,0.9644895792007446
低误差,MATR_b3c11,817.0,150,current_hybrid,447,0.9775607585906982,0.9634718894958496,0.961583137512207,0.9643765687942505
低误差,MATR_b3c11,817.0,150,current_hybrid,448,0.977464497089386,0.9633411765098572,0.9613665342330933,0.9642627835273743
低误差,MATR_b3c11,817.0,150,current_hybrid,449,0.9775134921073914,0.9632097482681274,0.9611486792564392,0.9641481637954712
低误差,MATR_b3c11,817.0,150,current_hybrid,450,0.9773578643798828,0.9630776643753052,0.9609294533729553,0.9640328288078308
低误差,MATR_b3c11,817.0,150,current_hybrid,451,0.9773343801498413,0.9629448652267456,0.9607090353965759,0.9639167785644531
低误差,MATR_b3c11,817.0,150,current_hybrid,452,0.9771631956100464,0.9628114104270935,0.9604873657226562,0.9637998938560486
低误差,MATR_b3c11,817.0,150,current_hybrid,453,0.9771482348442078,0.9626772999763489,0.9602643251419067,0.9636822938919067
低误差,MATR_b3c11,817.0,150,current_hybrid,454,0.977047860622406,0.9625425338745117,0.9600400328636169,0.9635639190673828
低误差,MATR_b3c11,817.0,150,current_hybrid,455,0.9769800901412964,0.962407112121582,0.9598144888877869,0.9634447693824768
低误差,MATR_b3c11,817.0,150,current_hybrid,456,0.9768184423446655,0.962270975112915,0.9595876932144165,0.9633248448371887
低误差,MATR_b3c11,817.0,150,current_hybrid,457,0.9767259955406189,0.9621341228485107,0.9593595862388611,0.9632042050361633
低误差,MATR_b3c11,817.0,150,current_hybrid,458,0.9765943288803101,0.9619966149330139,0.9591301083564758,0.9630827307701111
低误差,MATR_b3c11,817.0,150,current_hybrid,459,0.9765024781227112,0.9618584513664246,0.9588994383811951,0.9629605412483215
低误差,MATR_b3c11,817.0,150,current_hybrid,460,0.9764045476913452,0.9617196917533875,0.9586674571037292,0.9628375172615051
低误差,MATR_b3c11,817.0,150,current_hybrid,461,0.9762852787971497,0.9615801572799683,0.9584342241287231,0.9627138376235962
低误差,MATR_b3c11,817.0,150,current_hybrid,462,0.9761995077133179,0.9614399671554565,0.958199679851532,0.9625892639160156
低误差,MATR_b3c11,817.0,150,current_hybrid,463,0.9761093258857727,0.9612990617752075,0.9579638838768005,0.9624640345573425
低误差,MATR_b3c11,817.0,150,current_hybrid,464,0.9759560823440552,0.9611575603485107,0.9577268362045288,0.9623379707336426
低误差,MATR_b3c11,817.0,150,current_hybrid,465,0.9757990837097168,0.9610153436660767,0.9574884176254272,0.9622111916542053
低误差,MATR_b3c11,817.0,150,current_hybrid,466,0.9745510220527649,0.96087247133255,0.9572487473487854,0.9620835781097412
低误差,MATR_b3c11,817.0,150,current_hybrid,467,0.9756200313568115,0.9607288837432861,0.9570078253746033,0.9619552493095398
低误差,MATR_b3c11,817.0,150,current_hybrid,468,0.9755169749259949,0.9605846405029297,0.9567656517028809,0.9618261456489563
低误差,MATR_b3c11,817.0,150,current_hybrid,469,0.9754124879837036,0.9604397416114807,0.9565221667289734,0.9616962671279907
低误差,MATR_b3c11,817.0,150,current_hybrid,470,0.9753097891807556,0.9602941274642944,0.9562773108482361,0.9615656137466431
低误差,MATR_b3c11,817.0,150,current_hybrid,471,0.9751864075660706,0.9601479172706604,0.9560312628746033,0.9614342451095581
低误差,MATR_b3c11,817.0,150,current_hybrid,472,0.9750847220420837,0.9600009322166443,0.9557839632034302,0.9613020420074463
低误差,MATR_b3c11,817.0,150,current_hybrid,473,0.9749592542648315,0.9598533511161804,0.9555352926254272,0.9611690640449524
低误差,MATR_b3c11,817.0,150,current_hybrid,474,0.9748675227165222,0.9597049951553345,0.955285370349884,0.961035430431366
低误差,MATR_b3c11,817.0,150,current_hybrid,475,0.974716067314148,0.9595561027526855,0.9550341963768005,0.9609009027481079
低误差,MATR_b3c11,817.0,150,current_hybrid,476,0.9745913743972778,0.9594064354896545,0.954781711101532,0.9607656598091125
低误差,MATR_b3c11,817.0,150,current_hybrid,477,0.9745062589645386,0.9592560529708862,0.9545279741287231,0.9606296420097351
低误差,MATR_b3c11,817.0,150,current_hybrid,478,0.9743474721908569,0.9591050744056702,0.9542728662490845,0.9604927897453308
低误差,MATR_b3c11,817.0,150,current_hybrid,479,0.974288821220398,0.9589534401893616,0.9540165662765503,0.960355281829834
低误差,MATR_b3c11,817.0,150,current_hybrid,480,0.9741876721382141,0.9588010311126709,0.953758955001831,0.9602169394493103
低误差,MATR_b3c11,817.0,150,current_hybrid,481,0.9740908741950989,0.9586480259895325,0.9535000324249268,0.9600778818130493
低误差,MATR_b3c11,817.0,150,current_hybrid,482,0.9739625453948975,0.9584943056106567,0.9532398581504822,0.9599379897117615
低误差,MATR_b3c11,817.0,150,current_hybrid,483,0.9738389849662781,0.9583399295806885,0.9529784321784973,0.9597973823547363
低误差,MATR_b3c11,817.0,150,current_hybrid,484,0.9737075567245483,0.9581848382949829,0.9527156949043274,0.9596560001373291
低误差,MATR_b3c11,817.0,150,current_hybrid,485,0.9736303687095642,0.9580290913581848,0.9524516463279724,0.9595138430595398
低误差,MATR_b3c11,817.0,150,current_hybrid,486,0.9735187292098999,0.9578726887702942,0.9521862864494324,0.9593709111213684
低误差,MATR_b3c11,817.0,150,current_hybrid,487,0.973419189453125,0.9577155709266663,0.9519197344779968,0.9592271447181702
低误差,MATR_b3c11,817.0,150,current_hybrid,488,0.9733189940452576,0.9575577974319458,0.9516518115997314,0.9590826630592346
低误差,MATR_b3c11,817.0,150,current_hybrid,489,0.9731343388557434,0.9573993682861328,0.9513826966285706,0.958937406539917
低误差,MATR_b3c11,817.0,150,current_hybrid,490,0.9729664921760559,0.9572402238845825,0.9511122107505798,0.9587913751602173
低误差,MATR_b3c11,817.0,150,current_hybrid,491,0.9728437662124634,0.9570804238319397,0.9508404731750488,0.9586446285247803
低误差,MATR_b3c11,817.0,150,current_hybrid,492,0.9727413058280945,0.9569199085235596,0.9505674839019775,0.9584970474243164
低误差,MATR_b3c11,817.0,150,current_hybrid,493,0.972583532333374,0.9567587375640869,0.9502931833267212,0.9583486914634705
低误差,MATR_b3c11,817.0,150,current_hybrid,494,0.9724771976470947,0.956596851348877,0.9500175714492798,0.9581996202468872
低误差,MATR_b3c11,817.0,150,current_hybrid,495,0.972424328327179,0.9564343094825745,0.9497407078742981,0.9580497741699219
低误差,MATR_b3c11,817.0,150,current_hybrid,496,0.9722434878349304,0.9562711119651794,0.9494625329971313,0.9578990340232849
低误差,MATR_b3c11,817.0,150,current_hybrid,497,0.9721229672431946,0.9561071991920471,0.9491831064224243,0.9577476382255554
低误差,MATR_b3c11,817.0,150,current_hybrid,498,0.971938967704773,0.9559426307678223,0.9489023685455322,0.9575954675674438
低误差,MATR_b3c11,817.0,150,current_hybrid,499,0.9718337059020996,0.9557773470878601,0.9486203193664551,0.9574424624443054
低误差,MATR_b3c11,817.0,150,current_hybrid,500,0.9716631174087524,0.9556114077568054,0.9483370184898376,0.9572887420654297
低误差,MATR_b3c11,817.0,150,hybridpatch_v2,151,0.9972254633903503,0.9967586398124695,0.9965623617172241,0.9968568086624146
低误差,MATR_b3c11,817.0,150,hybridpatch_v2,152,0.9971501231193542,0.9965389966964722,0.9962550401687622,0.9966791272163391
低误差,MATR_b3c11,817.0,150,hybridpatch_v2,153,0.9970377683639526,0.9963604211807251,0.9960066676139832,0.9965333342552185
低误差,MATR_b3c11,817.0,150,hybridpatch_v2,154,0.9970138072967529,0.9962031245231628,0.9957888722419739,0.9964040517807007
低误差,MATR_b3c11,817.0,150,hybridpatch_v2,155,0.9969190359115601,0.9960622787475586,0.9955905079841614,0.9962852597236633
低误差,MATR_b3c11,817.0,150,hybridpatch_v2,156,0.9968141913414001,0.9959326982498169,0.9954059720039368,0.9961739778518677
低误差,MATR_b3c11,817.0,150,hybridpatch_v2,157,0.9968348741531372,0.9958106279373169,0.9952319860458374,0.9960682988166809
低误差,MATR_b3c11,817.0,150,hybridpatch_v2,158,0.9967697858810425,0.995694637298584,0.9950662851333618,0.9959672093391418
低误差,MATR_b3c11,817.0,150,hybridpatch_v2,159,0.9966048002243042,0.9955835342407227,0.9949073791503906,0.9958696961402893
低误差,MATR_b3c11,817.0,150,hybridpatch_v2,160,0.9965314269065857,0.9954765439033508,0.9947541952133179,0.9957753419876099
低误差,MATR_b3c11,817.0,150,hybridpatch_v2,161,0.9965028166770935,0.9953730702400208,0.9946058392524719,0.9956835508346558
低误差,MATR_b3c11,817.0,150,hybridpatch_v2,162,0.9964693188667297,0.9952726364135742,0.9944616556167603,0.9955940246582031
低误差,MATR_b3c11,817.0,150,hybridpatch_v2,163,0.9963296055793762,0.9951748251914978,0.9943212270736694,0.9955065250396729
低误差,MATR_b3c11,817.0,150,hybridpatch_v2,164,0.9963704943656921,0.9950794577598572,0.9941840171813965,0.9954207539558411
低误差,MATR_b3c11,817.0,150,hybridpatch_v2,165,0.9964213371276855,0.9949861764907837,0.9940497279167175,0.9953365921974182
低误差,MATR_b3c11,817.0,150,hybridpatch_v2,166,0.996400773525238,0.994894802570343,0.9939180612564087,0.99525386095047
低误差,MATR_b3c11,817.0,150,hybridpatch_v2,167,0.9964582920074463,0.9948051571846008,0.9937888383865356,0.995172381401062
低误差,MATR_b3c11,817.0,150,hybridpatch_v2,168,0.9964126348495483,0.9947171211242676,0.9936617612838745,0.9950921535491943
低误差,MATR_b3c11,817.0,150,hybridpatch_v2,169,0.9963813424110413,0.9946305155754089,0.9935367107391357,0.9950129389762878
低误差,MATR_b3c11,817.0,150,hybridpatch_v2,170,0.99629807472229,0.9945452213287354,0.993413507938385,0.9949347376823425
低误差,MATR_b3c11,817.0,150,hybridpatch_v2,171,0.996356725692749,0.994461178779602,0.993291974067688,0.9948574900627136
低误差,MATR_b3c11,817.0,150,hybridpatch_v2,172,0.9961714148521423,0.9943783283233643,0.9931721091270447,0.9947810769081116
低误差,MATR_b3c11,817.0,150,hybridpatch_v2,173,0.9961435198783875,0.9942964911460876,0.993053674697876,0.9947054982185364
低误差,MATR_b3c11,817.0,150,hybridpatch_v2,174,0.9960874915122986,0.994215726852417,0.9929366111755371,0.9946306347846985
低误差,MATR_b3c11,817.0,150,hybridpatch_v2,175,0.9960972666740417,0.994135856628418,0.9928208589553833,0.9945564866065979
低误差,MATR_b3c11,817.0,150,hybridpatch_v2,176,0.9960368275642395,0.9940568804740906,0.9927063584327698,0.9944829940795898
低误差,MATR_b3c11,817.0,150,hybridpatch_v2,177,0.9960182309150696,0.99397873878479,0.992592990398407,0.9944101572036743
低误差,MATR_b3c11,817.0,150,hybridpatch_v2,178,0.9959374070167542,0.9939014315605164,0.9924807548522949,0.9943378567695618
低误差,MATR_b3c11,817.0,150,hybridpatch_v2,179,0.9957442283630371,0.9938247799873352,0.9923694729804993,0.994266152381897
低误差,MATR_b3c11,817.0,150,hybridpatch_v2,180,0.9958459734916687,0.9937489032745361,0.9922592639923096,0.9941949844360352
低误差,MATR_b3c11,817.0,150,hybridpatch_v2,181,0.9957489967346191,0.9936736822128296,0.9921499490737915,0.9941242933273315
低误差,MATR_b3c11,817.0,150,hybridpatch_v2,182,0.9957110285758972,0.9935991168022156,0.9920414686203003,0.9940540790557861
低误差,MATR_b3c11,817.0,150,hybridpatch_v2,183,0.9956486225128174,0.9935252070426941,0.9919338822364807,0.9939843416213989
低误差,MATR_b3c11,817.0,150,hybridpatch_v2,184,0.9955899715423584,0.9934518337249756,0.991827130317688,0.9939150214195251
低误差,MATR_b3c11,817.0,150,hybridpatch_v2,185,0.9955378770828247,0.9933789968490601,0.9917210936546326,0.9938461184501648
低误差,MATR_b3c11,817.0,150,hybridpatch_v2,186,0.9954805374145508,0.9933066964149475,0.9916158318519592,0.9937776327133179
低误差,MATR_b3c11,817.0,150,hybridpatch_v2,187,0.9953842759132385,0.9932349324226379,0.9915112257003784,0.9937095046043396
低误差,MATR_b3c11,817.0,150,hybridpatch_v2,188,0.9952894449234009,0.9931637048721313,0.9914073944091797,0.9936417937278748
低误差,MATR_b3c11,817.0,150,hybridpatch_v2,189,0.9952552318572998,0.9930928945541382,0.9913041591644287,0.9935743808746338
低误差,MATR_b3c11,817.0,150,hybridpatch_v2,190,0.9951040744781494,0.9930225610733032,0.9912015199661255,0.9935073256492615
低误差,MATR_b3c11,817.0,150,hybridpatch_v2,191,0.9950459003448486,0.9929526448249817,0.9910995364189148,0.9934406280517578
低误差,MATR_b3c11,817.0,150,hybridpatch_v2,192,0.9950191378593445,0.9928831458091736,0.9909980893135071,0.993374228477478
低误差,MATR_b3c11,817.0,150,hybridpatch_v2,193,0.9948311448097229,0.9928140640258789,0.9908972382545471,0.9933081269264221
低误差,MATR_b3c11,817.0,150,hybridpatch_v2,194,0.9947447776794434,0.9927453994750977,0.9907969236373901,0.9932423233985901
低误差,MATR_b3c11,817.0,150,hybridpatch_v2,195,0.9948642253875732,0.9926770925521851,0.9906971454620361,0.9931767582893372
低误差,MATR_b3c11,817.0,150,hybridpatch_v2,196,0.9948707818984985,0.9926091432571411,0.9905979037284851,0.9931114912033081
低误差,MATR_b3c11,817.0,150,hybridpatch_v2,197,0.9949386119842529,0.9925415515899658,0.9904990792274475,0.9930465221405029
低误差,MATR_b3c11,817.0,150,hybridpatch_v2,198,0.994868814945221,0.9924743175506592,0.9904007911682129,0.9929817914962769
低误差,MATR_b3c11,817.0,150,hybridpatch_v2,199,0.9948723912239075,0.9924074411392212,0.9903029203414917,0.9929172992706299
低误差,MATR_b3c11,817.0,150,hybridpatch_v2,200,0.994759738445282,0.9923408627510071,0.9902055263519287,0.9928531050682068
低误差,MATR_b3c11,817.0,150,hybridpatch_v2,201,0.9947324395179749,0.9922745823860168,0.9901085495948792,0.992789089679718
低误差,MATR_b3c11,817.0,150,hybridpatch_v2,202,0.9946843385696411,0.9922086000442505,0.990011990070343,0.9927253127098083
低误差,MATR_b3c11,817.0,150,hybridpatch_v2,203,0.9946845769882202,0.9921429753303528,0.9899158477783203,0.992661714553833
低误差,MATR_b3c11,817.0,150,hybridpatch_v2,204,0.9946826696395874,0.9920775890350342,0.9898200631141663,0.9925984144210815
低误差,MATR_b3c11,817.0,150,hybridpatch_v2,205,0.9947120547294617,0.9920125007629395,0.9897247552871704,0.9925352334976196
低误差,MATR_b3c11,817.0,150,hybridpatch_v2,206,0.9946426153182983,0.9919476509094238,0.9896297454833984,0.9924723505973816
低误差,MATR_b3c11,817.0,150,hybridpatch_v2,207,0.9945577383041382,0.9918830990791321,0.9895350933074951,0.9924095869064331
低误差,MATR_b3c11,817.0,150,hybridpatch_v2,208,0.9945323467254639,0.9918187856674194,0.9894408583641052,0.9923470616340637
低误差,MATR_b3c11,817.0,150,hybridpatch_v2,209,0.9944705367088318,0.9917547702789307,0.9893469214439392,0.9922847151756287
低误差,MATR_b3c11,817.0,150,hybridpatch_v2,210,0.9943633675575256,0.9916909337043762,0.9892533421516418,0.9922225475311279
低误差,MATR_b3c11,817.0,150,hybridpatch_v2,211,0.9944059252738953,0.9916273951530457,0.9891600608825684,0.9921605587005615
低误差,MATR_b3c11,817.0,150,hybridpatch_v2,212,0.9943388104438782,0.9915640354156494,0.9890671372413635,0.9920986890792847
低误差,MATR_b3c11,817.0,150,hybridpatch_v2,213,0.9942288994789124,0.9915009140968323,0.9889745116233826,0.9920370578765869
低误差,MATR_b3c11,817.0,150,hybridpatch_v2,214,0.9942271709442139,0.9914380311965942,0.9888822436332703,0.9919756054878235
低误差,MATR_b3c11,817.0,150,hybridpatch_v2,215,0.9942535161972046,0.9913753867149353,0.9887902140617371,0.9919142723083496
低误差,MATR_b3c11,817.0,150,hybridpatch_v2,216,0.994225263595581,0.9913129210472107,0.9886984825134277,0.9918531179428101
低误差,MATR_b3c11,817.0,150,hybridpatch_v2,217,0.9941844940185547,0.9912506937980652,0.9886070489883423,0.9917920827865601
低误差,MATR_b3c11,817.0,150,hybridpatch_v2,218,0.994101345539093,0.991188645362854,0.9885159134864807,0.9917312264442444
低误差,MATR_b3c11,817.0,150,hybridpatch_v2,219,0.9939965605735779,0.9911267757415771,0.9884250164031982,0.9916704893112183
低误差,MATR_b3c11,817.0,150,hybridpatch_v2,220,0.9940106272697449,0.9910651445388794,0.9883343577384949,0.9916099309921265
低误差,MATR_b3c11,817.0,150,hybridpatch_v2,221,0.9939587712287903,0.991003692150116,0.9882440567016602,0.9915494918823242
低误差,MATR_b3c11,817.0,150,hybridpatch_v2,222,0.9938335418701172,0.9909424185752869,0.9881539344787598,0.9914892315864563
低误差,MATR_b3c11,817.0,150,hybridpatch_v2,223,0.9937412142753601,0.9908813238143921,0.9880640506744385,0.9914290904998779
低误差,MATR_b3c11,817.0,150,hybridpatch_v2,224,0.993678629398346,0.9908203482627869,0.9879744648933411,0.9913690686225891
低误差,MATR_b3c11,817.0,150,hybridpatch_v2,225,0.9936792254447937,0.9907596111297607,0.9878851175308228,0.9913091659545898
低误差,MATR_b3c11,817.0,150,hybridpatch_v2,226,0.9936355352401733,0.990699052810669,0.9877960085868835,0.9912494421005249
低误差,MATR_b3c11,817.0,150,hybridpatch_v2,227,0.9935709834098816,0.9906386733055115,0.9877070784568787,0.9911897778511047
低误差,MATR_b3c11,817.0,150,hybridpatch_v2,228,0.9934880137443542,0.9905784130096436,0.9876184463500977,0.9911302924156189
低误差,MATR_b3c11,817.0,150,hybridpatch_v2,229,0.993412435054779,0.99051833152771,0.987529993057251,0.9910708665847778
低误差,MATR_b3c11,817.0,150,hybridpatch_v2,230,0.9934806227684021,0.9904584288597107,0.9874417185783386,0.9910116195678711
低误差,MATR_b3c11,817.0,150,hybridpatch_v2,231,0.9934162497520447,0.990398645401001,0.9873537421226501,0.9909524321556091
低误差,MATR_b3c11,817.0,150,hybridpatch_v2,232,0.9933660626411438,0.9903390407562256,0.987265944480896,0.9908934235572815
低误差,MATR_b3c11,817.0,150,hybridpatch_v2,233,0.9933430552482605,0.9902795553207397,0.9871783256530762,0.9908344745635986
低误差,MATR_b3c11,817.0,150,hybridpatch_v2,234,0.9932940006256104,0.9902202486991882,0.9870909452438354,0.9907756447792053
低误差,MATR_b3c11,817.0,150,hybridpatch_v2,235,0.9931474328041077,0.9901610612869263,0.987003743648529,0.9907169342041016
低误差,MATR_b3c11,817.0,150,hybridpatch_v2,236,0.9930434226989746,0.9901020526885986,0.986916720867157,0.9906583428382874
低误差,MATR_b3c11,817.0,150,hybridpatch_v2,237,0.9929099678993225,0.9900431632995605,0.986829936504364,0.9905998110771179
低误差,MATR_b3c11,817.0,150,hybridpatch_v2,238,0.9929524064064026,0.989984393119812,0.9867432713508606,0.990541398525238
低误差,MATR_b3c11,817.0,150,hybridpatch_v2,239,0.9929103255271912,0.9899258017539978,0.9866568446159363,0.9904831051826477
低误差,MATR_b3c11,817.0,150,hybridpatch_v2,240,0.992865264415741,0.9898673295974731,0.9865705966949463,0.9904249310493469
低误差,MATR_b3c11,817.0,150,hybridpatch_v2,241,0.9927797317504883,0.989808976650238,0.9864845275878906,0.9903668165206909
低误差,MATR_b3c11,817.0,150,hybridpatch_v2,242,0.9927732348442078,0.9897507429122925,0.9863986372947693,0.9903087615966797
低误差,MATR_b3c11,817.0,150,hybridpatch_v2,243,0.9928094148635864,0.9896926283836365,0.9863129258155823,0.9902508854866028
低误差,MATR_b3c11,817.0,150,hybridpatch_v2,244,0.9927710294723511,0.98963463306427,0.9862273335456848,0.9901930689811707
低误差,MATR_b3c11,817.0,150,hybridpatch_v2,245,0.9927372932434082,0.9895767569541931,0.9861419796943665,0.9901353120803833
低误差,MATR_b3c11,817.0,150,hybridpatch_v2,246,0.9926754832267761,0.9895190596580505,0.9860567450523376,0.9900776743888855
低误差,MATR_b3c11,817.0,150,hybridpatch_v2,247,0.99262934923172,0.9894614219665527,0.9859716892242432,0.9900200963020325
低误差,MATR_b3c11,817.0,150,hybridpatch_v2,248,0.992556095123291,0.9894039630889893,0.985886812210083,0.989962637424469
低误差,MATR_b3c11,817.0,150,hybridpatch_v2,249,0.99257493019104,0.9893465638160706,0.9858020544052124,0.9899052381515503
低误差,MATR_b3c11,817.0,150,hybridpatch_v2,250,0.9924763441085815,0.9892892837524414,0.9857174754142761,0.9898479580879211
低误差,MATR_b3c11,817.0,150,hybridpatch_v2,251,0.9924609661102295,0.9892321228981018,0.9856330752372742,0.9897907376289368
低误差,MATR_b3c11,817.0,150,hybridpatch_v2,252,0.9923393130302429,0.9891750812530518,0.9855487942695618,0.9897336363792419
低误差,MATR_b3c11,817.0,150,hybridpatch_v2,253,0.9922680258750916,0.9891180992126465,0.9854646325111389,0.9896765947341919
低误差,MATR_b3c11,817.0,150,hybridpatch_v2,254,0.9923055171966553,0.9890612959861755,0.9853806495666504,0.9896196126937866
低误差,MATR_b3c11,817.0,150,hybridpatch_v2,255,0.9922181367874146,0.9890045523643494,0.9852968454360962,0.9895626902580261
低误差,MATR_b3c11,817.0,150,hybridpatch_v2,256,0.9921055436134338,0.9889479279518127,0.9852131009101868,0.9895058870315552
低误差,MATR_b3c11,817.0,150,hybridpatch_v2,257,0.9920858144760132,0.9888914227485657,0.9851295948028564,0.989449143409729
低误差,MATR_b3c11,817.0,150,hybridpatch_v2,258,0.9920280575752258,0.9888349771499634,0.9850461483001709,0.9893924593925476
低误差,MATR_b3c11,817.0,150,hybridpatch_v2,259,0.9919489622116089,0.9887786507606506,0.9849628806114197,0.9893358945846558
低误差,MATR_b3c11,817.0,150,hybridpatch_v2,260,0.9918777942657471,0.9887224435806274,0.984879732131958,0.9892793893814087
低误差,MATR_b3c11,817.0,150,hybridpatch_v2,261,0.9918128848075867,0.988666296005249,0.9847967028617859,0.9892229437828064
低误差,MATR_b3c11,817.0,150,hybridpatch_v2,262,0.9918251037597656,0.9886102676391602,0.9847138524055481,0.9891665577888489
低误差,MATR_b3c11,817.0,150,hybridpatch_v2,263,0.9918197989463806,0.9885542988777161,0.9846310615539551,0.9891102313995361
低误差,MATR_b3c11,817.0,150,hybridpatch_v2,264,0.991674542427063,0.9884984493255615,0.9845484495162964,0.9890540242195129
低误差,MATR_b3c11,817.0,150,hybridpatch_v2,265,0.9916105270385742,0.9884427189826965,0.9844659566879272,0.9889978170394897
低误差,MATR_b3c11,817.0,150,hybridpatch_v2,266,0.9915463924407959,0.9883870482444763,0.9843835830688477,0.9889417290687561
低误差,MATR_b3c11,817.0,150,hybridpatch_v2,267,0.9914535880088806,0.9883314371109009,0.9843013286590576,0.9888857007026672
低误差,MATR_b3c11,817.0,150,hybridpatch_v2,268,0.9914298057556152,0.988275945186615,0.9842191934585571,0.9888297319412231
低误差,MATR_b3c11,817.0,150,hybridpatch_v2,269,0.991324245929718,0.9882205724716187,0.9841371774673462,0.9887738227844238
低误差,MATR_b3c11,817.0,150,hybridpatch_v2,270,0.9912362694740295,0.9881652593612671,0.9840552806854248,0.9887179732322693
低误差,MATR_b3c11,817.0,150,hybridpatch_v2,271,0.9912932515144348,0.9881100058555603,0.983973503112793,0.9886621832847595
低误差,MATR_b3c11,817.0,150,hybridpatch_v2,272,0.991235613822937,0.9880548715591431,0.9838918447494507,0.9886065125465393
低误差,MATR_b3c11,817.0,150,hybridpatch_v2,273,0.991213858127594,0.9879997968673706,0.983810305595398,0.9885508418083191
低误差,MATR_b3c11,817.0,150,hybridpatch_v2,274,0.9911419153213501,0.9879448413848877,0.9837288856506348,0.9884952306747437
低误差,MATR_b3c11,817.0,150,hybridpatch_v2,275,0.9910203218460083,0.9878899455070496,0.9836475253105164,0.9884397387504578
低误差,MATR_b3c11,817.0,150,hybridpatch_v2,276,0.9909733533859253,0.9878351092338562,0.9835663437843323,0.9883842468261719
低误差,MATR_b3c11,817.0,150,hybridpatch_v2,277,0.9908685088157654,0.9877803325653076,0.983485221862793,0.9883288145065308
低误差,MATR_b3c11,817.0,150,hybridpatch_v2,278,0.9908531904220581,0.9877256751060486,0.9834042191505432,0.9882735013961792
低误差,MATR_b3c11,817.0,150,hybridpatch_v2,279,0.9907852411270142,0.9876710772514343,0.983323335647583,0.9882181882858276
低误差,MATR_b3c11,817.0,150,hybridpatch_v2,280,0.9907472133636475,0.9876165986061096,0.9832425713539124,0.9881629347801208
低误差,MATR_b3c11,817.0,150,hybridpatch_v2,281,0.9906328916549683,0.9875621795654297,0.9831618666648865,0.9881077408790588
低误差,MATR_b3c11,817.0,150,hybridpatch_v2,282,0.9905591011047363,0.9875078201293945,0.9830812811851501,0.9880526065826416
低误差,MATR_b3c11,817.0,150,hybridpatch_v2,283,0.9905285835266113,0.9874535202980042,0.9830008149147034,0.9879975318908691
低误差,MATR_b3c11,817.0,150,hybridpatch_v2,284,0.99040287733078,0.9873992800712585,0.9829204082489014,0.9879425168037415
低误差,MATR_b3c11,817.0,150,hybridpatch_v2,285,0.9904223084449768,0.9873451590538025,0.9828401207923889,0.9878875613212585
低误差,MATR_b3c11,817.0,150,hybridpatch_v2,286,0.990334689617157,0.9872910976409912,0.982759952545166,0.9878326654434204
低误差,MATR_b3c11,817.0,150,hybridpatch_v2,287,0.9903006553649902,0.9872370958328247,0.9826798439025879,0.9877777695655823
低误差,MATR_b3c11,817.0,150,hybridpatch_v2,288,0.990246593952179,0.987183153629303,0.9825998544692993,0.9877229928970337
低误差,MATR_b3c11,817.0,150,hybridpatch_v2,289,0.9902241230010986,0.987129271030426,0.9825199842453003,0.9876682162284851
低误差,MATR_b3c11,817.0,150,hybridpatch_v2,290,0.9901081323623657,0.9870754480361938,0.982440173625946,0.9876134991645813
低误差,MATR_b3c11,817.0,150,hybridpatch_v2,291,0.9900766015052795,0.9870217442512512,0.9823604822158813,0.9875588417053223
低误差,MATR_b3c11,817.0,150,hybridpatch_v2,292,0.9899376034736633,0.9869681000709534,0.9822808504104614,0.987504243850708
低误差,MATR_b3c11,817.0,150,hybridpatch_v2,293,0.9899408221244812,0.9869145154953003,0.982201337814331,0.9874497056007385
低误差,MATR_b3c11,817.0,150,hybridpatch_v2,294,0.9899356365203857,0.986860990524292,0.9821218848228455,0.987395167350769
低误差,MATR_b3c11,817.0,150,hybridpatch_v2,295,0.9897398948669434,0.9868075251579285,0.9820424914360046,0.9873407483100891
低误差,MATR_b3c11,817.0,150,hybridpatch_v2,296,0.9896804690361023,0.9867541193962097,0.9819632768630981,0.9872863292694092
低误差,MATR_b3c11,817.0,150,hybridpatch_v2,297,0.9896193146705627,0.9867007732391357,0.9818840622901917,0.987231969833374
低误差,MATR_b3c11,817.0,150,hybridpatch_v2,298,0.9895887970924377,0.9866474866867065,0.9818049669265747,0.9871776103973389
低误差,MATR_b3c11,817.0,150,hybridpatch_v2,299,0.9895414710044861,0.9865942597389221,0.9817259907722473,0.9871233701705933
低误差,MATR_b3c11,817.0,150,hybridpatch_v2,300,0.9894778728485107,0.9865411520004272,0.9816470742225647,0.9870691299438477
低误差,MATR_b3c11,817.0,150,hybridpatch_v2,301,0.9894310832023621,0.9864880442619324,0.9815682172775269,0.9870149493217468
低误差,MATR_b3c11,817.0,150,hybridpatch_v2,302,0.9893120527267456,0.9864349961280823,0.9814894795417786,0.9869608283042908
低误差,MATR_b3c11,817.0,150,hybridpatch_v2,303,0.9891707897186279,0.986382007598877,0.981410801410675,0.9869067072868347
低误差,MATR_b3c11,817.0,150,hybridpatch_v2,304,0.989147961139679,0.9863291382789612,0.9813322424888611,0.9868527054786682
低误差,MATR_b3c11,817.0,150,hybridpatch_v2,305,0.9890312552452087,0.9862762689590454,0.9812536835670471,0.9867987036705017
低误差,MATR_b3c11,817.0,150,hybridpatch_v2,306,0.9890373945236206,0.9862234592437744,0.9811753034591675,0.9867447018623352
低误差,MATR_b3c11,817.0,150,hybridpatch_v2,307,0.9889618158340454,0.986170768737793,0.9810969233512878,0.9866908192634583
低误差,MATR_b3c11,817.0,150,hybridpatch_v2,308,0.9888808131217957,0.9861180782318115,0.9810186624526978,0.9866369366645813
低误差,MATR_b3c11,817.0,150,hybridpatch_v2,309,0.9888501763343811,0.9860654473304749,0.9809404611587524,0.9865831136703491
低误差,MATR_b3c11,817.0,150,hybridpatch_v2,310,0.9887828826904297,0.986012876033783,0.9808623194694519,0.9865292906761169
低误差,MATR_b3c11,817.0,150,hybridpatch_v2,311,0.988787829875946,0.9859603643417358,0.9807842969894409,0.9864755868911743
低误差,MATR_b3c11,817.0,150,hybridpatch_v2,312,0.9886154532432556,0.9859079122543335,0.9807063341140747,0.9864218235015869
低误差,MATR_b3c11,817.0,150,hybridpatch_v2,313,0.9885647892951965,0.9858555197715759,0.9806284308433533,0.9863681793212891
低误差,MATR_b3c11,817.0,150,hybridpatch_v2,314,0.9884954690933228,0.9858031272888184,0.9805505871772766,0.9863145351409912
低误差,MATR_b3c11,817.0,150,hybridpatch_v2,315,0.9883707761764526,0.9857508540153503,0.9804728627204895,0.9862609505653381
低误差,MATR_b3c11,817.0,150,hybridpatch_v2,316,0.9883176684379578,0.9856986403465271,0.9803951978683472,0.9862074255943298
低误差,MATR_b3c11,817.0,150,hybridpatch_v2,317,0.9881599545478821,0.9856464266777039,0.9803175926208496,0.9861539006233215
低误差,MATR_b3c11,817.0,150,hybridpatch_v2,318,0.9881808757781982,0.9855942726135254,0.9802400469779968,0.986100435256958
低误差,MATR_b3c11,817.0,150,hybridpatch_v2,319,0.9880886673927307,0.9855421781539917,0.9801625609397888,0.9860470294952393
低误差,MATR_b3c11,817.0,150,hybridpatch_v2,320,0.9880265593528748,0.9854901432991028,0.9800851941108704,0.9859936237335205
低误差,MATR_b3c11,817.0,150,hybridpatch_v2,321,0.9879143238067627,0.9854381680488586,0.9800078868865967,0.9859402775764465
低误差,MATR_b3c11,817.0,150,hybridpatch_v2,322,0.9878377914428711,0.9853862524032593,0.9799306392669678,0.9858869314193726
低误差,MATR_b3c11,817.0,150,hybridpatch_v2,323,0.9876993894577026,0.9853343367576599,0.9798534512519836,0.9858336448669434
低误差,MATR_b3c11,817.0,150,hybridpatch_v2,324,0.9877081513404846,0.9852825403213501,0.9797763228416443,0.9857804179191589
低误差,MATR_b3c11,817.0,150,hybridpatch_v2,325,0.9876920580863953,0.9852307438850403,0.9796992540359497,0.9857271909713745
低误差,MATR_b3c11,817.0,150,hybridpatch_v2,326,0.987593412399292,0.9851790070533752,0.9796222448348999,0.9856740236282349
低误差,MATR_b3c11,817.0,150,hybridpatch_v2,327,0.9874958395957947,0.985127329826355,0.9795453548431396,0.9856208562850952
低误差,MATR_b3c11,817.0,150,hybridpatch_v2,328,0.9873296022415161,0.9850756525993347,0.9794685244560242,0.9855678081512451
低误差,MATR_b3c11,817.0,150,hybridpatch_v2,329,0.9872972369194031,0.985024094581604,0.9793916940689087,0.9855147004127502
低误差,MATR_b3c11,817.0,150,hybridpatch_v2,330,0.9873198866844177,0.9849725365638733,0.9793149828910828,0.9854617118835449
低误差,MATR_b3c11,817.0,150,hybridpatch_v2,331,0.9872285723686218,0.9849210381507874,0.9792383313179016,0.9854086637496948
低误差,MATR_b3c11,817.0,150,hybridpatch_v2,332,0.9871757626533508,0.9848695397377014,0.9791617393493652,0.9853557348251343
低误差,MATR_b3c11,817.0,150,hybridpatch_v2,333,0.9870364665985107,0.984818160533905,0.9790852069854736,0.9853028059005737
低误差,MATR_b3c11,817.0,150,hybridpatch_v2,334,0.9869372248649597,0.9847667813301086,0.9790087342262268,0.9852498769760132
低误差,MATR_b3c11,817.0,150,hybridpatch_v2,335,0.9868508577346802,0.984715461730957,0.9789323210716248,0.9851970076560974
低误差,MATR_b3c11,817.0,150,hybridpatch_v2,336,0.9867796301841736,0.9846642017364502,0.9788559675216675,0.9851441979408264
低误差,MATR_b3c11,817.0,150,hybridpatch_v2,337,0.9867518544197083,0.9846129417419434,0.978779673576355,0.9850913882255554
低误差,MATR_b3c11,817.0,150,hybridpatch_v2,338,0.9866301417350769,0.9845618009567261,0.9787034392356873,0.9850386381149292
低误差,MATR_b3c11,817.0,150,hybridpatch_v2,339,0.9866579174995422,0.9845106601715088,0.9786272644996643,0.9849859476089478
低误差,MATR_b3c11,817.0,150,hybridpatch_v2,340,0.9865151643753052,0.9844595193862915,0.9785511493682861,0.9849331974983215
低误差,MATR_b3c11,817.0,150,hybridpatch_v2,341,0.9864293336868286,0.9844084978103638,0.9784750938415527,0.9848805665969849
低误差,MATR_b3c11,817.0,150,hybridpatch_v2,342,0.9863344430923462,0.984357476234436,0.9783990979194641,0.9848279356956482
低误差,MATR_b3c11,817.0,150,hybridpatch_v2,343,0.9862801432609558,0.9843065142631531,0.9783231616020203,0.9847753047943115
低误差,MATR_b3c11,817.0,150,hybridpatch_v2,344,0.9862210750579834,0.9842555522918701,0.9782472848892212,0.9847227334976196
低误差,MATR_b3c11,817.0,150,hybridpatch_v2,345,0.986090898513794,0.9842046499252319,0.9781714677810669,0.9846702218055725
低误差,MATR_b3c11,817.0,150,hybridpatch_v2,346,0.9860531091690063,0.9841538071632385,0.9780957102775574,0.9846177101135254
低误差,MATR_b3c11,817.0,150,hybridpatch_v2,347,0.9859298467636108,0.9841030240058899,0.9780200123786926,0.9845651984214783
低误差,MATR_b3c11,817.0,150,hybridpatch_v2,348,0.9858855605125427,0.9840522408485413,0.9779443144798279,0.9845127463340759
低误差,MATR_b3c11,817.0,150,hybridpatch_v2,349,0.9858188629150391,0.9840015172958374,0.9778687357902527,0.9844603538513184
低误差,MATR_b3c11,817.0,150,hybridpatch_v2,350,0.9856836199760437,0.9839508533477783,0.9777932167053223,0.9844079613685608
低误差,MATR_b3c11,817.0,150,hybridpatch_v2,351,0.9856581687927246,0.9839001893997192,0.9777176976203918,0.984355628490448
低误差,MATR_b3c11,817.0,150,hybridpatch_v2,352,0.9855479001998901,0.9838495850563049,0.9776422381401062,0.9843032956123352
低误差,MATR_b3c11,817.0,150,hybridpatch_v2,353,0.9854353070259094,0.9837990403175354,0.9775668978691101,0.9842509627342224
低误差,MATR_b3c11,817.0,150,hybridpatch_v2,354,0.9854012131690979,0.9837484955787659,0.977491557598114,0.9841986894607544
低误差,MATR_b3c11,817.0,150,hybridpatch_v2,355,0.9853247404098511,0.9836980104446411,0.9774162769317627,0.9841464757919312
低误差,MATR_b3c11,817.0,150,hybridpatch_v2,356,0.9852024912834167,0.9836475849151611,0.9773410558700562,0.9840942621231079
低误差,MATR_b3c11,817.0,150,hybridpatch_v2,357,0.9852205514907837,0.9835971593856812,0.9772658944129944,0.9840420484542847
低误差,MATR_b3c11,817.0,150,hybridpatch_v2,358,0.9851374626159668,0.983546793460846,0.9771907329559326,0.9839898943901062
低误差,MATR_b3c11,817.0,150,hybridpatch_v2,359,0.9851058721542358,0.9834964275360107,0.9771156907081604,0.9839377999305725
低误差,MATR_b3c11,817.0,150,hybridpatch_v2,360,0.9850962162017822,0.9834461212158203,0.9770406484603882,0.983885645866394
低误差,MATR_b3c11,817.0,150,hybridpatch_v2,361,0.9850082993507385,0.9833958745002747,0.9769657254219055,0.9838336110115051
低误差,MATR_b3c11,817.0,150,hybridpatch_v2,362,0.9848992228507996,0.983345627784729,0.9768908023834229,0.9837815761566162
低误差,MATR_b3c11,817.0,150,hybridpatch_v2,363,0.9848060607910156,0.9832954406738281,0.976815938949585,0.9837295413017273
低误差,MATR_b3c11,817.0,150,hybridpatch_v2,364,0.9847211241722107,0.983245313167572,0.9767410755157471,0.9836775064468384
低误差,MATR_b3c11,817.0,150,hybridpatch_v2,365,0.9846716523170471,0.9831951856613159,0.9766663312911987,0.983625590801239
低误差,MATR_b3c11,817.0,150,hybridpatch_v2,366,0.9845966100692749,0.9831451177597046,0.9765915870666504,0.9835736155509949
低误差,MATR_b3c11,817.0,150,hybridpatch_v2,367,0.9845648407936096,0.9830950498580933,0.9765169620513916,0.9835216999053955
低误差,MATR_b3c11,817.0,150,hybridpatch_v2,368,0.9844347238540649,0.9830450415611267,0.9764423370361328,0.9834698438644409
低误差,MATR_b3c11,817.0,150,hybridpatch_v2,369,0.984377920627594,0.9829950928688049,0.976367712020874,0.9834179878234863
低误差,MATR_b3c11,817.0,150,hybridpatch_v2,370,0.9843461513519287,0.9829451441764832,0.9762932062149048,0.9833661317825317
低误差,MATR_b3c11,817.0,150,hybridpatch_v2,371,0.9842932224273682,0.9828952550888062,0.9762187004089355,0.9833143353462219
低误差,MATR_b3c11,817.0,150,hybridpatch_v2,372,0.9830657243728638,0.9828453660011292,0.9761443138122559,0.9832625389099121
低误差,MATR_b3c11,817.0,150,hybridpatch_v2,373,0.9841070771217346,0.9827955365180969,0.9760699272155762,0.9832108020782471
低误差,MATR_b3c11,817.0,150,hybridpatch_v2,374,0.9840754270553589,0.9827457070350647,0.9759955406188965,0.983159065246582
低误差,MATR_b3c11,817.0,150,hybridpatch_v2,375,0.9839259386062622,0.9826959371566772,0.9759212732315063,0.983107328414917
低误差,MATR_b3c11,817.0,150,hybridpatch_v2,376,0.9839508533477783,0.9826462268829346,0.9758470058441162,0.9830556511878967
低误差,MATR_b3c11,817.0,150,hybridpatch_v2,377,0.9837482571601868,0.9825965166091919,0.9757727980613708,0.9830040335655212
低误差,MATR_b3c11,817.0,150,hybridpatch_v2,378,0.9837814569473267,0.982546865940094,0.9756986498832703,0.982952356338501
低误差,MATR_b3c11,817.0,150,hybridpatch_v2,379,0.9836475849151611,0.9824972152709961,0.9756245613098145,0.9829007387161255
低误差,MATR_b3c11,817.0,150,hybridpatch_v2,380,0.9835582971572876,0.982447624206543,0.9755504727363586,0.9828491806983948
低误差,MATR_b3c11,817.0,150,hybridpatch_v2,381,0.9835366010665894,0.9823980331420898,0.9754764437675476,0.9827976226806641
低误差,MATR_b3c11,817.0,150,hybridpatch_v2,382,0.9834683537483215,0.9823485016822815,0.9754024744033813,0.9827460646629333
低误差,MATR_b3c11,817.0,150,hybridpatch_v2,383,0.9833672642707825,0.9822989702224731,0.9753285050392151,0.9826945662498474
低误差,MATR_b3c11,817.0,150,hybridpatch_v2,384,0.9832818508148193,0.9822494983673096,0.9752546548843384,0.9826430678367615
低误差,MATR_b3c11,817.0,150,hybridpatch_v2,385,0.9831472039222717,0.9822000861167908,0.9751808047294617,0.9825916290283203
低误差,MATR_b3c11,817.0,150,hybridpatch_v2,386,0.9830655455589294,0.982150673866272,0.975106954574585,0.9825401902198792
低误差,MATR_b3c11,817.0,150,hybridpatch_v2,387,0.9829689860343933,0.9821012616157532,0.9750332236289978,0.982488751411438
低误差,MATR_b3c11,817.0,150,hybridpatch_v2,388,0.9829111695289612,0.9820519089698792,0.9749594926834106,0.9824373722076416
低误差,MATR_b3c11,817.0,150,hybridpatch_v2,389,0.982799232006073,0.9820026159286499,0.9748857617378235,0.9823859930038452
低误差,MATR_b3c11,817.0,150,hybridpatch_v2,390,0.9827464818954468,0.9819533228874207,0.9748121500015259,0.9823346138000488
低误差,MATR_b3c11,817.0,150,hybridpatch_v2,391,0.982646107673645,0.9819040298461914,0.9747385382652283,0.9822832942008972
低误差,MATR_b3c11,817.0,150,hybridpatch_v2,392,0.9826361536979675,0.9818547964096069,0.9746649861335754,0.9822319746017456
低误差,MATR_b3c11,817.0,150,hybridpatch_v2,393,0.9825645089149475,0.9818056225776672,0.9745914936065674,0.9821807146072388
低误差,MATR_b3c11,817.0,150,hybridpatch_v2,394,0.9824187159538269,0.9817564487457275,0.9745180010795593,0.9821294546127319
低误差,MATR_b3c11,817.0,150,hybridpatch_v2,395,0.9822904467582703,0.9817073345184326,0.974444568157196,0.9820781946182251
低误差,MATR_b3c11,817.0,150,hybridpatch_v2,396,0.9822744727134705,0.9816582202911377,0.9743711352348328,0.982026994228363
低误差,MATR_b3c11,817.0,150,hybridpatch_v2,397,0.9821506142616272,0.9816091060638428,0.974297821521759,0.981975793838501
低误差,MATR_b3c11,817.0,150,hybridpatch_v2,398,0.9821313619613647,0.9815596342086792,0.9742245078086853,0.9819246530532837
低误差,MATR_b3c11,817.0,150,hybridpatch_v2,399,0.9819915890693665,0.9815100431442261,0.9741511940956116,0.9818735122680664
低误差,MATR_b3c11,817.0,150,hybridpatch_v2,400,0.9819591641426086,0.9814605116844177,0.9740779995918274,0.9818223714828491
低误差,MATR_b3c11,817.0,150,hybridpatch_v2,401,0.9819162487983704,0.9814109802246094,0.9740047454833984,0.9817712306976318
低误差,MATR_b3c11,817.0,150,hybridpatch_v2,402,0.9818482995033264,0.9813615083694458,0.973931610584259,0.9817201495170593
低误差,MATR_b3c11,817.0,150,hybridpatch_v2,403,0.9817370772361755,0.9813120365142822,0.9738584756851196,0.9816690683364868
低误差,MATR_b3c11,817.0,150,hybridpatch_v2,404,0.9816519021987915,0.9812626242637634,0.973785400390625,0.9816180467605591
低误差,MATR_b3c11,817.0,150,hybridpatch_v2,405,0.9815347790718079,0.9812132120132446,0.9737123847007751,0.9815670251846313
低误差,MATR_b3c11,817.0,150,hybridpatch_v2,406,0.9813916683197021,0.9811637997627258,0.9736393690109253,0.9815160036087036
低误差,MATR_b3c11,817.0,150,hybridpatch_v2,407,0.9813862442970276,0.9811144471168518,0.9735663533210754,0.9814650416374207
低误差,MATR_b3c11,817.0,150,hybridpatch_v2,408,0.9812449812889099,0.9810651540756226,0.9734934568405151,0.9814140796661377
低误差,MATR_b3c11,817.0,150,hybridpatch_v2,409,0.9811964631080627,0.9810158014297485,0.9734205603599548,0.9813631176948547
低误差,MATR_b3c11,817.0,150,hybridpatch_v2,410,0.9810855984687805,0.9809665679931641,0.9733476638793945,0.9813122153282166
低误差,MATR_b3c11,817.0,150,hybridpatch_v2,411,0.9809443950653076,0.9809172749519348,0.9732748866081238,0.9812613129615784
低误差,MATR_b3c11,817.0,150,hybridpatch_v2,412,0.9809092879295349,0.9808680415153503,0.973202109336853,0.9812104105949402
低误差,MATR_b3c11,817.0,150,hybridpatch_v2,413,0.980779767036438,0.9808188676834106,0.9731293320655823,0.9811595678329468
低误差,MATR_b3c11,817.0,150,hybridpatch_v2,414,0.9807939529418945,0.980769693851471,0.9730566143989563,0.9811087250709534
低误差,MATR_b3c11,817.0,150,hybridpatch_v2,415,0.9807275533676147,0.9807205200195312,0.9729839563369751,0.98105788230896
低误差,MATR_b3c11,817.0,150,hybridpatch_v2,416,0.9805936813354492,0.9806714057922363,0.9729112982749939,0.9810070991516113
低误差,MATR_b3c11,817.0,150,hybridpatch_v2,417,0.9805231690406799,0.9806222915649414,0.9728386998176575,0.9809563159942627
低误差,MATR_b3c11,817.0,150,hybridpatch_v2,418,0.980485737323761,0.9805732369422913,0.972766101360321,0.9809055328369141
低误差,MATR_b3c11,817.0,150,hybridpatch_v2,419,0.9803234934806824,0.9805241823196411,0.9726936221122742,0.9808548092842102
低误差,MATR_b3c11,817.0,150,hybridpatch_v2,420,0.9802712798118591,0.980475127696991,0.9726210832595825,0.9808040857315063
低误差,MATR_b3c11,817.0,150,hybridpatch_v2,421,0.9801942706108093,0.9804261326789856,0.9725486040115356,0.9807533621788025
低误差,MATR_b3c11,817.0,150,hybridpatch_v2,422,0.9801203012466431,0.9803771376609802,0.9724761843681335,0.9807026982307434
低误差,MATR_b3c11,817.0,150,hybridpatch_v2,423,0.9799979329109192,0.9803282022476196,0.9724038243293762,0.9806520342826843
低误差,MATR_b3c11,817.0,150,hybridpatch_v2,424,0.9799664616584778,0.980279266834259,0.9723314642906189,0.9806013703346252
低误差,MATR_b3c11,817.0,150,hybridpatch_v2,425,0.9798029065132141,0.9802303314208984,0.9722591042518616,0.9805507063865662
低误差,MATR_b3c11,817.0,150,hybridpatch_v2,426,0.9796868562698364,0.9801814556121826,0.972186803817749,0.9805001020431519
低误差,MATR_b3c11,817.0,150,hybridpatch_v2,427,0.9796718955039978,0.9801326394081116,0.9721145629882812,0.9804494976997375
低误差,MATR_b3c11,817.0,150,hybridpatch_v2,428,0.9795398116111755,0.9800837635993958,0.9720423221588135,0.980398952960968
低误差,MATR_b3c11,817.0,150,hybridpatch_v2,429,0.9794185757637024,0.9800349473953247,0.9719701409339905,0.9803484082221985
低误差,MATR_b3c11,817.0,150,hybridpatch_v2,430,0.979414165019989,0.9799861907958984,0.9718979597091675,0.980297863483429
低误差,MATR_b3c11,817.0,150,hybridpatch_v2,431,0.9792765974998474,0.9799373745918274,0.9718258380889893,0.9802473187446594
低误差,MATR_b3c11,817.0,150,hybridpatch_v2,432,0.9792064428329468,0.9798886179924011,0.9717537760734558,0.9801968336105347
低误差,MATR_b3c11,817.0,150,hybridpatch_v2,433,0.9789968132972717,0.9798399209976196,0.9716817140579224,0.9801463484764099
低误差,MATR_b3c11,817.0,150,hybridpatch_v2,434,0.9789782166481018,0.9797912240028381,0.9716096520423889,0.9800958633422852
低误差,MATR_b3c11,817.0,150,hybridpatch_v2,435,0.9788752198219299,0.9797425270080566,0.9715376496315002,0.9800454378128052
低误差,MATR_b3c11,817.0,150,hybridpatch_v2,436,0.9788268804550171,0.9796938896179199,0.9714657068252563,0.9799950122833252
低误差,MATR_b3c11,817.0,150,hybridpatch_v2,437,0.9786317348480225,0.9796452522277832,0.9713937640190125,0.9799445867538452
低误差,MATR_b3c11,817.0,150,hybridpatch_v2,438,0.9785290360450745,0.9795966148376465,0.9713218808174133,0.9798941612243652
低误差,MATR_b3c11,817.0,150,hybridpatch_v2,439,0.9783207178115845,0.9795480370521545,0.9712499976158142,0.97984379529953
低误差,MATR_b3c11,817.0,150,hybridpatch_v2,440,0.9782679080963135,0.9794994592666626,0.9711781740188599,0.9797934293746948
低误差,MATR_b3c11,817.0,150,hybridpatch_v2,441,0.9781017899513245,0.9794509410858154,0.9711063504219055,0.9797430634498596
低误差,MATR_b3c11,817.0,150,hybridpatch_v2,442,0.978009045124054,0.9794024229049683,0.971034586429596,0.9796927571296692
低误差,MATR_b3c11,817.0,150,hybridpatch_v2,443,0.9778277277946472,0.9793539047241211,0.9709628224372864,0.9796424508094788
低误差,MATR_b3c11,817.0,150,hybridpatch_v2,444,0.97773677110672,0.9793054461479187,0.9708911180496216,0.9795921444892883
低误差,MATR_b3c11,817.0,150,hybridpatch_v2,445,0.97768634557724,0.9792543649673462,0.9708194136619568,0.9795418977737427
低误差,MATR_b3c11,817.0,150,hybridpatch_v2,446,0.9776399731636047,0.9791961908340454,0.9707477688789368,0.9794915914535522
低误差,MATR_b3c11,817.0,150,hybridpatch_v2,447,0.9775607585906982,0.9791308045387268,0.9706761240959167,0.9794413447380066
低误差,MATR_b3c11,817.0,150,hybridpatch_v2,448,0.977464497089386,0.9790582060813904,0.9706045389175415,0.9793911576271057
低误差,MATR_b3c11,817.0,150,hybridpatch_v2,449,0.9775134921073914,0.9789784550666809,0.9705329537391663,0.9793409109115601
低误差,MATR_b3c11,817.0,150,hybridpatch_v2,450,0.9773578643798828,0.9788914322853088,0.9704614281654358,0.9792907238006592
低误差,MATR_b3c11,817.0,150,hybridpatch_v2,451,0.9773343801498413,0.978797197341919,0.9703899621963501,0.9792405366897583
低误差,MATR_b3c11,817.0,150,hybridpatch_v2,452,0.9771631956100464,0.9786957502365112,0.9703184962272644,0.9791904091835022
低误差,MATR_b3c11,817.0,150,hybridpatch_v2,453,0.9771482348442078,0.9785871505737305,0.9702470302581787,0.9791402220726013
低误差,MATR_b3c11,817.0,150,hybridpatch_v2,454,0.977047860622406,0.9784712791442871,0.9701756238937378,0.9790900945663452
低误差,MATR_b3c11,817.0,150,hybridpatch_v2,455,0.9769800901412964,0.9783481955528259,0.9701042175292969,0.9790399670600891
低误差,MATR_b3c11,817.0,150,hybridpatch_v2,456,0.9768184423446655,0.9782179594039917,0.9700328707695007,0.9789898991584778
低误差,MATR_b3c11,817.0,150,hybridpatch_v2,457,0.9767259955406189,0.9780804514884949,0.9699580669403076,0.9789398312568665
低误差,MATR_b3c11,817.0,150,hybridpatch_v2,458,0.9765943288803101,0.977935791015625,0.9698704481124878,0.9788897633552551
低误差,MATR_b3c11,817.0,150,hybridpatch_v2,459,0.9765024781227112,0.9777838587760925,0.9697694778442383,0.9788396954536438
低误差,MATR_b3c11,817.0,150,hybridpatch_v2,460,0.9764045476913452,0.977624773979187,0.9696551561355591,0.9787896275520325
低误差,MATR_b3c11,817.0,150,hybridpatch_v2,461,0.9762852787971497,0.9774584174156189,0.9695274233818054,0.9787396192550659
低误差,MATR_b3c11,817.0,150,hybridpatch_v2,462,0.9761995077133179,0.9772849082946777,0.9693863391876221,0.9786896109580994
低误差,MATR_b3c11,817.0,150,hybridpatch_v2,463,0.9761093258857727,0.977104127407074,0.9692319631576538,0.9786396622657776
低误差,MATR_b3c11,817.0,150,hybridpatch_v2,464,0.9759560823440552,0.9769161939620972,0.9690641760826111,0.978589653968811
低误差,MATR_b3c11,817.0,150,hybridpatch_v2,465,0.9757990837097168,0.9767209887504578,0.9688829779624939,0.9785397052764893
低误差,MATR_b3c11,817.0,150,hybridpatch_v2,466,0.9745510220527649,0.9765186309814453,0.9686884880065918,0.9784897565841675
低误差,MATR_b3c11,817.0,150,hybridpatch_v2,467,0.9756200313568115,0.976309061050415,0.9684805870056152,0.9784386157989502
低误差,MATR_b3c11,817.0,150,hybridpatch_v2,468,0.9755169749259949,0.9760922193527222,0.9682593941688538,0.9783812165260315
低误差,MATR_b3c11,817.0,150,hybridpatch_v2,469,0.9754124879837036,0.9758682250976562,0.9680247902870178,0.9783170223236084
低误差,MATR_b3c11,817.0,150,hybridpatch_v2,470,0.9753097891807556,0.9756370186805725,0.9677767753601074,0.9782459139823914
低误差,MATR_b3c11,817.0,150,hybridpatch_v2,471,0.9751864075660706,0.9753985404968262,0.9675154685974121,0.9781680107116699
低误差,MATR_b3c11,817.0,150,hybridpatch_v2,472,0.9750847220420837,0.9751529097557068,0.9672407507896423,0.9780833125114441
低误差,MATR_b3c11,817.0,150,hybridpatch_v2,473,0.9749592542648315,0.9749000072479248,0.9669527411460876,0.9779917001724243
低误差,MATR_b3c11,817.0,150,hybridpatch_v2,474,0.9748675227165222,0.9746399521827698,0.9666513204574585,0.9778932929039001
低误差,MATR_b3c11,817.0,150,hybridpatch_v2,475,0.974716067314148,0.9743726849555969,0.9663365483283997,0.9777880311012268
低误差,MATR_b3c11,817.0,150,hybridpatch_v2,476,0.9745913743972778,0.9740981459617615,0.9660083651542664,0.9776759743690491
低误差,MATR_b3c11,817.0,150,hybridpatch_v2,477,0.9745062589645386,0.973816454410553,0.9656668901443481,0.9775570631027222
低误差,MATR_b3c11,817.0,150,hybridpatch_v2,478,0.9743474721908569,0.9735275506973267,0.9653120040893555,0.9774312973022461
低误差,MATR_b3c11,817.0,150,hybridpatch_v2,479,0.974288821220398,0.9732313752174377,0.9649437665939331,0.9772986769676208
低误差,MATR_b3c11,817.0,150,hybridpatch_v2,480,0.9741876721382141,0.9729280471801758,0.964562177658081,0.9771592617034912
低误差,MATR_b3c11,817.0,150,hybridpatch_v2,481,0.9740908741950989,0.972617506980896,0.9641671776771545,0.9770129919052124
低误差,MATR_b3c11,817.0,150,hybridpatch_v2,482,0.9739625453948975,0.9722996950149536,0.9637588262557983,0.9768598675727844
低误差,MATR_b3c11,817.0,150,hybridpatch_v2,483,0.9738389849662781,0.9719747304916382,0.9633371829986572,0.976699948310852
低误差,MATR_b3c11,817.0,150,hybridpatch_v2,484,0.9737075567245483,0.9716424942016602,0.9629020690917969,0.9765331745147705
低误差,MATR_b3c11,817.0,150,hybridpatch_v2,485,0.9736303687095642,0.9713031053543091,0.9624536633491516,0.9763595461845398
低误差,MATR_b3c11,817.0,150,hybridpatch_v2,486,0.9735187292098999,0.9709565043449402,0.9619919061660767,0.9761790633201599
低误差,MATR_b3c11,817.0,150,hybridpatch_v2,487,0.973419189453125,0.9706026315689087,0.9615167379379272,0.9759917855262756
低误差,MATR_b3c11,817.0,150,hybridpatch_v2,488,0.9733189940452576,0.9702416062355042,0.9610282182693481,0.9757976531982422
低误差,MATR_b3c11,817.0,150,hybridpatch_v2,489,0.9731343388557434,0.969873309135437,0.9605263471603394,0.9755966663360596
低误差,MATR_b3c11,817.0,150,hybridpatch_v2,490,0.9729664921760559,0.969497799873352,0.9600110650062561,0.9753888845443726
低误差,MATR_b3c11,817.0,150,hybridpatch_v2,491,0.9728437662124634,0.969115138053894,0.9594824314117432,0.9751742482185364
低误差,MATR_b3c11,817.0,150,hybridpatch_v2,492,0.9727413058280945,0.9687252044677734,0.9589405059814453,0.974952757358551
低误差,MATR_b3c11,817.0,150,hybridpatch_v2,493,0.972583532333374,0.9683281183242798,0.9583851099014282,0.9747244119644165
低误差,MATR_b3c11,817.0,150,hybridpatch_v2,494,0.9724771976470947,0.9679237604141235,0.9578164219856262,0.9744892716407776
低误差,MATR_b3c11,817.0,150,hybridpatch_v2,495,0.972424328327179,0.9675122499465942,0.9572343230247498,0.9742472767829895
低误差,MATR_b3c11,817.0,150,hybridpatch_v2,496,0.9722434878349304,0.9670934677124023,0.9566388726234436,0.9739984273910522
低误差,MATR_b3c11,817.0,150,hybridpatch_v2,497,0.9721229672431946,0.9666674733161926,0.9560300707817078,0.9737427830696106
低误差,MATR_b3c11,817.0,150,hybridpatch_v2,498,0.971938967704773,0.9662342667579651,0.9554079174995422,0.9734802842140198
低误差,MATR_b3c11,817.0,150,hybridpatch_v2,499,0.9718337059020996,0.9657939076423645,0.9547723531723022,0.9732109308242798
低误差,MATR_b3c11,817.0,150,hybridpatch_v2,500,0.9716631174087524,0.9653462767601013,0.9541234374046326,0.9729347229003906
高误差,MATR_b2c13,483.0,20,current_hybrid,21,1.000526785850525,0.9998242259025574,0.9997175335884094,0.9999404549598694
高误差,MATR_b2c13,483.0,20,current_hybrid,22,1.0003241300582886,0.9995285272598267,0.9993809461593628,0.9996945261955261
高误差,MATR_b2c13,483.0,20,current_hybrid,23,1.0002378225326538,0.9992895126342773,0.9991120100021362,0.9994944334030151
高误差,MATR_b2c13,483.0,20,current_hybrid,24,1.000143051147461,0.9990808963775635,0.998878002166748,0.9993180632591248
高误差,MATR_b2c13,483.0,20,current_hybrid,25,1.0000638961791992,0.9988924264907837,0.9986664056777954,0.9991568922996521
高误差,MATR_b2c13,483.0,20,current_hybrid,26,1.0000650882720947,0.9987174868583679,0.998470664024353,0.999006450176239
高误差,MATR_b2c13,483.0,20,current_hybrid,27,0.9999917149543762,0.9985527992248535,0.9982869625091553,0.9988641738891602
高误差,MATR_b2c13,483.0,20,current_hybrid,28,0.9999173879623413,0.9983962178230286,0.9981127977371216,0.9987283945083618
高误差,MATR_b2c13,483.0,20,current_hybrid,29,0.9998632073402405,0.9982461929321289,0.9979463815689087,0.9985978603363037
高误差,MATR_b2c13,483.0,20,current_hybrid,30,0.9997363090515137,0.9981018304824829,0.9977865219116211,0.998471736907959
高误差,MATR_b2c13,483.0,20,current_hybrid,31,0.9995006322860718,0.9979621171951294,0.9976322054862976,0.9983494281768799
高误差,MATR_b2c13,483.0,20,current_hybrid,32,0.9995362162590027,0.9978265166282654,0.9974827170372009,0.9982303380966187
高误差,MATR_b2c13,483.0,20,current_hybrid,33,0.9993186593055725,0.9976944923400879,0.9973374605178833,0.9981141090393066
高误差,MATR_b2c13,483.0,20,current_hybrid,34,0.9992232322692871,0.997565746307373,0.9971959590911865,0.9980005025863647
高误差,MATR_b2c13,483.0,20,current_hybrid,35,0.9993290901184082,0.9974397420883179,0.9970577955245972,0.9978891611099243
高误差,MATR_b2c13,483.0,20,current_hybrid,36,0.9991541504859924,0.9973164200782776,0.9969226717948914,0.9977797865867615
高误差,MATR_b2c13,483.0,20,current_hybrid,37,0.9991335272789001,0.9971953630447388,0.9967902302742004,0.9976723194122314
高误差,MATR_b2c13,483.0,20,current_hybrid,38,0.999211311340332,0.9970764517784119,0.9966603517532349,0.9975665211677551
高误差,MATR_b2c13,483.0,20,current_hybrid,40,0.9989025592803955,0.9968443512916565,0.9964073300361633,0.997359573841095
高误差,MATR_b2c13,483.0,20,current_hybrid,41,0.9988333582878113,0.9967309236526489,0.9962838292121887,0.9972581267356873
高误差,MATR_b2c13,483.0,20,current_hybrid,42,0.9986043572425842,0.996618926525116,0.9961621165275574,0.9971579909324646
高误差,MATR_b2c13,483.0,20,current_hybrid,43,0.9985045790672302,0.9965084791183472,0.9960421323776245,0.9970589280128479
高误差,MATR_b2c13,483.0,20,current_hybrid,44,0.998341977596283,0.9963993430137634,0.9959237575531006,0.9969609379768372
高误差,MATR_b2c13,483.0,20,current_hybrid,45,0.9982786178588867,0.9962915182113647,0.9958068132400513,0.9968640208244324
高误差,MATR_b2c13,483.0,20,current_hybrid,46,0.9981461763381958,0.9961848855018616,0.9956912994384766,0.9967679977416992
高误差,MATR_b2c13,483.0,20,current_hybrid,47,0.9979669451713562,0.9960793256759644,0.9955771565437317,0.9966729283332825
高误差,MATR_b2c13,483.0,20,current_hybrid,48,0.997820258140564,0.9959748387336731,0.9954642057418823,0.9965786337852478
高误差,MATR_b2c13,483.0,20,current_hybrid,49,0.9977799654006958,0.995871365070343,0.9953524470329285,0.9964852333068848
高误差,MATR_b2c13,483.0,20,current_hybrid,50,0.9976696968078613,0.9957688450813293,0.9952418804168701,0.9963924884796143
高误差,MATR_b2c13,483.0,20,current_hybrid,51,0.9975242614746094,0.9956672787666321,0.995132327079773,0.9963005781173706
高误差,MATR_b2c13,483.0,20,current_hybrid,52,0.9974799156188965,0.9955665469169617,0.995023787021637,0.9962092638015747
高误差,MATR_b2c13,483.0,20,current_hybrid,53,0.9971795678138733,0.9954666495323181,0.9949162006378174,0.9961186647415161
高误差,MATR_b2c13,483.0,20,current_hybrid,54,0.9969892501831055,0.9953675270080566,0.9948095679283142,0.9960286617279053
高误差,MATR_b2c13,483.0,20,current_hybrid,55,0.9969468712806702,0.9952691197395325,0.9947038292884827,0.995939314365387
高误差,MATR_b2c13,483.0,20,current_hybrid,56,0.9967036843299866,0.9951715469360352,0.994598925113678,0.9958505034446716
高误差,MATR_b2c13,483.0,20,current_hybrid,57,0.9964437484741211,0.9950745701789856,0.9944948554039001,0.9957622289657593
高误差,MATR_b2c13,483.0,20,current_hybrid,58,0.9965456128120422,0.9949782490730286,0.9943915009498596,0.9956745505332947
高误差,MATR_b2c13,483.0,20,current_hybrid,59,0.9963855147361755,0.9948826432228088,0.994288980960846,0.9955873489379883
高误差,MATR_b2c13,483.0,20,current_hybrid,60,0.9962664246559143,0.9947876334190369,0.9941871166229248,0.9955005645751953
高误差,MATR_b2c13,483.0,20,current_hybrid,61,0.9962126612663269,0.9946931600570679,0.994085967540741,0.9954143166542053
高误差,MATR_b2c13,483.0,20,current_hybrid,62,0.9959961175918579,0.9945992827415466,0.9939854741096497,0.9953285455703735
高误差,MATR_b2c13,483.0,20,current_hybrid,63,0.9957907795906067,0.9945059418678284,0.9938856363296509,0.9952431917190552
高误差,MATR_b2c13,483.0,20,current_hybrid,64,0.9957372546195984,0.9944131374359131,0.9937863945960999,0.9951581954956055
高误差,MATR_b2c13,483.0,20,current_hybrid,65,0.9955844283103943,0.9943208694458008,0.9936878085136414,0.995073676109314
高误差,MATR_b2c13,483.0,20,current_hybrid,66,0.9954484701156616,0.9942290186882019,0.9935897588729858,0.9949895739555359
高误差,MATR_b2c13,483.0,20,current_hybrid,67,0.9952705502510071,0.9941377639770508,0.9934923052787781,0.9949058294296265
高误差,MATR_b2c13,483.0,20,current_hybrid,68,0.9950772523880005,0.9940469264984131,0.9933953881263733,0.9948224425315857
高误差,MATR_b2c13,483.0,20,current_hybrid,69,0.9950264692306519,0.9939565062522888,0.9932990074157715,0.9947394132614136
高误差,MATR_b2c13,483.0,20,current_hybrid,70,0.9947624802589417,0.993866503238678,0.9932031035423279,0.9946567416191101
高误差,MATR_b2c13,483.0,20,current_hybrid,71,0.9945796728134155,0.9937769770622253,0.9931077361106873,0.9945743083953857
高误差,MATR_b2c13,483.0,20,current_hybrid,72,0.9944953322410583,0.9936878681182861,0.9930128455162048,0.9944923520088196
高误差,MATR_b2c13,483.0,20,current_hybrid,73,0.994331419467926,0.9935991168022156,0.9929183721542358,0.9944106340408325
高误差,MATR_b2c13,483.0,20,current_hybrid,74,0.9942013621330261,0.9935107827186584,0.992824375629425,0.9943292737007141
高误差,MATR_b2c13,483.0,20,current_hybrid,75,0.9941798448562622,0.99342280626297,0.9927308559417725,0.9942481517791748
高误差,MATR_b2c13,483.0,20,current_hybrid,76,0.9938647747039795,0.9933351874351501,0.9926376938819885,0.9941673874855042
高误差,MATR_b2c13,483.0,20,current_hybrid,77,0.9935839772224426,0.993247926235199,0.9925450682640076,0.9940868616104126
高误差,MATR_b2c13,483.0,20,current_hybrid,78,0.9935011863708496,0.9931610822677612,0.9924528002738953,0.9940066933631897
高误差,MATR_b2c13,483.0,20,current_hybrid,79,0.9932956099510193,0.9930745363235474,0.9923608899116516,0.9939267039299011
高误差,MATR_b2c13,483.0,20,current_hybrid,80,0.9931064248085022,0.9929882884025574,0.9922693967819214,0.9938470125198364
高误差,MATR_b2c13,483.0,20,current_hybrid,81,0.9930142760276794,0.9929023385047913,0.9921782612800598,0.9937675595283508
高误差,MATR_b2c13,483.0,20,current_hybrid,82,0.9927852153778076,0.9928167462348938,0.9920874834060669,0.9936884045600891
高误差,MATR_b2c13,483.0,20,current_hybrid,83,0.9926281571388245,0.9927314519882202,0.9919971227645874,0.9936094284057617
高误差,MATR_b2c13,483.0,20,current_hybrid,84,0.9925376176834106,0.9926464557647705,0.9919070601463318,0.9935306906700134
高误差,MATR_b2c13,483.0,20,current_hybrid,85,0.9924788475036621,0.9925617575645447,0.9918173551559448,0.9934523105621338
高误差,MATR_b2c13,483.0,20,current_hybrid,86,0.9923881888389587,0.9924773573875427,0.9917280077934265,0.9933740496635437
高误差,MATR_b2c13,483.0,20,current_hybrid,87,0.9921733140945435,0.9923932552337646,0.9916390180587769,0.9932960271835327
高误差,MATR_b2c13,483.0,20,current_hybrid,88,0.9919341206550598,0.9923093914985657,0.9915502667427063,0.993218183517456
高误差,MATR_b2c13,483.0,20,current_hybrid,89,0.991811990737915,0.9922257661819458,0.9914618730545044,0.9931406378746033
高误差,MATR_b2c13,483.0,20,current_hybrid,90,0.991562008857727,0.9921424388885498,0.9913737177848816,0.99306321144104
高误差,MATR_b2c13,483.0,20,current_hybrid,91,0.9913414120674133,0.9920593500137329,0.9912859797477722,0.9929860234260559
高误差,MATR_b2c13,483.0,20,current_hybrid,92,0.9913137555122375,0.9919764995574951,0.9911984801292419,0.9929090738296509
高误差,MATR_b2c13,483.0,20,current_hybrid,93,0.9910405874252319,0.9918938875198364,0.9911112189292908,0.9928323030471802
高误差,MATR_b2c13,483.0,20,current_hybrid,94,0.9908562898635864,0.9918115735054016,0.9910242557525635,0.9927557110786438
高误差,MATR_b2c13,483.0,20,current_hybrid,95,0.9906808733940125,0.9917294383049011,0.9909376502037048,0.9926792979240417
高误差,MATR_b2c13,483.0,20,current_hybrid,96,0.990468442440033,0.9916475415229797,0.9908512234687805,0.992603063583374
高误差,MATR_b2c13,483.0,20,current_hybrid,97,0.9903779029846191,0.9915658831596375,0.9907650947570801,0.9925270676612854
高误差,MATR_b2c13,483.0,20,current_hybrid,98,0.9902082085609436,0.9914844632148743,0.9906792640686035,0.9924511909484863
高误差,MATR_b2c13,483.0,20,current_hybrid,99,0.9900206327438354,0.9914032220840454,0.990593671798706,0.9923755526542664
高误差,MATR_b2c13,483.0,20,current_hybrid,100,0.9896886944770813,0.9913222193717957,0.9905082583427429,0.9922999739646912
高误差,MATR_b2c13,483.0,20,current_hybrid,101,0.9895370006561279,0.991241455078125,0.9904232025146484,0.9922246932983398
高误差,MATR_b2c13,483.0,20,current_hybrid,102,0.9893766641616821,0.9911608695983887,0.9903383255004883,0.9921494722366333
高误差,MATR_b2c13,483.0,20,current_hybrid,103,0.9892194867134094,0.9910804629325867,0.9902536273002625,0.9920744895935059
高误差,MATR_b2c13,483.0,20,current_hybrid,104,0.9889076948165894,0.9910002946853638,0.9901692867279053,0.9919995665550232
高误差,MATR_b2c13,483.0,20,current_hybrid,105,0.9887341260910034,0.9909202456474304,0.9900850653648376,0.9919248819351196
高误差,MATR_b2c13,483.0,20,current_hybrid,106,0.9885821342468262,0.9908404350280762,0.9900011420249939,0.9918503761291504
高误差,MATR_b2c13,483.0,20,current_hybrid,107,0.9884321093559265,0.9907609224319458,0.9899173974990845,0.9917759299278259
高误差,MATR_b2c13,483.0,20,current_hybrid,108,0.9883802533149719,0.9906814694404602,0.9898338913917542,0.9917016625404358
高误差,MATR_b2c13,483.0,20,current_hybrid,109,0.9882640242576599,0.9906021952629089,0.9897505640983582,0.99162757396698
高误差,MATR_b2c13,483.0,20,current_hybrid,110,0.9879788756370544,0.990523099899292,0.989667534828186,0.9915536046028137
高误差,MATR_b2c13,483.0,20,current_hybrid,111,0.9876928329467773,0.9904442429542542,0.9895846247673035,0.991479754447937
高误差,MATR_b2c13,483.0,20,current_hybrid,112,0.9876646399497986,0.9903655052185059,0.989501953125,0.9914060831069946
高误差,MATR_b2c13,483.0,20,current_hybrid,113,0.9873284697532654,0.9902869462966919,0.9894194602966309,0.9913325309753418
高误差,MATR_b2c13,483.0,20,current_hybrid,114,0.9872587323188782,0.9902085065841675,0.9893372058868408,0.9912591576576233
高误差,MATR_b2c13,483.0,20,current_hybrid,115,0.9870497584342957,0.9901303052902222,0.9892550706863403,0.9911857843399048
高误差,MATR_b2c13,483.0,20,current_hybrid,116,0.9868236780166626,0.9900522232055664,0.9891731142997742,0.9911126494407654
高误差,MATR_b2c13,483.0,20,current_hybrid,117,0.9866116642951965,0.989974319934845,0.9890914559364319,0.9910396337509155
高误差,MATR_b2c13,483.0,20,current_hybrid,118,0.9864488840103149,0.9898965954780579,0.9890098571777344,0.9909667372703552
高误差,MATR_b2c13,483.0,20,current_hybrid,119,0.9862356185913086,0.9898189902305603,0.9889285564422607,0.9908939599990845
高误差,MATR_b2c13,483.0,20,current_hybrid,120,0.9861432313919067,0.9897415637969971,0.9888473749160767,0.9908213019371033
高误差,MATR_b2c13,483.0,20,current_hybrid,121,0.9858688116073608,0.9896642565727234,0.9887663722038269,0.9907487630844116
高误差,MATR_b2c13,483.0,20,current_hybrid,122,0.9856996536254883,0.9895870685577393,0.9886855483055115,0.9906763434410095
高误差,MATR_b2c13,483.0,20,current_hybrid,123,0.9856594204902649,0.9895100593566895,0.9886049032211304,0.990604043006897
高误差,MATR_b2c13,483.0,20,current_hybrid,124,0.9853947758674622,0.9894332885742188,0.9885243773460388,0.990531861782074
高误差,MATR_b2c13,483.0,20,current_hybrid,125,0.9851927757263184,0.989356517791748,0.9884440898895264,0.9904597997665405
高误差,MATR_b2c13,483.0,20,current_hybrid,126,0.9850404858589172,0.9892799258232117,0.9883639216423035,0.9903878569602966
高误差,MATR_b2c13,483.0,20,current_hybrid,127,0.9847378730773926,0.9892035126686096,0.9882839322090149,0.9903159737586975
高误差,MATR_b2c13,483.0,20,current_hybrid,128,0.9844872355461121,0.9891271591186523,0.9882040619850159,0.9902442097663879
高误差,MATR_b2c13,483.0,20,current_hybrid,129,0.9843866229057312,0.9890510439872742,0.988124430179596,0.9901725649833679
高误差,MATR_b2c13,483.0,20,current_hybrid,130,0.9840969443321228,0.9889749884605408,0.9880448579788208,0.9901010394096375
高误差,MATR_b2c13,483.0,20,current_hybrid,131,0.9839383363723755,0.9888990521430969,0.98796546459198,0.9900296330451965
高误差,MATR_b2c13,483.0,20,current_hybrid,132,0.9838529229164124,0.9888232946395874,0.9878863096237183,0.9899582862854004
高误差,MATR_b2c13,483.0,20,current_hybrid,133,0.9835435748100281,0.9887475967407227,0.9878071546554565,0.9898870587348938
高误差,MATR_b2c13,483.0,20,current_hybrid,134,0.9834992289543152,0.988672137260437,0.9877282977104187,0.9898166656494141
高误差,MATR_b2c13,483.0,20,current_hybrid,135,0.9832314848899841,0.9885966777801514,0.9876494407653809,0.989747166633606
高误差,MATR_b2c13,483.0,20,current_hybrid,136,0.9830186367034912,0.9885213971138,0.9875708222389221,0.9896777272224426
高误差,MATR_b2c13,483.0,20,current_hybrid,137,0.9829067587852478,0.9884461760520935,0.9874923825263977,0.9896084666252136
高误差,MATR_b2c13,483.0,20,current_hybrid,138,0.9826469421386719,0.9883711934089661,0.9874139428138733,0.9895392656326294
高误差,MATR_b2c13,483.0,20,current_hybrid,139,0.9824239611625671,0.9882962703704834,0.987335741519928,0.9894701838493347
高误差,MATR_b2c13,483.0,20,current_hybrid,140,0.9823329448699951,0.9882214069366455,0.9872576594352722,0.9894011616706848
高误差,MATR_b2c13,483.0,20,current_hybrid,141,0.9819928407669067,0.9881467819213867,0.987179696559906,0.9893321990966797
高误差,MATR_b2c13,483.0,20,current_hybrid,142,0.9818107485771179,0.9880721569061279,0.9871019124984741,0.9892634749412537
高误差,MATR_b2c13,483.0,20,current_hybrid,143,0.9817164540290833,0.9879976511001587,0.987024188041687,0.9891947507858276
高误差,MATR_b2c13,483.0,20,current_hybrid,144,0.9813608527183533,0.9879233241081238,0.9869466423988342,0.9891260862350464
高误差,MATR_b2c13,483.0,20,current_hybrid,145,0.9811385869979858,0.9878490567207336,0.986869215965271,0.9890575408935547
高误差,MATR_b2c13,483.0,20,current_hybrid,146,0.9810985922813416,0.9877748489379883,0.9867918491363525,0.9889891743659973
高误差,MATR_b2c13,483.0,20,current_hybrid,147,0.9808387756347656,0.987700879573822,0.9867146611213684,0.9889208078384399
高误差,MATR_b2c13,483.0,20,current_hybrid,148,0.9806215763092041,0.9876269102096558,0.9866376519203186,0.9888525009155273
高误差,MATR_b2c13,483.0,20,current_hybrid,149,0.9804370999336243,0.9875530004501343,0.9865606427192688,0.9887843132019043
高误差,MATR_b2c13,483.0,20,current_hybrid,150,0.9802655577659607,0.9874793291091919,0.9864838719367981,0.9887163043022156
高误差,MATR_b2c13,483.0,20,current_hybrid,151,0.9799870252609253,0.9874056577682495,0.9864071607589722,0.9886482954025269
高误差,MATR_b2c13,483.0,20,current_hybrid,152,0.9797799587249756,0.9873321056365967,0.986330509185791,0.9885803461074829
高误差,MATR_b2c13,483.0,20,current_hybrid,153,0.9795701503753662,0.9872587323188782,0.986254096031189,0.9885125756263733
高误差,MATR_b2c13,483.0,20,current_hybrid,154,0.9794450402259827,0.9871853590011597,0.9861777424812317,0.9884448051452637
高误差,MATR_b2c13,483.0,20,current_hybrid,155,0.9792494773864746,0.9871121048927307,0.986101508140564,0.9883770942687988
高误差,MATR_b2c13,483.0,20,current_hybrid,156,0.9790821075439453,0.9870389699935913,0.986025333404541,0.9883095026016235
高误差,MATR_b2c13,483.0,20,current_hybrid,157,0.9789343476295471,0.9869658946990967,0.9859493374824524,0.9882420301437378
高误差,MATR_b2c13,483.0,20,current_hybrid,158,0.9787018299102783,0.9868929386138916,0.9858734607696533,0.9881746172904968
高误差,MATR_b2c13,483.0,20,current_hybrid,159,0.9784905314445496,0.9868200421333313,0.985797643661499,0.9881072640419006
高误差,MATR_b2c13,483.0,20,current_hybrid,160,0.9773189425468445,0.9867473244667053,0.9857218861579895,0.988040030002594
高误差,MATR_b2c13,483.0,20,current_hybrid,161,0.9782180786132812,0.9866746068000793,0.9856463074684143,0.9879727959632874
高误差,MATR_b2c13,483.0,20,current_hybrid,162,0.978050708770752,0.9866020083427429,0.9855708479881287,0.9879056811332703
高误差,MATR_b2c13,483.0,20,current_hybrid,163,0.9778661131858826,0.986529529094696,0.9854955077171326,0.9878386855125427
高误差,MATR_b2c13,483.0,20,current_hybrid,164,0.9776962995529175,0.9864570498466492,0.9854202270507812,0.9877716898918152
高误差,MATR_b2c13,483.0,20,current_hybrid,165,0.9774628281593323,0.9863847494125366,0.9853450059890747,0.9877048134803772
高误差,MATR_b2c13,483.0,20,current_hybrid,166,0.9772651791572571,0.9863125085830688,0.9852699637413025,0.9876380562782288
高误差,MATR_b2c13,483.0,20,current_hybrid,167,0.9770360589027405,0.9862403869628906,0.985194981098175,0.9875712394714355
高误差,MATR_b2c13,483.0,20,current_hybrid,168,0.9768323302268982,0.9861682653427124,0.9851201176643372,0.9875046014785767
高误差,MATR_b2c13,483.0,20,current_hybrid,169,0.9766330718994141,0.9860962629318237,0.9850453734397888,0.9874380230903625
高误差,MATR_b2c13,483.0,20,current_hybrid,170,0.97637540102005,0.9860243201255798,0.9849706888198853,0.9873714447021484
高误差,MATR_b2c13,483.0,20,current_hybrid,171,0.9762142896652222,0.9859525561332703,0.9848960638046265,0.9873050451278687
高误差,MATR_b2c13,483.0,20,current_hybrid,172,0.9759609699249268,0.9858807921409607,0.9848215579986572,0.9872386455535889
高误差,MATR_b2c13,483.0,20,current_hybrid,173,0.9757583737373352,0.9858091473579407,0.9847471714019775,0.9871723055839539
高误差,MATR_b2c13,483.0,20,current_hybrid,174,0.9755791425704956,0.9857375025749207,0.9846729040145874,0.9871060848236084
高误差,MATR_b2c13,483.0,20,current_hybrid,175,0.9752739071846008,0.985666036605835,0.984598696231842,0.9870398640632629
高误差,MATR_b2c13,483.0,20,current_hybrid,176,0.9750869870185852,0.9855945706367493,0.9845246076583862,0.986973762512207
高误差,MATR_b2c13,483.0,20,current_hybrid,177,0.9749571084976196,0.9855232238769531,0.9844505786895752,0.9869076609611511
高误差,MATR_b2c13,483.0,20,current_hybrid,178,0.9747145175933838,0.985451877117157,0.9843766093254089,0.9868417382240295
高误差,MATR_b2c13,483.0,20,current_hybrid,179,0.9745180010795593,0.9853807091712952,0.984302818775177,0.9867757558822632
高误差,MATR_b2c13,483.0,20,current_hybrid,180,0.9743700623512268,0.9853096008300781,0.9842289686203003,0.9867098927497864
高误差,MATR_b2c13,483.0,20,current_hybrid,181,0.9741906523704529,0.9852385520935059,0.9841552972793579,0.9866441488265991
高误差,MATR_b2c13,483.0,20,current_hybrid,182,0.9740011096000671,0.9851675629615784,0.9840817451477051,0.9865783452987671
高误差,MATR_b2c13,483.0,20,current_hybrid,183,0.9737773537635803,0.9850966334342957,0.984008252620697,0.9865127205848694
高误差,MATR_b2c13,483.0,20,current_hybrid,184,0.9735479354858398,0.9850258231163025,0.9839348196983337,0.9864470958709717
高误差,MATR_b2c13,483.0,20,current_hybrid,185,0.9734590649604797,0.9849550724029541,0.98386150598526,0.9863815307617188
高误差,MATR_b2c13,483.0,20,current_hybrid,186,0.9720727205276489,0.9848843216896057,0.983788251876831,0.9863160252571106
高误差,MATR_b2c13,483.0,20,current_hybrid,187,0.9729588031768799,0.9848137497901917,0.9837150573730469,0.986250638961792
高误差,MATR_b2c13,483.0,20,current_hybrid,188,0.9728227257728577,0.9847431182861328,0.9836419820785522,0.9861852526664734
高误差,MATR_b2c13,483.0,20,current_hybrid,189,0.9724661111831665,0.9846726655960083,0.9835689663887024,0.9861199259757996
高误差,MATR_b2c13,483.0,20,current_hybrid,190,0.9722618460655212,0.9846022725105286,0.9834960699081421,0.9860546588897705
高误差,MATR_b2c13,483.0,20,current_hybrid,191,0.9721655249595642,0.9845318794250488,0.9834232330322266,0.985989511013031
高误差,MATR_b2c13,483.0,20,current_hybrid,192,0.9719071984291077,0.9844616055488586,0.9833504557609558,0.9859243035316467
高误差,MATR_b2c13,483.0,20,current_hybrid,193,0.9717985391616821,0.984391450881958,0.9832777380943298,0.9858592748641968
高误差,MATR_b2c13,483.0,20,current_hybrid,194,0.9716031551361084,0.9843212366104126,0.9832051396369934,0.985794186592102
高误差,MATR_b2c13,483.0,20,current_hybrid,195,0.9713507294654846,0.9842511415481567,0.9831326007843018,0.9857292771339417
高误差,MATR_b2c13,483.0,20,current_hybrid,196,0.9710075259208679,0.9841811656951904,0.9830601215362549,0.9856643080711365
高误差,MATR_b2c13,483.0,20,current_hybrid,197,0.9708966016769409,0.9841111898422241,0.9829877614974976,0.9855995178222656
高误差,MATR_b2c13,483.0,20,current_hybrid,198,0.9706404209136963,0.9840412735939026,0.982915461063385,0.98553466796875
高误差,MATR_b2c13,483.0,20,current_hybrid,199,0.9704318046569824,0.9839714765548706,0.9828432202339172,0.9854699373245239
高误差,MATR_b2c13,483.0,20,current_hybrid,200,0.9702088832855225,0.9839016795158386,0.9827710390090942,0.9854052662849426
高误差,MATR_b2c13,483.0,20,current_hybrid,201,0.9699453711509705,0.9838320016860962,0.9826989769935608,0.9853405952453613
高误差,MATR_b2c13,483.0,20,current_hybrid,202,0.969829797744751,0.9837623834609985,0.9826269745826721,0.9852759838104248
高误差,MATR_b2c13,483.0,20,current_hybrid,203,0.9696323871612549,0.9836927652359009,0.9825550317764282,0.9852114319801331
高误差,MATR_b2c13,483.0,20,current_hybrid,204,0.9694975018501282,0.983623206615448,0.9824831485748291,0.9851469397544861
高误差,MATR_b2c13,483.0,20,current_hybrid,205,0.9693607091903687,0.9835537672042847,0.9824113845825195,0.9850825071334839
高误差,MATR_b2c13,483.0,20,current_hybrid,206,0.9690881371498108,0.9834843873977661,0.98233962059021,0.9850181341171265
高误差,MATR_b2c13,483.0,20,current_hybrid,207,0.9688500761985779,0.9834150671958923,0.9822679758071899,0.9849538207054138
高误差,MATR_b2c13,483.0,20,current_hybrid,208,0.9687283039093018,0.9833457469940186,0.9821963906288147,0.9848895072937012
高误差,MATR_b2c13,483.0,20,current_hybrid,209,0.968506395816803,0.9832765460014343,0.9821248054504395,0.9848252534866333
高误差,MATR_b2c13,483.0,20,current_hybrid,210,0.9683980345726013,0.9832073450088501,0.9820533394813538,0.9847610592842102
高误差,MATR_b2c13,483.0,20,current_hybrid,211,0.968123733997345,0.9831382632255554,0.9819820523262024,0.9846969246864319
高误差,MATR_b2c13,483.0,20,current_hybrid,212,0.9668082594871521,0.9830691814422607,0.9819107055664062,0.9846328496932983
高误差,MATR_b2c13,483.0,20,current_hybrid,213,0.967667281627655,0.9830002188682556,0.9818394184112549,0.9845687747001648
高误差,MATR_b2c13,483.0,20,current_hybrid,214,0.9674606323242188,0.9829312562942505,0.9817682504653931,0.9845048189163208
高误差,MATR_b2c13,483.0,20,current_hybrid,215,0.9672365784645081,0.9828624129295349,0.9816970825195312,0.9844408631324768
高误差,MATR_b2c13,483.0,20,current_hybrid,216,0.9670978784561157,0.9827935695648193,0.981626033782959,0.9843769669532776
高误差,MATR_b2c13,483.0,20,current_hybrid,217,0.966925323009491,0.9827247262001038,0.9815550446510315,0.9843131303787231
高误差,MATR_b2c13,483.0,20,current_hybrid,218,0.9667128324508667,0.9826560616493225,0.9814841151237488,0.9842492938041687
高误差,MATR_b2c13,483.0,20,current_hybrid,219,0.9665324091911316,0.9825873970985413,0.9814132452011108,0.984185516834259
高误差,MATR_b2c13,483.0,20,current_hybrid,220,0.9662380814552307,0.9825187921524048,0.9813424348831177,0.9841217994689941
高误差,MATR_b2c13,483.0,20,current_hybrid,221,0.9660718441009521,0.9824502468109131,0.9812716841697693,0.984058141708374
高误差,MATR_b2c13,483.0,20,current_hybrid,222,0.9659367799758911,0.9823817014694214,0.9812010526657104,0.9839944839477539
高误差,MATR_b2c13,483.0,20,current_hybrid,223,0.9656916856765747,0.9823132753372192,0.9811304211616516,0.9839309453964233
高误差,MATR_b2c13,483.0,20,current_hybrid,224,0.9654952883720398,0.9822448492050171,0.9810598492622375,0.9838674068450928
高误差,MATR_b2c13,483.0,20,current_hybrid,225,0.9653273224830627,0.9821764826774597,0.9809893369674683,0.9838038682937622
高误差,MATR_b2c13,483.0,20,current_hybrid,226,0.9651287198066711,0.9821081757545471,0.9809188842773438,0.9837404489517212
高误差,MATR_b2c13,483.0,20,current_hybrid,227,0.9648871421813965,0.9820399284362793,0.9808485507965088,0.983677089214325
高误差,MATR_b2c13,483.0,20,current_hybrid,228,0.964738130569458,0.9819717407226562,0.9807782173156738,0.9836136698722839
高误差,MATR_b2c13,483.0,20,current_hybrid,229,0.9644873738288879,0.981903612613678,0.9807079434394836,0.9835503697395325
高误差,MATR_b2c13,483.0,20,current_hybrid,230,0.9642770886421204,0.9818354845046997,0.9806377291679382,0.983487069606781
高误差,MATR_b2c13,483.0,20,current_hybrid,231,0.9640378952026367,0.981767475605011,0.9805676341056824,0.9834238886833191
高误差,MATR_b2c13,483.0,20,current_hybrid,232,0.9637771248817444,0.9816994667053223,0.9804975390434265,0.9833606481552124
高误差,MATR_b2c13,483.0,20,current_hybrid,233,0.9636908173561096,0.9816315174102783,0.9804275035858154,0.9832975268363953
高误差,MATR_b2c13,483.0,20,current_hybrid,234,0.9633868932723999,0.9815636277198792,0.9803575277328491,0.9832344055175781
高误差,MATR_b2c13,483.0,20,current_hybrid,235,0.9631727337837219,0.98149573802948,0.9802876114845276,0.9831713438034058
高误差,MATR_b2c13,483.0,20,current_hybrid,236,0.9630993604660034,0.9814279079437256,0.9802177548408508,0.9831082820892334
高误差,MATR_b2c13,483.0,20,current_hybrid,237,0.9627416729927063,0.981360137462616,0.9801479578018188,0.9830452799797058
高误差,MATR_b2c13,483.0,20,current_hybrid,238,0.9624595046043396,0.9812924265861511,0.9800782203674316,0.982982337474823
高误差,MATR_b2c13,483.0,20,current_hybrid,239,0.9622563719749451,0.981224775314331,0.9800084829330444,0.982919454574585
高误差,MATR_b2c13,483.0,20,current_hybrid,240,0.9620329737663269,0.9811571836471558,0.9799389243125916,0.9828565716743469
高误差,MATR_b2c13,483.0,20,current_hybrid,241,0.9617982506752014,0.9810895919799805,0.9798693060874939,0.9827937483787537
高误差,MATR_b2c13,483.0,20,current_hybrid,242,0.9616549611091614,0.98102205991745,0.979799747467041,0.9827309846878052
高误差,MATR_b2c13,483.0,20,current_hybrid,243,0.9614031910896301,0.9809545874595642,0.9797303080558777,0.9826682209968567
高误差,MATR_b2c13,483.0,20,current_hybrid,244,0.9611688256263733,0.9808871150016785,0.9796608686447144,0.982605516910553
高误差,MATR_b2c13,483.0,20,current_hybrid,245,0.9391448497772217,0.9808197617530823,0.9795914888381958,0.9825428128242493
高误差,MATR_b2c13,483.0,20,current_hybrid,246,0.9600827097892761,0.9807524085044861,0.979522168636322,0.9824801683425903
高误差,MATR_b2c13,483.0,20,current_hybrid,247,0.9599334597587585,0.9806851148605347,0.979452908039093,0.9824175834655762
高误差,MATR_b2c13,483.0,20,current_hybrid,248,0.9598243236541748,0.9806178212165833,0.9793837070465088,0.982354998588562
高误差,MATR_b2c13,483.0,20,current_hybrid,249,0.9597811102867126,0.9805506467819214,0.9793145060539246,0.9822925329208374
高误差,MATR_b2c13,483.0,20,current_hybrid,250,0.9597070217132568,0.9804835319519043,0.9792453646659851,0.982230007648468
高误差,MATR_b2c13,483.0,20,current_hybrid,251,0.9595145583152771,0.9804163575172424,0.9791763424873352,0.9821675419807434
高误差,MATR_b2c13,483.0,20,current_hybrid,252,0.9594172239303589,0.9803493022918701,0.9791073203086853,0.9821051359176636
高误差,MATR_b2c13,483.0,20,current_hybrid,253,0.9592463970184326,0.9802822470664978,0.979038417339325,0.9820427298545837
高误差,MATR_b2c13,483.0,20,current_hybrid,254,0.9590519070625305,0.9802152514457703,0.9789694547653198,0.9819804430007935
高误差,MATR_b2c13,483.0,20,current_hybrid,255,0.9588752388954163,0.9801482558250427,0.9789006114006042,0.9819180965423584
高误差,MATR_b2c13,483.0,20,current_hybrid,256,0.9588002562522888,0.98008131980896,0.9788317680358887,0.9818556308746338
高误差,MATR_b2c13,483.0,20,current_hybrid,257,0.9585199356079102,0.980014443397522,0.9787629842758179,0.9817926287651062
高误差,MATR_b2c13,483.0,20,current_hybrid,258,0.9583579897880554,0.9799476265907288,0.9786943197250366,0.9817290306091309
高误差,MATR_b2c13,483.0,20,current_hybrid,259,0.9582024216651917,0.9798808097839355,0.9786255955696106,0.9816648960113525
高误差,MATR_b2c13,483.0,20,current_hybrid,260,0.9579472541809082,0.9798140525817871,0.9785570502281189,0.9816001653671265
高误差,MATR_b2c13,483.0,20,current_hybrid,261,0.9576519727706909,0.9797473549842834,0.9784884452819824,0.9815349578857422
高误差,MATR_b2c13,483.0,20,current_hybrid,262,0.9575182199478149,0.9796807169914246,0.9784198999404907,0.9814690947532654
高误差,MATR_b2c13,483.0,20,current_hybrid,263,0.9573284387588501,0.9796140789985657,0.9783514142036438,0.9814027547836304
高误差,MATR_b2c13,483.0,20,current_hybrid,264,0.9572064280509949,0.9795475006103516,0.9782829880714417,0.9813358187675476
高误差,MATR_b2c13,483.0,20,current_hybrid,265,0.9569507241249084,0.9794809222221375,0.9782146215438843,0.9812683463096619
高误差,MATR_b2c13,483.0,20,current_hybrid,266,0.9567829966545105,0.9794144034385681,0.9781463146209717,0.9812002778053284
高误差,MATR_b2c13,483.0,20,current_hybrid,267,0.9566881656646729,0.9793479442596436,0.9780779480934143,0.9811316728591919
高误差,MATR_b2c13,483.0,20,current_hybrid,268,0.9564493894577026,0.9792815446853638,0.9780097603797913,0.9810625314712524
高误差,MATR_b2c13,483.0,20,current_hybrid,269,0.9561995267868042,0.979215145111084,0.9779415726661682,0.9809927344322205
高误差,MATR_b2c13,483.0,20,current_hybrid,270,0.9561024904251099,0.9791487455368042,0.9778733849525452,0.9809224605560303
高误差,MATR_b2c13,483.0,20,current_hybrid,271,0.9558210968971252,0.9790824055671692,0.9778053164482117,0.9808515906333923
高误差,MATR_b2c13,483.0,20,current_hybrid,272,0.9556468725204468,0.979016125202179,0.9777371883392334,0.9807801842689514
高误差,MATR_b2c13,483.0,20,current_hybrid,273,0.9554513096809387,0.9789499044418335,0.9776691794395447,0.9807081818580627
高误差,MATR_b2c13,483.0,20,current_hybrid,274,0.9552255272865295,0.9788837432861328,0.977601170539856,0.9806356430053711
高误差,MATR_b2c13,483.0,20,current_hybrid,275,0.9549037218093872,0.9788175225257874,0.9775332808494568,0.9805625677108765
高误差,MATR_b2c13,483.0,20,current_hybrid,276,0.9546558260917664,0.9787514209747314,0.9774653911590576,0.9804888963699341
高误差,MATR_b2c13,483.0,20,current_hybrid,277,0.9544339179992676,0.9786853194236755,0.9773975014686584,0.9804146885871887
高误差,MATR_b2c13,483.0,20,current_hybrid,278,0.9540157318115234,0.9786192774772644,0.9773297309875488,0.9803399443626404
高误差,MATR_b2c13,483.0,20,current_hybrid,279,0.9539577960968018,0.9785532355308533,0.9772619009017944,0.9802645444869995
高误差,MATR_b2c13,483.0,20,current_hybrid,280,0.9538090825080872,0.9784872531890869,0.9771942496299744,0.9801886677742004
高误差,MATR_b2c13,483.0,20,current_hybrid,281,0.9536128044128418,0.9784212708473206,0.9771265387535095,0.9801121950149536
高误差,MATR_b2c13,483.0,20,current_hybrid,282,0.9532902836799622,0.9783554077148438,0.9770588874816895,0.9800351858139038
高误差,MATR_b2c13,483.0,20,current_hybrid,283,0.9531179070472717,0.9782894849777222,0.9769912958145142,0.9799575805664062
高误差,MATR_b2c13,483.0,20,current_hybrid,284,0.9528667330741882,0.9782236218452454,0.9769237637519836,0.9798794388771057
高误差,MATR_b2c13,483.0,20,current_hybrid,285,0.9525968432426453,0.9781578183174133,0.9768562316894531,0.9798007011413574
高误差,MATR_b2c13,483.0,20,current_hybrid,286,0.9521719813346863,0.9780920743942261,0.9767887592315674,0.9797324538230896
高误差,MATR_b2c13,483.0,20,current_hybrid,287,0.9521033763885498,0.9780263304710388,0.9767213463783264,0.9796692132949829
高误差,MATR_b2c13,483.0,20,current_hybrid,288,0.9518327713012695,0.9779606461524963,0.9766539335250854,0.9796055555343628
高误差,MATR_b2c13,483.0,20,current_hybrid,289,0.9515782594680786,0.9778950214385986,0.9765865802764893,0.9795411825180054
高误差,MATR_b2c13,483.0,20,current_hybrid,290,0.9513733983039856,0.9778293371200562,0.9765192866325378,0.9794761538505554
高误差,MATR_b2c13,483.0,20,current_hybrid,291,0.951110303401947,0.9777637124061584,0.9764519929885864,0.9794104099273682
高误差,MATR_b2c13,483.0,20,current_hybrid,292,0.9509258270263672,0.9776982069015503,0.9763848185539246,0.9793440103530884
高误差,MATR_b2c13,483.0,20,current_hybrid,293,0.9505865573883057,0.9776326417922974,0.9763176441192627,0.9792769551277161
高误差,MATR_b2c13,483.0,20,current_hybrid,294,0.9503126740455627,0.9775671362876892,0.976250410079956,0.9792091846466064
高误差,MATR_b2c13,483.0,20,current_hybrid,295,0.9497206211090088,0.9775016903877258,0.9761833548545837,0.9791407585144043
高误差,MATR_b2c13,483.0,20,current_hybrid,296,0.9498035907745361,0.9774362444877625,0.9761162996292114,0.9790716767311096
高误差,MATR_b2c13,483.0,20,current_hybrid,297,0.9495244026184082,0.9773706793785095,0.9760492444038391,0.9790019392967224
高误差,MATR_b2c13,483.0,20,current_hybrid,298,0.9492307305335999,0.9773046374320984,0.9759821891784668,0.9789314866065979
高误差,MATR_b2c13,483.0,20,current_hybrid,299,0.9490561485290527,0.9772379994392395,0.975915253162384,0.9788603782653809
高误差,MATR_b2c13,483.0,20,current_hybrid,300,0.9487566351890564,0.9771708250045776,0.975848376750946,0.9787886142730713
高误差,MATR_b2c13,483.0,20,current_hybrid,301,0.9485154747962952,0.977103054523468,0.9757815003395081,0.9787161350250244
高误差,MATR_b2c13,483.0,20,current_hybrid,302,0.9482391476631165,0.9770346879959106,0.9757146239280701,0.978643000125885
高误差,MATR_b2c13,483.0,20,current_hybrid,303,0.9479802250862122,0.9769658446311951,0.9756478071212769,0.9785692095756531
高误差,MATR_b2c13,483.0,20,current_hybrid,304,0.9477190971374512,0.976896345615387,0.9755810499191284,0.9784947633743286
高误差,MATR_b2c13,483.0,20,current_hybrid,305,0.9473760724067688,0.9768264293670654,0.9755143523216248,0.9784195423126221
高误差,MATR_b2c13,483.0,20,current_hybrid,306,0.9473069310188293,0.9767557978630066,0.9754476547241211,0.978343665599823
高误差,MATR_b2c13,483.0,20,current_hybrid,307,0.9468654990196228,0.9766846299171448,0.9753809571266174,0.9782671928405762
高误差,MATR_b2c13,483.0,20,current_hybrid,308,0.9459652900695801,0.9766129851341248,0.9753143191337585,0.978190004825592
高误差,MATR_b2c13,483.0,20,current_hybrid,309,0.94584721326828,0.9765406847000122,0.9752477407455444,0.9781121611595154
高误差,MATR_b2c13,483.0,20,current_hybrid,310,0.9459733366966248,0.9764679074287415,0.9751812219619751,0.9780336618423462
高误差,MATR_b2c13,483.0,20,current_hybrid,311,0.945335328578949,0.9763944745063782,0.9751147031784058,0.9779544472694397
高误差,MATR_b2c13,483.0,20,current_hybrid,312,0.9454377889633179,0.9763205647468567,0.9750482439994812,0.9778745770454407
高误差,MATR_b2c13,483.0,20,current_hybrid,313,0.9450821876525879,0.9762460589408875,0.9749817252159119,0.9777939915657043
高误差,MATR_b2c13,483.0,20,current_hybrid,314,0.9448705911636353,0.9761710166931152,0.9749153256416321,0.9777127504348755
高误差,MATR_b2c13,483.0,20,current_hybrid,315,0.94448322057724,0.9760953187942505,0.9748489856719971,0.9776308536529541
高误差,MATR_b2c13,483.0,20,current_hybrid,316,0.9442164301872253,0.9760191440582275,0.9747826457023621,0.9775482416152954
高误差,MATR_b2c13,483.0,20,current_hybrid,317,0.9439066052436829,0.9759423732757568,0.9747163653373718,0.9774649739265442
高误差,MATR_b2c13,483.0,20,current_hybrid,318,0.9435551166534424,0.9758650660514832,0.9746500849723816,0.9773810505867004
高误差,MATR_b2c13,483.0,20,current_hybrid,319,0.9430030584335327,0.9757871627807617,0.9745838642120361,0.9772964119911194
高误差,MATR_b2c13,483.0,20,current_hybrid,320,0.9423972964286804,0.9757087230682373,0.9745175838470459,0.9772111177444458
高误差,MATR_b2c13,483.0,20,current_hybrid,321,0.9421599507331848,0.9756296277046204,0.97445148229599,0.9771251678466797
高误差,MATR_b2c13,483.0,20,current_hybrid,322,0.9417732357978821,0.9755500555038452,0.9743853211402893,0.977038562297821
高误差,MATR_b2c13,483.0,20,current_hybrid,323,0.9419432282447815,0.9754698872566223,0.9743192195892334,0.9769511818885803
高误差,MATR_b2c13,483.0,20,current_hybrid,324,0.9415762424468994,0.9753891825675964,0.9742531776428223,0.9768632054328918
高误差,MATR_b2c13,483.0,20,current_hybrid,325,0.9411861300468445,0.9753078818321228,0.9741871356964111,0.9767745137214661
高误差,MATR_b2c13,483.0,20,current_hybrid,326,0.9409833550453186,0.9752260446548462,0.9741211533546448,0.9766851663589478
高误差,MATR_b2c13,483.0,20,current_hybrid,327,0.9402434229850769,0.9751436114311218,0.9740551710128784,0.9765951633453369
高误差,MATR_b2c13,483.0,20,current_hybrid,328,0.9399986267089844,0.9750606417655945,0.9739892482757568,0.9765044450759888
高误差,MATR_b2c13,483.0,20,current_hybrid,329,0.9398546814918518,0.9749771356582642,0.97392338514328,0.9764130711555481
高误差,MATR_b2c13,483.0,20,current_hybrid,330,0.9393077492713928,0.9748929738998413,0.9738575220108032,0.9763209819793701
高误差,MATR_b2c13,483.0,20,current_hybrid,331,0.9391369223594666,0.9748083353042603,0.9737916588783264,0.9762282371520996
高误差,MATR_b2c13,483.0,20,current_hybrid,332,0.9385484457015991,0.9747230410575867,0.9737258553504944,0.9761347770690918
高误差,MATR_b2c13,483.0,20,current_hybrid,333,0.9382596611976624,0.9746372699737549,0.9736601114273071,0.9760406613349915
高误差,MATR_b2c13,483.0,20,current_hybrid,334,0.9380678534507751,0.9745508432388306,0.9735943675041199,0.9759458899497986
高误差,MATR_b2c13,483.0,20,current_hybrid,335,0.9376482963562012,0.9744638800621033,0.9735286831855774,0.9758504629135132
高误差,MATR_b2c13,483.0,20,current_hybrid,336,0.9371316432952881,0.974376380443573,0.9734629988670349,0.9757543206214905
高误差,MATR_b2c13,483.0,20,current_hybrid,337,0.9368925094604492,0.974288284778595,0.9733973741531372,0.9756575226783752
高误差,MATR_b2c13,483.0,20,current_hybrid,338,0.9360787868499756,0.974199652671814,0.9733317494392395,0.9755600690841675
高误差,MATR_b2c13,483.0,20,current_hybrid,339,0.9361017346382141,0.97411048412323,0.9732661843299866,0.9754619002342224
高误差,MATR_b2c13,483.0,20,current_hybrid,340,0.9358798861503601,0.9740206599235535,0.9732006192207336,0.97536301612854
高误差,MATR_b2c13,483.0,20,current_hybrid,341,0.9354526996612549,0.973930299282074,0.9731351137161255,0.9752634763717651
高误差,MATR_b2c13,483.0,20,current_hybrid,342,0.9347147345542908,0.9738394021987915,0.9730696082115173,0.9751632809638977
高误差,MATR_b2c13,483.0,20,current_hybrid,343,0.93462735414505,0.9737479090690613,0.973004162311554,0.975062370300293
高误差,MATR_b2c13,483.0,20,current_hybrid,344,0.9339408874511719,0.9736558794975281,0.9729387164115906,0.9749608039855957
高误差,MATR_b2c13,483.0,20,current_hybrid,345,0.9332360029220581,0.9735632538795471,0.972873330116272,0.9748585820198059
高误差,MATR_b2c13,483.0,20,current_hybrid,346,0.9329659938812256,0.9734700322151184,0.9728079438209534,0.9747556447982788
高误差,MATR_b2c13,483.0,20,current_hybrid,347,0.9328793883323669,0.9733762741088867,0.9727426171302795,0.9746520519256592
高误差,MATR_b2c13,483.0,20,current_hybrid,348,0.9324382543563843,0.973281979560852,0.9726773500442505,0.9745477437973022
高误差,MATR_b2c13,483.0,20,current_hybrid,349,0.9321411848068237,0.9731870293617249,0.9726120233535767,0.9744428396224976
高误差,MATR_b2c13,483.0,20,current_hybrid,350,0.9315633773803711,0.9730916023254395,0.9725468158721924,0.9743371605873108
高误差,MATR_b2c13,483.0,20,current_hybrid,351,0.9311577081680298,0.9729955792427063,0.9724816083908081,0.9742308259010315
高误差,MATR_b2c13,483.0,20,current_hybrid,352,0.9307171106338501,0.9728990197181702,0.9724164605140686,0.9741238355636597
高误差,MATR_b2c13,483.0,20,current_hybrid,353,0.9304929375648499,0.9728018045425415,0.9723513126373291,0.9740161895751953
高误差,MATR_b2c13,483.0,20,current_hybrid,354,0.9298621416091919,0.9727040529251099,0.9722861647605896,0.9739078283309937
高误差,MATR_b2c13,483.0,20,current_hybrid,355,0.9290990829467773,0.9726057648658752,0.9722210168838501,0.9737988114356995
高误差,MATR_b2c13,483.0,20,current_hybrid,356,0.9284420609474182,0.9725069403648376,0.9721559882164001,0.973689079284668
高误差,MATR_b2c13,483.0,20,current_hybrid,357,0.9279155731201172,0.9724074602127075,0.9720908999443054,0.9735786318778992
高误差,MATR_b2c13,483.0,20,current_hybrid,358,0.9279242157936096,0.9723074436187744,0.972025990486145,0.9734675884246826
高误差,MATR_b2c13,483.0,20,current_hybrid,359,0.9270193576812744,0.9722068309783936,0.9719609618186951,0.973355770111084
高误差,MATR_b2c13,483.0,20,current_hybrid,360,0.9265490174293518,0.9721057415008545,0.9718959927558899,0.9732433557510376
高误差,MATR_b2c13,483.0,20,current_hybrid,361,0.9263787269592285,0.9720039367675781,0.9718310832977295,0.9731302261352539
高误差,MATR_b2c13,483.0,20,current_hybrid,362,0.9259515404701233,0.9719016551971436,0.9717655777931213,0.9730164408683777
高误差,MATR_b2c13,483.0,20,current_hybrid,363,0.9250214099884033,0.971798837184906,0.9716874361038208,0.9729019403457642
高误差,MATR_b2c13,483.0,20,current_hybrid,364,0.9246684908866882,0.9716954231262207,0.9716089963912964,0.9727867841720581
高误差,MATR_b2c13,483.0,20,current_hybrid,365,0.9245779514312744,0.9715914130210876,0.9715301394462585,0.9726709127426147
高误差,MATR_b2c13,483.0,20,current_hybrid,366,0.923606812953949,0.9715068340301514,0.9714508056640625,0.9725544452667236
高误差,MATR_b2c13,483.0,20,current_hybrid,367,0.9232547879219055,0.9714161157608032,0.9713711738586426,0.9724372625350952
高误差,MATR_b2c13,483.0,20,current_hybrid,368,0.9229498505592346,0.9712910652160645,0.9712759256362915,0.9723193049430847
高误差,MATR_b2c13,483.0,20,current_hybrid,369,0.9223324656486511,0.9712106585502625,0.9711636900901794,0.9722007513046265
高误差,MATR_b2c13,483.0,20,current_hybrid,370,0.9211787581443787,0.971129834651947,0.9710366129875183,0.9720814824104309
高误差,MATR_b2c13,483.0,20,current_hybrid,371,0.9213359951972961,0.9710485935211182,0.9709089994430542,0.9719615578651428
高误差,MATR_b2c13,483.0,20,current_hybrid,372,0.9207087755203247,0.9709669947624207,0.9707807302474976,0.9718409776687622
高误差,MATR_b2c13,483.0,20,current_hybrid,373,0.9199787974357605,0.9708849787712097,0.9706519842147827,0.9717196226119995
高误差,MATR_b2c13,483.0,20,current_hybrid,374,0.9198187589645386,0.9708025455474854,0.9705225825309753,0.9715976715087891
高误差,MATR_b2c13,483.0,20,current_hybrid,375,0.9186020493507385,0.9707197546958923,0.9703927040100098,0.9714750051498413
高误差,MATR_b2c13,483.0,20,current_hybrid,376,0.9181641340255737,0.9706365466117859,0.9702621698379517,0.971351683139801
高误差,MATR_b2c13,483.0,20,current_hybrid,377,0.9177157282829285,0.970552921295166,0.9701310992240906,0.9712276458740234
高误差,MATR_b2c13,483.0,20,current_hybrid,378,0.9173142313957214,0.9704689383506775,0.969999372959137,0.9711028933525085
高误差,MATR_b2c13,483.0,20,current_hybrid,379,0.9167798161506653,0.9703845977783203,0.9698672294616699,0.9709775447845459
高误差,MATR_b2c13,483.0,20,current_hybrid,380,0.9162165522575378,0.9702998399734497,0.9697343707084656,0.970851480960846
高误差,MATR_b2c13,483.0,20,current_hybrid,381,0.9153229594230652,0.9702146649360657,0.969601035118103,0.9707247614860535
高误差,MATR_b2c13,483.0,20,current_hybrid,382,0.9154097437858582,0.970129132270813,0.969467043876648,0.9705973267555237
高误差,MATR_b2c13,483.0,20,current_hybrid,383,0.914011538028717,0.9700431823730469,0.9693325161933899,0.9704691767692566
高误差,MATR_b2c13,483.0,20,current_hybrid,384,0.9132885932922363,0.9699568152427673,0.9691973924636841,0.970340371131897
高误差,MATR_b2c13,483.0,20,current_hybrid,385,0.9130623936653137,0.9698700904846191,0.9690617322921753,0.9702108502388
高误差,MATR_b2c13,483.0,20,current_hybrid,386,0.9127700328826904,0.9697829484939575,0.9689255356788635,0.97011798620224
高误差,MATR_b2c13,483.0,20,current_hybrid,387,0.9114192724227905,0.9696954488754272,0.9687886834144592,0.9700437784194946
高误差,MATR_b2c13,483.0,20,current_hybrid,388,0.9117169380187988,0.9696075320243835,0.968651294708252,0.9699691534042358
高误差,MATR_b2c13,483.0,20,current_hybrid,389,0.9102116823196411,0.9695191979408264,0.9685132503509521,0.9698941111564636
高误差,MATR_b2c13,483.0,20,current_hybrid,390,0.910325825214386,0.9694305062294006,0.9683747291564941,0.9698185324668884
高误差,MATR_b2c13,483.0,20,current_hybrid,391,0.9094801545143127,0.9693413972854614,0.9682356119155884,0.9697425365447998
高误差,MATR_b2c13,483.0,20,current_hybrid,392,0.9091705679893494,0.9692519307136536,0.9680958986282349,0.9696661233901978
高误差,MATR_b2c13,483.0,20,current_hybrid,393,0.9085291028022766,0.9691504240036011,0.9679556488990784,0.9695892333984375
高误差,MATR_b2c13,483.0,20,current_hybrid,394,0.9076859354972839,0.9690148234367371,0.9678148031234741,0.9695119261741638
高误差,MATR_b2c13,483.0,20,current_hybrid,395,0.9068772792816162,0.9688785076141357,0.9676733613014221,0.9694340825080872
高误差,MATR_b2c13,483.0,20,current_hybrid,396,0.906632125377655,0.9687415361404419,0.9675313234329224,0.9693558216094971
高误差,MATR_b2c13,483.0,20,current_hybrid,397,0.9057061672210693,0.9686038494110107,0.9673888087272644,0.9692771434783936
高误差,MATR_b2c13,483.0,20,current_hybrid,398,0.9049229621887207,0.9684655070304871,0.9672456979751587,0.9691979885101318
高误差,MATR_b2c13,483.0,20,current_hybrid,399,0.9043896794319153,0.9683264493942261,0.9671019315719604,0.9691184163093567
高误差,MATR_b2c13,483.0,20,current_hybrid,400,0.9029978513717651,0.9681866765022278,0.9669576287269592,0.9690383076667786
高误差,MATR_b2c13,483.0,20,current_hybrid,401,0.9030065536499023,0.9680463075637817,0.966812789440155,0.968957781791687
高误差,MATR_b2c13,483.0,20,current_hybrid,402,0.9021291136741638,0.9679052233695984,0.9666672945022583,0.968876838684082
高误差,MATR_b2c13,483.0,20,current_hybrid,403,0.9016055464744568,0.9677634239196777,0.9665212631225586,0.9687953591346741
高误差,MATR_b2c13,483.0,20,current_hybrid,404,0.900578498840332,0.9676209688186646,0.9663746953010559,0.9687135219573975
高误差,MATR_b2c13,483.0,20,current_hybrid,405,0.9002032279968262,0.9674777984619141,0.9662274718284607,0.9686312079429626
高误差,MATR_b2c13,483.0,20,current_hybrid,406,0.8993509411811829,0.9673340320587158,0.9660797715187073,0.9685484170913696
高误差,MATR_b2c13,483.0,20,current_hybrid,407,0.8984595537185669,0.9671894907951355,0.9659314155578613,0.9684652090072632
高误差,MATR_b2c13,483.0,20,current_hybrid,408,0.8975794315338135,0.9670442342758179,0.9657824635505676,0.9683815240859985
高误差,MATR_b2c13,483.0,20,current_hybrid,409,0.896933376789093,0.9668984413146973,0.9656330347061157,0.9682973623275757
高误差,MATR_b2c13,483.0,20,current_hybrid,410,0.8964131474494934,0.9667518138885498,0.9654829502105713,0.9682127833366394
高误差,MATR_b2c13,483.0,20,current_hybrid,411,0.8951745629310608,0.9666045308113098,0.9653322696685791,0.9681277275085449
高误差,MATR_b2c13,483.0,20,current_hybrid,412,0.8943337798118591,0.9664566516876221,0.9651811122894287,0.968042254447937
高误差,MATR_b2c13,483.0,20,current_hybrid,413,0.8938096761703491,0.9663079977035522,0.9650293588638306,0.9679562449455261
高误差,MATR_b2c13,483.0,20,current_hybrid,414,0.8930244445800781,0.9661587476730347,0.9648770093917847,0.9678698778152466
高误差,MATR_b2c13,483.0,20,current_hybrid,415,0.8920807838439941,0.966008722782135,0.9647240042686462,0.9677829742431641
高误差,MATR_b2c13,483.0,20,current_hybrid,416,0.8912531733512878,0.9658581018447876,0.9645705223083496,0.9676956534385681
高误差,MATR_b2c13,483.0,20,current_hybrid,417,0.8903943300247192,0.9657067060470581,0.9644164443016052,0.967607855796814
高误差,MATR_b2c13,483.0,20,current_hybrid,418,0.8895922303199768,0.9655547142028809,0.9642617106437683,0.9675196409225464
高误差,MATR_b2c13,483.0,20,current_hybrid,419,0.8886423110961914,0.9654019474983215,0.9641065001487732,0.9674310088157654
高误差,MATR_b2c13,483.0,20,current_hybrid,420,0.8879451155662537,0.9652485251426697,0.9639506936073303,0.9673418402671814
高误差,MATR_b2c13,483.0,20,current_hybrid,421,0.8866878747940063,0.9650944471359253,0.9637942910194397,0.967252254486084
高误差,MATR_b2c13,483.0,20,current_hybrid,422,0.8860787749290466,0.9649396538734436,0.9636372327804565,0.9671621918678284
高误差,MATR_b2c13,483.0,20,current_hybrid,423,0.8853598833084106,0.9647841453552246,0.9634796977043152,0.9670717120170593
高误差,MATR_b2c13,483.0,20,current_hybrid,424,0.884191632270813,0.9646280407905579,0.9633216261863708,0.9669806957244873
高误差,MATR_b2c13,483.0,20,current_hybrid,425,0.8832243084907532,0.9644712209701538,0.963162899017334,0.9668893218040466
高误差,MATR_b2c13,483.0,20,current_hybrid,426,0.8824423551559448,0.9643136858940125,0.9630036354064941,0.9667974710464478
高误差,MATR_b2c13,483.0,20,current_hybrid,427,0.881243884563446,0.9641554951667786,0.9628437161445618,0.9667050838470459
高误差,MATR_b2c13,483.0,20,current_hybrid,428,0.88019198179245,0.9639965891838074,0.9626833200454712,0.9666123390197754
高误差,MATR_b2c13,483.0,20,current_hybrid,429,0.8788505792617798,0.9638369679450989,0.9625222682952881,0.9665191173553467
高误差,MATR_b2c13,483.0,20,current_hybrid,430,0.8780206441879272,0.9636767506599426,0.962360680103302,0.9664254188537598
高误差,MATR_b2c13,483.0,20,current_hybrid,431,0.8767844438552856,0.9635158181190491,0.9621985554695129,0.9663313031196594
高误差,MATR_b2c13,483.0,20,current_hybrid,432,0.8756148815155029,0.963354229927063,0.9620357751846313,0.9662366509437561
高误差,MATR_b2c13,483.0,20,current_hybrid,433,0.8741880655288696,0.9631918668746948,0.9618724584579468,0.9661415815353394
高误差,MATR_b2c13,483.0,20,current_hybrid,434,0.8730989694595337,0.963033139705658,0.9617085456848145,0.9660460948944092
高误差,MATR_b2c13,483.0,20,current_hybrid,435,0.8719632625579834,0.9628889560699463,0.9615440964698792,0.9659501314163208
高误差,MATR_b2c13,483.0,20,current_hybrid,436,0.8708823919296265,0.9627442359924316,0.9613789916038513,0.9658536911010742
高误差,MATR_b2c13,483.0,20,current_hybrid,437,0.8695073127746582,0.9625990390777588,0.9612133502960205,0.9657568335533142
高误差,MATR_b2c13,483.0,20,current_hybrid,438,0.8682122230529785,0.9624531269073486,0.9610471129417419,0.9656594395637512
高误差,MATR_b2c13,483.0,20,current_hybrid,439,0.8671197295188904,0.9623066782951355,0.9608803391456604,0.9655616879463196
高误差,MATR_b2c13,483.0,20,current_hybrid,440,0.8657967448234558,0.9621596932411194,0.9607129693031311,0.9654634594917297
高误差,MATR_b2c13,483.0,20,current_hybrid,441,0.8645896911621094,0.9620121121406555,0.9605450630187988,0.9653647541999817
高误差,MATR_b2c13,483.0,20,current_hybrid,442,0.8630178570747375,0.9618639349937439,0.960376501083374,0.9652655720710754
高误差,MATR_b2c13,483.0,20,current_hybrid,443,0.8618980050086975,0.9617151618003845,0.9602074027061462,0.9651659727096558
高误差,MATR_b2c13,483.0,20,current_hybrid,444,0.8603670597076416,0.9615659117698669,0.9600377678871155,0.9650658965110779
高误差,MATR_b2c13,483.0,20,current_hybrid,445,0.8590799570083618,0.9614160060882568,0.9598674178123474,0.964965283870697
高误差,MATR_b2c13,483.0,20,current_hybrid,446,0.857821524143219,0.961265504360199,0.9596965909004211,0.9648643136024475
高误差,MATR_b2c13,483.0,20,current_hybrid,447,0.856580376625061,0.9611145257949829,0.9595251679420471,0.9647629261016846
高误差,MATR_b2c13,483.0,20,current_hybrid,448,0.8555095791816711,0.9609628915786743,0.9593532085418701,0.9646610021591187
高误差,MATR_b2c13,483.0,20,current_hybrid,449,0.8544565439224243,0.960810661315918,0.9591805934906006,0.9645586013793945
高误差,MATR_b2c13,483.0,20,current_hybrid,450,0.8529233336448669,0.9606578946113586,0.9590075016021729,0.964455783367157
高误差,MATR_b2c13,483.0,20,current_hybrid,451,0.851670503616333,0.9605045318603516,0.9588337540626526,0.964352548122406
高误差,MATR_b2c13,483.0,20,current_hybrid,452,0.8501734137535095,0.9603505730628967,0.9586594700813293,0.9642488360404968
高误差,MATR_b2c13,483.0,20,current_hybrid,453,0.8489395380020142,0.9601961374282837,0.9584845304489136,0.9641446471214294
高误差,MATR_b2c13,483.0,20,current_hybrid,454,0.8474572896957397,0.9600410461425781,0.9583091139793396,0.9640399813652039
高误差,MATR_b2c13,483.0,20,current_hybrid,455,0.846186637878418,0.9598854184150696,0.9581329822540283,0.9639348387718201
高误差,MATR_b2c13,483.0,20,current_hybrid,456,0.8451021909713745,0.9597291350364685,0.9579563736915588,0.9638293385505676
高误差,MATR_b2c13,483.0,20,current_hybrid,457,0.843940019607544,0.9595723152160645,0.9577791690826416,0.9637233018875122
高误差,MATR_b2c13,483.0,20,current_hybrid,458,0.8426347970962524,0.9594149589538574,0.9576013684272766,0.9636168479919434
高误差,MATR_b2c13,483.0,20,current_hybrid,459,0.841273844242096,0.9592569470405579,0.9574230313301086,0.9635098576545715
高误差,MATR_b2c13,483.0,20,current_hybrid,460,0.8400155901908875,0.9590984582901001,0.9572440981864929,0.963402509689331
高误差,MATR_b2c13,483.0,20,current_hybrid,461,0.8385686278343201,0.9589393138885498,0.9570645689964294,0.9632946252822876
高误差,MATR_b2c13,483.0,20,current_hybrid,462,0.8374814987182617,0.9587795734405518,0.956884503364563,0.9631863236427307
高误差,MATR_b2c13,483.0,20,current_hybrid,463,0.8363466858863831,0.9586193561553955,0.956703782081604,0.9630776047706604
高误差,MATR_b2c13,483.0,20,current_hybrid,464,0.8352546095848083,0.9584584832191467,0.956522524356842,0.9629683494567871
高误差,MATR_b2c13,483.0,20,current_hybrid,465,0.8337985873222351,0.958297073841095,0.9563407301902771,0.9628586173057556
高误差,MATR_b2c13,483.0,20,current_hybrid,466,0.8325362205505371,0.9581350088119507,0.9561582803726196,0.9627485275268555
高误差,MATR_b2c13,483.0,20,current_hybrid,467,0.8312941193580627,0.9579724669456482,0.9559752941131592,0.9626379013061523
高误差,MATR_b2c13,483.0,20,current_hybrid,468,0.8301550149917603,0.9578092694282532,0.955791711807251,0.9625268578529358
高误差,MATR_b2c13,483.0,20,current_hybrid,469,0.8285687565803528,0.9576455354690552,0.9556075930595398,0.9624153971672058
高误差,MATR_b2c13,483.0,20,current_hybrid,470,0.8272351622581482,0.9574812054634094,0.9554228186607361,0.9623034000396729
高误差,MATR_b2c13,483.0,20,current_hybrid,471,0.8258233666419983,0.9573163390159607,0.9552375078201294,0.9621909856796265
高误差,MATR_b2c13,483.0,20,current_hybrid,472,0.8247526288032532,0.9571508765220642,0.9550516605377197,0.9620780944824219
高误差,MATR_b2c13,483.0,20,current_hybrid,473,0.823633074760437,0.95698481798172,0.9548651576042175,0.9619647860527039
高误差,MATR_b2c13,483.0,20,current_hybrid,474,0.8222563862800598,0.956818163394928,0.9546781182289124,0.9618509411811829
高误差,MATR_b2c13,483.0,20,current_hybrid,475,0.8208844065666199,0.956650972366333,0.9544904828071594,0.9617366194725037
高误差,MATR_b2c13,483.0,20,current_hybrid,476,0.8197407722473145,0.9564831852912903,0.9543022513389587,0.9616219401359558
高误差,MATR_b2c13,483.0,20,current_hybrid,477,0.8185606598854065,0.9563148021697998,0.9541134834289551,0.961506724357605
高误差,MATR_b2c13,483.0,20,current_hybrid,478,0.8171235918998718,0.9561458230018616,0.9539241194725037,0.9613910913467407
高误差,MATR_b2c13,483.0,20,current_hybrid,479,0.8160066604614258,0.9559763669967651,0.9537341594696045,0.9612749814987183
高误差,MATR_b2c13,483.0,20,current_hybrid,480,0.8150360584259033,0.9558061957359314,0.9535436034202576,0.9611584544181824
高误差,MATR_b2c13,483.0,20,current_hybrid,481,0.8138625025749207,0.9556355476379395,0.9533525705337524,0.9610414505004883
高误差,MATR_b2c13,483.0,20,current_hybrid,482,0.8127104640007019,0.955464243888855,0.9531608819961548,0.960923969745636
高误差,MATR_b2c13,483.0,20,current_hybrid,483,0.8109269738197327,0.9552924633026123,0.9529685974121094,0.9608060121536255
高误差,MATR_b2c13,483.0,20,current_hybrid,484,0.8099623918533325,0.9551200270652771,0.952775776386261,0.9606876373291016
高误差,MATR_b2c13,483.0,20,current_hybrid,485,0.8088268637657166,0.9549470543861389,0.9525822997093201,0.9605687856674194
高误差,MATR_b2c13,483.0,20,current_hybrid,486,0.8070101141929626,0.9547734260559082,0.9523882865905762,0.9604494571685791
高误差,MATR_b2c13,483.0,20,current_hybrid,487,0.8062443137168884,0.9545993208885193,0.9521937370300293,0.9603297114372253
高误差,MATR_b2c13,483.0,20,current_hybrid,488,0.8048803210258484,0.9544246196746826,0.9519985318183899,0.9602094888687134
高误差,MATR_b2c13,483.0,20,current_hybrid,489,0.803434431552887,0.9542492628097534,0.9518027901649475,0.9600887894630432
高误差,MATR_b2c13,483.0,20,current_hybrid,490,0.8017251491546631,0.9540733695030212,0.9516064524650574,0.9599676132202148
高误差,MATR_b2c13,483.0,20,current_hybrid,491,0.8006958961486816,0.9538968801498413,0.9514095187187195,0.959846019744873
高误差,MATR_b2c13,483.0,20,current_hybrid,492,0.7993480563163757,0.9537198543548584,0.9512121081352234,0.959723949432373
高误差,MATR_b2c13,483.0,20,current_hybrid,493,0.7981603741645813,0.9535422921180725,0.9510140419006348,0.9596014022827148
高误差,MATR_b2c13,483.0,20,current_hybrid,494,0.7966414093971252,0.9533640146255493,0.9508153796195984,0.9594784379005432
高误差,MATR_b2c13,483.0,20,current_hybrid,495,0.7953888773918152,0.9531852602958679,0.9506161212921143,0.9593549370765686
高误差,MATR_b2c13,483.0,20,current_hybrid,496,0.7938908934593201,0.9530059099197388,0.9504163265228271,0.9592310190200806
高误差,MATR_b2c13,483.0,20,current_hybrid,497,0.7926580905914307,0.9528259634971619,0.9502159357070923,0.9591067433357239
高误差,MATR_b2c13,483.0,20,current_hybrid,498,0.7912396192550659,0.9526454210281372,0.9500149488449097,0.9589819312095642
高误差,MATR_b2c13,483.0,20,current_hybrid,499,0.7900549173355103,0.9524642825126648,0.9498134255409241,0.9588565826416016
高误差,MATR_b2c13,483.0,20,current_hybrid,500,0.7885556817054749,0.9522826671600342,0.9496113061904907,0.9587308764457703
高误差,MATR_b2c13,483.0,20,hybridpatch_v2,21,1.000526785850525,1.0000603199005127,0.9998558759689331,1.0001343488693237
高误差,MATR_b2c13,483.0,20,hybridpatch_v2,22,1.0003241300582886,0.999876081943512,0.999578058719635,0.9999793767929077
高误差,MATR_b2c13,483.0,20,hybridpatch_v2,23,1.0002378225326538,0.9997268915176392,0.9993547201156616,0.999853253364563
高误差,MATR_b2c13,483.0,20,hybridpatch_v2,24,1.000143051147461,0.9995962381362915,0.9991596341133118,0.9997420310974121
高误差,MATR_b2c13,483.0,20,hybridpatch_v2,25,1.0000638961791992,0.9994775056838989,0.9989825487136841,0.9996404051780701
高误差,MATR_b2c13,483.0,20,hybridpatch_v2,26,1.0000650882720947,0.9993671774864197,0.9988182783126831,0.9995455741882324
高误差,MATR_b2c13,483.0,20,hybridpatch_v2,27,0.9999917149543762,0.9992632865905762,0.9986637234687805,0.9994558691978455
高误差,MATR_b2c13,483.0,20,hybridpatch_v2,28,0.9999173879623413,0.9991644620895386,0.998516857624054,0.9993702173233032
高误差,MATR_b2c13,483.0,20,hybridpatch_v2,29,0.9998632073402405,0.9990697503089905,0.9983762502670288,0.9992879033088684
高误差,MATR_b2c13,483.0,20,hybridpatch_v2,30,0.9997363090515137,0.9989784955978394,0.9982408881187439,0.9992083311080933
高误差,MATR_b2c13,483.0,20,hybridpatch_v2,31,0.9995006322860718,0.998890221118927,0.9981100559234619,0.9991312026977539
高误差,MATR_b2c13,483.0,20,hybridpatch_v2,32,0.9995362162590027,0.99880450963974,0.9979830980300903,0.9990561008453369
高误差,MATR_b2c13,483.0,20,hybridpatch_v2,33,0.9993186593055725,0.9987210631370544,0.997859537601471,0.9989827871322632
高误差,MATR_b2c13,483.0,20,hybridpatch_v2,34,0.9992232322692871,0.9986395835876465,0.9977389574050903,0.9989110827445984
高误差,MATR_b2c13,483.0,20,hybridpatch_v2,35,0.9993290901184082,0.9985598921775818,0.9976211190223694,0.998840868473053
高误差,MATR_b2c13,483.0,20,hybridpatch_v2,36,0.9991541504859924,0.998481810092926,0.9975057244300842,0.9987719058990479
高误差,MATR_b2c13,483.0,20,hybridpatch_v2,37,0.9991335272789001,0.9984052181243896,0.9973925352096558,0.9987040758132935
高误差,MATR_b2c13,483.0,20,hybridpatch_v2,38,0.999211311340332,0.9983299374580383,0.9972813725471497,0.9986373782157898
高误差,MATR_b2c13,483.0,20,hybridpatch_v2,39,0.9990209937095642,0.9982558488845825,0.9971720576286316,0.9985716342926025
高误差,MATR_b2c13,483.0,20,hybridpatch_v2,40,0.9989025592803955,0.9981828927993774,0.997064471244812,0.9985067844390869
高误差,MATR_b2c13,483.0,20,hybridpatch_v2,41,0.9988333582878113,0.9981110095977783,0.9969584345817566,0.9984427690505981
高误差,MATR_b2c13,483.0,20,hybridpatch_v2,42,0.9986043572425842,0.9980400800704956,0.9968538284301758,0.9983795285224915
高误差,MATR_b2c13,483.0,20,hybridpatch_v2,43,0.9985045790672302,0.9979700446128845,0.9967506527900696,0.9983170628547668
高误差,MATR_b2c13,483.0,20,hybridpatch_v2,44,0.998341977596283,0.9979009032249451,0.9966487884521484,0.9982552528381348
高误差,MATR_b2c13,483.0,20,hybridpatch_v2,45,0.9982786178588867,0.9978325366973877,0.996548056602478,0.9981940388679504
高误差,MATR_b2c13,483.0,20,hybridpatch_v2,46,0.9981461763381958,0.9977648854255676,0.9964485168457031,0.9981334805488586
高误差,MATR_b2c13,483.0,20,hybridpatch_v2,47,0.9979669451713562,0.9976979494094849,0.9963499903678894,0.9980734586715698
高误差,MATR_b2c13,483.0,20,hybridpatch_v2,48,0.997820258140564,0.9976316690444946,0.9962524771690369,0.998013973236084
高误差,MATR_b2c13,483.0,20,hybridpatch_v2,49,0.9977799654006958,0.9975660443305969,0.9961559772491455,0.9979550242424011
高误差,MATR_b2c13,483.0,20,hybridpatch_v2,50,0.9976696968078613,0.997501015663147,0.996060311794281,0.9978965520858765
高误差,MATR_b2c13,483.0,20,hybridpatch_v2,51,0.9975242614746094,0.9974365234375,0.9959655404090881,0.9978384971618652
高误差,MATR_b2c13,483.0,20,hybridpatch_v2,52,0.9974799156188965,0.997372567653656,0.9958716034889221,0.9977809190750122
高误差,MATR_b2c13,483.0,20,hybridpatch_v2,53,0.9971795678138733,0.997309148311615,0.9957784414291382,0.9977236986160278
高误差,MATR_b2c13,483.0,20,hybridpatch_v2,54,0.9969892501831055,0.997246265411377,0.9956859946250916,0.9976668953895569
高误差,MATR_b2c13,483.0,20,hybridpatch_v2,55,0.9969468712806702,0.9971837997436523,0.995594322681427,0.9976105093955994
高误差,MATR_b2c13,483.0,20,hybridpatch_v2,56,0.9967036843299866,0.9971218109130859,0.9955032467842102,0.9975544214248657
高误差,MATR_b2c13,483.0,20,hybridpatch_v2,57,0.9964437484741211,0.997060239315033,0.9954128861427307,0.9974987506866455
高误差,MATR_b2c13,483.0,20,hybridpatch_v2,58,0.9965456128120422,0.9969990253448486,0.9953231811523438,0.9974433779716492
高误差,MATR_b2c13,483.0,20,hybridpatch_v2,59,0.9963855147361755,0.9969382882118225,0.9952340126037598,0.9973883032798767
高误差,MATR_b2c13,483.0,20,hybridpatch_v2,60,0.9962664246559143,0.996877908706665,0.9951454401016235,0.9973335862159729
高误差,MATR_b2c13,483.0,20,hybridpatch_v2,61,0.9962126612663269,0.9968178868293762,0.9950574636459351,0.9972791075706482
高误差,MATR_b2c13,483.0,20,hybridpatch_v2,62,0.9959961175918579,0.9967582821846008,0.9949699640274048,0.9972249865531921
高误差,MATR_b2c13,483.0,20,hybridpatch_v2,63,0.9957907795906067,0.9966989755630493,0.9948830604553223,0.9971711039543152
高误差,MATR_b2c13,483.0,20,hybridpatch_v2,64,0.9957372546195984,0.9966399669647217,0.994796633720398,0.9971174597740173
高误差,MATR_b2c13,483.0,20,hybridpatch_v2,65,0.9955844283103943,0.9965813159942627,0.9947106242179871,0.9970641136169434
高误差,MATR_b2c13,483.0,20,hybridpatch_v2,66,0.9954484701156616,0.9965229630470276,0.9946251511573792,0.9970110058784485
高误差,MATR_b2c13,483.0,20,hybridpatch_v2,67,0.9952705502510071,0.9964649081230164,0.9945401549339294,0.9969580769538879
高误差,MATR_b2c13,483.0,20,hybridpatch_v2,68,0.9950772523880005,0.996407151222229,0.9944555163383484,0.9969054460525513
高误差,MATR_b2c13,483.0,20,hybridpatch_v2,69,0.9950264692306519,0.9963496923446655,0.9943713545799255,0.9968530535697937
高误差,MATR_b2c13,483.0,20,hybridpatch_v2,70,0.9947624802589417,0.9962924718856812,0.9942876100540161,0.9968008399009705
高误差,MATR_b2c13,483.0,20,hybridpatch_v2,71,0.9945796728134155,0.9962354898452759,0.9942042231559753,0.9967488646507263
高误差,MATR_b2c13,483.0,20,hybridpatch_v2,72,0.9944953322410583,0.9961788058280945,0.994121253490448,0.9966970682144165
高误差,MATR_b2c13,483.0,20,hybridpatch_v2,73,0.994331419467926,0.9961223602294922,0.9940387010574341,0.9966455101966858
高误差,MATR_b2c13,483.0,20,hybridpatch_v2,74,0.9942013621330261,0.9960662126541138,0.993956446647644,0.9965941309928894
高误差,MATR_b2c13,483.0,20,hybridpatch_v2,75,0.9941798448562622,0.9960102438926697,0.9938746094703674,0.9965429306030273
高误差,MATR_b2c13,483.0,20,hybridpatch_v2,76,0.9938647747039795,0.9959545135498047,0.9937930703163147,0.9964919090270996
高误差,MATR_b2c13,483.0,20,hybridpatch_v2,77,0.9935839772224426,0.995898962020874,0.9937118887901306,0.9964410662651062
高误差,MATR_b2c13,483.0,20,hybridpatch_v2,78,0.9935011863708496,0.9958437085151672,0.9936310052871704,0.9963904023170471
高误差,MATR_b2c13,483.0,20,hybridpatch_v2,79,0.9932956099510193,0.99578857421875,0.9935504794120789,0.9963399171829224
高误差,MATR_b2c13,483.0,20,hybridpatch_v2,80,0.9931064248085022,0.9957337379455566,0.9934702515602112,0.9962896108627319
高误差,MATR_b2c13,483.0,20,hybridpatch_v2,81,0.9930142760276794,0.9956790208816528,0.9933903217315674,0.996239423751831
高误差,MATR_b2c13,483.0,20,hybridpatch_v2,82,0.9927852153778076,0.9956245422363281,0.9933106899261475,0.9961894154548645
高误差,MATR_b2c13,483.0,20,hybridpatch_v2,83,0.9926281571388245,0.9955702424049377,0.9932313561439514,0.9961395859718323
高误差,MATR_b2c13,483.0,20,hybridpatch_v2,84,0.9925376176834106,0.9955161809921265,0.9931523203849792,0.9960898756980896
高误差,MATR_b2c13,483.0,20,hybridpatch_v2,85,0.9924788475036621,0.9954622387886047,0.993073582649231,0.9960403442382812
高误差,MATR_b2c13,483.0,20,hybridpatch_v2,86,0.9923881888389587,0.9954084753990173,0.9929950833320618,0.9959909319877625
高误差,MATR_b2c13,483.0,20,hybridpatch_v2,87,0.9921733140945435,0.995354950428009,0.9929168224334717,0.9959416389465332
高误差,MATR_b2c13,483.0,20,hybridpatch_v2,88,0.9919341206550598,0.9953015446662903,0.9928388595581055,0.9958925247192383
高误差,MATR_b2c13,483.0,20,hybridpatch_v2,89,0.991811990737915,0.9952483177185059,0.9927610754966736,0.9958434700965881
高误差,MATR_b2c13,483.0,20,hybridpatch_v2,90,0.991562008857727,0.995195209980011,0.9926835894584656,0.9957946538925171
高误差,MATR_b2c13,483.0,20,hybridpatch_v2,91,0.9913414120674133,0.9951423406600952,0.9926064014434814,0.9957458972930908
高误差,MATR_b2c13,483.0,20,hybridpatch_v2,92,0.9913137555122375,0.995089590549469,0.9925293922424316,0.9956972599029541
高误差,MATR_b2c13,483.0,20,hybridpatch_v2,93,0.9910405874252319,0.9950369596481323,0.9924526214599609,0.9956487417221069
高误差,MATR_b2c13,483.0,20,hybridpatch_v2,94,0.9908562898635864,0.99498450756073,0.9923760294914246,0.9956004023551941
高误差,MATR_b2c13,483.0,20,hybridpatch_v2,95,0.9906808733940125,0.994932234287262,0.9922997355461121,0.995552122592926
高误差,MATR_b2c13,483.0,20,hybridpatch_v2,96,0.990468442440033,0.9948800802230835,0.9922236204147339,0.9955040216445923
高误差,MATR_b2c13,483.0,20,hybridpatch_v2,97,0.9903779029846191,0.9948280453681946,0.9921477437019348,0.9954559803009033
高误差,MATR_b2c13,483.0,20,hybridpatch_v2,98,0.9902082085609436,0.9947761297225952,0.9920720458030701,0.9954080581665039
高误差,MATR_b2c13,483.0,20,hybridpatch_v2,99,0.9900206327438354,0.9947243928909302,0.9919965863227844,0.995360255241394
高误差,MATR_b2c13,483.0,20,hybridpatch_v2,100,0.9896886944770813,0.9946727752685547,0.9919213056564331,0.9953125715255737
高误差,MATR_b2c13,483.0,20,hybridpatch_v2,101,0.9895370006561279,0.9946213364601135,0.9918462038040161,0.9952649474143982
高误差,MATR_b2c13,483.0,20,hybridpatch_v2,102,0.9893766641616821,0.9945699572563171,0.9917713403701782,0.9952174425125122
高误差,MATR_b2c13,483.0,20,hybridpatch_v2,103,0.9892194867134094,0.9945186972618103,0.9916966557502747,0.9951700568199158
高误差,MATR_b2c13,483.0,20,hybridpatch_v2,104,0.9889076948165894,0.9944676160812378,0.9916220903396606,0.9951227903366089
高误差,MATR_b2c13,483.0,20,hybridpatch_v2,105,0.9887341260910034,0.9944166541099548,0.9915478229522705,0.9950755834579468
高误差,MATR_b2c13,483.0,20,hybridpatch_v2,106,0.9885821342468262,0.9943657517433167,0.9914736747741699,0.9950284957885742
高误差,MATR_b2c13,483.0,20,hybridpatch_v2,107,0.9884321093559265,0.9943150281906128,0.9913997054100037,0.9949814677238464
高误差,MATR_b2c13,483.0,20,hybridpatch_v2,108,0.9883802533149719,0.9942643642425537,0.9913259148597717,0.9949345588684082
高误差,MATR_b2c13,483.0,20,hybridpatch_v2,109,0.9882640242576599,0.994213879108429,0.9912523031234741,0.9948877692222595
高误差,MATR_b2c13,483.0,20,hybridpatch_v2,110,0.9879788756370544,0.994163453578949,0.9911788105964661,0.9948410391807556
高误差,MATR_b2c13,483.0,20,hybridpatch_v2,111,0.9876928329467773,0.9941131472587585,0.9911055564880371,0.9947943687438965
高误差,MATR_b2c13,483.0,20,hybridpatch_v2,112,0.9876646399497986,0.9940629601478577,0.9910324215888977,0.9947478175163269
高误差,MATR_b2c13,483.0,20,hybridpatch_v2,113,0.9873284697532654,0.9940128922462463,0.9909594655036926,0.9947013258934021
高误差,MATR_b2c13,483.0,20,hybridpatch_v2,114,0.9872587323188782,0.9939628839492798,0.9908866286277771,0.9946549534797668
高误差,MATR_b2c13,483.0,20,hybridpatch_v2,115,0.9870497584342957,0.9939129948616028,0.9908139705657959,0.9946086406707764
高误差,MATR_b2c13,483.0,20,hybridpatch_v2,116,0.9868236780166626,0.9938632249832153,0.990741491317749,0.9945624470710754
高误差,MATR_b2c13,483.0,20,hybridpatch_v2,117,0.9866116642951965,0.9938135743141174,0.9906691312789917,0.9945162534713745
高误差,MATR_b2c13,483.0,20,hybridpatch_v2,118,0.9864488840103149,0.9937639832496643,0.9905969500541687,0.9944702386856079
高误差,MATR_b2c13,483.0,20,hybridpatch_v2,119,0.9862356185913086,0.9937145113945007,0.9905248880386353,0.9944242238998413
高误差,MATR_b2c13,483.0,20,hybridpatch_v2,120,0.9861432313919067,0.9936650991439819,0.9904530048370361,0.9943783283233643
高误差,MATR_b2c13,483.0,20,hybridpatch_v2,121,0.9858688116073608,0.9936158061027527,0.9903812408447266,0.994332492351532
高误差,MATR_b2c13,483.0,20,hybridpatch_v2,122,0.9856996536254883,0.9935665726661682,0.9903095960617065,0.9942867159843445
高误差,MATR_b2c13,483.0,20,hybridpatch_v2,123,0.9856594204902649,0.9935174584388733,0.9902381300926208,0.9942409992218018
高误差,MATR_b2c13,483.0,20,hybridpatch_v2,124,0.9853947758674622,0.9934684634208679,0.9901667833328247,0.9941954016685486
高误差,MATR_b2c13,483.0,20,hybridpatch_v2,125,0.9851927757263184,0.9934195280075073,0.9900955557823181,0.9941498637199402
高误差,MATR_b2c13,483.0,20,hybridpatch_v2,126,0.9850404858589172,0.9933706521987915,0.9900244474411011,0.9941043853759766
高误差,MATR_b2c13,483.0,20,hybridpatch_v2,127,0.9847378730773926,0.9933218955993652,0.9899535179138184,0.9940589666366577
高误差,MATR_b2c13,483.0,20,hybridpatch_v2,128,0.9844872355461121,0.9932732582092285,0.9898826479911804,0.9940136075019836
高误差,MATR_b2c13,483.0,20,hybridpatch_v2,129,0.9843866229057312,0.9932246208190918,0.9898119568824768,0.9939683675765991
高误差,MATR_b2c13,483.0,20,hybridpatch_v2,130,0.9840969443321228,0.9931761026382446,0.9897413849830627,0.9939231276512146
高误差,MATR_b2c13,483.0,20,hybridpatch_v2,131,0.9839383363723755,0.993127703666687,0.9896709322929382,0.9938780069351196
高误差,MATR_b2c13,483.0,20,hybridpatch_v2,132,0.9838529229164124,0.9930793046951294,0.9896005988121033,0.9938329458236694
高误差,MATR_b2c13,483.0,20,hybridpatch_v2,133,0.9835435748100281,0.9930310845375061,0.9895303845405579,0.9937878847122192
高误差,MATR_b2c13,483.0,20,hybridpatch_v2,134,0.9834992289543152,0.9929828643798828,0.9894602298736572,0.9937429428100586
高误差,MATR_b2c13,483.0,20,hybridpatch_v2,135,0.9832314848899841,0.9929347634315491,0.9893902540206909,0.9936980605125427
高误差,MATR_b2c13,483.0,20,hybridpatch_v2,136,0.9830186367034912,0.9928867220878601,0.9893203973770142,0.9936532378196716
高误差,MATR_b2c13,483.0,20,hybridpatch_v2,137,0.9829067587852478,0.9928387403488159,0.989250659942627,0.9936084747314453
高误差,MATR_b2c13,483.0,20,hybridpatch_v2,138,0.9826469421386719,0.9927908182144165,0.9891809821128845,0.9935637712478638
高误差,MATR_b2c13,483.0,20,hybridpatch_v2,139,0.9824239611625671,0.9927430152893066,0.9891114830970764,0.993519127368927
高误差,MATR_b2c13,483.0,20,hybridpatch_v2,140,0.9823329448699951,0.9926952719688416,0.9890420436859131,0.9934744834899902
高误差,MATR_b2c13,483.0,20,hybridpatch_v2,141,0.9819928407669067,0.9926475882530212,0.9889727234840393,0.993429958820343
高误差,MATR_b2c13,483.0,20,hybridpatch_v2,142,0.9818107485771179,0.9925999641418457,0.9889035224914551,0.9933854937553406
高误差,MATR_b2c13,483.0,20,hybridpatch_v2,143,0.9817164540290833,0.9925523996353149,0.9888343811035156,0.9933410882949829
高误差,MATR_b2c13,483.0,20,hybridpatch_v2,144,0.9813608527183533,0.9925049543380737,0.9887654185295105,0.9932966828346252
高误差,MATR_b2c13,483.0,20,hybridpatch_v2,145,0.9811385869979858,0.9924575686454773,0.9886965155601501,0.9932523965835571
高误差,MATR_b2c13,483.0,20,hybridpatch_v2,146,0.9810985922813416,0.9924101829528809,0.9886277318000793,0.993208110332489
高误差,MATR_b2c13,483.0,20,hybridpatch_v2,147,0.9808387756347656,0.992362916469574,0.9885590076446533,0.9931639432907104
高误差,MATR_b2c13,483.0,20,hybridpatch_v2,148,0.9806215763092041,0.9923157095909119,0.9884904026985168,0.9931197762489319
高误差,MATR_b2c13,483.0,20,hybridpatch_v2,149,0.9804370999336243,0.9922685623168945,0.9884219169616699,0.9930756688117981
高误差,MATR_b2c13,483.0,20,hybridpatch_v2,150,0.9802655577659607,0.9922215342521667,0.9883534908294678,0.9930316209793091
高误差,MATR_b2c13,483.0,20,hybridpatch_v2,151,0.9799870252609253,0.992174506187439,0.9882851839065552,0.9929876327514648
高误差,MATR_b2c13,483.0,20,hybridpatch_v2,152,0.9797799587249756,0.992127537727356,0.9882169961929321,0.9929436445236206
高误差,MATR_b2c13,483.0,20,hybridpatch_v2,153,0.9795701503753662,0.9920806288719177,0.9881488680839539,0.9928997755050659
高误差,MATR_b2c13,483.0,20,hybridpatch_v2,154,0.9794450402259827,0.992033839225769,0.9880808591842651,0.9928559064865112
高误差,MATR_b2c13,483.0,20,hybridpatch_v2,155,0.9792494773864746,0.9919870495796204,0.9880129098892212,0.9928120970726013
高误差,MATR_b2c13,483.0,20,hybridpatch_v2,156,0.9790821075439453,0.9919403195381165,0.987945020198822,0.9927683472633362
高误差,MATR_b2c13,483.0,20,hybridpatch_v2,157,0.9789343476295471,0.9918937087059021,0.9878773093223572,0.9927246570587158
高误差,MATR_b2c13,483.0,20,hybridpatch_v2,158,0.9787018299102783,0.9918470978736877,0.9878095984458923,0.9926809668540955
高误差,MATR_b2c13,483.0,20,hybridpatch_v2,159,0.9784905314445496,0.9918005466461182,0.9877420663833618,0.9926373362541199
高误差,MATR_b2c13,483.0,20,hybridpatch_v2,160,0.9773189425468445,0.9917541146278381,0.9876745343208313,0.9925937652587891
高误差,MATR_b2c13,483.0,20,hybridpatch_v2,161,0.9782180786132812,0.9917076826095581,0.9876071214675903,0.992550253868103
高误差,MATR_b2c13,483.0,20,hybridpatch_v2,162,0.978050708770752,0.9916613101959229,0.9875398278236389,0.9925068020820618
高误差,MATR_b2c13,483.0,20,hybridpatch_v2,163,0.9778661131858826,0.9916149973869324,0.9874725341796875,0.9924633502960205
高误差,MATR_b2c13,483.0,20,hybridpatch_v2,164,0.9776962995529175,0.9915687441825867,0.9874054193496704,0.992419958114624
高误差,MATR_b2c13,483.0,20,hybridpatch_v2,165,0.9774628281593323,0.9915225505828857,0.9873383045196533,0.9923766255378723
高误差,MATR_b2c13,483.0,20,hybridpatch_v2,166,0.9772651791572571,0.9914772510528564,0.9872713088989258,0.9923332929611206
高误差,MATR_b2c13,483.0,20,hybridpatch_v2,167,0.9770360589027405,0.9914321303367615,0.9872044324874878,0.9922900795936584
高误差,MATR_b2c13,483.0,20,hybridpatch_v2,168,0.9768323302268982,0.9913870096206665,0.9871375560760498,0.9922468662261963
高误差,MATR_b2c13,483.0,20,hybridpatch_v2,169,0.9766330718994141,0.9913419485092163,0.9870707988739014,0.9922036528587341
高误差,MATR_b2c13,483.0,20,hybridpatch_v2,170,0.97637540102005,0.9912969470024109,0.9870041608810425,0.9921604990959167
高误差,MATR_b2c13,483.0,20,hybridpatch_v2,171,0.9762142896652222,0.9912520051002502,0.9869375228881836,0.9921174049377441
高误差,MATR_b2c13,483.0,20,hybridpatch_v2,172,0.9759609699249268,0.9912071228027344,0.9868710041046143,0.9920743703842163
高误差,MATR_b2c13,483.0,20,hybridpatch_v2,173,0.9757583737373352,0.9911623001098633,0.9868045449256897,0.9920313954353333
高误差,MATR_b2c13,483.0,20,hybridpatch_v2,174,0.9755791425704956,0.991117537021637,0.9867382049560547,0.9919884204864502
高误差,MATR_b2c13,483.0,20,hybridpatch_v2,175,0.9752739071846008,0.9910727739334106,0.9866718649864197,0.9919454455375671
高误差,MATR_b2c13,483.0,20,hybridpatch_v2,176,0.9750869870185852,0.9910281300544739,0.9866056442260742,0.9919025897979736
高误差,MATR_b2c13,483.0,20,hybridpatch_v2,177,0.9749571084976196,0.9909834861755371,0.9865394830703735,0.9918597340583801
高误差,MATR_b2c13,483.0,20,hybridpatch_v2,178,0.9747145175933838,0.9909389019012451,0.9864734411239624,0.9918168783187866
高误差,MATR_b2c13,483.0,20,hybridpatch_v2,179,0.9745180010795593,0.9908943772315979,0.9864073991775513,0.9917740821838379
高误差,MATR_b2c13,483.0,20,hybridpatch_v2,180,0.9743700623512268,0.9908499121665955,0.9863414764404297,0.9917313456535339
高误差,MATR_b2c13,483.0,20,hybridpatch_v2,181,0.9741906523704529,0.9908055067062378,0.9862756133079529,0.9916886687278748
高误差,MATR_b2c13,483.0,20,hybridpatch_v2,182,0.9740011096000671,0.9907611012458801,0.9862098097801208,0.9916459918022156
高误差,MATR_b2c13,483.0,20,hybridpatch_v2,183,0.9737773537635803,0.9907167553901672,0.9861440658569336,0.9916033744812012
高误差,MATR_b2c13,483.0,20,hybridpatch_v2,184,0.9735479354858398,0.9906724691390991,0.9860783815383911,0.9915607571601868
高误差,MATR_b2c13,483.0,20,hybridpatch_v2,185,0.9734590649604797,0.9906282424926758,0.9860128164291382,0.9915181994438171
高误差,MATR_b2c13,483.0,20,hybridpatch_v2,186,0.9720727205276489,0.9905840754508972,0.9859472513198853,0.9914757013320923
高误差,MATR_b2c13,483.0,20,hybridpatch_v2,187,0.9729588031768799,0.9905399084091187,0.9858818054199219,0.9914332032203674
高误差,MATR_b2c13,483.0,20,hybridpatch_v2,188,0.9728227257728577,0.9904958009719849,0.9858164191246033,0.9913907647132874
高误差,MATR_b2c13,483.0,20,hybridpatch_v2,189,0.9724661111831665,0.9904517531394958,0.9857510328292847,0.9913483262062073
高误差,MATR_b2c13,483.0,20,hybridpatch_v2,190,0.9722618460655212,0.9904077649116516,0.9856857657432556,0.991305947303772
高误差,MATR_b2c13,483.0,20,hybridpatch_v2,191,0.9721655249595642,0.9903638362884521,0.9856205582618713,0.9912635684013367
高误差,MATR_b2c13,483.0,20,hybridpatch_v2,192,0.9719071984291077,0.9903199076652527,0.9855554103851318,0.9912212491035461
高误差,MATR_b2c13,483.0,20,hybridpatch_v2,193,0.9717985391616821,0.990276038646698,0.9854903817176819,0.9911789894104004
高误差,MATR_b2c13,483.0,20,hybridpatch_v2,194,0.9716031551361084,0.9902321696281433,0.9854253530502319,0.9911367297172546
高误差,MATR_b2c13,483.0,20,hybridpatch_v2,195,0.9713507294654846,0.9901884198188782,0.9853603839874268,0.9910945296287537
高误差,MATR_b2c13,483.0,20,hybridpatch_v2,196,0.9710075259208679,0.990144670009613,0.9852954745292664,0.9910523295402527
高误差,MATR_b2c13,483.0,20,hybridpatch_v2,197,0.9708966016769409,0.9901009798049927,0.9852306842803955,0.9910101890563965
高误差,MATR_b2c13,483.0,20,hybridpatch_v2,198,0.9706404209136963,0.9900572896003723,0.9851658940315247,0.9909680485725403
高误差,MATR_b2c13,483.0,20,hybridpatch_v2,199,0.9704318046569824,0.9900136590003967,0.9851011633872986,0.9909259676933289
高误差,MATR_b2c13,483.0,20,hybridpatch_v2,200,0.9702088832855225,0.9899700880050659,0.9850364923477173,0.9908838868141174
高误差,MATR_b2c13,483.0,20,hybridpatch_v2,201,0.9699453711509705,0.9899265766143799,0.9849719405174255,0.9908418655395508
高误差,MATR_b2c13,483.0,20,hybridpatch_v2,202,0.969829797744751,0.9898830652236938,0.9849073886871338,0.9907999038696289
高误差,MATR_b2c13,483.0,20,hybridpatch_v2,203,0.9696323871612549,0.9898396134376526,0.9848428964614868,0.990757942199707
高误差,MATR_b2c13,483.0,20,hybridpatch_v2,204,0.9694975018501282,0.9897962212562561,0.9847784638404846,0.9907159805297852
高误差,MATR_b2c13,483.0,20,hybridpatch_v2,205,0.9693607091903687,0.9897528290748596,0.9847140908241272,0.9906740784645081
高误差,MATR_b2c13,483.0,20,hybridpatch_v2,206,0.9690881371498108,0.9897094964981079,0.9846497774124146,0.9906322360038757
高误差,MATR_b2c13,483.0,20,hybridpatch_v2,207,0.9688500761985779,0.9896661639213562,0.9845855236053467,0.9905903935432434
高误差,MATR_b2c13,483.0,20,hybridpatch_v2,208,0.9687283039093018,0.989622950553894,0.9845213294029236,0.9905485510826111
高误差,MATR_b2c13,483.0,20,hybridpatch_v2,209,0.968506395816803,0.9895797371864319,0.9844571948051453,0.9905067682266235
高误差,MATR_b2c13,483.0,20,hybridpatch_v2,210,0.9683980345726013,0.9895365238189697,0.9843931198120117,0.9904650449752808
高误差,MATR_b2c13,483.0,20,hybridpatch_v2,211,0.968123733997345,0.9894933700561523,0.984329104423523,0.9904232621192932
高误差,MATR_b2c13,483.0,20,hybridpatch_v2,212,0.9668082594871521,0.9894502758979797,0.9842650890350342,0.9903815984725952
高误差,MATR_b2c13,483.0,20,hybridpatch_v2,213,0.967667281627655,0.9894072413444519,0.984201192855835,0.9903399348258972
高误差,MATR_b2c13,483.0,20,hybridpatch_v2,214,0.9674606323242188,0.9893642067909241,0.9841372966766357,0.9902982711791992
高误差,MATR_b2c13,483.0,20,hybridpatch_v2,215,0.9672365784645081,0.9893211722373962,0.9840734601020813,0.990256667137146
高误差,MATR_b2c13,483.0,20,hybridpatch_v2,216,0.9670978784561157,0.9892781972885132,0.9840096831321716,0.9902150630950928
高误差,MATR_b2c13,483.0,20,hybridpatch_v2,217,0.966925323009491,0.9892352819442749,0.9839459657669067,0.9901735186576843
高误差,MATR_b2c13,483.0,20,hybridpatch_v2,218,0.9667128324508667,0.9891924262046814,0.9838823080062866,0.9901319742202759
高误差,MATR_b2c13,483.0,20,hybridpatch_v2,219,0.9665324091911316,0.9891495704650879,0.9838187098503113,0.9900904893875122
高误差,MATR_b2c13,483.0,20,hybridpatch_v2,220,0.9662380814552307,0.9891067743301392,0.9837551116943359,0.9900490045547485
高误差,MATR_b2c13,483.0,20,hybridpatch_v2,221,0.9660718441009521,0.9890639781951904,0.9836916327476501,0.9900075793266296
高误差,MATR_b2c13,483.0,20,hybridpatch_v2,222,0.9659367799758911,0.9890212416648865,0.9836281538009644,0.9899661540985107
高误差,MATR_b2c13,483.0,20,hybridpatch_v2,223,0.9656916856765747,0.9889785051345825,0.9835647344589233,0.9899247288703918
高误差,MATR_b2c13,483.0,20,hybridpatch_v2,224,0.9654952883720398,0.9889358282089233,0.9835013747215271,0.9898833632469177
高误差,MATR_b2c13,483.0,20,hybridpatch_v2,225,0.9653273224830627,0.9888932108879089,0.9834380149841309,0.9898419976234436
高误差,MATR_b2c13,483.0,20,hybridpatch_v2,226,0.9651287198066711,0.9888505935668945,0.9833747744560242,0.9898006916046143
高误差,MATR_b2c13,483.0,20,hybridpatch_v2,227,0.9648871421813965,0.9888080358505249,0.9833115339279175,0.9897593855857849
高误差,MATR_b2c13,483.0,20,hybridpatch_v2,228,0.964738130569458,0.9887654781341553,0.9832483530044556,0.9897181391716003
高误差,MATR_b2c13,483.0,20,hybridpatch_v2,229,0.9644873738288879,0.9887229800224304,0.9831852316856384,0.9896768927574158
高误差,MATR_b2c13,483.0,20,hybridpatch_v2,230,0.9642770886421204,0.9886804819107056,0.9831221699714661,0.9896356463432312
高误差,MATR_b2c13,483.0,20,hybridpatch_v2,231,0.9640378952026367,0.9886380434036255,0.9830591082572937,0.9895944595336914
高误差,MATR_b2c13,483.0,20,hybridpatch_v2,232,0.9637771248817444,0.9885956048965454,0.9829961657524109,0.9895533323287964
高误差,MATR_b2c13,483.0,20,hybridpatch_v2,233,0.9636908173561096,0.9885532259941101,0.9829332232475281,0.9895121455192566
高误差,MATR_b2c13,483.0,20,hybridpatch_v2,234,0.9633868932723999,0.9885109066963196,0.9828702807426453,0.9894710183143616
高误差,MATR_b2c13,483.0,20,hybridpatch_v2,235,0.9631727337837219,0.988468587398529,0.982807457447052,0.9894299507141113
高误差,MATR_b2c13,483.0,20,hybridpatch_v2,236,0.9630993604660034,0.9884263277053833,0.9827446341514587,0.9893888831138611
高误差,MATR_b2c13,483.0,20,hybridpatch_v2,237,0.9627416729927063,0.9883840680122375,0.9826818704605103,0.9893478155136108
高误差,MATR_b2c13,483.0,20,hybridpatch_v2,238,0.9624595046043396,0.9883418083190918,0.9826191663742065,0.9893068075180054
高误差,MATR_b2c13,483.0,20,hybridpatch_v2,239,0.9622563719749451,0.9882996082305908,0.9825565218925476,0.9892657995223999
高误差,MATR_b2c13,483.0,20,hybridpatch_v2,240,0.9620329737663269,0.9882574677467346,0.9824938774108887,0.9892247915267944
高误差,MATR_b2c13,483.0,20,hybridpatch_v2,241,0.9617982506752014,0.9882153272628784,0.9824312925338745,0.9891838431358337
高误差,MATR_b2c13,483.0,20,hybridpatch_v2,242,0.9616549611091614,0.988173246383667,0.9823687076568604,0.9891429543495178
高误差,MATR_b2c13,483.0,20,hybridpatch_v2,243,0.9614031910896301,0.9881311655044556,0.9823062419891357,0.9891020059585571
高误差,MATR_b2c13,483.0,20,hybridpatch_v2,244,0.9611688256263733,0.9880891442298889,0.9822437763214111,0.9890611171722412
高误差,MATR_b2c13,483.0,20,hybridpatch_v2,245,0.9391448497772217,0.9880471229553223,0.9821813702583313,0.9890202879905701
高误差,MATR_b2c13,483.0,20,hybridpatch_v2,246,0.9600827097892761,0.9880051612854004,0.9821189641952515,0.9889793992042542
高误差,MATR_b2c13,483.0,20,hybridpatch_v2,247,0.9599334597587585,0.9879631996154785,0.9820566773414612,0.9889386296272278
高误差,MATR_b2c13,483.0,20,hybridpatch_v2,248,0.9598243236541748,0.9879212379455566,0.9819943904876709,0.9888978004455566
高误差,MATR_b2c13,483.0,20,hybridpatch_v2,249,0.9597811102867126,0.9878793954849243,0.9819321036338806,0.9888570308685303
高误差,MATR_b2c13,483.0,20,hybridpatch_v2,250,0.9597070217132568,0.9878374934196472,0.9818699359893799,0.9888162612915039
高误差,MATR_b2c13,483.0,20,hybridpatch_v2,251,0.9595145583152771,0.9877956509590149,0.9818077683448792,0.9887755513191223
高误差,MATR_b2c13,483.0,20,hybridpatch_v2,252,0.9594172239303589,0.9877538681030273,0.9817456007003784,0.9887348413467407
高误差,MATR_b2c13,483.0,20,hybridpatch_v2,253,0.9592463970184326,0.9877120852470398,0.9816835522651672,0.9886941313743591
高误差,MATR_b2c13,483.0,20,hybridpatch_v2,254,0.9590519070625305,0.9876703023910522,0.981621503829956,0.9886534810066223
高误差,MATR_b2c13,483.0,20,hybridpatch_v2,255,0.9588752388954163,0.9876285791397095,0.9815594553947449,0.9886128306388855
高误差,MATR_b2c13,483.0,20,hybridpatch_v2,256,0.9588002562522888,0.9875869154930115,0.9814975261688232,0.9885722398757935
高误差,MATR_b2c13,483.0,20,hybridpatch_v2,257,0.9585199356079102,0.9875452518463135,0.9814355969429016,0.9885315895080566
高误差,MATR_b2c13,483.0,20,hybridpatch_v2,258,0.9583579897880554,0.9875035881996155,0.98137366771698,0.9884909987449646
高误差,MATR_b2c13,483.0,20,hybridpatch_v2,259,0.9582024216651917,0.9874619841575623,0.9813118577003479,0.9884504675865173
高误差,MATR_b2c13,483.0,20,hybridpatch_v2,260,0.9579472541809082,0.987420380115509,0.9812500476837158,0.9884099364280701
高误差,MATR_b2c13,483.0,20,hybridpatch_v2,261,0.9576519727706909,0.9873788356781006,0.9811882376670837,0.9883694052696228
高误差,MATR_b2c13,483.0,20,hybridpatch_v2,262,0.9575182199478149,0.9873372912406921,0.9811265468597412,0.9883288741111755
高误差,MATR_b2c13,483.0,20,hybridpatch_v2,263,0.9573284387588501,0.9872957468032837,0.9810647964477539,0.988288402557373
高误差,MATR_b2c13,483.0,20,hybridpatch_v2,264,0.9572064280509949,0.98725426197052,0.9810031652450562,0.9882479310035706
高误差,MATR_b2c13,483.0,20,hybridpatch_v2,265,0.9569507241249084,0.9872128367424011,0.9809415340423584,0.9882075190544128
高误差,MATR_b2c13,483.0,20,hybridpatch_v2,266,0.9567829966545105,0.9871714115142822,0.9808799624443054,0.9881671071052551
高误差,MATR_b2c13,483.0,20,hybridpatch_v2,267,0.9566881656646729,0.9871299862861633,0.9808183908462524,0.9881266951560974
高误差,MATR_b2c13,483.0,20,hybridpatch_v2,268,0.9564493894577026,0.9870886206626892,0.9807568788528442,0.9880862832069397
高误差,MATR_b2c13,483.0,20,hybridpatch_v2,269,0.9561995267868042,0.9870472550392151,0.9806954264640808,0.9880459308624268
高误差,MATR_b2c13,483.0,20,hybridpatch_v2,270,0.9561024904251099,0.987005889415741,0.9806339740753174,0.9880055785179138
高误差,MATR_b2c13,483.0,20,hybridpatch_v2,271,0.9558210968971252,0.9869645833969116,0.9805725812911987,0.9879652857780457
高误差,MATR_b2c13,483.0,20,hybridpatch_v2,272,0.9556468725204468,0.986923336982727,0.9805111885070801,0.9879249930381775
高误差,MATR_b2c13,483.0,20,hybridpatch_v2,273,0.9554513096809387,0.9868820905685425,0.9804498553276062,0.9878847002983093
高误差,MATR_b2c13,483.0,20,hybridpatch_v2,274,0.9552255272865295,0.9868408441543579,0.9803885817527771,0.9878444075584412
高误差,MATR_b2c13,483.0,20,hybridpatch_v2,275,0.9549037218093872,0.9867996573448181,0.980327308177948,0.9878041744232178
高误差,MATR_b2c13,483.0,20,hybridpatch_v2,276,0.9546558260917664,0.9867584705352783,0.9802660942077637,0.9877639412879944
高误差,MATR_b2c13,483.0,20,hybridpatch_v2,277,0.9544339179992676,0.9867172837257385,0.9802048802375793,0.987723708152771
高误差,MATR_b2c13,483.0,20,hybridpatch_v2,278,0.9540157318115234,0.9866761565208435,0.9801437258720398,0.9876835346221924
高误差,MATR_b2c13,483.0,20,hybridpatch_v2,279,0.9539577960968018,0.9866350293159485,0.9800825715065002,0.9876433610916138
高误差,MATR_b2c13,483.0,20,hybridpatch_v2,280,0.9538090825080872,0.9865939617156982,0.9800214767456055,0.9876031875610352
高误差,MATR_b2c13,483.0,20,hybridpatch_v2,281,0.9536128044128418,0.986552894115448,0.9799604415893555,0.9875630736351013
高误差,MATR_b2c13,483.0,20,hybridpatch_v2,282,0.9532902836799622,0.9865118861198425,0.9798994064331055,0.9875229597091675
高误差,MATR_b2c13,483.0,20,hybridpatch_v2,283,0.9531179070472717,0.9864708781242371,0.9798384308815002,0.9874828457832336
高误差,MATR_b2c13,483.0,20,hybridpatch_v2,284,0.9528667330741882,0.9864298701286316,0.979777455329895,0.9874427318572998
高误差,MATR_b2c13,483.0,20,hybridpatch_v2,285,0.9525968432426453,0.9863889217376709,0.9797165393829346,0.9874026775360107
高误差,MATR_b2c13,483.0,20,hybridpatch_v2,286,0.9521719813346863,0.9863479733467102,0.9796556234359741,0.9873626232147217
高误差,MATR_b2c13,483.0,20,hybridpatch_v2,287,0.9521033763885498,0.9863070249557495,0.9795948266983032,0.9873225688934326
高误差,MATR_b2c13,483.0,20,hybridpatch_v2,288,0.9518327713012695,0.9862661361694336,0.9795339703559875,0.9872825741767883
高误差,MATR_b2c13,483.0,20,hybridpatch_v2,289,0.9515782594680786,0.9862252473831177,0.9794731736183167,0.987242579460144
高误差,MATR_b2c13,483.0,20,hybridpatch_v2,290,0.9513733983039856,0.9861844182014465,0.9794124364852905,0.9872025847434998
高误差,MATR_b2c13,483.0,20,hybridpatch_v2,291,0.951110303401947,0.9861435890197754,0.9793516993522644,0.9871626496315002
高误差,MATR_b2c13,483.0,20,hybridpatch_v2,292,0.9509258270263672,0.9861027598381042,0.9792909622192383,0.9871227145195007
高误差,MATR_b2c13,483.0,20,hybridpatch_v2,293,0.9505865573883057,0.9860619902610779,0.9792303442955017,0.9870827794075012
高误差,MATR_b2c13,483.0,20,hybridpatch_v2,294,0.9503126740455627,0.9860212206840515,0.9791696667671204,0.9870428442955017
高误差,MATR_b2c13,483.0,20,hybridpatch_v2,295,0.9497206211090088,0.9859804511070251,0.9791091084480286,0.987002968788147
高误差,MATR_b2c13,483.0,20,hybridpatch_v2,296,0.9498035907745361,0.9859397411346436,0.979048490524292,0.9869630932807922
高误差,MATR_b2c13,483.0,20,hybridpatch_v2,297,0.9495244026184082,0.985899031162262,0.978987991809845,0.9869232177734375
高误差,MATR_b2c13,483.0,20,hybridpatch_v2,298,0.9492307305335999,0.9858583211898804,0.978927493095398,0.9868833422660828
高误差,MATR_b2c13,483.0,20,hybridpatch_v2,299,0.9490561485290527,0.9858176708221436,0.9788669943809509,0.9868435263633728
高误差,MATR_b2c13,483.0,20,hybridpatch_v2,300,0.9487566351890564,0.9857770800590515,0.9788065552711487,0.9868037104606628
高误差,MATR_b2c13,483.0,20,hybridpatch_v2,301,0.9485154747962952,0.9857364296913147,0.9787461161613464,0.9867638945579529
高误差,MATR_b2c13,483.0,20,hybridpatch_v2,302,0.9482391476631165,0.9856958389282227,0.978685736656189,0.9867241382598877
高误差,MATR_b2c13,483.0,20,hybridpatch_v2,303,0.9479802250862122,0.9856552481651306,0.9786253571510315,0.9866843819618225
高误差,MATR_b2c13,483.0,20,hybridpatch_v2,304,0.9477190971374512,0.9856147170066833,0.9785650372505188,0.9866446256637573
高误差,MATR_b2c13,483.0,20,hybridpatch_v2,305,0.9473760724067688,0.9855741858482361,0.9785047173500061,0.9866048693656921
高误差,MATR_b2c13,483.0,20,hybridpatch_v2,306,0.9473069310188293,0.9855336546897888,0.9784444570541382,0.9865651726722717
高误差,MATR_b2c13,483.0,20,hybridpatch_v2,307,0.9468654990196228,0.9854931831359863,0.978384256362915,0.9865254759788513
高误差,MATR_b2c13,483.0,20,hybridpatch_v2,308,0.9459652900695801,0.9854527115821838,0.9783239960670471,0.9864857792854309
高误差,MATR_b2c13,483.0,20,hybridpatch_v2,309,0.94584721326828,0.9854122400283813,0.9782638549804688,0.9864461421966553
高误差,MATR_b2c13,483.0,20,hybridpatch_v2,310,0.9459733366966248,0.9853718280792236,0.9782037138938904,0.9864064455032349
高误差,MATR_b2c13,483.0,20,hybridpatch_v2,311,0.945335328578949,0.9853314161300659,0.978143572807312,0.9863668084144592
高误差,MATR_b2c13,483.0,20,hybridpatch_v2,312,0.9454377889633179,0.9852910041809082,0.9780834913253784,0.9863271713256836
高误差,MATR_b2c13,483.0,20,hybridpatch_v2,313,0.9450821876525879,0.9852506518363953,0.9780234098434448,0.9862875938415527
高误差,MATR_b2c13,483.0,20,hybridpatch_v2,314,0.9448705911636353,0.9852102994918823,0.977963387966156,0.9862480163574219
高误差,MATR_b2c13,483.0,20,hybridpatch_v2,315,0.94448322057724,0.9851700067520142,0.9779033660888672,0.986208438873291
高误差,MATR_b2c13,483.0,20,hybridpatch_v2,316,0.9442164301872253,0.9851296544075012,0.9778433442115784,0.9861688613891602
高误差,MATR_b2c13,483.0,20,hybridpatch_v2,317,0.9439066052436829,0.9850893616676331,0.9777834415435791,0.9861292839050293
高误差,MATR_b2c13,483.0,20,hybridpatch_v2,318,0.9435551166534424,0.9850491285324097,0.9777234792709351,0.9860897660255432
高误差,MATR_b2c13,483.0,20,hybridpatch_v2,319,0.9430030584335327,0.9850088357925415,0.9776635766029358,0.9860502481460571
高误差,MATR_b2c13,483.0,20,hybridpatch_v2,320,0.9423972964286804,0.9849686026573181,0.9776037335395813,0.986010730266571
高误差,MATR_b2c13,483.0,20,hybridpatch_v2,321,0.9421599507331848,0.9849284291267395,0.9775438904762268,0.9859712719917297
高误差,MATR_b2c13,483.0,20,hybridpatch_v2,322,0.9417732357978821,0.9848881959915161,0.9774840474128723,0.9859317541122437
高误差,MATR_b2c13,483.0,20,hybridpatch_v2,323,0.9419432282447815,0.9848480224609375,0.9774242639541626,0.9858922958374023
高误差,MATR_b2c13,483.0,20,hybridpatch_v2,324,0.9415762424468994,0.9848079085350037,0.9773644804954529,0.9858528971672058
高误差,MATR_b2c13,483.0,20,hybridpatch_v2,325,0.9411861300468445,0.984767735004425,0.9773047566413879,0.9858134388923645
高误差,MATR_b2c13,483.0,20,hybridpatch_v2,326,0.9409833550453186,0.9847276210784912,0.9772450923919678,0.985774040222168
高误差,MATR_b2c13,483.0,20,hybridpatch_v2,327,0.9402434229850769,0.9846875071525574,0.9771853685379028,0.9857346415519714
高误差,MATR_b2c13,483.0,20,hybridpatch_v2,328,0.9399986267089844,0.9846474528312683,0.9771257042884827,0.9856952428817749
高误差,MATR_b2c13,483.0,20,hybridpatch_v2,329,0.9398546814918518,0.9846073985099792,0.9770660996437073,0.9856558442115784
高误差,MATR_b2c13,483.0,20,hybridpatch_v2,330,0.9393077492713928,0.9845673441886902,0.9770064949989319,0.9856165051460266
高误差,MATR_b2c13,483.0,20,hybridpatch_v2,331,0.9391369223594666,0.9845272898674011,0.9769468903541565,0.9855771660804749
高误差,MATR_b2c13,483.0,20,hybridpatch_v2,332,0.9385484457015991,0.9844872951507568,0.9768873453140259,0.9855378270149231
高误差,MATR_b2c13,483.0,20,hybridpatch_v2,333,0.9382596611976624,0.9844473004341125,0.97682785987854,0.9854984879493713
高误差,MATR_b2c13,483.0,20,hybridpatch_v2,334,0.9380678534507751,0.9844073057174683,0.9767683148384094,0.9854592084884644
高误差,MATR_b2c13,483.0,20,hybridpatch_v2,335,0.9376482963562012,0.9843673706054688,0.9767088890075684,0.9854198694229126
高误差,MATR_b2c13,483.0,20,hybridpatch_v2,336,0.9371316432952881,0.9843274354934692,0.9766494035720825,0.9853805899620056
高误差,MATR_b2c13,483.0,20,hybridpatch_v2,337,0.9368925094604492,0.9842875003814697,0.9765899777412415,0.9853413701057434
高误差,MATR_b2c13,483.0,20,hybridpatch_v2,338,0.9360787868499756,0.984247624874115,0.9765306115150452,0.9853020906448364
高误差,MATR_b2c13,483.0,20,hybridpatch_v2,339,0.9361017346382141,0.9842077493667603,0.9764711856842041,0.9852628707885742
高误差,MATR_b2c13,483.0,20,hybridpatch_v2,340,0.9358798861503601,0.9841678738594055,0.9764118790626526,0.985223650932312
高误差,MATR_b2c13,483.0,20,hybridpatch_v2,341,0.9354526996612549,0.9841279983520508,0.9763525128364563,0.9851844310760498
高误差,MATR_b2c13,483.0,20,hybridpatch_v2,342,0.9347147345542908,0.9840881824493408,0.9762932658195496,0.9851452112197876
高误差,MATR_b2c13,483.0,20,hybridpatch_v2,343,0.93462735414505,0.9840483665466309,0.976233959197998,0.9851060509681702
高误差,MATR_b2c13,483.0,20,hybridpatch_v2,344,0.9339408874511719,0.9840085506439209,0.9761747121810913,0.985066831111908
高误差,MATR_b2c13,483.0,20,hybridpatch_v2,345,0.9332360029220581,0.9839687943458557,0.9761154651641846,0.9850277304649353
高误差,MATR_b2c13,483.0,20,hybridpatch_v2,346,0.9329659938812256,0.9839289784431458,0.9760562777519226,0.9849885702133179
高误差,MATR_b2c13,483.0,20,hybridpatch_v2,347,0.9328793883323669,0.9838892817497253,0.9759970903396606,0.9849494099617004
高误差,MATR_b2c13,483.0,20,hybridpatch_v2,348,0.9324382543563843,0.9838495254516602,0.9759379625320435,0.9849103093147278
高误差,MATR_b2c13,483.0,20,hybridpatch_v2,349,0.9321411848068237,0.9838098287582397,0.9758788347244263,0.9848712086677551
高误差,MATR_b2c13,483.0,20,hybridpatch_v2,350,0.9315633773803711,0.9837701320648193,0.9758197069168091,0.9848321080207825
高误差,MATR_b2c13,483.0,20,hybridpatch_v2,351,0.9311577081680298,0.9837304353713989,0.9757606387138367,0.9847930073738098
高误差,MATR_b2c13,483.0,20,hybridpatch_v2,352,0.9307171106338501,0.9836907386779785,0.9757015705108643,0.9847539663314819
高误差,MATR_b2c13,483.0,20,hybridpatch_v2,353,0.9304929375648499,0.9836511015892029,0.9756425619125366,0.9847148656845093
高误差,MATR_b2c13,483.0,20,hybridpatch_v2,354,0.9298621416091919,0.9836114645004272,0.975583553314209,0.9846758246421814
高误差,MATR_b2c13,483.0,20,hybridpatch_v2,355,0.9290990829467773,0.9835718870162964,0.9755245447158813,0.9846368432044983
高误差,MATR_b2c13,483.0,20,hybridpatch_v2,356,0.9284420609474182,0.9835322499275208,0.9754655957221985,0.9845978021621704
高误差,MATR_b2c13,483.0,20,hybridpatch_v2,357,0.9279155731201172,0.9834926724433899,0.9754066467285156,0.9845588207244873
高误差,MATR_b2c13,483.0,20,hybridpatch_v2,358,0.9279242157936096,0.983453094959259,0.9753476977348328,0.9845197796821594
高误差,MATR_b2c13,483.0,20,hybridpatch_v2,359,0.9270193576812744,0.983413577079773,0.9752888083457947,0.9844807982444763
高误差,MATR_b2c13,483.0,20,hybridpatch_v2,360,0.9265490174293518,0.9833739995956421,0.9752299785614014,0.984441876411438
高误差,MATR_b2c13,483.0,20,hybridpatch_v2,361,0.9263787269592285,0.983334481716156,0.9751710891723633,0.9844028949737549
高误差,MATR_b2c13,483.0,20,hybridpatch_v2,362,0.9259515404701233,0.9832950234413147,0.97511225938797,0.9843639135360718
高误差,MATR_b2c13,483.0,20,hybridpatch_v2,363,0.9250214099884033,0.9832555055618286,0.9750534892082214,0.9843249917030334
高误差,MATR_b2c13,483.0,20,hybridpatch_v2,364,0.9246684908866882,0.9832160472869873,0.9749946594238281,0.9842860698699951
高误差,MATR_b2c13,483.0,20,hybridpatch_v2,365,0.9245779514312744,0.983176589012146,0.9749359488487244,0.9842472076416016
高误差,MATR_b2c13,483.0,20,hybridpatch_v2,366,0.923606812953949,0.9831371307373047,0.9748771786689758,0.9842082858085632
高误差,MATR_b2c13,483.0,20,hybridpatch_v2,367,0.9232547879219055,0.9830977320671082,0.9748184680938721,0.9841693639755249
高误差,MATR_b2c13,483.0,20,hybridpatch_v2,368,0.9229498505592346,0.9830583333969116,0.9747597575187683,0.9841305017471313
高误差,MATR_b2c13,483.0,20,hybridpatch_v2,369,0.9223324656486511,0.9830189347267151,0.9747011065483093,0.9840916395187378
高误差,MATR_b2c13,483.0,20,hybridpatch_v2,370,0.9211787581443787,0.9829795360565186,0.9746424555778503,0.9840527772903442
高误差,MATR_b2c13,483.0,20,hybridpatch_v2,371,0.9213359951972961,0.982940137386322,0.9745838046073914,0.9840139746665955
高误差,MATR_b2c13,483.0,20,hybridpatch_v2,372,0.9207087755203247,0.9829007983207703,0.9745252132415771,0.9839751124382019
高误差,MATR_b2c13,483.0,20,hybridpatch_v2,373,0.9199787974357605,0.9828614592552185,0.9744666218757629,0.9839363098144531
高误差,MATR_b2c13,483.0,20,hybridpatch_v2,374,0.9198187589645386,0.9828221797943115,0.9744080901145935,0.9838975071907043
高误差,MATR_b2c13,483.0,20,hybridpatch_v2,375,0.9186020493507385,0.9827828407287598,0.9743494987487793,0.9838587045669556
高误差,MATR_b2c13,483.0,20,hybridpatch_v2,376,0.9181641340255737,0.9827435612678528,0.9742910265922546,0.9838199615478516
高误差,MATR_b2c13,483.0,20,hybridpatch_v2,377,0.9177157282829285,0.9827042818069458,0.9742324948310852,0.9837811589241028
高误差,MATR_b2c13,483.0,20,hybridpatch_v2,378,0.9173142313957214,0.9826650619506836,0.9741740226745605,0.9837424159049988
高误差,MATR_b2c13,483.0,20,hybridpatch_v2,379,0.9167798161506653,0.9826257824897766,0.9741155505180359,0.9837036728858948
高误差,MATR_b2c13,483.0,20,hybridpatch_v2,380,0.9162165522575378,0.9825865626335144,0.974057137966156,0.9836649298667908
高误差,MATR_b2c13,483.0,20,hybridpatch_v2,381,0.9153229594230652,0.9825473427772522,0.9739987254142761,0.9836261868476868
高误差,MATR_b2c13,483.0,20,hybridpatch_v2,382,0.9154097437858582,0.98250812292099,0.9739403128623962,0.9835875034332275
高误差,MATR_b2c13,483.0,20,hybridpatch_v2,383,0.914011538028717,0.9824689626693726,0.9738819599151611,0.9835488200187683
高误差,MATR_b2c13,483.0,20,hybridpatch_v2,384,0.9132885932922363,0.9824297428131104,0.973823606967926,0.9835100769996643
高误差,MATR_b2c13,483.0,20,hybridpatch_v2,385,0.9130623936653137,0.9823906421661377,0.9737652540206909,0.9834713935852051
高误差,MATR_b2c13,483.0,20,hybridpatch_v2,386,0.9127700328826904,0.9823514819145203,0.9737069606781006,0.9834327697753906
高误差,MATR_b2c13,483.0,20,hybridpatch_v2,387,0.9114192724227905,0.9823123216629028,0.9736486673355103,0.9833940863609314
高误差,MATR_b2c13,483.0,20,hybridpatch_v2,388,0.9117169380187988,0.9822732210159302,0.9735903739929199,0.9833554625511169
高误差,MATR_b2c13,483.0,20,hybridpatch_v2,389,0.9102116823196411,0.9822341203689575,0.9735321402549744,0.9833168387413025
高误差,MATR_b2c13,483.0,20,hybridpatch_v2,390,0.910325825214386,0.9821950197219849,0.9734739065170288,0.983278214931488
高误差,MATR_b2c13,483.0,20,hybridpatch_v2,391,0.9094801545143127,0.982155978679657,0.9734156727790833,0.9832395911216736
高误差,MATR_b2c13,483.0,20,hybridpatch_v2,392,0.9091705679893494,0.9821168780326843,0.9733574986457825,0.9832009673118591
高误差,MATR_b2c13,483.0,20,hybridpatch_v2,393,0.9085291028022766,0.9820778369903564,0.9732993245124817,0.9831624031066895
高误差,MATR_b2c13,483.0,20,hybridpatch_v2,394,0.9076859354972839,0.9820387959480286,0.9732411503791809,0.983123779296875
高误差,MATR_b2c13,483.0,20,hybridpatch_v2,395,0.9068772792816162,0.9819998145103455,0.9731830358505249,0.9830852150917053
高误差,MATR_b2c13,483.0,20,hybridpatch_v2,396,0.906632125377655,0.9819607734680176,0.9731249213218689,0.9830466508865356
高误差,MATR_b2c13,483.0,20,hybridpatch_v2,397,0.9057061672210693,0.9819217920303345,0.9730668067932129,0.983008086681366
高误差,MATR_b2c13,483.0,20,hybridpatch_v2,398,0.9049229621887207,0.9818828105926514,0.9730087518692017,0.9829695820808411
高误差,MATR_b2c13,483.0,20,hybridpatch_v2,399,0.9043896794319153,0.9818438291549683,0.9729506969451904,0.9829310178756714
高误差,MATR_b2c13,483.0,20,hybridpatch_v2,400,0.9029978513717651,0.9818049073219299,0.9728926420211792,0.9828925132751465
高误差,MATR_b2c13,483.0,20,hybridpatch_v2,401,0.9030065536499023,0.9817659854888916,0.9728346467018127,0.9828540086746216
高误差,MATR_b2c13,483.0,20,hybridpatch_v2,402,0.9021291136741638,0.9817270636558533,0.9727766513824463,0.9828155040740967
高误差,MATR_b2c13,483.0,20,hybridpatch_v2,403,0.9016055464744568,0.9816881418228149,0.9727186560630798,0.9827769994735718
高误差,MATR_b2c13,483.0,20,hybridpatch_v2,404,0.900578498840332,0.9816492199897766,0.9726607203483582,0.9827385544776917
高误差,MATR_b2c13,483.0,20,hybridpatch_v2,405,0.9002032279968262,0.9816103577613831,0.9726027250289917,0.9827000498771667
高误差,MATR_b2c13,483.0,20,hybridpatch_v2,406,0.8993509411811829,0.9815707802772522,0.9725448489189148,0.9826616048812866
高误差,MATR_b2c13,483.0,20,hybridpatch_v2,407,0.8984595537185669,0.9815278649330139,0.9724869132041931,0.9826231598854065
高误差,MATR_b2c13,483.0,20,hybridpatch_v2,408,0.8975794315338135,0.9814814329147339,0.9724290370941162,0.9825847148895264
高误差,MATR_b2c13,483.0,20,hybridpatch_v2,409,0.896933376789093,0.9814314842224121,0.9723711609840393,0.9825462698936462
高误差,MATR_b2c13,483.0,20,hybridpatch_v2,410,0.8964131474494934,0.9813779592514038,0.9723133444786072,0.9825078845024109
高误差,MATR_b2c13,483.0,20,hybridpatch_v2,411,0.8951745629310608,0.9813209772109985,0.972255527973175,0.9824694395065308
高误差,MATR_b2c13,483.0,20,hybridpatch_v2,412,0.8943337798118591,0.9812604188919067,0.9721977114677429,0.9824310541152954
高误差,MATR_b2c13,483.0,20,hybridpatch_v2,413,0.8938096761703491,0.9811963438987732,0.9721398949623108,0.9823926687240601
高误差,MATR_b2c13,483.0,20,hybridpatch_v2,414,0.8930244445800781,0.9811286926269531,0.9720821380615234,0.9823542833328247
高误差,MATR_b2c13,483.0,20,hybridpatch_v2,415,0.8920807838439941,0.9810575842857361,0.9720243811607361,0.9823158979415894
高误差,MATR_b2c13,483.0,20,hybridpatch_v2,416,0.8912531733512878,0.9809828996658325,0.9719666242599487,0.9822775721549988
高误差,MATR_b2c13,483.0,20,hybridpatch_v2,417,0.8903943300247192,0.9809046387672424,0.9719089269638062,0.9822391867637634
高误差,MATR_b2c13,483.0,20,hybridpatch_v2,418,0.8895922303199768,0.9808229207992554,0.9718512296676636,0.9822008609771729
高误差,MATR_b2c13,483.0,20,hybridpatch_v2,419,0.8886423110961914,0.9807376265525818,0.971793532371521,0.9821625351905823
高误差,MATR_b2c13,483.0,20,hybridpatch_v2,420,0.8879451155662537,0.9806488156318665,0.9717358350753784,0.9821242094039917
高误差,MATR_b2c13,483.0,20,hybridpatch_v2,421,0.8866878747940063,0.9805564880371094,0.9716781973838806,0.9820858836174011
高误差,MATR_b2c13,483.0,20,hybridpatch_v2,422,0.8860787749290466,0.9804606437683105,0.9716205596923828,0.9820476174354553
高误差,MATR_b2c13,483.0,20,hybridpatch_v2,423,0.8853598833084106,0.980379045009613,0.9715629816055298,0.9820092916488647
高误差,MATR_b2c13,483.0,20,hybridpatch_v2,424,0.884191632270813,0.9802946448326111,0.9715054035186768,0.981971025466919
高误差,MATR_b2c13,483.0,20,hybridpatch_v2,425,0.8832243084907532,0.9802064299583435,0.9714478254318237,0.9819327592849731
高误差,MATR_b2c13,483.0,20,hybridpatch_v2,426,0.8824423551559448,0.9801144003868103,0.9713902473449707,0.9818944931030273
高误差,MATR_b2c13,483.0,20,hybridpatch_v2,427,0.881243884563446,0.9800185561180115,0.9713327288627625,0.9818562269210815
高误差,MATR_b2c13,483.0,20,hybridpatch_v2,428,0.88019198179245,0.979918897151947,0.9712751507759094,0.9818180203437805
高误差,MATR_b2c13,483.0,20,hybridpatch_v2,429,0.8788505792617798,0.9798153638839722,0.971217691898346,0.9817797541618347
高误差,MATR_b2c13,483.0,20,hybridpatch_v2,430,0.8780206441879272,0.9797080159187317,0.9711601734161377,0.9817415475845337
高误差,MATR_b2c13,483.0,20,hybridpatch_v2,431,0.8767844438552856,0.9795968532562256,0.9711027145385742,0.9817033410072327
高误差,MATR_b2c13,483.0,20,hybridpatch_v2,432,0.8756148815155029,0.9794818758964539,0.9710452556610107,0.9816651344299316
高误差,MATR_b2c13,483.0,20,hybridpatch_v2,433,0.8741880655288696,0.9793630242347717,0.9709877967834473,0.9816269278526306
高误差,MATR_b2c13,483.0,20,hybridpatch_v2,434,0.8730989694595337,0.9792404174804688,0.9709303975105286,0.9815887212753296
高误差,MATR_b2c13,483.0,20,hybridpatch_v2,435,0.8719632625579834,0.9791139364242554,0.9708729982376099,0.9815505146980286
高误差,MATR_b2c13,483.0,20,hybridpatch_v2,436,0.8708823919296265,0.9789835810661316,0.9708155989646912,0.9815123677253723
高误差,MATR_b2c13,483.0,20,hybridpatch_v2,437,0.8695073127746582,0.978849470615387,0.9707581996917725,0.9814742207527161
高误差,MATR_b2c13,483.0,20,hybridpatch_v2,438,0.8682122230529785,0.9787114858627319,0.9707008600234985,0.9814360737800598
高误差,MATR_b2c13,483.0,20,hybridpatch_v2,439,0.8671197295188904,0.9785696864128113,0.9706435203552246,0.9813979268074036
高误差,MATR_b2c13,483.0,20,hybridpatch_v2,440,0.8657967448234558,0.978424072265625,0.9705862402915955,0.9813597798347473
高误差,MATR_b2c13,483.0,20,hybridpatch_v2,441,0.8645896911621094,0.9782746434211731,0.9705273509025574,0.9813216328620911
高误差,MATR_b2c13,483.0,20,hybridpatch_v2,442,0.8630178570747375,0.9781213402748108,0.9704620242118835,0.9812835454940796
高误差,MATR_b2c13,483.0,20,hybridpatch_v2,443,0.8618980050086975,0.9779642820358276,0.9703898429870605,0.9812453985214233
高误差,MATR_b2c13,483.0,20,hybridpatch_v2,444,0.8603670597076416,0.9778032898902893,0.9703108072280884,0.9812073111534119
高误差,MATR_b2c13,483.0,20,hybridpatch_v2,445,0.8590799570083618,0.9776385426521301,0.9702248573303223,0.9811692237854004
高误差,MATR_b2c13,483.0,20,hybridpatch_v2,446,0.857821524143219,0.9774699807167053,0.970132052898407,0.9811311364173889
高误差,MATR_b2c13,483.0,20,hybridpatch_v2,447,0.856580376625061,0.9772975444793701,0.9700323343276978,0.9810930490493774
高误差,MATR_b2c13,483.0,20,hybridpatch_v2,448,0.8555095791816711,0.9771212935447693,0.9699258208274841,0.9810550212860107
高误差,MATR_b2c13,483.0,20,hybridpatch_v2,449,0.8544565439224243,0.9769412279129028,0.9698123931884766,0.9810169339179993
高误差,MATR_b2c13,483.0,20,hybridpatch_v2,450,0.8529233336448669,0.976757287979126,0.9696921110153198,0.9809768795967102
高误差,MATR_b2c13,483.0,20,hybridpatch_v2,451,0.851670503616333,0.9765695929527283,0.9695649147033691,0.9809333682060242
高误差,MATR_b2c13,483.0,20,hybridpatch_v2,452,0.8501734137535095,0.9763780236244202,0.9694308638572693,0.9808863997459412
高误差,MATR_b2c13,483.0,20,hybridpatch_v2,453,0.8489395380020142,0.9761826395988464,0.9692899584770203,0.9808360934257507
高误差,MATR_b2c13,483.0,20,hybridpatch_v2,454,0.8474572896957397,0.9759833812713623,0.9691421985626221,0.9807822704315186
高误差,MATR_b2c13,483.0,20,hybridpatch_v2,455,0.846186637878418,0.9757803678512573,0.9689875245094299,0.9807250499725342
高误差,MATR_b2c13,483.0,20,hybridpatch_v2,456,0.8451021909713745,0.9755734801292419,0.9688259959220886,0.9806644320487976
高误差,MATR_b2c13,483.0,20,hybridpatch_v2,457,0.843940019607544,0.9753627777099609,0.9686576128005981,0.9806003570556641
高误差,MATR_b2c13,483.0,20,hybridpatch_v2,458,0.8426347970962524,0.9751482009887695,0.9684823155403137,0.9805328845977783
高误差,MATR_b2c13,483.0,20,hybridpatch_v2,459,0.841273844242096,0.9749298691749573,0.9683001637458801,0.9804619550704956
高误差,MATR_b2c13,483.0,20,hybridpatch_v2,460,0.8400155901908875,0.9747076630592346,0.9681111574172974,0.9803876280784607
高误差,MATR_b2c13,483.0,20,hybridpatch_v2,461,0.8385686278343201,0.9744816422462463,0.9679152965545654,0.9803098440170288
高误差,MATR_b2c13,483.0,20,hybridpatch_v2,462,0.8374814987182617,0.9742517471313477,0.9677125215530396,0.9802286028862
高误差,MATR_b2c13,483.0,20,hybridpatch_v2,463,0.8363466858863831,0.9740180969238281,0.9675028920173645,0.9801440238952637
高误差,MATR_b2c13,483.0,20,hybridpatch_v2,464,0.8352546095848083,0.9737805724143982,0.9672864079475403,0.9800559282302856
高误差,MATR_b2c13,483.0,20,hybridpatch_v2,465,0.8337985873222351,0.9735392332077026,0.9670630097389221,0.9799644351005554
高误差,MATR_b2c13,483.0,20,hybridpatch_v2,466,0.8325362205505371,0.9732940793037415,0.9668327569961548,0.979869544506073
高误差,MATR_b2c13,483.0,20,hybridpatch_v2,467,0.8312941193580627,0.9730450510978699,0.9665956497192383,0.9797711968421936
高误差,MATR_b2c13,483.0,20,hybridpatch_v2,468,0.8301550149917603,0.9727922081947327,0.9663516283035278,0.979669451713562
高误差,MATR_b2c13,483.0,20,hybridpatch_v2,469,0.8285687565803528,0.9725355505943298,0.966100811958313,0.9795642495155334
高误差,MATR_b2c13,483.0,20,hybridpatch_v2,470,0.8272351622581482,0.9722750782966614,0.9658430814743042,0.9794556498527527
高误差,MATR_b2c13,483.0,20,hybridpatch_v2,471,0.8258233666419983,0.9720107316970825,0.9655784368515015,0.979343593120575
高误差,MATR_b2c13,483.0,20,hybridpatch_v2,472,0.8247526288032532,0.9717426300048828,0.9653069972991943,0.9792280793190002
高误差,MATR_b2c13,483.0,20,hybridpatch_v2,473,0.823633074760437,0.9714706540107727,0.9650285840034485,0.9791091680526733
高误差,MATR_b2c13,483.0,20,hybridpatch_v2,474,0.8222563862800598,0.9711948037147522,0.9647433757781982,0.9789868593215942
高误差,MATR_b2c13,483.0,20,hybridpatch_v2,475,0.8208844065666199,0.9709151983261108,0.964451253414154,0.9788610935211182
高误差,MATR_b2c13,483.0,20,hybridpatch_v2,476,0.8197407722473145,0.9706317186355591,0.9641523361206055,0.9787319302558899
高误差,MATR_b2c13,483.0,20,hybridpatch_v2,477,0.8185606598854065,0.9703444242477417,0.9638464450836182,0.9785993099212646
高误差,MATR_b2c13,483.0,20,hybridpatch_v2,478,0.8171235918998718,0.9700533151626587,0.9635337591171265,0.9784632921218872
高误差,MATR_b2c13,483.0,20,hybridpatch_v2,479,0.8160066604614258,0.9697583317756653,0.9632141590118408,0.9783238172531128
高误差,MATR_b2c13,483.0,20,hybridpatch_v2,480,0.8150360584259033,0.9694595336914062,0.962887704372406,0.9781808853149414
高误差,MATR_b2c13,483.0,20,hybridpatch_v2,481,0.8138625025749207,0.9691569209098816,0.9625543355941772,0.9780345559120178
高误差,MATR_b2c13,483.0,20,hybridpatch_v2,482,0.8127104640007019,0.9688504934310913,0.9622141122817993,0.977884829044342
高误差,MATR_b2c13,483.0,20,hybridpatch_v2,483,0.8109269738197327,0.9685402512550354,0.9618670344352722,0.9777316451072693
高误差,MATR_b2c13,483.0,20,hybridpatch_v2,484,0.8099623918533325,0.9682261347770691,0.961513102054596,0.9775750041007996
高误差,MATR_b2c13,483.0,20,hybridpatch_v2,485,0.8088268637657166,0.9679082036018372,0.9611522555351257,0.9774149656295776
高误差,MATR_b2c13,483.0,20,hybridpatch_v2,486,0.8070101141929626,0.9675863981246948,0.9607845544815063,0.9772515296936035
高误差,MATR_b2c13,483.0,20,hybridpatch_v2,487,0.8062443137168884,0.9672608375549316,0.9604099988937378,0.9770846366882324
高误差,MATR_b2c13,483.0,20,hybridpatch_v2,488,0.8048803210258484,0.9669314026832581,0.9600285291671753,0.9769142866134644
高误差,MATR_b2c13,483.0,20,hybridpatch_v2,489,0.803434431552887,0.9665981531143188,0.9596402049064636,0.9767405390739441
高误差,MATR_b2c13,483.0,20,hybridpatch_v2,490,0.8017251491546631,0.9662610292434692,0.959244966506958,0.9765633940696716
高误差,MATR_b2c13,483.0,20,hybridpatch_v2,491,0.8006958961486816,0.9659201502799988,0.958842933177948,0.9763827919960022
高误差,MATR_b2c13,483.0,20,hybridpatch_v2,492,0.7993480563163757,0.9655753970146179,0.958433985710144,0.9761987328529358
高误差,MATR_b2c13,483.0,20,hybridpatch_v2,493,0.7981603741645813,0.9652268290519714,0.9580181837081909,0.9760112762451172
高误差,MATR_b2c13,483.0,20,hybridpatch_v2,494,0.7966414093971252,0.9648744463920593,0.9575954675674438,0.9758204221725464
高误差,MATR_b2c13,483.0,20,hybridpatch_v2,495,0.7953888773918152,0.9645181894302368,0.9571658968925476,0.9756261110305786
高误差,MATR_b2c13,483.0,20,hybridpatch_v2,496,0.7938908934593201,0.9641581177711487,0.9567294716835022,0.9754283428192139
高误差,MATR_b2c13,483.0,20,hybridpatch_v2,497,0.7926580905914307,0.9637942314147949,0.9562861323356628,0.9752271771430969
高误差,MATR_b2c13,483.0,20,hybridpatch_v2,498,0.7912396192550659,0.9634264707565308,0.9558359384536743,0.975022554397583
高误差,MATR_b2c13,483.0,20,hybridpatch_v2,499,0.7900549173355103,0.9630549550056458,0.9553788900375366,0.9748145341873169
高误差,MATR_b2c13,483.0,20,hybridpatch_v2,500,0.7885556817054749,0.9626795649528503,0.954914927482605,0.9746030569076538
高误差,MATR_b2c13,483.0,150,current_hybrid,151,0.9799870252609253,0.9795096516609192,0.9793809652328491,0.9796680808067322
高误差,MATR_b2c13,483.0,150,current_hybrid,152,0.9797799587249756,0.9791560173034668,0.9789785146713257,0.9793822169303894
高误差,MATR_b2c13,483.0,150,current_hybrid,153,0.9795701503753662,0.9788685441017151,0.9786555171012878,0.9791475534439087
高误差,MATR_b2c13,483.0,150,current_hybrid,154,0.9794450402259827,0.9786153435707092,0.9783734679222107,0.9789395332336426
高误差,MATR_b2c13,483.0,150,current_hybrid,155,0.9792494773864746,0.9783840179443359,0.9781177639961243,0.9787484407424927
高误差,MATR_b2c13,483.0,150,current_hybrid,156,0.9790821075439453,0.9781683087348938,0.9778806567192078,0.9785694479942322
高误差,MATR_b2c13,483.0,150,current_hybrid,157,0.9789343476295471,0.9779643416404724,0.977657675743103,0.9783995151519775
高误差,MATR_b2c13,483.0,150,current_hybrid,158,0.9787018299102783,0.977769672870636,0.9774459004402161,0.9782368540763855
高误差,MATR_b2c13,483.0,150,current_hybrid,159,0.9784905314445496,0.9775826334953308,0.9772432446479797,0.9780800938606262
高误差,MATR_b2c13,483.0,150,current_hybrid,160,0.9773189425468445,0.9774020314216614,0.9770482778549194,0.9779282808303833
高误差,MATR_b2c13,483.0,150,current_hybrid,161,0.9782180786132812,0.9772268533706665,0.9768598079681396,0.9777806997299194
高误差,MATR_b2c13,483.0,150,current_hybrid,162,0.978050708770752,0.9770563840866089,0.9766769409179688,0.9776367545127869
高误差,MATR_b2c13,483.0,150,current_hybrid,163,0.9778661131858826,0.9768900871276855,0.9764991402626038,0.9774960875511169
高误差,MATR_b2c13,483.0,150,current_hybrid,164,0.9776962995529175,0.9767274260520935,0.9763256907463074,0.9773582220077515
高误差,MATR_b2c13,483.0,150,current_hybrid,165,0.9774628281593323,0.9765680432319641,0.9761561751365662,0.9772228598594666
高误差,MATR_b2c13,483.0,150,current_hybrid,166,0.9772651791572571,0.9764116406440735,0.9759901762008667,0.9770897626876831
高误差,MATR_b2c13,483.0,150,current_hybrid,167,0.9770360589027405,0.9762579202651978,0.9758274555206299,0.9769588708877563
高误差,MATR_b2c13,483.0,150,current_hybrid,168,0.9768323302268982,0.9761067032814026,0.9756677150726318,0.9768298268318176
高误差,MATR_b2c13,483.0,150,current_hybrid,169,0.9766330718994141,0.9759576320648193,0.9755105376243591,0.9767025113105774
高误差,MATR_b2c13,483.0,150,current_hybrid,170,0.97637540102005,0.975810706615448,0.9753559231758118,0.9765768051147461
高误差,MATR_b2c13,483.0,150,current_hybrid,171,0.9762142896652222,0.9756656885147095,0.9752036333084106,0.976452648639679
高误差,MATR_b2c13,483.0,150,current_hybrid,172,0.9759609699249268,0.9755224585533142,0.9750534892082214,0.9763298034667969
高误差,MATR_b2c13,483.0,150,current_hybrid,173,0.9757583737373352,0.9753808975219727,0.9749053120613098,0.9762082695960999
高误差,MATR_b2c13,483.0,150,current_hybrid,174,0.9755791425704956,0.9752408862113953,0.9747589826583862,0.9760879278182983
高误差,MATR_b2c13,483.0,150,current_hybrid,175,0.9752739071846008,0.9751023650169373,0.9746143817901611,0.9759687781333923
高误差,MATR_b2c13,483.0,150,current_hybrid,176,0.9750869870185852,0.9749651551246643,0.9744715094566345,0.9758506417274475
高误差,MATR_b2c13,483.0,150,current_hybrid,177,0.9749571084976196,0.9748293161392212,0.9743301868438721,0.9757335186004639
高误差,MATR_b2c13,483.0,150,current_hybrid,178,0.9747145175933838,0.9746947288513184,0.9741902947425842,0.9756173491477966
高误差,MATR_b2c13,483.0,150,current_hybrid,179,0.9745180010795593,0.9745611548423767,0.9740517735481262,0.975502073764801
高误差,MATR_b2c13,483.0,150,current_hybrid,180,0.9743700623512268,0.9744288325309753,0.973914623260498,0.975387692451477
高误差,MATR_b2c13,483.0,150,current_hybrid,181,0.9741906523704529,0.9742975234985352,0.9737787246704102,0.9752740859985352
高误差,MATR_b2c13,483.0,150,current_hybrid,182,0.9740011096000671,0.9741671085357666,0.973643958568573,0.9751612544059753
高误差,MATR_b2c13,483.0,150,current_hybrid,183,0.9737773537635803,0.974037766456604,0.9735103845596313,0.9750491380691528
高误差,MATR_b2c13,483.0,150,current_hybrid,184,0.9735479354858398,0.9739092588424683,0.9733778834342957,0.9749377965927124
高误差,MATR_b2c13,483.0,150,current_hybrid,185,0.9734590649604797,0.9737817049026489,0.9732463955879211,0.9748270511627197
高误差,MATR_b2c13,483.0,150,current_hybrid,186,0.9720727205276489,0.9736548662185669,0.9731159806251526,0.9747169613838196
高误差,MATR_b2c13,483.0,150,current_hybrid,187,0.9729588031768799,0.9735288619995117,0.9729864597320557,0.974607527256012
高误差,MATR_b2c13,483.0,150,current_hybrid,188,0.9728227257728577,0.9734036326408386,0.9728578329086304,0.9744987487792969
高误差,MATR_b2c13,483.0,150,current_hybrid,189,0.9724661111831665,0.9732791781425476,0.9727301001548767,0.97439044713974
高误差,MATR_b2c13,483.0,150,current_hybrid,190,0.9722618460655212,0.9731553792953491,0.9726032614707947,0.9742826819419861
高误差,MATR_b2c13,483.0,150,current_hybrid,191,0.9721655249595642,0.9730322957038879,0.9724771976470947,0.9741754531860352
高误差,MATR_b2c13,483.0,150,current_hybrid,192,0.9719071984291077,0.9729098677635193,0.9723519086837769,0.9740687608718872
高误差,MATR_b2c13,483.0,150,current_hybrid,193,0.9717985391616821,0.9727880358695984,0.9722273349761963,0.9739626049995422
高误差,MATR_b2c13,483.0,150,current_hybrid,194,0.9716031551361084,0.97266685962677,0.9721035957336426,0.9738568663597107
高误差,MATR_b2c13,483.0,150,current_hybrid,195,0.9713507294654846,0.9725462198257446,0.9719804525375366,0.9737515449523926
高误差,MATR_b2c13,483.0,150,current_hybrid,196,0.9710075259208679,0.972426176071167,0.9718581438064575,0.9736467599868774
高误差,MATR_b2c13,483.0,150,current_hybrid,197,0.9708966016769409,0.9723066687583923,0.9717363715171814,0.973542332649231
高误差,MATR_b2c13,483.0,150,current_hybrid,198,0.9706404209136963,0.9721877574920654,0.9716152548789978,0.9734383821487427
高误差,MATR_b2c13,483.0,150,current_hybrid,199,0.9704318046569824,0.972069263458252,0.9714947938919067,0.9733347296714783
高误差,MATR_b2c13,483.0,150,current_hybrid,200,0.9702088832855225,0.9719513654708862,0.9713749289512634,0.9732315540313721
高误差,MATR_b2c13,483.0,150,current_hybrid,201,0.9699453711509705,0.9718338847160339,0.9712556004524231,0.9731287360191345
高误差,MATR_b2c13,483.0,150,current_hybrid,202,0.969829797744751,0.9717169404029846,0.9711369276046753,0.9730262756347656
高误差,MATR_b2c13,483.0,150,current_hybrid,203,0.9696323871612549,0.9716004133224487,0.9710187315940857,0.9729242324829102
高误差,MATR_b2c13,483.0,150,current_hybrid,204,0.9694975018501282,0.971484363079071,0.9709010720252991,0.9728224277496338
高误差,MATR_b2c13,483.0,150,current_hybrid,205,0.9693607091903687,0.971368670463562,0.9707838892936707,0.9727210402488708
高误差,MATR_b2c13,483.0,150,current_hybrid,206,0.9690881371498108,0.971253514289856,0.9706673622131348,0.9726199507713318
高误差,MATR_b2c13,483.0,150,current_hybrid,207,0.9688500761985779,0.9711387157440186,0.9705511927604675,0.9725192189216614
高误差,MATR_b2c13,483.0,150,current_hybrid,208,0.9687283039093018,0.9710242748260498,0.9704355001449585,0.9724187254905701
高误差,MATR_b2c13,483.0,150,current_hybrid,209,0.968506395816803,0.9709103107452393,0.9703204035758972,0.9723185896873474
高误差,MATR_b2c13,483.0,150,current_hybrid,210,0.9683980345726013,0.9707966446876526,0.9702056646347046,0.9722187519073486
高误差,MATR_b2c13,483.0,150,current_hybrid,211,0.968123733997345,0.9706833958625793,0.9700913429260254,0.972119152545929
高误差,MATR_b2c13,483.0,150,current_hybrid,212,0.9668082594871521,0.9705705046653748,0.9699774980545044,0.9720199108123779
高误差,MATR_b2c13,483.0,150,current_hybrid,213,0.967667281627655,0.9704579710960388,0.9698640704154968,0.971920907497406
高误差,MATR_b2c13,483.0,150,current_hybrid,214,0.9674606323242188,0.9703457355499268,0.9697510600090027,0.9718221426010132
高误差,MATR_b2c13,483.0,150,current_hybrid,215,0.9672365784645081,0.9702339172363281,0.969638466835022,0.9717236757278442
高误差,MATR_b2c13,483.0,150,current_hybrid,216,0.9670978784561157,0.9701223373413086,0.9695262312889099,0.9716254472732544
高误差,MATR_b2c13,483.0,150,current_hybrid,217,0.966925323009491,0.9700111746788025,0.9694144129753113,0.9715275168418884
高误差,MATR_b2c13,483.0,150,current_hybrid,218,0.9667128324508667,0.9699001908302307,0.9693029522895813,0.9714297652244568
高误差,MATR_b2c13,483.0,150,current_hybrid,219,0.9665324091911316,0.9697896242141724,0.9691915512084961,0.9713322520256042
高误差,MATR_b2c13,483.0,150,current_hybrid,220,0.9662380814552307,0.9696793556213379,0.9690804481506348,0.9712349772453308
高误差,MATR_b2c13,483.0,150,current_hybrid,221,0.9660718441009521,0.9695693254470825,0.9689696431159973,0.9711380004882812
高误差,MATR_b2c13,483.0,150,current_hybrid,222,0.9659367799758911,0.9694596529006958,0.9688591957092285,0.971041202545166
高误差,MATR_b2c13,483.0,150,current_hybrid,223,0.9656916856765747,0.9693502187728882,0.9687491655349731,0.9709445834159851
高误差,MATR_b2c13,483.0,150,current_hybrid,224,0.9654952883720398,0.9692410826683044,0.9686393141746521,0.9708482623100281
高误差,MATR_b2c13,483.0,150,current_hybrid,225,0.9653273224830627,0.9691321849822998,0.9685298800468445,0.9707520604133606
高误差,MATR_b2c13,483.0,150,current_hybrid,226,0.9651287198066711,0.969023585319519,0.968420684337616,0.970656156539917
高误差,MATR_b2c13,483.0,150,current_hybrid,227,0.9648871421813965,0.9689152240753174,0.9683119058609009,0.9705603718757629
高误差,MATR_b2c13,483.0,150,current_hybrid,228,0.964738130569458,0.9688071608543396,0.9682033658027649,0.9704648852348328
高误差,MATR_b2c13,483.0,150,current_hybrid,229,0.9644873738288879,0.9686993360519409,0.9680951237678528,0.9703695178031921
高误差,MATR_b2c13,483.0,150,current_hybrid,230,0.9642770886421204,0.9685917496681213,0.9679871797561646,0.9702743887901306
高误差,MATR_b2c13,483.0,150,current_hybrid,231,0.9640378952026367,0.9684844017028809,0.9678794741630554,0.9701794385910034
高误差,MATR_b2c13,483.0,150,current_hybrid,232,0.9637771248817444,0.9683772325515747,0.9677721261978149,0.9700846076011658
高误差,MATR_b2c13,483.0,150,current_hybrid,233,0.9636908173561096,0.9682703018188477,0.9676650166511536,0.9699900150299072
高误差,MATR_b2c13,483.0,150,current_hybrid,234,0.9633868932723999,0.9681636691093445,0.9675582051277161,0.969895601272583
高误差,MATR_b2c13,483.0,150,current_hybrid,235,0.9631727337837219,0.9680572152137756,0.9674515724182129,0.9698013663291931
高误差,MATR_b2c13,483.0,150,current_hybrid,236,0.9630993604660034,0.9679510593414307,0.9673452973365784,0.969707190990448
高误差,MATR_b2c13,483.0,150,current_hybrid,237,0.9627416729927063,0.96784508228302,0.967239260673523,0.9696133136749268
高误差,MATR_b2c13,483.0,150,current_hybrid,238,0.9624595046043396,0.9677392840385437,0.9671334624290466,0.9695195555686951
高误差,MATR_b2c13,483.0,150,current_hybrid,239,0.9622563719749451,0.9676337242126465,0.9670279026031494,0.9694259762763977
高误差,MATR_b2c13,483.0,150,current_hybrid,240,0.9620329737663269,0.9675283432006836,0.9669225811958313,0.9693325757980347
高误差,MATR_b2c13,483.0,150,current_hybrid,241,0.9617982506752014,0.967423141002655,0.9668175578117371,0.9692392945289612
高误差,MATR_b2c13,483.0,150,current_hybrid,242,0.9616549611091614,0.9673181772232056,0.9667127132415771,0.969146192073822
高误差,MATR_b2c13,483.0,150,current_hybrid,243,0.9614031910896301,0.9672134518623352,0.9666081070899963,0.9690532684326172
高误差,MATR_b2c13,483.0,150,current_hybrid,244,0.9611688256263733,0.9671088457107544,0.9665037393569946,0.9689604640007019
高误差,MATR_b2c13,483.0,150,current_hybrid,245,0.9391448497772217,0.9670044183731079,0.966399610042572,0.968867838382721
高误差,MATR_b2c13,483.0,150,current_hybrid,246,0.9600827097892761,0.9669002294540405,0.9662956595420837,0.9687753319740295
高误差,MATR_b2c13,483.0,150,current_hybrid,247,0.9599334597587585,0.9667962789535522,0.9661920070648193,0.9686829447746277
高误差,MATR_b2c13,483.0,150,current_hybrid,248,0.9598243236541748,0.9666923880577087,0.9660885334014893,0.9685906767845154
高误差,MATR_b2c13,483.0,150,current_hybrid,249,0.9597811102867126,0.9665887355804443,0.9659852385520935,0.9684985876083374
高误差,MATR_b2c13,483.0,150,current_hybrid,250,0.9597070217132568,0.9664852619171143,0.9658821821212769,0.9684066772460938
高误差,MATR_b2c13,483.0,150,current_hybrid,251,0.9595145583152771,0.9663819074630737,0.9657793045043945,0.9683148264884949
高误差,MATR_b2c13,483.0,150,current_hybrid,252,0.9594172239303589,0.9662788510322571,0.9656766653060913,0.9682232141494751
高误差,MATR_b2c13,483.0,150,current_hybrid,253,0.9592463970184326,0.9661758542060852,0.9655742049217224,0.9681316018104553
高误差,MATR_b2c13,483.0,150,current_hybrid,254,0.9590519070625305,0.9660730361938477,0.9654719233512878,0.9680401682853699
高误差,MATR_b2c13,483.0,150,current_hybrid,255,0.9588752388954163,0.9659703969955444,0.9653698205947876,0.9679489135742188
高误差,MATR_b2c13,483.0,150,current_hybrid,256,0.9588002562522888,0.9658679366111755,0.9652679562568665,0.9678577780723572
高误差,MATR_b2c13,483.0,150,current_hybrid,257,0.9585199356079102,0.9657655954360962,0.9651662707328796,0.9677667021751404
高误差,MATR_b2c13,483.0,150,current_hybrid,258,0.9583579897880554,0.9656634330749512,0.9650647640228271,0.9676758050918579
高误差,MATR_b2c13,483.0,150,current_hybrid,259,0.9582024216651917,0.9655613899230957,0.964963436126709,0.9675849676132202
高误差,MATR_b2c13,483.0,150,current_hybrid,260,0.9579472541809082,0.9654595851898193,0.9648622274398804,0.9674943089485168
高误差,MATR_b2c13,483.0,150,current_hybrid,261,0.9576519727706909,0.9653578996658325,0.9647612571716309,0.967403769493103
高误差,MATR_b2c13,483.0,150,current_hybrid,262,0.9575182199478149,0.9652562737464905,0.9646604657173157,0.967313289642334
高误差,MATR_b2c13,483.0,150,current_hybrid,263,0.9573284387588501,0.9651548862457275,0.9645598530769348,0.9672229290008545
高误差,MATR_b2c13,483.0,150,current_hybrid,264,0.9572064280509949,0.9650536179542542,0.9644594192504883,0.9671327471733093
高误差,MATR_b2c13,483.0,150,current_hybrid,265,0.9569507241249084,0.9649525284767151,0.9643591046333313,0.9670426249504089
高误差,MATR_b2c13,483.0,150,current_hybrid,266,0.9567829966545105,0.9648514986038208,0.9642590284347534,0.9669526219367981
高误差,MATR_b2c13,483.0,150,current_hybrid,267,0.9566881656646729,0.9647506475448608,0.9641590714454651,0.9668627381324768
高误差,MATR_b2c13,483.0,150,current_hybrid,268,0.9564493894577026,0.9646499752998352,0.9640592932701111,0.9667729735374451
高误差,MATR_b2c13,483.0,150,current_hybrid,269,0.9561995267868042,0.9645493626594543,0.9639596343040466,0.9666832685470581
高误差,MATR_b2c13,483.0,150,current_hybrid,270,0.9561024904251099,0.9644489288330078,0.9638601541519165,0.9665936827659607
高误差,MATR_b2c13,483.0,150,current_hybrid,271,0.9558210968971252,0.9643486738204956,0.9637607932090759,0.9665042161941528
高误差,MATR_b2c13,483.0,150,current_hybrid,272,0.9556468725204468,0.9642484784126282,0.9636616706848145,0.9664148688316345
高误差,MATR_b2c13,483.0,150,current_hybrid,273,0.9554513096809387,0.9641484022140503,0.9635626673698425,0.966325581073761
高误差,MATR_b2c13,483.0,150,current_hybrid,274,0.9552255272865295,0.9640485048294067,0.9634637832641602,0.966236412525177
高误差,MATR_b2c13,483.0,150,current_hybrid,275,0.9549037218093872,0.9639487266540527,0.9633651375770569,0.9661473035812378
高误差,MATR_b2c13,483.0,150,current_hybrid,276,0.9546558260917664,0.9638490676879883,0.9632665514945984,0.9660583734512329
高误差,MATR_b2c13,483.0,150,current_hybrid,277,0.9544339179992676,0.9637494683265686,0.9631681442260742,0.9659695029258728
高误差,MATR_b2c13,483.0,150,current_hybrid,278,0.9540157318115234,0.9636500477790833,0.9630697965621948,0.9658806920051575
高误差,MATR_b2c13,483.0,150,current_hybrid,279,0.9539577960968018,0.9635507464408875,0.9629717469215393,0.9657920598983765
高误差,MATR_b2c13,483.0,150,current_hybrid,280,0.9538090825080872,0.9634515643119812,0.9628736972808838,0.9657034277915955
高误差,MATR_b2c13,483.0,150,current_hybrid,281,0.9536128044128418,0.9633524417877197,0.9627758860588074,0.965614914894104
高误差,MATR_b2c13,483.0,150,current_hybrid,282,0.9532902836799622,0.9632534980773926,0.9626781344413757,0.9655265212059021
高误差,MATR_b2c13,483.0,150,current_hybrid,283,0.9531179070472717,0.9631547331809998,0.9625805616378784,0.965438187122345
高误差,MATR_b2c13,483.0,150,current_hybrid,284,0.9528667330741882,0.9630559682846069,0.9624831676483154,0.9653499722480774
高误差,MATR_b2c13,483.0,150,current_hybrid,285,0.9525968432426453,0.9629573225975037,0.9623858332633972,0.9652618169784546
高误差,MATR_b2c13,483.0,150,current_hybrid,286,0.9521719813346863,0.9628587961196899,0.9622886776924133,0.9651737809181213
高误差,MATR_b2c13,483.0,150,current_hybrid,287,0.9521033763885498,0.9627604484558105,0.9621915817260742,0.9650858044624329
高误差,MATR_b2c13,483.0,150,current_hybrid,288,0.9518327713012695,0.9626621603965759,0.9620946049690247,0.9649978876113892
高误差,MATR_b2c13,483.0,150,current_hybrid,289,0.9515782594680786,0.9625639319419861,0.9619978666305542,0.964910089969635
高误差,MATR_b2c13,483.0,150,current_hybrid,290,0.9513733983039856,0.9624659419059753,0.9619011282920837,0.9648224115371704
高误差,MATR_b2c13,483.0,150,current_hybrid,291,0.951110303401947,0.9623679518699646,0.9618046283721924,0.9647347331047058
高误差,MATR_b2c13,483.0,150,current_hybrid,292,0.9509258270263672,0.9622700810432434,0.9617081880569458,0.9646471738815308
高误差,MATR_b2c13,483.0,150,current_hybrid,293,0.9505865573883057,0.9621723294258118,0.9616118669509888,0.9645597338676453
高误差,MATR_b2c13,483.0,150,current_hybrid,294,0.9503126740455627,0.9620746374130249,0.9615157246589661,0.9644723534584045
高误差,MATR_b2c13,483.0,150,current_hybrid,295,0.9497206211090088,0.9619771242141724,0.9614196419715881,0.9643850326538086
高误差,MATR_b2c13,483.0,150,current_hybrid,296,0.9498035907745361,0.9618796110153198,0.9613236784934998,0.9642977714538574
高误差,MATR_b2c13,483.0,150,current_hybrid,297,0.9495244026184082,0.9617822766304016,0.9612278342247009,0.9642106294631958
高误差,MATR_b2c13,483.0,150,current_hybrid,298,0.9492307305335999,0.961685061454773,0.9611321687698364,0.964123547077179
高误差,MATR_b2c13,483.0,150,current_hybrid,299,0.9490561485290527,0.9615878462791443,0.9610365033149719,0.9640365242958069
高误差,MATR_b2c13,483.0,150,current_hybrid,300,0.9487566351890564,0.96149080991745,0.9609410166740417,0.9639495611190796
高误差,MATR_b2c13,483.0,150,current_hybrid,301,0.9485154747962952,0.9613937735557556,0.9608456492424011,0.9638627171516418
高误差,MATR_b2c13,483.0,150,current_hybrid,302,0.9482391476631165,0.9612969160079956,0.96075040102005,0.9637759327888489
高误差,MATR_b2c13,483.0,150,current_hybrid,303,0.9479802250862122,0.9612001776695251,0.9606552124023438,0.9636892080307007
高误差,MATR_b2c13,483.0,150,current_hybrid,304,0.9477190971374512,0.9611034393310547,0.9605602025985718,0.9636025428771973
高误差,MATR_b2c13,483.0,150,current_hybrid,305,0.9473760724067688,0.9610068202018738,0.9604651927947998,0.9635160565376282
高误差,MATR_b2c13,483.0,150,current_hybrid,306,0.9473069310188293,0.9609103202819824,0.9603704214096069,0.9634295105934143
高误差,MATR_b2c13,483.0,150,current_hybrid,307,0.9468654990196228,0.9608139395713806,0.9602757096290588,0.96334308385849
高误差,MATR_b2c13,483.0,150,current_hybrid,308,0.9459652900695801,0.9607175588607788,0.9601810574531555,0.9632567763328552
高误差,MATR_b2c13,483.0,150,current_hybrid,309,0.94584721326828,0.9606212973594666,0.9600865244865417,0.9631704688072205
高误差,MATR_b2c13,483.0,150,current_hybrid,310,0.9459733366966248,0.9605251550674438,0.9599921107292175,0.9630842208862305
高误差,MATR_b2c13,483.0,150,current_hybrid,311,0.945335328578949,0.9604290723800659,0.9598978161811829,0.96299809217453
高误差,MATR_b2c13,483.0,150,current_hybrid,312,0.9454377889633179,0.9603331089019775,0.959803581237793,0.9629119634628296
高误差,MATR_b2c13,483.0,150,current_hybrid,313,0.9450821876525879,0.9602372050285339,0.9597094058990479,0.9628259539604187
高误差,MATR_b2c13,483.0,150,current_hybrid,314,0.9448705911636353,0.9601414203643799,0.9596154093742371,0.9627400040626526
高误差,MATR_b2c13,483.0,150,current_hybrid,315,0.94448322057724,0.9600456357002258,0.9595215320587158,0.9626541137695312
高误差,MATR_b2c13,483.0,150,current_hybrid,316,0.9442164301872253,0.9599500298500061,0.9594277143478394,0.9625682830810547
高误差,MATR_b2c13,483.0,150,current_hybrid,317,0.9439066052436829,0.9598544239997864,0.9593340158462524,0.9624825119972229
高误差,MATR_b2c13,483.0,150,current_hybrid,318,0.9435551166534424,0.9597589373588562,0.9592403769493103,0.9623968601226807
高误差,MATR_b2c13,483.0,150,current_hybrid,319,0.9430030584335327,0.9596635103225708,0.9591468572616577,0.9623112082481384
高误差,MATR_b2c13,483.0,150,current_hybrid,320,0.9423972964286804,0.959568202495575,0.9590533971786499,0.962225615978241
高误差,MATR_b2c13,483.0,150,current_hybrid,321,0.9421599507331848,0.9594728946685791,0.9589599967002869,0.9621401429176331
高误差,MATR_b2c13,483.0,150,current_hybrid,322,0.9417732357978821,0.9593777656555176,0.9588667154312134,0.9620546698570251
高误差,MATR_b2c13,483.0,150,current_hybrid,323,0.9419432282447815,0.959282636642456,0.9587735533714294,0.9619693160057068
高误差,MATR_b2c13,483.0,150,current_hybrid,324,0.9415762424468994,0.9591876864433289,0.9586805105209351,0.9618840217590332
高误差,MATR_b2c13,483.0,150,current_hybrid,325,0.9411861300468445,0.9590926766395569,0.9585875272750854,0.9617986679077148
高误差,MATR_b2c13,483.0,150,current_hybrid,326,0.9409833550453186,0.9589978456497192,0.9584946036338806,0.9617134928703308
高误差,MATR_b2c13,483.0,150,current_hybrid,327,0.9402434229850769,0.9589030146598816,0.9584017992019653,0.9616283178329468
高误差,MATR_b2c13,483.0,150,current_hybrid,328,0.9399986267089844,0.9588083028793335,0.9583091139793396,0.9615432620048523
高误差,MATR_b2c13,483.0,150,current_hybrid,329,0.9398546814918518,0.9587136507034302,0.9582164883613586,0.9614582061767578
高误差,MATR_b2c13,483.0,150,current_hybrid,330,0.9393077492713928,0.9586190581321716,0.9581239223480225,0.9613733291625977
高误差,MATR_b2c13,483.0,150,current_hybrid,331,0.9391369223594666,0.9585245847702026,0.9580314755439758,0.9612883925437927
高误差,MATR_b2c13,483.0,150,current_hybrid,332,0.9385484457015991,0.9584301710128784,0.957939088344574,0.9612035155296326
高误差,MATR_b2c13,483.0,150,current_hybrid,333,0.9382596611976624,0.958335816860199,0.9578467607498169,0.9611186981201172
高误差,MATR_b2c13,483.0,150,current_hybrid,334,0.9380678534507751,0.9582415223121643,0.9577546119689941,0.9610339403152466
高误差,MATR_b2c13,483.0,150,current_hybrid,335,0.9376482963562012,0.9581472873687744,0.9576624631881714,0.9609492421150208
高误差,MATR_b2c13,483.0,150,current_hybrid,336,0.9371316432952881,0.9580531716346741,0.9575704336166382,0.9608646631240845
高误差,MATR_b2c13,483.0,150,current_hybrid,337,0.9368925094604492,0.9579590559005737,0.9574784636497498,0.9607800245285034
高误差,MATR_b2c13,483.0,150,current_hybrid,338,0.9360787868499756,0.9578651189804077,0.9573865532875061,0.9606955051422119
高误差,MATR_b2c13,483.0,150,current_hybrid,339,0.9361017346382141,0.9577711224555969,0.957294762134552,0.9606110453605652
高误差,MATR_b2c13,483.0,150,current_hybrid,340,0.9358798861503601,0.9576773047447205,0.9572030305862427,0.9605265855789185
高误差,MATR_b2c13,483.0,150,current_hybrid,341,0.9354526996612549,0.9575834274291992,0.9571114182472229,0.960442304611206
高误差,MATR_b2c13,483.0,150,current_hybrid,342,0.9347147345542908,0.9574897289276123,0.9570198059082031,0.9603579044342041
高误差,MATR_b2c13,483.0,150,current_hybrid,343,0.93462735414505,0.9573960304260254,0.9569283127784729,0.9602736830711365
高误差,MATR_b2c13,483.0,150,current_hybrid,344,0.9339408874511719,0.9573023915290833,0.9568368792533875,0.9601893424987793
高误差,MATR_b2c13,483.0,150,current_hybrid,345,0.9332360029220581,0.9572088718414307,0.9567455649375916,0.9601041078567505
高误差,MATR_b2c13,483.0,150,current_hybrid,346,0.9329659938812256,0.9571154117584229,0.9566543102264404,0.9600175023078918
高误差,MATR_b2c13,483.0,150,current_hybrid,347,0.9328793883323669,0.957021951675415,0.9565631151199341,0.9599297046661377
高误差,MATR_b2c13,483.0,150,current_hybrid,348,0.9324382543563843,0.9569286704063416,0.9564719796180725,0.9598405957221985
高误差,MATR_b2c13,483.0,150,current_hybrid,349,0.9321411848068237,0.9568353891372681,0.9563810229301453,0.959750235080719
高误差,MATR_b2c13,483.0,150,current_hybrid,350,0.9315633773803711,0.9567421674728394,0.9562900066375732,0.959658682346344
高误差,MATR_b2c13,483.0,150,current_hybrid,351,0.9311577081680298,0.9566489458084106,0.9561991095542908,0.9595658183097839
高误差,MATR_b2c13,483.0,150,current_hybrid,352,0.9307171106338501,0.9565558433532715,0.9561082720756531,0.9594717025756836
高误差,MATR_b2c13,483.0,150,current_hybrid,353,0.9304929375648499,0.9564628005027771,0.9560175538063049,0.959376335144043
高误差,MATR_b2c13,483.0,150,current_hybrid,354,0.9298621416091919,0.9563698172569275,0.9559268355369568,0.9592797160148621
高误差,MATR_b2c13,483.0,150,current_hybrid,355,0.9290990829467773,0.9562768936157227,0.955836296081543,0.9591817855834961
高误差,MATR_b2c13,483.0,150,current_hybrid,356,0.9284420609474182,0.9561840891838074,0.9557457566261292,0.9590826034545898
高误差,MATR_b2c13,483.0,150,current_hybrid,357,0.9279155731201172,0.9560912847518921,0.9556552171707153,0.9589822292327881
高误差,MATR_b2c13,483.0,150,current_hybrid,358,0.9279242157936096,0.9559985399246216,0.9555648565292358,0.9588805437088013
高误差,MATR_b2c13,483.0,150,current_hybrid,359,0.9270193576812744,0.9559058547019958,0.9554745554924011,0.958777666091919
高误差,MATR_b2c13,483.0,150,current_hybrid,360,0.9265490174293518,0.9558132290840149,0.9553843140602112,0.9586734175682068
高误差,MATR_b2c13,483.0,150,current_hybrid,361,0.9263787269592285,0.9557206630706787,0.9552940726280212,0.9585679769515991
高误差,MATR_b2c13,483.0,150,current_hybrid,362,0.9259515404701233,0.9556281566619873,0.9552040100097656,0.9584612250328064
高误差,MATR_b2c13,483.0,150,current_hybrid,363,0.9250214099884033,0.9555356502532959,0.9551138877868652,0.9583532214164734
高误差,MATR_b2c13,483.0,150,current_hybrid,364,0.9246684908866882,0.955443263053894,0.9550239443778992,0.9582439661026001
高误差,MATR_b2c13,483.0,150,current_hybrid,365,0.9245779514312744,0.955350935459137,0.9549340009689331,0.9581335186958313
高误差,MATR_b2c13,483.0,150,current_hybrid,366,0.923606812953949,0.9552586078643799,0.9548441767692566,0.9580217003822327
高误差,MATR_b2c13,483.0,150,current_hybrid,367,0.9232547879219055,0.9551664590835571,0.9547543525695801,0.9579086303710938
高误差,MATR_b2c13,483.0,150,current_hybrid,368,0.9229498505592346,0.9550742506980896,0.9546646475791931,0.9577943086624146
高误差,MATR_b2c13,483.0,150,current_hybrid,369,0.9223324656486511,0.9549821019172668,0.9545749425888062,0.9576787352561951
高误差,MATR_b2c13,483.0,150,current_hybrid,370,0.9211787581443787,0.9548900723457336,0.9544853568077087,0.9575619101524353
高误差,MATR_b2c13,483.0,150,current_hybrid,371,0.9213359951972961,0.9547981023788452,0.9543957710266113,0.9574438333511353
高误差,MATR_b2c13,483.0,150,current_hybrid,372,0.9207087755203247,0.9547061324119568,0.9543063640594482,0.9573244452476501
高误差,MATR_b2c13,483.0,150,current_hybrid,373,0.9199787974357605,0.9546141624450684,0.9542169570922852,0.9572038054466248
高误差,MATR_b2c13,483.0,150,current_hybrid,374,0.9198187589645386,0.9545223712921143,0.9541275501251221,0.9570818543434143
高误差,MATR_b2c13,483.0,150,current_hybrid,375,0.9186020493507385,0.9544305205345154,0.9540383219718933,0.9569587111473083
高误差,MATR_b2c13,483.0,150,current_hybrid,376,0.9181641340255737,0.9543388485908508,0.9539490342140198,0.9568342566490173
高误差,MATR_b2c13,483.0,150,current_hybrid,377,0.9177157282829285,0.9542471170425415,0.9538598656654358,0.956708550453186
高误差,MATR_b2c13,483.0,150,current_hybrid,378,0.9173142313957214,0.954155445098877,0.9537708163261414,0.9565815925598145
高误差,MATR_b2c13,483.0,150,current_hybrid,379,0.9167798161506653,0.954063892364502,0.9536817073822021,0.9564533233642578
高误差,MATR_b2c13,483.0,150,current_hybrid,380,0.9162165522575378,0.953972339630127,0.9535927772521973,0.9563238620758057
高误差,MATR_b2c13,483.0,150,current_hybrid,381,0.9153229594230652,0.9538808465003967,0.9535038471221924,0.9561930894851685
高误差,MATR_b2c13,483.0,150,current_hybrid,382,0.9154097437858582,0.9537894129753113,0.9534149765968323,0.956061065196991
高误差,MATR_b2c13,483.0,150,current_hybrid,383,0.914011538028717,0.9536980390548706,0.9533261656761169,0.9559277296066284
高误差,MATR_b2c13,483.0,150,current_hybrid,384,0.9132885932922363,0.9536067247390747,0.9532374143600464,0.9557931423187256
高误差,MATR_b2c13,483.0,150,current_hybrid,385,0.9130623936653137,0.9535154104232788,0.9531487226486206,0.9556573033332825
高误差,MATR_b2c13,483.0,150,current_hybrid,386,0.9127700328826904,0.9534241557121277,0.9530600905418396,0.9555201530456543
高误差,MATR_b2c13,483.0,150,current_hybrid,387,0.9114192724227905,0.9533330202102661,0.9529714584350586,0.9553817510604858
高误差,MATR_b2c13,483.0,150,current_hybrid,388,0.9117169380187988,0.9532418251037598,0.9528829455375671,0.9552420973777771
高误差,MATR_b2c13,483.0,150,current_hybrid,389,0.9102116823196411,0.953150749206543,0.9527944922447205,0.9551011919975281
高误差,MATR_b2c13,483.0,150,current_hybrid,390,0.910325825214386,0.9530594944953918,0.9527060985565186,0.954958975315094
高误差,MATR_b2c13,483.0,150,current_hybrid,391,0.9094801545143127,0.9529675841331482,0.9526177644729614,0.9548155665397644
高误差,MATR_b2c13,483.0,150,current_hybrid,392,0.9091705679893494,0.9528750777244568,0.9525294899940491,0.9546708464622498
高误差,MATR_b2c13,483.0,150,current_hybrid,393,0.9085291028022766,0.9527818560600281,0.9524412155151367,0.95452481508255
高误差,MATR_b2c13,483.0,150,current_hybrid,394,0.9076859354972839,0.9526880383491516,0.9523530006408691,0.9543775320053101
高误差,MATR_b2c13,483.0,150,current_hybrid,395,0.9068772792816162,0.9525935053825378,0.9522648453712463,0.954228937625885
高误差,MATR_b2c13,483.0,150,current_hybrid,396,0.906632125377655,0.9524983167648315,0.9521768093109131,0.9540791511535645
高误差,MATR_b2c13,483.0,150,current_hybrid,397,0.9057061672210693,0.9524024724960327,0.9520887732505798,0.9539280533790588
高误差,MATR_b2c13,483.0,150,current_hybrid,398,0.9049229621887207,0.9523059725761414,0.952000617980957,0.9537756443023682
高误差,MATR_b2c13,483.0,150,current_hybrid,399,0.9043896794319153,0.9522088170051575,0.9519118070602417,0.9536219835281372
高误差,MATR_b2c13,483.0,150,current_hybrid,400,0.9029978513717651,0.9521109461784363,0.9518223404884338,0.9534671306610107
高误差,MATR_b2c13,483.0,150,current_hybrid,401,0.9030065536499023,0.9520124793052673,0.9517321586608887,0.9533109068870544
高误差,MATR_b2c13,483.0,150,current_hybrid,402,0.9021291136741638,0.9519133567810059,0.951641321182251,0.9531534910202026
高误差,MATR_b2c13,483.0,150,current_hybrid,403,0.9016055464744568,0.9518135190010071,0.951549768447876,0.952994704246521
高误差,MATR_b2c13,483.0,150,current_hybrid,404,0.900578498840332,0.9517130851745605,0.9514575004577637,0.9528347253799438
高误差,MATR_b2c13,483.0,150,current_hybrid,405,0.9002032279968262,0.9516109824180603,0.9513645768165588,0.9526734352111816
高误差,MATR_b2c13,483.0,150,current_hybrid,406,0.8993509411811829,0.9514666199684143,0.9512709379196167,0.9525108933448792
高误差,MATR_b2c13,483.0,150,current_hybrid,407,0.8984595537185669,0.9513214230537415,0.951176643371582,0.9523470997810364
高误差,MATR_b2c13,483.0,150,current_hybrid,408,0.8975794315338135,0.9512240290641785,0.9510816335678101,0.9521819353103638
高误差,MATR_b2c13,483.0,150,current_hybrid,409,0.896933376789093,0.9511372447013855,0.9509859681129456,0.9520156383514404
高误差,MATR_b2c13,483.0,150,current_hybrid,410,0.8964131474494934,0.9510504007339478,0.9508810043334961,0.9518479704856873
高误差,MATR_b2c13,483.0,150,current_hybrid,411,0.8951745629310608,0.9509636759757996,0.9507324695587158,0.951678991317749
高误差,MATR_b2c13,483.0,150,current_hybrid,412,0.8943337798118591,0.9508769512176514,0.9505832195281982,0.9515088200569153
高误差,MATR_b2c13,483.0,150,current_hybrid,413,0.8938096761703491,0.9507790207862854,0.950433075428009,0.9513373970985413
高误差,MATR_b2c13,483.0,150,current_hybrid,414,0.8930244445800781,0.9506718516349792,0.950282096862793,0.9511646032333374
高误差,MATR_b2c13,483.0,150,current_hybrid,415,0.8920807838439941,0.9505641460418701,0.9501303434371948,0.950990617275238
高误差,MATR_b2c13,483.0,150,current_hybrid,416,0.8912531733512878,0.9504556655883789,0.9499777555465698,0.9508153200149536
高误差,MATR_b2c13,483.0,150,current_hybrid,417,0.8903943300247192,0.9503465294837952,0.9498242735862732,0.9506387710571289
高误差,MATR_b2c13,483.0,150,current_hybrid,418,0.8895922303199768,0.9502367973327637,0.9496699571609497,0.9504608511924744
高误差,MATR_b2c13,483.0,150,current_hybrid,419,0.8886423110961914,0.9501263499259949,0.9495148658752441,0.9502817392349243
高误差,MATR_b2c13,483.0,150,current_hybrid,420,0.8879451155662537,0.9500152468681335,0.9493589401245117,0.9501563310623169
高误差,MATR_b2c13,483.0,150,current_hybrid,421,0.8866878747940063,0.9499034881591797,0.9492021799087524,0.9500628709793091
高误差,MATR_b2c13,483.0,150,current_hybrid,422,0.8860787749290466,0.9497367143630981,0.9490446448326111,0.9499686360359192
高误差,MATR_b2c13,483.0,150,current_hybrid,423,0.8853598833084106,0.9495737552642822,0.9488862156867981,0.9498736262321472
高误差,MATR_b2c13,483.0,150,current_hybrid,424,0.884191632270813,0.9494677186012268,0.9487269520759583,0.9497779011726379
高误差,MATR_b2c13,483.0,150,current_hybrid,425,0.8832243084907532,0.9493609070777893,0.9485669136047363,0.9496814012527466
高误差,MATR_b2c13,483.0,150,current_hybrid,426,0.8824423551559448,0.949253499507904,0.9484059810638428,0.9495841264724731
高误差,MATR_b2c13,483.0,150,current_hybrid,427,0.881243884563446,0.9491453170776367,0.9482442736625671,0.9494861364364624
高误差,MATR_b2c13,483.0,150,current_hybrid,428,0.88019198179245,0.9490364789962769,0.9480817317962646,0.9493874311447144
高误差,MATR_b2c13,483.0,150,current_hybrid,429,0.8788505792617798,0.9489269852638245,0.9479182958602905,0.9492878913879395
高误差,MATR_b2c13,483.0,150,current_hybrid,430,0.8780206441879272,0.94881671667099,0.9477540850639343,0.9491875767707825
高误差,MATR_b2c13,483.0,150,current_hybrid,431,0.8767844438552856,0.9487057328224182,0.9475890398025513,0.9490864872932434
高误差,MATR_b2c13,483.0,150,current_hybrid,432,0.8756148815155029,0.9485941529273987,0.9474231600761414,0.948984682559967
高误差,MATR_b2c13,483.0,150,current_hybrid,433,0.8741880655288696,0.9484817981719971,0.9472564458847046,0.9488821029663086
高误差,MATR_b2c13,483.0,150,current_hybrid,434,0.8730989694595337,0.9483688473701477,0.9470888376235962,0.9487788081169128
高误差,MATR_b2c13,483.0,150,current_hybrid,435,0.8719632625579834,0.9482551217079163,0.9469205141067505,0.9486746788024902
高误差,MATR_b2c13,483.0,150,current_hybrid,436,0.8708823919296265,0.9481406807899475,0.9467512369155884,0.9485698342323303
高误差,MATR_b2c13,483.0,150,current_hybrid,437,0.8695073127746582,0.9480243921279907,0.9465813040733337,0.9484642744064331
高误差,MATR_b2c13,483.0,150,current_hybrid,438,0.8682122230529785,0.9479012489318848,0.9464104175567627,0.948357880115509
高误差,MATR_b2c13,483.0,150,current_hybrid,439,0.8671197295188904,0.9477774500846863,0.9462386965751648,0.9482507109642029
高误差,MATR_b2c13,483.0,150,current_hybrid,440,0.8657967448234558,0.9476529955863953,0.94606614112854,0.9481428265571594
高误差,MATR_b2c13,483.0,150,current_hybrid,441,0.8645896911621094,0.9475278854370117,0.9458927512168884,0.9480341672897339
高误差,MATR_b2c13,483.0,150,current_hybrid,442,0.8630178570747375,0.9474020600318909,0.94571852684021,0.947924792766571
高误差,MATR_b2c13,483.0,150,current_hybrid,443,0.8618980050086975,0.9472755789756775,0.9455435276031494,0.9478145837783813
高误差,MATR_b2c13,483.0,150,current_hybrid,444,0.8603670597076416,0.9471484422683716,0.945367693901062,0.9477036595344543
高误差,MATR_b2c13,483.0,150,current_hybrid,445,0.8590799570083618,0.9470206499099731,0.9451761245727539,0.9475919604301453
高误差,MATR_b2c13,483.0,150,current_hybrid,446,0.857821524143219,0.9468921422958374,0.9449625015258789,0.9474794864654541
高误差,MATR_b2c13,483.0,150,current_hybrid,447,0.856580376625061,0.9467629790306091,0.9447476267814636,0.9473662972450256
高误差,MATR_b2c13,483.0,150,current_hybrid,448,0.8555095791816711,0.9466331005096436,0.9445314407348633,0.9472522735595703
高误差,MATR_b2c13,483.0,150,current_hybrid,449,0.8544565439224243,0.9465026259422302,0.9443139433860779,0.9471375346183777
高误差,MATR_b2c13,483.0,150,current_hybrid,450,0.8529233336448669,0.9463714361190796,0.9440951943397522,0.947022020816803
高误差,MATR_b2c13,483.0,150,current_hybrid,451,0.851670503616333,0.9462395906448364,0.9438751339912415,0.9469057321548462
高误差,MATR_b2c13,483.0,150,current_hybrid,452,0.8501734137535095,0.946107029914856,0.9436538219451904,0.9467886686325073
高误差,MATR_b2c13,483.0,150,current_hybrid,453,0.8489395380020142,0.9459738731384277,0.9434312582015991,0.9466708898544312
高误差,MATR_b2c13,483.0,150,current_hybrid,454,0.8474572896957397,0.9458400011062622,0.9432073831558228,0.9465523362159729
高误差,MATR_b2c13,483.0,150,current_hybrid,455,0.846186637878418,0.9457054734230042,0.9429821968078613,0.9464329481124878
高误差,MATR_b2c13,483.0,150,current_hybrid,456,0.8451021909713745,0.9455702304840088,0.9427556991577148,0.9463129043579102
高误差,MATR_b2c13,483.0,150,current_hybrid,457,0.843940019607544,0.9454343914985657,0.9425280690193176,0.9461920261383057
高误差,MATR_b2c13,483.0,150,current_hybrid,458,0.8426347970962524,0.9452978372573853,0.9422990083694458,0.9460704326629639
高误差,MATR_b2c13,483.0,150,current_hybrid,459,0.841273844242096,0.9451605677604675,0.9420687556266785,0.9459480047225952
高误差,MATR_b2c13,483.0,150,current_hybrid,460,0.8400155901908875,0.945022702217102,0.9418371915817261,0.9458248615264893
高误差,MATR_b2c13,483.0,150,current_hybrid,461,0.8385686278343201,0.9448840618133545,0.9416043162345886,0.9457009434700012
高误差,MATR_b2c13,483.0,150,current_hybrid,462,0.8374814987182617,0.9447448253631592,0.9413701891899109,0.9455762505531311
高误差,MATR_b2c13,483.0,150,current_hybrid,463,0.8363466858863831,0.9446049332618713,0.9411348104476929,0.9454508423805237
高误差,MATR_b2c13,483.0,150,current_hybrid,464,0.8352546095848083,0.9444642663002014,0.940898060798645,0.9453245997428894
高误差,MATR_b2c13,483.0,150,current_hybrid,465,0.8337985873222351,0.9443230628967285,0.9406601190567017,0.9451976418495178
高误差,MATR_b2c13,483.0,150,current_hybrid,466,0.8325362205505371,0.9441810846328735,0.9404208660125732,0.9450698494911194
高误差,MATR_b2c13,483.0,150,current_hybrid,467,0.8312941193580627,0.944038450717926,0.9401803016662598,0.9449413418769836
高误差,MATR_b2c13,483.0,150,current_hybrid,468,0.8301550149917603,0.943895161151886,0.9399385452270508,0.9448120594024658
高误差,MATR_b2c13,483.0,150,current_hybrid,469,0.8285687565803528,0.9437512159347534,0.9396953582763672,0.9446820020675659
高误差,MATR_b2c13,483.0,150,current_hybrid,470,0.8272351622581482,0.9436064958572388,0.9394510388374329,0.9445511698722839
高误差,MATR_b2c13,483.0,150,current_hybrid,471,0.8258233666419983,0.9434611797332764,0.9392052888870239,0.9444196224212646
高误差,MATR_b2c13,483.0,150,current_hybrid,472,0.8247526288032532,0.9433152079582214,0.9389583468437195,0.9442873001098633
高误差,MATR_b2c13,483.0,150,current_hybrid,473,0.823633074760437,0.9431685209274292,0.9387101531028748,0.9441541433334351
高误差,MATR_b2c13,483.0,150,current_hybrid,474,0.8222563862800598,0.9430211782455444,0.938460648059845,0.9440202713012695
高误差,MATR_b2c13,483.0,150,current_hybrid,475,0.8208844065666199,0.9428731799125671,0.9382098317146301,0.9438856244087219
高误差,MATR_b2c13,483.0,150,current_hybrid,476,0.8197407722473145,0.9427244067192078,0.9379577040672302,0.9437502026557922
高误差,MATR_b2c13,483.0,150,current_hybrid,477,0.8185606598854065,0.9425750970840454,0.93770432472229,0.9436140656471252
高误差,MATR_b2c13,483.0,150,current_hybrid,478,0.8171235918998718,0.942425012588501,0.9374496936798096,0.9434770345687866
高误差,MATR_b2c13,483.0,150,current_hybrid,479,0.8160066604614258,0.9422743320465088,0.937193751335144,0.9433393478393555
高误差,MATR_b2c13,483.0,150,current_hybrid,480,0.8150360584259033,0.9421228766441345,0.9369364976882935,0.9432008266448975
高误差,MATR_b2c13,483.0,150,current_hybrid,481,0.8138625025749207,0.9419707655906677,0.9366779923439026,0.9430615901947021
高误差,MATR_b2c13,483.0,150,current_hybrid,482,0.8127104640007019,0.9418180584907532,0.9364181756973267,0.9429215788841248
高误差,MATR_b2c13,483.0,150,current_hybrid,483,0.8109269738197327,0.9416645765304565,0.9361571073532104,0.9427807927131653
高误差,MATR_b2c13,483.0,150,current_hybrid,484,0.8099623918533325,0.9415104985237122,0.9358947277069092,0.942639172077179
高误差,MATR_b2c13,483.0,150,current_hybrid,485,0.8088268637657166,0.9413557052612305,0.9356311559677124,0.9424968361854553
高误差,MATR_b2c13,483.0,150,current_hybrid,486,0.8070101141929626,0.9412002563476562,0.9353662133216858,0.9423537850379944
高误差,MATR_b2c13,483.0,150,current_hybrid,487,0.8062443137168884,0.9410440921783447,0.9351000189781189,0.9422098398208618
高误差,MATR_b2c13,483.0,150,current_hybrid,488,0.8048803210258484,0.9408872723579407,0.9348324537277222,0.9420651793479919
高误差,MATR_b2c13,483.0,150,current_hybrid,489,0.803434431552887,0.9407297968864441,0.9345637559890747,0.9419198036193848
高误差,MATR_b2c13,483.0,150,current_hybrid,490,0.8017251491546631,0.9405716061592102,0.9342936277389526,0.9417736530303955
高误差,MATR_b2c13,483.0,150,current_hybrid,491,0.8006958961486816,0.9404127597808838,0.9340222477912903,0.9416267275810242
高误差,MATR_b2c13,483.0,150,current_hybrid,492,0.7993480563163757,0.9402531981468201,0.9337496757507324,0.9414789080619812
高误差,MATR_b2c13,483.0,150,current_hybrid,493,0.7981603741645813,0.9400929808616638,0.9334757328033447,0.9413304328918457
高误差,MATR_b2c13,483.0,150,current_hybrid,494,0.7966414093971252,0.939932107925415,0.933200478553772,0.9411811828613281
高误差,MATR_b2c13,483.0,150,current_hybrid,495,0.7953888773918152,0.939770519733429,0.9329240322113037,0.9410311579704285
高误差,MATR_b2c13,483.0,150,current_hybrid,496,0.7938908934593201,0.9396082758903503,0.9326462149620056,0.9408803582191467
高误差,MATR_b2c13,483.0,150,current_hybrid,497,0.7926580905914307,0.9394453763961792,0.9323671460151672,0.9407287240028381
高误差,MATR_b2c13,483.0,150,current_hybrid,498,0.7912396192550659,0.9392817616462708,0.9320867657661438,0.9405763745307922
高误差,MATR_b2c13,483.0,150,current_hybrid,499,0.7900549173355103,0.9391174912452698,0.9318051934242249,0.940423309803009
高误差,MATR_b2c13,483.0,150,current_hybrid,500,0.7885556817054749,0.9389525055885315,0.9315222501754761,0.940269410610199
高误差,MATR_b2c13,483.0,150,hybridpatch_v2,151,0.9799870252609253,0.9797484278678894,0.9795193076133728,0.9798687696456909
高误差,MATR_b2c13,483.0,150,hybridpatch_v2,152,0.9797799587249756,0.9795082211494446,0.9791733622550964,0.9796786904335022
高误差,MATR_b2c13,483.0,150,hybridpatch_v2,153,0.9795701503753662,0.9793135523796082,0.9788932204246521,0.9795226454734802
高误差,MATR_b2c13,483.0,150,hybridpatch_v2,154,0.9794450402259827,0.9791424870491028,0.9786472320556641,0.9793842434883118
高误差,MATR_b2c13,483.0,150,hybridpatch_v2,155,0.9792494773864746,0.9789864420890808,0.9784230589866638,0.9792570471763611
高误差,MATR_b2c13,483.0,150,hybridpatch_v2,156,0.9790821075439453,0.9788411259651184,0.9782143235206604,0.9791378378868103
高误差,MATR_b2c13,483.0,150,hybridpatch_v2,157,0.9789343476295471,0.9787039160728455,0.978017270565033,0.9790247082710266
高误差,MATR_b2c13,483.0,150,hybridpatch_v2,158,0.9787018299102783,0.9785731434822083,0.9778295755386353,0.978916347026825
高误差,MATR_b2c13,483.0,150,hybridpatch_v2,159,0.9784905314445496,0.9784475564956665,0.977649450302124,0.9788119196891785
高误差,MATR_b2c13,483.0,150,hybridpatch_v2,160,0.9773189425468445,0.9783264398574829,0.977475643157959,0.9787107706069946
高误差,MATR_b2c13,483.0,150,hybridpatch_v2,161,0.9782180786132812,0.9782090187072754,0.9773073196411133,0.9786124229431152
高误差,MATR_b2c13,483.0,150,hybridpatch_v2,162,0.978050708770752,0.9780948758125305,0.9771436452865601,0.9785165190696716
高误差,MATR_b2c13,483.0,150,hybridpatch_v2,163,0.9778661131858826,0.9779835939407349,0.9769840836524963,0.9784227013587952
高误差,MATR_b2c13,483.0,150,hybridpatch_v2,164,0.9776962995529175,0.9778748154640198,0.9768282175064087,0.9783307909965515
高误差,MATR_b2c13,483.0,150,hybridpatch_v2,165,0.9774628281593323,0.9777683019638062,0.9766755700111389,0.9782405495643616
高误差,MATR_b2c13,483.0,150,hybridpatch_v2,166,0.9772651791572571,0.9776638150215149,0.9765259027481079,0.9781518578529358
高误差,MATR_b2c13,483.0,150,hybridpatch_v2,167,0.9770360589027405,0.9775611758232117,0.976378858089447,0.9780645370483398
高误差,MATR_b2c13,483.0,150,hybridpatch_v2,168,0.9768323302268982,0.9774602651596069,0.9762343168258667,0.9779784679412842
高误差,MATR_b2c13,483.0,150,hybridpatch_v2,169,0.9766330718994141,0.9773608446121216,0.9760919809341431,0.977893590927124
高误差,MATR_b2c13,483.0,150,hybridpatch_v2,170,0.97637540102005,0.9772629141807556,0.9759517312049866,0.977809727191925
高误差,MATR_b2c13,483.0,150,hybridpatch_v2,171,0.9762142896652222,0.9771662950515747,0.9758133292198181,0.9777268767356873
高误差,MATR_b2c13,483.0,150,hybridpatch_v2,172,0.9759609699249268,0.9770708680152893,0.9756767749786377,0.9776449799537659
高误差,MATR_b2c13,483.0,150,hybridpatch_v2,173,0.9757583737373352,0.9769765734672546,0.9755418300628662,0.9775638580322266
高误差,MATR_b2c13,483.0,150,hybridpatch_v2,174,0.9755791425704956,0.9768834114074707,0.9754084944725037,0.9774836301803589
高误差,MATR_b2c13,483.0,150,hybridpatch_v2,175,0.9752739071846008,0.9767912030220032,0.9752765893936157,0.9774041175842285
高误差,MATR_b2c13,483.0,150,hybridpatch_v2,176,0.9750869870185852,0.976699948310852,0.9751459956169128,0.9773252606391907
高误差,MATR_b2c13,483.0,150,hybridpatch_v2,177,0.9749571084976196,0.9766096472740173,0.9750167727470398,0.9772471189498901
高误差,MATR_b2c13,483.0,150,hybridpatch_v2,178,0.9747145175933838,0.9765201210975647,0.9748887419700623,0.9771695733070374
高误差,MATR_b2c13,483.0,150,hybridpatch_v2,179,0.9745180010795593,0.9764314293861389,0.9747618436813354,0.9770926833152771
高误差,MATR_b2c13,483.0,150,hybridpatch_v2,180,0.9743700623512268,0.9763434529304504,0.9746360182762146,0.9770163297653198
高误差,MATR_b2c13,483.0,150,hybridpatch_v2,181,0.9741906523704529,0.976256251335144,0.9745112657546997,0.9769405126571655
高误差,MATR_b2c13,483.0,150,hybridpatch_v2,182,0.9740011096000671,0.9761697053909302,0.974387526512146,0.9768651723861694
高误差,MATR_b2c13,483.0,150,hybridpatch_v2,183,0.9737773537635803,0.9760838150978088,0.9742647409439087,0.9767903685569763
高误差,MATR_b2c13,483.0,150,hybridpatch_v2,184,0.9735479354858398,0.9759985208511353,0.9741427898406982,0.9767159819602966
高误差,MATR_b2c13,483.0,150,hybridpatch_v2,185,0.9734590649604797,0.9759138822555542,0.9740217328071594,0.9766420722007751
高误差,MATR_b2c13,483.0,150,hybridpatch_v2,186,0.9720727205276489,0.9758297801017761,0.9739015102386475,0.9765686392784119
高误差,MATR_b2c13,483.0,150,hybridpatch_v2,187,0.9729588031768799,0.975746214389801,0.9737820625305176,0.9764955639839172
高误差,MATR_b2c13,483.0,150,hybridpatch_v2,188,0.9728227257728577,0.9756631851196289,0.9736633896827698,0.9764228463172913
高误差,MATR_b2c13,483.0,150,hybridpatch_v2,189,0.9724661111831665,0.9755806922912598,0.973545491695404,0.9763505458831787
高误差,MATR_b2c13,483.0,150,hybridpatch_v2,190,0.9722618460655212,0.975498616695404,0.9734282493591309,0.9762786030769348
高误差,MATR_b2c13,483.0,150,hybridpatch_v2,191,0.9721655249595642,0.9754170775413513,0.9733116626739502,0.9762070178985596
高误差,MATR_b2c13,483.0,150,hybridpatch_v2,192,0.9719071984291077,0.975335955619812,0.9731957316398621,0.9761357307434082
高误差,MATR_b2c13,483.0,150,hybridpatch_v2,193,0.9717985391616821,0.9752552509307861,0.9730804562568665,0.9760648012161255
高误差,MATR_b2c13,483.0,150,hybridpatch_v2,194,0.9716031551361084,0.9751749634742737,0.9729657769203186,0.9759942293167114
高误差,MATR_b2c13,483.0,150,hybridpatch_v2,195,0.9713507294654846,0.9750951528549194,0.9728516936302185,0.9759238958358765
高误差,MATR_b2c13,483.0,150,hybridpatch_v2,196,0.9710075259208679,0.9750156402587891,0.9727381467819214,0.9758538603782654
高误差,MATR_b2c13,483.0,150,hybridpatch_v2,197,0.9708966016769409,0.9749366044998169,0.9726251363754272,0.9757841229438782
高误差,MATR_b2c13,483.0,150,hybridpatch_v2,198,0.9706404209136963,0.9748578667640686,0.9725127220153809,0.9757146835327148
高误差,MATR_b2c13,483.0,150,hybridpatch_v2,199,0.9704318046569824,0.974779486656189,0.9724007844924927,0.9756454825401306
高误差,MATR_b2c13,483.0,150,hybridpatch_v2,200,0.9702088832855225,0.974701464176178,0.9722893238067627,0.9755765199661255
高误差,MATR_b2c13,483.0,150,hybridpatch_v2,201,0.9699453711509705,0.9746237993240356,0.9721783995628357,0.9755078554153442
高误差,MATR_b2c13,483.0,150,hybridpatch_v2,202,0.969829797744751,0.9745464324951172,0.9720678925514221,0.9754393696784973
高误差,MATR_b2c13,483.0,150,hybridpatch_v2,203,0.9696323871612549,0.9744693636894226,0.9719578623771667,0.9753711819648743
高误差,MATR_b2c13,483.0,150,hybridpatch_v2,204,0.9694975018501282,0.9743926525115967,0.9718482494354248,0.9753031730651855
高误差,MATR_b2c13,483.0,150,hybridpatch_v2,205,0.9693607091903687,0.9743161797523499,0.9717391133308411,0.9752354025840759
高误差,MATR_b2c13,483.0,150,hybridpatch_v2,206,0.9690881371498108,0.9742400646209717,0.9716303944587708,0.9751678705215454
高误差,MATR_b2c13,483.0,150,hybridpatch_v2,207,0.9688500761985779,0.9741641879081726,0.9715220332145691,0.9751005172729492
高误差,MATR_b2c13,483.0,150,hybridpatch_v2,208,0.9687283039093018,0.9740886092185974,0.9714141488075256,0.9750334024429321
高误差,MATR_b2c13,483.0,150,hybridpatch_v2,209,0.968506395816803,0.9740132689476013,0.971306562423706,0.9749664664268494
高误差,MATR_b2c13,483.0,150,hybridpatch_v2,210,0.9683980345726013,0.9739381670951843,0.9711993932723999,0.9748997688293457
高误差,MATR_b2c13,483.0,150,hybridpatch_v2,211,0.968123733997345,0.9738633632659912,0.9710926413536072,0.9748331904411316
高误差,MATR_b2c13,483.0,150,hybridpatch_v2,212,0.9668082594871521,0.9737887978553772,0.9709861874580383,0.9747668504714966
高误差,MATR_b2c13,483.0,150,hybridpatch_v2,213,0.967667281627655,0.9737144708633423,0.9708800911903381,0.9747006893157959
高误差,MATR_b2c13,483.0,150,hybridpatch_v2,214,0.9674606323242188,0.9736404418945312,0.9707743525505066,0.9746347069740295
高误差,MATR_b2c13,483.0,150,hybridpatch_v2,215,0.9672365784645081,0.9735665917396545,0.9706689119338989,0.9745688438415527
高误差,MATR_b2c13,483.0,150,hybridpatch_v2,216,0.9670978784561157,0.9734929203987122,0.9705638289451599,0.974503219127655
高误差,MATR_b2c13,483.0,150,hybridpatch_v2,217,0.966925323009491,0.9734195470809937,0.9704590439796448,0.9744377136230469
高误差,MATR_b2c13,483.0,150,hybridpatch_v2,218,0.9667128324508667,0.9733463525772095,0.9703546166419983,0.974372386932373
高误差,MATR_b2c13,483.0,150,hybridpatch_v2,219,0.9665324091911316,0.9732733964920044,0.9702504277229309,0.9743071794509888
高误差,MATR_b2c13,483.0,150,hybridpatch_v2,220,0.9662380814552307,0.9732006192207336,0.9701465964317322,0.9742422103881836
高误差,MATR_b2c13,483.0,150,hybridpatch_v2,221,0.9660718441009521,0.9731280207633972,0.9700430631637573,0.9741773009300232
高误差,MATR_b2c13,483.0,150,hybridpatch_v2,222,0.9659367799758911,0.9730556607246399,0.9699397683143616,0.9741126298904419
高误差,MATR_b2c13,483.0,150,hybridpatch_v2,223,0.9656916856765747,0.9729834794998169,0.9698367714881897,0.9740480184555054
高误差,MATR_b2c13,483.0,150,hybridpatch_v2,224,0.9654952883720398,0.9729114770889282,0.9697340726852417,0.9739835858345032
高误差,MATR_b2c13,483.0,150,hybridpatch_v2,225,0.9653273224830627,0.9728397130966187,0.9696316123008728,0.9739193320274353
高误差,MATR_b2c13,483.0,150,hybridpatch_v2,226,0.9651287198066711,0.9727680683135986,0.969529390335083,0.9738551378250122
高误差,MATR_b2c13,483.0,150,hybridpatch_v2,227,0.9648871421813965,0.9726966023445129,0.9694274663925171,0.9737911224365234
高误差,MATR_b2c13,483.0,150,hybridpatch_v2,228,0.964738130569458,0.9726253747940063,0.9693257808685303,0.9737272262573242
高误差,MATR_b2c13,483.0,150,hybridpatch_v2,229,0.9644873738288879,0.9725542664527893,0.9692243337631226,0.9736634492874146
高误差,MATR_b2c13,483.0,150,hybridpatch_v2,230,0.9642770886421204,0.9724833369255066,0.9691231846809387,0.9735998511314392
高误差,MATR_b2c13,483.0,150,hybridpatch_v2,231,0.9640378952026367,0.9724125862121582,0.9690222144126892,0.9735363125801086
高误差,MATR_b2c13,483.0,150,hybridpatch_v2,232,0.9637771248817444,0.9723419547080994,0.9689215421676636,0.9734729528427124
高误差,MATR_b2c13,483.0,150,hybridpatch_v2,233,0.9636908173561096,0.9722715616226196,0.9688210487365723,0.9734096527099609
高误差,MATR_b2c13,483.0,150,hybridpatch_v2,234,0.9633868932723999,0.9722012281417847,0.9687207937240601,0.973346471786499
高误差,MATR_b2c13,483.0,150,hybridpatch_v2,235,0.9631727337837219,0.9721311330795288,0.9686207175254822,0.9732834696769714
高误差,MATR_b2c13,483.0,150,hybridpatch_v2,236,0.9630993604660034,0.9720611572265625,0.9685209393501282,0.9732205271720886
高误差,MATR_b2c13,483.0,150,hybridpatch_v2,237,0.9627416729927063,0.9719913005828857,0.9684213399887085,0.9731577038764954
高误差,MATR_b2c13,483.0,150,hybridpatch_v2,238,0.9624595046043396,0.9719216227531433,0.9683219194412231,0.9730949997901917
高误差,MATR_b2c13,483.0,150,hybridpatch_v2,239,0.9622563719749451,0.9718521237373352,0.9682227373123169,0.9730324149131775
高误差,MATR_b2c13,483.0,150,hybridpatch_v2,240,0.9620329737663269,0.9717826843261719,0.9681237936019897,0.9729698896408081
高误差,MATR_b2c13,483.0,150,hybridpatch_v2,241,0.9617982506752014,0.9717134237289429,0.9680249691009521,0.972907543182373
高误差,MATR_b2c13,483.0,150,hybridpatch_v2,242,0.9616549611091614,0.9716443419456482,0.9679264426231384,0.9728452563285828
高误差,MATR_b2c13,483.0,150,hybridpatch_v2,243,0.9614031910896301,0.9715753197669983,0.9678280353546143,0.9727830290794373
高误差,MATR_b2c13,483.0,150,hybridpatch_v2,244,0.9611688256263733,0.9715064764022827,0.9677298069000244,0.9727209210395813
高误差,MATR_b2c13,483.0,150,hybridpatch_v2,245,0.9391448497772217,0.9714377522468567,0.9676318168640137,0.9726589322090149
高误差,MATR_b2c13,483.0,150,hybridpatch_v2,246,0.9600827097892761,0.9713691473007202,0.9675340056419373,0.972597062587738
高误差,MATR_b2c13,483.0,150,hybridpatch_v2,247,0.9599334597587585,0.9713006615638733,0.9674363732337952,0.972535252571106
高误差,MATR_b2c13,483.0,150,hybridpatch_v2,248,0.9598243236541748,0.9712323546409607,0.9673389196395874,0.9724735617637634
高误差,MATR_b2c13,483.0,150,hybridpatch_v2,249,0.9597811102867126,0.9711641073226929,0.9672415852546692,0.9724119305610657
高误差,MATR_b2c13,483.0,150,hybridpatch_v2,250,0.9597070217132568,0.9710959792137146,0.9671444892883301,0.9723504185676575
高误差,MATR_b2c13,483.0,150,hybridpatch_v2,251,0.9595145583152771,0.9710280299186707,0.9670475721359253,0.972288966178894
高误差,MATR_b2c13,483.0,150,hybridpatch_v2,252,0.9594172239303589,0.9709601402282715,0.9669507741928101,0.9722276329994202
高误差,MATR_b2c13,483.0,150,hybridpatch_v2,253,0.9592463970184326,0.9708923697471619,0.9668541550636292,0.9721663594245911
高误差,MATR_b2c13,483.0,150,hybridpatch_v2,254,0.9590519070625305,0.9708247184753418,0.9667577147483826,0.9721051454544067
高误差,MATR_b2c13,483.0,150,hybridpatch_v2,255,0.9588752388954163,0.9707571864128113,0.9666614532470703,0.972044050693512
高误差,MATR_b2c13,483.0,150,hybridpatch_v2,256,0.9588002562522888,0.9706897735595703,0.9665653109550476,0.9719830751419067
高误差,MATR_b2c13,483.0,150,hybridpatch_v2,257,0.9585199356079102,0.9706224799156189,0.9664693474769592,0.9719220995903015
高误差,MATR_b2c13,483.0,150,hybridpatch_v2,258,0.9583579897880554,0.9705552458763123,0.9663735628128052,0.9718612432479858
高误差,MATR_b2c13,483.0,150,hybridpatch_v2,259,0.9582024216651917,0.9704881906509399,0.9662778973579407,0.9718005061149597
高误差,MATR_b2c13,483.0,150,hybridpatch_v2,260,0.9579472541809082,0.9704211950302124,0.9661823511123657,0.9717397689819336
高误差,MATR_b2c13,483.0,150,hybridpatch_v2,261,0.9576519727706909,0.9703542590141296,0.9660869836807251,0.971679151058197
高误差,MATR_b2c13,483.0,150,hybridpatch_v2,262,0.9575182199478149,0.9702875018119812,0.9659917950630188,0.97161865234375
高误差,MATR_b2c13,483.0,150,hybridpatch_v2,263,0.9573284387588501,0.9702208042144775,0.965896725654602,0.971558153629303
高误差,MATR_b2c13,483.0,150,hybridpatch_v2,264,0.9572064280509949,0.9701542258262634,0.9658017754554749,0.9714977741241455
高误差,MATR_b2c13,483.0,150,hybridpatch_v2,265,0.9569507241249084,0.9700877070426941,0.965707004070282,0.9714374542236328
高误差,MATR_b2c13,483.0,150,hybridpatch_v2,266,0.9567829966545105,0.9700213074684143,0.9656123518943787,0.9713771939277649
高误差,MATR_b2c13,483.0,150,hybridpatch_v2,267,0.9566881656646729,0.9699550271034241,0.9655178785324097,0.9713170528411865
高误差,MATR_b2c13,483.0,150,hybridpatch_v2,268,0.9564493894577026,0.9698888063430786,0.9654234647750854,0.9712569117546082
高误差,MATR_b2c13,483.0,150,hybridpatch_v2,269,0.9561995267868042,0.9698227047920227,0.9653292298316956,0.9711968898773193
高误差,MATR_b2c13,483.0,150,hybridpatch_v2,270,0.9561024904251099,0.9697566628456116,0.9652351140975952,0.9711369276046753
高误差,MATR_b2c13,483.0,150,hybridpatch_v2,271,0.9558210968971252,0.96969074010849,0.9651411771774292,0.971077024936676
高误差,MATR_b2c13,483.0,150,hybridpatch_v2,272,0.9556468725204468,0.9696248769760132,0.965047299861908,0.9710171818733215
高误差,MATR_b2c13,483.0,150,hybridpatch_v2,273,0.9554513096809387,0.9695591330528259,0.964953601360321,0.9709573984146118
高误差,MATR_b2c13,483.0,150,hybridpatch_v2,274,0.9552255272865295,0.9694934487342834,0.9648599624633789,0.9708976745605469
高误差,MATR_b2c13,483.0,150,hybridpatch_v2,275,0.9549037218093872,0.9694278836250305,0.9647665023803711,0.9708380699157715
高误差,MATR_b2c13,483.0,150,hybridpatch_v2,276,0.9546558260917664,0.9693623781204224,0.9646731615066528,0.9707784652709961
高误差,MATR_b2c13,483.0,150,hybridpatch_v2,277,0.9544339179992676,0.969296932220459,0.9645799398422241,0.9707189798355103
高误差,MATR_b2c13,483.0,150,hybridpatch_v2,278,0.9540157318115234,0.9692316055297852,0.964486837387085,0.9706594944000244
高误差,MATR_b2c13,483.0,150,hybridpatch_v2,279,0.9539577960968018,0.9691663384437561,0.9643937945365906,0.9706001281738281
高误差,MATR_b2c13,483.0,150,hybridpatch_v2,280,0.9538090825080872,0.9691011905670166,0.9643009305000305,0.9705407619476318
高误差,MATR_b2c13,483.0,150,hybridpatch_v2,281,0.9536128044128418,0.9690361022949219,0.96420818567276,0.9704815149307251
高误差,MATR_b2c13,483.0,150,hybridpatch_v2,282,0.9532902836799622,0.9689710736274719,0.964115560054779,0.9704223275184631
高误差,MATR_b2c13,483.0,150,hybridpatch_v2,283,0.9531179070472717,0.9689061641693115,0.9640229940414429,0.9703631401062012
高误差,MATR_b2c13,483.0,150,hybridpatch_v2,284,0.9528667330741882,0.9688412547111511,0.963930606842041,0.9703040719032288
高误差,MATR_b2c13,483.0,150,hybridpatch_v2,285,0.9525968432426453,0.968776524066925,0.9638382792472839,0.9702450037002563
高误差,MATR_b2c13,483.0,150,hybridpatch_v2,286,0.9521719813346863,0.968711793422699,0.9637460708618164,0.9701860547065735
高误差,MATR_b2c13,483.0,150,hybridpatch_v2,287,0.9521033763885498,0.9686471819877625,0.9636539816856384,0.9701271057128906
高误差,MATR_b2c13,483.0,150,hybridpatch_v2,288,0.9518327713012695,0.9685826301574707,0.96356201171875,0.9700682759284973
高误差,MATR_b2c13,483.0,150,hybridpatch_v2,289,0.9515782594680786,0.9685181379318237,0.9634701013565063,0.970009446144104
高误差,MATR_b2c13,483.0,150,hybridpatch_v2,290,0.9513733983039856,0.9684537053108215,0.9633783102035522,0.9699506759643555
高误差,MATR_b2c13,483.0,150,hybridpatch_v2,291,0.951110303401947,0.9683893918991089,0.9632866382598877,0.9698919653892517
高误差,MATR_b2c13,483.0,150,hybridpatch_v2,292,0.9509258270263672,0.968325138092041,0.9631950855255127,0.9698333144187927
高误差,MATR_b2c13,483.0,150,hybridpatch_v2,293,0.9505865573883057,0.9682608842849731,0.9631035923957825,0.9697747230529785
高误差,MATR_b2c13,483.0,150,hybridpatch_v2,294,0.9503126740455627,0.9681968092918396,0.9630122184753418,0.9697161912918091
高误差,MATR_b2c13,483.0,150,hybridpatch_v2,295,0.9497206211090088,0.9681330919265747,0.9629209637641907,0.9696576595306396
高误差,MATR_b2c13,483.0,150,hybridpatch_v2,296,0.9498035907745361,0.9680700302124023,0.9628298282623291,0.9695992469787598
高误差,MATR_b2c13,483.0,150,hybridpatch_v2,297,0.9495244026184082,0.9680070281028748,0.9627387523651123,0.9695408344268799
高误差,MATR_b2c13,483.0,150,hybridpatch_v2,298,0.9492307305335999,0.9679441452026367,0.9626477360725403,0.9694824814796448
高误差,MATR_b2c13,483.0,150,hybridpatch_v2,299,0.9490561485290527,0.9678812623023987,0.9625568389892578,0.9694241881370544
高误差,MATR_b2c13,483.0,150,hybridpatch_v2,300,0.9487566351890564,0.9678184986114502,0.9624660611152649,0.9693659543991089
高误差,MATR_b2c13,483.0,150,hybridpatch_v2,301,0.9485154747962952,0.9677557945251465,0.9623754024505615,0.9693077206611633
高误差,MATR_b2c13,483.0,150,hybridpatch_v2,302,0.9482391476631165,0.9676931500434875,0.9622848033905029,0.9692496061325073
高误差,MATR_b2c13,483.0,150,hybridpatch_v2,303,0.9479802250862122,0.9676305651664734,0.9621942639350891,0.9691914916038513
高误差,MATR_b2c13,483.0,150,hybridpatch_v2,304,0.9477190971374512,0.9675680994987488,0.9621038436889648,0.9691334366798401
高误差,MATR_b2c13,483.0,150,hybridpatch_v2,305,0.9473760724067688,0.9675056338310242,0.9620134830474854,0.9690754413604736
高误差,MATR_b2c13,483.0,150,hybridpatch_v2,306,0.9473069310188293,0.9674432277679443,0.9619232416152954,0.9690174460411072
高误差,MATR_b2c13,483.0,150,hybridpatch_v2,307,0.9468654990196228,0.967380940914154,0.961833119392395,0.9689595699310303
高误差,MATR_b2c13,483.0,150,hybridpatch_v2,308,0.9459652900695801,0.9673186540603638,0.9617430567741394,0.9689016938209534
高误差,MATR_b2c13,483.0,150,hybridpatch_v2,309,0.94584721326828,0.967256486415863,0.9616530537605286,0.9688438773155212
高误差,MATR_b2c13,483.0,150,hybridpatch_v2,310,0.9459733366966248,0.9671943187713623,0.9615631699562073,0.9687860608100891
高误差,MATR_b2c13,483.0,150,hybridpatch_v2,311,0.945335328578949,0.9671322703361511,0.9614733457565308,0.9687283039093018
高误差,MATR_b2c13,483.0,150,hybridpatch_v2,312,0.9454377889633179,0.9670702815055847,0.9613836407661438,0.9686706066131592
高误差,MATR_b2c13,483.0,150,hybridpatch_v2,313,0.9450821876525879,0.9670082926750183,0.9612939953804016,0.9686129689216614
高误差,MATR_b2c13,483.0,150,hybridpatch_v2,314,0.9448705911636353,0.9669464230537415,0.9612044095993042,0.9685553908348083
高误差,MATR_b2c13,483.0,150,hybridpatch_v2,315,0.94448322057724,0.9668846130371094,0.9611149430274963,0.9684978127479553
高误差,MATR_b2c13,483.0,150,hybridpatch_v2,316,0.9442164301872253,0.9668228626251221,0.9610255360603333,0.9684402942657471
高误差,MATR_b2c13,483.0,150,hybridpatch_v2,317,0.9439066052436829,0.9667611122131348,0.9609361886978149,0.9683827757835388
高误差,MATR_b2c13,483.0,150,hybridpatch_v2,318,0.9435551166534424,0.966699481010437,0.9608469605445862,0.9683253765106201
高误差,MATR_b2c13,483.0,150,hybridpatch_v2,319,0.9430030584335327,0.9666378498077393,0.9607577919960022,0.9682679772377014
高误差,MATR_b2c13,483.0,150,hybridpatch_v2,320,0.9423972964286804,0.966576337814331,0.9606687426567078,0.9682139158248901
高误差,MATR_b2c13,483.0,150,hybridpatch_v2,321,0.9421599507331848,0.9665148258209229,0.9605797529220581,0.9681599736213684
高误差,MATR_b2c13,483.0,150,hybridpatch_v2,322,0.9417732357978821,0.9664534330368042,0.9604908227920532,0.9681060314178467
高误差,MATR_b2c13,483.0,150,hybridpatch_v2,323,0.9419432282447815,0.9663920402526855,0.9604019522666931,0.9680522084236145
高误差,MATR_b2c13,483.0,150,hybridpatch_v2,324,0.9415762424468994,0.9663307070732117,0.9603131413459778,0.9679983854293823
高误差,MATR_b2c13,483.0,150,hybridpatch_v2,325,0.9411861300468445,0.9662694334983826,0.960224449634552,0.9679446816444397
高误差,MATR_b2c13,483.0,150,hybridpatch_v2,326,0.9409833550453186,0.9662082195281982,0.960135817527771,0.9678909778594971
高误差,MATR_b2c13,483.0,150,hybridpatch_v2,327,0.9402434229850769,0.9661470651626587,0.9600472450256348,0.9678372740745544
高误差,MATR_b2c13,483.0,150,hybridpatch_v2,328,0.9399986267089844,0.9660859704017639,0.9599587917327881,0.9677836894989014
高误差,MATR_b2c13,483.0,150,hybridpatch_v2,329,0.9398546814918518,0.9660249352455139,0.9598703980445862,0.9677301049232483
高误差,MATR_b2c13,483.0,150,hybridpatch_v2,330,0.9393077492713928,0.9659639000892639,0.959782063961029,0.9676766395568848
高误差,MATR_b2c13,483.0,150,hybridpatch_v2,331,0.9391369223594666,0.9659029841423035,0.9596937894821167,0.9676231145858765
高误差,MATR_b2c13,483.0,150,hybridpatch_v2,332,0.9385484457015991,0.965842068195343,0.9596055746078491,0.9675697088241577
高误差,MATR_b2c13,483.0,150,hybridpatch_v2,333,0.9382596611976624,0.9657812118530273,0.9595174789428711,0.9675163626670837
高误差,MATR_b2c13,483.0,150,hybridpatch_v2,334,0.9380678534507751,0.9657204151153564,0.9594293832778931,0.9674630165100098
高误差,MATR_b2c13,483.0,150,hybridpatch_v2,335,0.9376482963562012,0.9656596779823303,0.9593414068222046,0.9674097299575806
高误差,MATR_b2c13,483.0,150,hybridpatch_v2,336,0.9371316432952881,0.9655989408493042,0.9592534899711609,0.9673565030097961
高误差,MATR_b2c13,483.0,150,hybridpatch_v2,337,0.9368925094604492,0.9655383229255676,0.959165632724762,0.9673032760620117
高误差,MATR_b2c13,483.0,150,hybridpatch_v2,338,0.9360787868499756,0.965477705001831,0.9590778350830078,0.9672501087188721
高误差,MATR_b2c13,483.0,150,hybridpatch_v2,339,0.9361017346382141,0.9654171466827393,0.9589900970458984,0.9671970009803772
高误差,MATR_b2c13,483.0,150,hybridpatch_v2,340,0.9358798861503601,0.9653566479682922,0.9589024782180786,0.9671439528465271
高误差,MATR_b2c13,483.0,150,hybridpatch_v2,341,0.9354526996612549,0.96529620885849,0.9588148593902588,0.967090904712677
高误差,MATR_b2c13,483.0,150,hybridpatch_v2,342,0.9347147345542908,0.9652357697486877,0.9587273597717285,0.9670379161834717
高误差,MATR_b2c13,483.0,150,hybridpatch_v2,343,0.93462735414505,0.9651753902435303,0.958639919757843,0.9669849872589111
高误差,MATR_b2c13,483.0,150,hybridpatch_v2,344,0.9339408874511719,0.9651150703430176,0.9585524797439575,0.9669321179389954
高误差,MATR_b2c13,483.0,150,hybridpatch_v2,345,0.9332360029220581,0.9650548100471497,0.9584651589393616,0.9668792486190796
高误差,MATR_b2c13,483.0,150,hybridpatch_v2,346,0.9329659938812256,0.9649946093559265,0.9583778977394104,0.9668264389038086
高误差,MATR_b2c13,483.0,150,hybridpatch_v2,347,0.9328793883323669,0.9649344086647034,0.958290696144104,0.9667736291885376
高误差,MATR_b2c13,483.0,150,hybridpatch_v2,348,0.9324382543563843,0.964874267578125,0.9582035541534424,0.9667209386825562
高误差,MATR_b2c13,483.0,150,hybridpatch_v2,349,0.9321411848068237,0.9648141860961914,0.9581164717674255,0.9666681885719299
高误差,MATR_b2c13,483.0,150,hybridpatch_v2,350,0.9315633773803711,0.9647541642189026,0.9580294489860535,0.9666155576705933
高误差,MATR_b2c13,483.0,150,hybridpatch_v2,351,0.9311577081680298,0.9646941423416138,0.9579424858093262,0.9665629267692566
高误差,MATR_b2c13,483.0,150,hybridpatch_v2,352,0.9307171106338501,0.9646341800689697,0.9578555822372437,0.9665103554725647
高误差,MATR_b2c13,483.0,150,hybridpatch_v2,353,0.9304929375648499,0.9645742774009705,0.9577687382698059,0.9664578437805176
高误差,MATR_b2c13,483.0,150,hybridpatch_v2,354,0.9298621416091919,0.9645143747329712,0.9576819539070129,0.9664053320884705
高误差,MATR_b2c13,483.0,150,hybridpatch_v2,355,0.9290990829467773,0.9644545316696167,0.9575952291488647,0.9663528800010681
高误差,MATR_b2c13,483.0,150,hybridpatch_v2,356,0.9284420609474182,0.964394748210907,0.9575085639953613,0.9663004279136658
高误差,MATR_b2c13,483.0,150,hybridpatch_v2,357,0.9279155731201172,0.964335024356842,0.9574219584465027,0.9662480354309082
高误差,MATR_b2c13,483.0,150,hybridpatch_v2,358,0.9279242157936096,0.9642753005027771,0.9573354125022888,0.9661957025527954
高误差,MATR_b2c13,483.0,150,hybridpatch_v2,359,0.9270193576812744,0.9642156362533569,0.9572489261627197,0.9661434292793274
高误差,MATR_b2c13,483.0,150,hybridpatch_v2,360,0.9265490174293518,0.9641560316085815,0.9571624994277954,0.9660911560058594
高误差,MATR_b2c13,483.0,150,hybridpatch_v2,361,0.9263787269592285,0.9640964269638062,0.9570761322975159,0.9660388827323914
高误差,MATR_b2c13,483.0,150,hybridpatch_v2,362,0.9259515404701233,0.9640368819236755,0.9569897651672363,0.9659866690635681
高误差,MATR_b2c13,483.0,150,hybridpatch_v2,363,0.9250214099884033,0.9639773964881897,0.9569035172462463,0.9659345149993896
高误差,MATR_b2c13,483.0,150,hybridpatch_v2,364,0.9246684908866882,0.9639179706573486,0.9568173289299011,0.965882420539856
高误差,MATR_b2c13,483.0,150,hybridpatch_v2,365,0.9245779514312744,0.9638585448265076,0.9567311406135559,0.9658303260803223
高误差,MATR_b2c13,483.0,150,hybridpatch_v2,366,0.923606812953949,0.9637991189956665,0.9566450715065002,0.9657782316207886
高误差,MATR_b2c13,483.0,150,hybridpatch_v2,367,0.9232547879219055,0.963739812374115,0.9565590023994446,0.9657262563705444
高误差,MATR_b2c13,483.0,150,hybridpatch_v2,368,0.9229498505592346,0.9636805057525635,0.9564729928970337,0.9656742811203003
高误差,MATR_b2c13,483.0,150,hybridpatch_v2,369,0.9223324656486511,0.9636212587356567,0.9563871026039124,0.9656223058700562
高误差,MATR_b2c13,483.0,150,hybridpatch_v2,370,0.9211787581443787,0.96356201171875,0.956301212310791,0.9655703902244568
高误差,MATR_b2c13,483.0,150,hybridpatch_v2,371,0.9213359951972961,0.963502824306488,0.9562153816223145,0.9655185341835022
高误差,MATR_b2c13,483.0,150,hybridpatch_v2,372,0.9207087755203247,0.9634436368942261,0.9561295509338379,0.9654666781425476
高误差,MATR_b2c13,483.0,150,hybridpatch_v2,373,0.9199787974357605,0.9633845686912537,0.9560438394546509,0.965414822101593
高误差,MATR_b2c13,483.0,150,hybridpatch_v2,374,0.9198187589645386,0.9633255004882812,0.9559581875801086,0.965363085269928
高误差,MATR_b2c13,483.0,150,hybridpatch_v2,375,0.9186020493507385,0.9632664322853088,0.9558725357055664,0.9653113484382629
高误差,MATR_b2c13,483.0,150,hybridpatch_v2,376,0.9181641340255737,0.9632074236869812,0.955786943435669,0.9652596116065979
高误差,MATR_b2c13,483.0,150,hybridpatch_v2,377,0.9177157282829285,0.9631484746932983,0.9557014107704163,0.9652079343795776
高误差,MATR_b2c13,483.0,150,hybridpatch_v2,378,0.9173142313957214,0.9630895256996155,0.9556159377098083,0.9651563167572021
高误差,MATR_b2c13,483.0,150,hybridpatch_v2,379,0.9167798161506653,0.9630306363105774,0.9555305242538452,0.9651046991348267
高误差,MATR_b2c13,483.0,150,hybridpatch_v2,380,0.9162165522575378,0.9629718065261841,0.9554451704025269,0.9650530815124512
高误差,MATR_b2c13,483.0,150,hybridpatch_v2,381,0.9153229594230652,0.9629129767417908,0.9553598165512085,0.9650015234947205
高误差,MATR_b2c13,483.0,150,hybridpatch_v2,382,0.9154097437858582,0.9628542065620422,0.9552745819091797,0.9649500250816345
高误差,MATR_b2c13,483.0,150,hybridpatch_v2,383,0.914011538028717,0.9627954363822937,0.9551893472671509,0.9648985266685486
高误差,MATR_b2c13,483.0,150,hybridpatch_v2,384,0.9132885932922363,0.9627367258071899,0.9551041126251221,0.9648470878601074
高误差,MATR_b2c13,483.0,150,hybridpatch_v2,385,0.9130623936653137,0.962678074836731,0.9550189971923828,0.9647956490516663
高误差,MATR_b2c13,483.0,150,hybridpatch_v2,386,0.9127700328826904,0.962619423866272,0.9549339413642883,0.9647442698478699
高误差,MATR_b2c13,483.0,150,hybridpatch_v2,387,0.9114192724227905,0.962560772895813,0.9548488855361938,0.9646928906440735
高误差,MATR_b2c13,483.0,150,hybridpatch_v2,388,0.9117169380187988,0.9625021815299988,0.9547638893127441,0.9646415710449219
高误差,MATR_b2c13,483.0,150,hybridpatch_v2,389,0.9102116823196411,0.9624436497688293,0.9546789526939392,0.964590311050415
高误差,MATR_b2c13,483.0,150,hybridpatch_v2,390,0.910325825214386,0.9623851776123047,0.954594075679779,0.9645390510559082
高误差,MATR_b2c13,483.0,150,hybridpatch_v2,391,0.9094801545143127,0.96232670545578,0.9545091986656189,0.9644877910614014
高误差,MATR_b2c13,483.0,150,hybridpatch_v2,392,0.9091705679893494,0.9622682332992554,0.9544243812561035,0.9644365906715393
高误差,MATR_b2c13,483.0,150,hybridpatch_v2,393,0.9085291028022766,0.9622098207473755,0.9543396234512329,0.9643853902816772
高误差,MATR_b2c13,483.0,150,hybridpatch_v2,394,0.9076859354972839,0.9621514678001404,0.9542549252510071,0.96433424949646
高误差,MATR_b2c13,483.0,150,hybridpatch_v2,395,0.9068772792816162,0.9620931148529053,0.9541702270507812,0.9642831087112427
高误差,MATR_b2c13,483.0,150,hybridpatch_v2,396,0.906632125377655,0.9620348215103149,0.954085648059845,0.9642320275306702
高误差,MATR_b2c13,483.0,150,hybridpatch_v2,397,0.9057061672210693,0.9619765281677246,0.9540010690689087,0.9641810059547424
高误差,MATR_b2c13,483.0,150,hybridpatch_v2,398,0.9049229621887207,0.961918294429779,0.9539164900779724,0.9641299843788147
高误差,MATR_b2c13,483.0,150,hybridpatch_v2,399,0.9043896794319153,0.9618600606918335,0.9538320302963257,0.964078962802887
高误差,MATR_b2c13,483.0,150,hybridpatch_v2,400,0.9029978513717651,0.9618018865585327,0.953747570514679,0.964028000831604
高误差,MATR_b2c13,483.0,150,hybridpatch_v2,401,0.9030065536499023,0.9617437124252319,0.953663170337677,0.963977038860321
高误差,MATR_b2c13,483.0,150,hybridpatch_v2,402,0.9021291136741638,0.9616855978965759,0.9535788297653198,0.9639261364936829
高误差,MATR_b2c13,483.0,150,hybridpatch_v2,403,0.9016055464744568,0.9616274833679199,0.9534944891929626,0.9638752341270447
高误差,MATR_b2c13,483.0,150,hybridpatch_v2,404,0.900578498840332,0.9615694284439087,0.9534102082252502,0.9638243913650513
高误差,MATR_b2c13,483.0,150,hybridpatch_v2,405,0.9002032279968262,0.9615114331245422,0.9533259868621826,0.9637735486030579
高误差,MATR_b2c13,483.0,150,hybridpatch_v2,406,0.8993509411811829,0.9614534378051758,0.953241765499115,0.9637227654457092
高误差,MATR_b2c13,483.0,150,hybridpatch_v2,407,0.8984595537185669,0.9613954424858093,0.9531576633453369,0.9636719822883606
高误差,MATR_b2c13,483.0,150,hybridpatch_v2,408,0.8975794315338135,0.9613375067710876,0.9530735015869141,0.963621199131012
高误差,MATR_b2c13,483.0,150,hybridpatch_v2,409,0.896933376789093,0.9612796306610107,0.9529894590377808,0.9635704755783081
高误差,MATR_b2c13,483.0,150,hybridpatch_v2,410,0.8964131474494934,0.9612217545509338,0.9529054164886475,0.963519811630249
高误差,MATR_b2c13,483.0,150,hybridpatch_v2,411,0.8951745629310608,0.9611638784408569,0.9528214335441589,0.9634691476821899
高误差,MATR_b2c13,483.0,150,hybridpatch_v2,412,0.8943337798118591,0.9611060619354248,0.9527375102043152,0.9634184837341309
高误差,MATR_b2c13,483.0,150,hybridpatch_v2,413,0.8938096761703491,0.9610482454299927,0.9526535868644714,0.9633678793907166
高误差,MATR_b2c13,483.0,150,hybridpatch_v2,414,0.8930244445800781,0.9609904885292053,0.9525697827339172,0.9633172750473022
高误差,MATR_b2c13,483.0,150,hybridpatch_v2,415,0.8920807838439941,0.9609327912330627,0.9524859189987183,0.9632667303085327
高误差,MATR_b2c13,483.0,150,hybridpatch_v2,416,0.8912531733512878,0.9608750939369202,0.9524021744728088,0.9632161855697632
高误差,MATR_b2c13,483.0,150,hybridpatch_v2,417,0.8903943300247192,0.9608173966407776,0.9523184299468994,0.9631657004356384
高误差,MATR_b2c13,483.0,150,hybridpatch_v2,418,0.8895922303199768,0.9607597589492798,0.95223468542099,0.9631152153015137
高误差,MATR_b2c13,483.0,150,hybridpatch_v2,419,0.8886423110961914,0.9607021808624268,0.9521510601043701,0.9630647301673889
高误差,MATR_b2c13,483.0,150,hybridpatch_v2,420,0.8879451155662537,0.960644543170929,0.9520674347877502,0.9630143046379089
高误差,MATR_b2c13,483.0,150,hybridpatch_v2,421,0.8866878747940063,0.9605870246887207,0.9519838094711304,0.962963879108429
高误差,MATR_b2c13,483.0,150,hybridpatch_v2,422,0.8860787749290466,0.9605294466018677,0.9519003033638,0.9629135131835938
高误差,MATR_b2c13,483.0,150,hybridpatch_v2,423,0.8853598833084106,0.9604719877243042,0.9518167972564697,0.9628631472587585
高误差,MATR_b2c13,483.0,150,hybridpatch_v2,424,0.884191632270813,0.960414469242096,0.9517332911491394,0.9628128409385681
高误差,MATR_b2c13,483.0,150,hybridpatch_v2,425,0.8832243084907532,0.9603570699691772,0.9516499042510986,0.9627625346183777
高误差,MATR_b2c13,483.0,150,hybridpatch_v2,426,0.8824423551559448,0.9602996110916138,0.9515664577484131,0.9627122282981873
高误差,MATR_b2c13,483.0,150,hybridpatch_v2,427,0.881243884563446,0.9602422118186951,0.9514831304550171,0.9626619815826416
高误差,MATR_b2c13,483.0,150,hybridpatch_v2,428,0.88019198179245,0.9601848721504211,0.9513998031616211,0.962611734867096
高误差,MATR_b2c13,483.0,150,hybridpatch_v2,429,0.8788505792617798,0.9601275324821472,0.9513165354728699,0.9625615477561951
高误差,MATR_b2c13,483.0,150,hybridpatch_v2,430,0.8780206441879272,0.9600701928138733,0.9512332677841187,0.9625113606452942
高误差,MATR_b2c13,483.0,150,hybridpatch_v2,431,0.8767844438552856,0.9600129127502441,0.9511500597000122,0.9624612331390381
高误差,MATR_b2c13,483.0,150,hybridpatch_v2,432,0.8756148815155029,0.9599552750587463,0.9510669112205505,0.962411105632782
高误差,MATR_b2c13,483.0,150,hybridpatch_v2,433,0.8741880655288696,0.9598923921585083,0.9509837627410889,0.9623609781265259
高误差,MATR_b2c13,483.0,150,hybridpatch_v2,434,0.8730989694595337,0.9598225951194763,0.950900673866272,0.9623109102249146
高误差,MATR_b2c13,483.0,150,hybridpatch_v2,435,0.8719632625579834,0.9597460627555847,0.9508175849914551,0.9622608423233032
高误差,MATR_b2c13,483.0,150,hybridpatch_v2,436,0.8708823919296265,0.959662675857544,0.950734555721283,0.9622107744216919
高误差,MATR_b2c13,483.0,150,hybridpatch_v2,437,0.8695073127746582,0.9595724940299988,0.9506515860557556,0.9621607661247253
高误差,MATR_b2c13,483.0,150,hybridpatch_v2,438,0.8682122230529785,0.9594754576683044,0.9505686163902283,0.9621107578277588
高误差,MATR_b2c13,483.0,150,hybridpatch_v2,439,0.8671197295188904,0.9593984484672546,0.9504857063293457,0.962060809135437
高误差,MATR_b2c13,483.0,150,hybridpatch_v2,440,0.8657967448234558,0.9593347907066345,0.9504027962684631,0.9620108604431152
高误差,MATR_b2c13,483.0,150,hybridpatch_v2,441,0.8645896911621094,0.9592641592025757,0.9503199458122253,0.9619609117507935
高误差,MATR_b2c13,483.0,150,hybridpatch_v2,442,0.8630178570747375,0.9591866135597229,0.9502371549606323,0.9619110226631165
高误差,MATR_b2c13,483.0,150,hybridpatch_v2,443,0.8618980050086975,0.9591021537780762,0.9501543641090393,0.9618611335754395
高误差,MATR_b2c13,483.0,150,hybridpatch_v2,444,0.8603670597076416,0.9590107798576355,0.9500716328620911,0.9618113040924072
高误差,MATR_b2c13,483.0,150,hybridpatch_v2,445,0.8590799570083618,0.9589124917984009,0.9499889016151428,0.961761474609375
高误差,MATR_b2c13,483.0,150,hybridpatch_v2,446,0.857821524143219,0.9588072299957275,0.9499062299728394,0.9617116451263428
高误差,MATR_b2c13,483.0,150,hybridpatch_v2,447,0.856580376625061,0.958695113658905,0.9498235583305359,0.9616618752479553
高误差,MATR_b2c13,483.0,150,hybridpatch_v2,448,0.8555095791816711,0.9585760235786438,0.9497409462928772,0.9616121053695679
高误差,MATR_b2c13,483.0,150,hybridpatch_v2,449,0.8544565439224243,0.9584500193595886,0.9496583938598633,0.9615623354911804
高误差,MATR_b2c13,483.0,150,hybridpatch_v2,450,0.8529233336448669,0.9583170413970947,0.9495758414268494,0.9615126252174377
高误差,MATR_b2c13,483.0,150,hybridpatch_v2,451,0.851670503616333,0.9581772089004517,0.9494932889938354,0.9614623785018921
高误差,MATR_b2c13,483.0,150,hybridpatch_v2,452,0.8501734137535095,0.9580304026603699,0.9494108557701111,0.9614083766937256
高误差,MATR_b2c13,483.0,150,hybridpatch_v2,453,0.8489395380020142,0.9578767418861389,0.9493283629417419,0.9613500237464905
高误差,MATR_b2c13,483.0,150,hybridpatch_v2,454,0.8474572896957397,0.9577161073684692,0.9492459893226624,0.9612873196601868
高误差,MATR_b2c13,483.0,150,hybridpatch_v2,455,0.846186637878418,0.9575485587120056,0.9491636157035828,0.9612202048301697
高误差,MATR_b2c13,483.0,150,hybridpatch_v2,456,0.8451021909713745,0.9573740363121033,0.9490812420845032,0.9611487984657288
高误差,MATR_b2c13,483.0,150,hybridpatch_v2,457,0.843940019607544,0.9571926593780518,0.9489989280700684,0.9610729813575745
高误差,MATR_b2c13,483.0,150,hybridpatch_v2,458,0.8426347970962524,0.9570043087005615,0.9489151835441589,0.9609928131103516
高误差,MATR_b2c13,483.0,150,hybridpatch_v2,459,0.841273844242096,0.9568090438842773,0.9488204121589661,0.9609082937240601
高误差,MATR_b2c13,483.0,150,hybridpatch_v2,460,0.8400155901908875,0.9566068649291992,0.9487128853797913,0.9608194828033447
高误差,MATR_b2c13,483.0,150,hybridpatch_v2,461,0.8385686278343201,0.9563977718353271,0.9485926628112793,0.960726261138916
高误差,MATR_b2c13,483.0,150,hybridpatch_v2,462,0.8374814987182617,0.9561817049980164,0.9484597444534302,0.9606286883354187
高误差,MATR_b2c13,483.0,150,hybridpatch_v2,463,0.8363466858863831,0.9559587240219116,0.9483140707015991,0.9605267643928528
高误差,MATR_b2c13,483.0,150,hybridpatch_v2,464,0.8352546095848083,0.9557288885116577,0.9481556415557861,0.9604204297065735
高误差,MATR_b2c13,483.0,150,hybridpatch_v2,465,0.8337985873222351,0.9554920196533203,0.947984516620636,0.9603098034858704
高误差,MATR_b2c13,483.0,150,hybridpatch_v2,466,0.8325362205505371,0.9552482962608337,0.9478006958961487,0.9601948261260986
高误差,MATR_b2c13,483.0,150,hybridpatch_v2,467,0.8312941193580627,0.9549976587295532,0.9476041197776794,0.9600754380226135
高误差,MATR_b2c13,483.0,150,hybridpatch_v2,468,0.8301550149917603,0.954740047454834,0.9473947882652283,0.959977924823761
高误差,MATR_b2c13,483.0,150,hybridpatch_v2,469,0.8285687565803528,0.9544755220413208,0.9471727609634399,0.9598923921585083
高误差,MATR_b2c13,483.0,150,hybridpatch_v2,470,0.8272351622581482,0.9542040824890137,0.9469379782676697,0.9598003029823303
高误差,MATR_b2c13,483.0,150,hybridpatch_v2,471,0.8258233666419983,0.9539256691932678,0.9466904997825623,0.959701657295227
高误差,MATR_b2c13,483.0,150,hybridpatch_v2,472,0.8247526288032532,0.9536404013633728,0.9464302659034729,0.9595965147018433
高误差,MATR_b2c13,483.0,150,hybridpatch_v2,473,0.823633074760437,0.9533481597900391,0.9461572766304016,0.9594848155975342
高误差,MATR_b2c13,483.0,150,hybridpatch_v2,474,0.8222563862800598,0.9530490040779114,0.9458715915679932,0.9593665599822998
高误差,MATR_b2c13,483.0,150,hybridpatch_v2,475,0.8208844065666199,0.9527429342269897,0.9455732107162476,0.9592418074607849
高误差,MATR_b2c13,483.0,150,hybridpatch_v2,476,0.8197407722473145,0.9524298906326294,0.94526207447052,0.9591104984283447
高误差,MATR_b2c13,483.0,150,hybridpatch_v2,477,0.8185606598854065,0.9521099328994751,0.9449381828308105,0.9589726328849792
高误差,MATR_b2c13,483.0,150,hybridpatch_v2,478,0.8171235918998718,0.9517830610275269,0.9446015954017639,0.9588282108306885
高误差,MATR_b2c13,483.0,150,hybridpatch_v2,479,0.8160066604614258,0.9514492750167847,0.9442522525787354,0.9586772918701172
高误差,MATR_b2c13,483.0,150,hybridpatch_v2,480,0.8150360584259033,0.9511085748672485,0.9438902139663696,0.9585198163986206
高误差,MATR_b2c13,483.0,150,hybridpatch_v2,481,0.8138625025749207,0.9507609009742737,0.943515419960022,0.9583558440208435
高误差,MATR_b2c13,483.0,150,hybridpatch_v2,482,0.8127104640007019,0.9504063129425049,0.9431279301643372,0.9581852555274963
高误差,MATR_b2c13,483.0,150,hybridpatch_v2,483,0.8109269738197327,0.9500448107719421,0.9427276849746704,0.9580081701278687
高误差,MATR_b2c13,483.0,150,hybridpatch_v2,484,0.8099623918533325,0.9496763944625854,0.9423146843910217,0.9578245282173157
高误差,MATR_b2c13,483.0,150,hybridpatch_v2,485,0.8088268637657166,0.94930100440979,0.9418889880180359,0.9576343894004822
高误差,MATR_b2c13,483.0,150,hybridpatch_v2,486,0.8070101141929626,0.9489187002182007,0.9414505362510681,0.9574376344680786
高误差,MATR_b2c13,483.0,150,hybridpatch_v2,487,0.8062443137168884,0.9485294818878174,0.9409993886947632,0.9572343826293945
高误差,MATR_b2c13,483.0,150,hybridpatch_v2,488,0.8048803210258484,0.9481333494186401,0.9405354857444763,0.9570246338844299
高误差,MATR_b2c13,483.0,150,hybridpatch_v2,489,0.803434431552887,0.9477302432060242,0.9400588870048523,0.9568082690238953
高误差,MATR_b2c13,483.0,150,hybridpatch_v2,490,0.8017251491546631,0.947320282459259,0.9395695328712463,0.9565854072570801
高误差,MATR_b2c13,483.0,150,hybridpatch_v2,491,0.8006958961486816,0.9469033479690552,0.9390674233436584,0.9563559889793396
高误差,MATR_b2c13,483.0,150,hybridpatch_v2,492,0.7993480563163757,0.9464794397354126,0.9385526180267334,0.9561200141906738
高误差,MATR_b2c13,483.0,150,hybridpatch_v2,493,0.7981603741645813,0.9460486769676208,0.9380250573158264,0.9558775424957275
高误差,MATR_b2c13,483.0,150,hybridpatch_v2,494,0.7966414093971252,0.9456109404563904,0.9374847412109375,0.955628514289856
高误差,MATR_b2c13,483.0,150,hybridpatch_v2,495,0.7953888773918152,0.945166289806366,0.9369317889213562,0.9553729295730591
高误差,MATR_b2c13,483.0,150,hybridpatch_v2,496,0.7938908934593201,0.9447147250175476,0.9363660216331482,0.9551107883453369
高误差,MATR_b2c13,483.0,150,hybridpatch_v2,497,0.7926580905914307,0.9442561864852905,0.935787558555603,0.9548421502113342
高误差,MATR_b2c13,483.0,150,hybridpatch_v2,498,0.7912396192550659,0.9437907338142395,0.9351963400840759,0.9545669555664062
高误差,MATR_b2c13,483.0,150,hybridpatch_v2,499,0.7900549173355103,0.9433183670043945,0.9345923662185669,0.954285204410553
高误差,MATR_b2c13,483.0,150,hybridpatch_v2,500,0.7885556817054749,0.9428390860557556,0.9339756965637207,0.9539969563484192
