scenario_id,scenario_version,route_id,route_version,evidence_level,support_status,natural_year,scheduled_efc,model_effective_efc,soh
baseline,baseline-v1,blast-lite-lfp-gr-250ah-prismatic-2019-v1,blast-lite-b093495-250ah-prismatic-v1,PHYSICS_REFERENCE,NEAR_BOUNDARY,0.0,0.0,0.0,1.0
baseline,baseline-v1,blast-lite-lfp-gr-250ah-prismatic-2019-v1,blast-lite-b093495-250ah-prismatic-v1,PHYSICS_REFERENCE,NEAR_BOUNDARY,0.08333333333333333,25.0,24.999999999999996,0.9953353589478184
baseline,baseline-v1,blast-lite-lfp-gr-250ah-prismatic-2019-v1,blast-lite-b093495-250ah-prismatic-v1,PHYSICS_REFERENCE,NEAR_BOUNDARY,0.16666666666666666,50.0,49.88338397369546,0.9921185777140046
baseline,baseline-v1,blast-lite-lfp-gr-250ah-prismatic-2019-v1,blast-lite-b093495-250ah-prismatic-v1,PHYSICS_REFERENCE,NEAR_BOUNDARY,0.25,75.0,74.68634841654557,0.9893728239965662
baseline,baseline-v1,blast-lite-lfp-gr-250ah-prismatic-2019-v1,blast-lite-b093495-250ah-prismatic-v1,PHYSICS_REFERENCE,NEAR_BOUNDARY,0.3333333333333333,100.0,99.42066901645973,0.9868655710691638
baseline,baseline-v1,blast-lite-lfp-gr-250ah-prismatic-2019-v1,blast-lite-b093495-250ah-prismatic-v1,PHYSICS_REFERENCE,NEAR_BOUNDARY,0.4166666666666667,125.0,124.09230829318882,0.9845151873161788
baseline,baseline-v1,blast-lite-lfp-gr-250ah-prismatic-2019-v1,blast-lite-b093495-250ah-prismatic-v1,PHYSICS_REFERENCE,NEAR_BOUNDARY,0.5,150.0,148.7051879760933,0.9822802898904411
baseline,baseline-v1,blast-lite-lfp-gr-250ah-prismatic-2019-v1,blast-lite-b093495-250ah-prismatic-v1,PHYSICS_REFERENCE,NEAR_BOUNDARY,0.5833333333333334,175.0,173.26219522335433,0.9801360829595658
baseline,baseline-v1,blast-lite-lfp-gr-250ah-prismatic-2019-v1,blast-lite-b093495-250ah-prismatic-v1,PHYSICS_REFERENCE,NEAR_BOUNDARY,0.6666666666666666,200.0,197.76559729734348,0.9780661601863301
baseline,baseline-v1,blast-lite-lfp-gr-250ah-prismatic-2019-v1,blast-lite-b093495-250ah-prismatic-v1,PHYSICS_REFERENCE,NEAR_BOUNDARY,0.75,225.0,222.21725130200173,0.9760589208488192
baseline,baseline-v1,blast-lite-lfp-gr-250ah-prismatic-2019-v1,blast-lite-b093495-250ah-prismatic-v1,PHYSICS_REFERENCE,NEAR_BOUNDARY,0.8333333333333334,250.0,246.6187243232222,0.9741057605621203
baseline,baseline-v1,blast-lite-lfp-gr-250ah-prismatic-2019-v1,blast-lite-b093495-250ah-prismatic-v1,PHYSICS_REFERENCE,NEAR_BOUNDARY,0.9166666666666666,275.0,270.97136833727524,0.9722000624471582
baseline,baseline-v1,blast-lite-lfp-gr-250ah-prismatic-2019-v1,blast-lite-b093495-250ah-prismatic-v1,PHYSICS_REFERENCE,NEAR_BOUNDARY,1.0,300.0,295.27636989845416,0.9703365918267383
baseline,baseline-v1,blast-lite-lfp-gr-250ah-prismatic-2019-v1,blast-lite-b093495-250ah-prismatic-v1,PHYSICS_REFERENCE,NEAR_BOUNDARY,1.0833333333333333,325.0,319.5347846941226,0.9685111119105568
baseline,baseline-v1,blast-lite-lfp-gr-250ah-prismatic-2019-v1,blast-lite-b093495-250ah-prismatic-v1,PHYSICS_REFERENCE,NEAR_BOUNDARY,1.1666666666666667,350.0,343.7475624918865,0.9667201285449637
baseline,baseline-v1,blast-lite-lfp-gr-250ah-prismatic-2019-v1,blast-lite-b093495-250ah-prismatic-v1,PHYSICS_REFERENCE,NEAR_BOUNDARY,1.25,375.0,367.91556570551063,0.9649607143302427
baseline,baseline-v1,blast-lite-lfp-gr-250ah-prismatic-2019-v1,blast-lite-b093495-250ah-prismatic-v1,PHYSICS_REFERENCE,NEAR_BOUNDARY,1.3333333333333333,400.0,392.0395835637667,0.9632303836555489
baseline,baseline-v1,blast-lite-lfp-gr-250ah-prismatic-2019-v1,blast-lite-b093495-250ah-prismatic-v1,PHYSICS_REFERENCE,NEAR_BOUNDARY,1.4166666666666667,425.0,416.1203431551554,0.9615270015779684
baseline,baseline-v1,blast-lite-lfp-gr-250ah-prismatic-2019-v1,blast-lite-b093495-250ah-prismatic-v1,PHYSICS_REFERENCE,NEAR_BOUNDARY,1.5,450.0,440.1585181946046,0.9598487158849589
baseline,baseline-v1,blast-lite-lfp-gr-250ah-prismatic-2019-v1,blast-lite-b093495-250ah-prismatic-v1,PHYSICS_REFERENCE,NEAR_BOUNDARY,1.5833333333333333,475.0,464.1547360917286,0.9581939054546055
baseline,baseline-v1,blast-lite-lfp-gr-250ah-prismatic-2019-v1,blast-lite-b093495-250ah-prismatic-v1,PHYSICS_REFERENCE,NEAR_BOUNDARY,1.6666666666666667,500.0,488.1095837280937,0.9565611403346311
baseline,baseline-v1,blast-lite-lfp-gr-250ah-prismatic-2019-v1,blast-lite-b093495-250ah-prismatic-v1,PHYSICS_REFERENCE,NEAR_BOUNDARY,1.75,525.0,512.0236122364595,0.9549491504163385
baseline,baseline-v1,blast-lite-lfp-gr-250ah-prismatic-2019-v1,blast-lite-b093495-250ah-prismatic-v1,PHYSICS_REFERENCE,NEAR_BOUNDARY,1.8333333333333333,550.0,535.8973409968679,0.9533568005240277
baseline,baseline-v1,blast-lite-lfp-gr-250ah-prismatic-2019-v1,blast-lite-b093495-250ah-prismatic-v1,PHYSICS_REFERENCE,NEAR_BOUNDARY,1.9166666666666667,575.0,559.7312610099686,0.9517830703686873
baseline,baseline-v1,blast-lite-lfp-gr-250ah-prismatic-2019-v1,blast-lite-b093495-250ah-prismatic-v1,PHYSICS_REFERENCE,NEAR_BOUNDARY,2.0,600.0,583.5258377691858,0.9502270382420523
baseline,baseline-v1,blast-lite-lfp-gr-250ah-prismatic-2019-v1,blast-lite-b093495-250ah-prismatic-v1,PHYSICS_REFERENCE,NEAR_BOUNDARY,2.0833333333333335,625.0,607.2815137252371,0.9486878676235591
baseline,baseline-v1,blast-lite-lfp-gr-250ah-prismatic-2019-v1,blast-lite-b093495-250ah-prismatic-v1,PHYSICS_REFERENCE,NEAR_BOUNDARY,2.1666666666666665,650.0,630.998710415826,0.9471647960820665
baseline,baseline-v1,blast-lite-lfp-gr-250ah-prismatic-2019-v1,blast-lite-b093495-250ah-prismatic-v1,PHYSICS_REFERENCE,NEAR_BOUNDARY,2.25,675.0,654.6778303178777,0.9456571260044817
baseline,baseline-v1,blast-lite-lfp-gr-250ah-prismatic-2019-v1,blast-lite-b093495-250ah-prismatic-v1,PHYSICS_REFERENCE,NEAR_BOUNDARY,2.3333333333333335,700.0,678.3192584679897,0.9441642167928626
baseline,baseline-v1,blast-lite-lfp-gr-250ah-prismatic-2019-v1,blast-lite-b093495-250ah-prismatic-v1,PHYSICS_REFERENCE,NEAR_BOUNDARY,2.4166666666666665,725.0,701.9233638878112,0.9426854782523701
baseline,baseline-v1,blast-lite-lfp-gr-250ah-prismatic-2019-v1,blast-lite-b093495-250ah-prismatic-v1,PHYSICS_REFERENCE,NEAR_BOUNDARY,2.5,750.0,725.4905008441204,0.9412203649528347
baseline,baseline-v1,blast-lite-lfp-gr-250ah-prismatic-2019-v1,blast-lite-b093495-250ah-prismatic-v1,PHYSICS_REFERENCE,NEAR_BOUNDARY,2.5833333333333335,775.0,749.0210099679413,0.9397683713923466
baseline,baseline-v1,blast-lite-lfp-gr-250ah-prismatic-2019-v1,blast-lite-b093495-250ah-prismatic-v1,PHYSICS_REFERENCE,NEAR_BOUNDARY,2.6666666666666665,800.0,772.51521925275,0.9383290278261638
baseline,baseline-v1,blast-lite-lfp-gr-250ah-prismatic-2019-v1,blast-lite-b093495-250ah-prismatic-v1,PHYSICS_REFERENCE,NEAR_BOUNDARY,2.75,825.0,795.973444948404,0.9369018966511337
baseline,baseline-v1,blast-lite-lfp-gr-250ah-prismatic-2019-v1,blast-lite-b093495-250ah-prismatic-v1,PHYSICS_REFERENCE,NEAR_BOUNDARY,2.8333333333333335,850.0,819.3959923646823,0.9354865692567705
baseline,baseline-v1,blast-lite-lfp-gr-250ah-prismatic-2019-v1,blast-lite-b093495-250ah-prismatic-v1,PHYSICS_REFERENCE,NEAR_BOUNDARY,2.9166666666666665,875.0,842.7831565961015,0.9340826632705754
baseline,baseline-v1,blast-lite-lfp-gr-250ah-prismatic-2019-v1,blast-lite-b093495-250ah-prismatic-v1,PHYSICS_REFERENCE,NEAR_BOUNDARY,3.0,900.0,866.1352231778659,0.9326898201381996
baseline,baseline-v1,blast-lite-lfp-gr-250ah-prismatic-2019-v1,blast-lite-b093495-250ah-prismatic-v1,PHYSICS_REFERENCE,NEAR_BOUNDARY,3.0833333333333335,925.0,889.4524686813209,0.9313077029894216
baseline,baseline-v1,blast-lite-lfp-gr-250ah-prismatic-2019-v1,blast-lite-b093495-250ah-prismatic-v1,PHYSICS_REFERENCE,NEAR_BOUNDARY,3.1666666666666665,950.0,912.7351612560564,0.9299359947492407
baseline,baseline-v1,blast-lite-lfp-gr-250ah-prismatic-2019-v1,blast-lite-b093495-250ah-prismatic-v1,PHYSICS_REFERENCE,NEAR_BOUNDARY,3.25,975.0,935.9835611247873,0.9285743964601137
baseline,baseline-v1,blast-lite-lfp-gr-250ah-prismatic-2019-v1,blast-lite-b093495-250ah-prismatic-v1,PHYSICS_REFERENCE,NEAR_BOUNDARY,3.3333333333333335,1000.0,959.1979210362902,0.927222625786834
baseline,baseline-v1,blast-lite-lfp-gr-250ah-prismatic-2019-v1,blast-lite-b093495-250ah-prismatic-v1,PHYSICS_REFERENCE,NEAR_BOUNDARY,3.4166666666666665,1025.0,982.378486680961,0.9258804156800251
baseline,baseline-v1,blast-lite-lfp-gr-250ah-prismatic-2019-v1,blast-lite-b093495-250ah-prismatic-v1,PHYSICS_REFERENCE,NEAR_BOUNDARY,3.5,1050.0,1005.5254970729617,0.9245475131778966
baseline,baseline-v1,blast-lite-lfp-gr-250ah-prismatic-2019-v1,blast-lite-b093495-250ah-prismatic-v1,PHYSICS_REFERENCE,NEAR_BOUNDARY,3.5833333333333335,1075.0,1028.6391849024092,0.923223678328956
baseline,baseline-v1,blast-lite-lfp-gr-250ah-prismatic-2019-v1,blast-lite-b093495-250ah-prismatic-v1,PHYSICS_REFERENCE,NEAR_BOUNDARY,3.6666666666666665,1100.0,1051.7197768606331,0.921908683220883
baseline,baseline-v1,blast-lite-lfp-gr-250ah-prismatic-2019-v1,blast-lite-b093495-250ah-prismatic-v1,PHYSICS_REFERENCE,NEAR_BOUNDARY,3.75,1125.0,1074.7674939411552,0.9206023111028958
baseline,baseline-v1,blast-lite-lfp-gr-250ah-prismatic-2019-v1,blast-lite-b093495-250ah-prismatic-v1,PHYSICS_REFERENCE,NEAR_BOUNDARY,3.8333333333333335,1150.0,1097.7825517187275,0.9193043555906896
baseline,baseline-v1,blast-lite-lfp-gr-250ah-prismatic-2019-v1,blast-lite-b093495-250ah-prismatic-v1,PHYSICS_REFERENCE,NEAR_BOUNDARY,3.9166666666666665,1175.0,1120.7651606084949,0.9180146199445245
baseline,baseline-v1,blast-lite-lfp-gr-250ah-prismatic-2019-v1,blast-lite-b093495-250ah-prismatic-v1,PHYSICS_REFERENCE,NEAR_BOUNDARY,4.0,1200.0,1143.715526107108,0.9167329164122916
baseline,baseline-v1,blast-lite-lfp-gr-250ah-prismatic-2019-v1,blast-lite-b093495-250ah-prismatic-v1,PHYSICS_REFERENCE,NEAR_BOUNDARY,4.083333333333333,1225.0,1166.6338490174153,0.9154590656304528
baseline,baseline-v1,blast-lite-lfp-gr-250ah-prismatic-2019-v1,blast-lite-b093495-250ah-prismatic-v1,PHYSICS_REFERENCE,NEAR_BOUNDARY,4.166666666666667,1250.0,1189.5203256581767,0.914192896076659
baseline,baseline-v1,blast-lite-lfp-gr-250ah-prismatic-2019-v1,blast-lite-b093495-250ah-prismatic-v1,PHYSICS_REFERENCE,NEAR_BOUNDARY,4.25,1275.0,1212.3751480600931,0.9129342435686247
baseline,baseline-v1,blast-lite-lfp-gr-250ah-prismatic-2019-v1,blast-lite-b093495-250ah-prismatic-v1,PHYSICS_REFERENCE,NEAR_BOUNDARY,4.333333333333333,1300.0,1235.1985041493087,0.9116829508045052
baseline,baseline-v1,blast-lite-lfp-gr-250ah-prismatic-2019-v1,blast-lite-b093495-250ah-prismatic-v1,PHYSICS_REFERENCE,NEAR_BOUNDARY,4.416666666666667,1325.0,1257.9905779194214,0.910438866940591
baseline,baseline-v1,blast-lite-lfp-gr-250ah-prismatic-2019-v1,blast-lite-b093495-250ah-prismatic-v1,PHYSICS_REFERENCE,NEAR_BOUNDARY,4.5,1350.0,1280.7515495929363,0.9092018472026311
baseline,baseline-v1,blast-lite-lfp-gr-250ah-prismatic-2019-v1,blast-lite-b093495-250ah-prismatic-v1,PHYSICS_REFERENCE,NEAR_BOUNDARY,4.583333333333333,1375.0,1303.481595773002,0.9079717525275235
baseline,baseline-v1,blast-lite-lfp-gr-250ah-prismatic-2019-v1,blast-lite-b093495-250ah-prismatic-v1,PHYSICS_REFERENCE,NEAR_BOUNDARY,4.666666666666667,1400.0,1326.18088958619,0.9067484492324793
baseline,baseline-v1,blast-lite-lfp-gr-250ah-prismatic-2019-v1,blast-lite-b093495-250ah-prismatic-v1,PHYSICS_REFERENCE,NEAR_BOUNDARY,4.75,1425.0,1348.849600817002,0.9055318087090931
baseline,baseline-v1,blast-lite-lfp-gr-250ah-prismatic-2019-v1,blast-lite-b093495-250ah-prismatic-v1,PHYSICS_REFERENCE,NEAR_BOUNDARY,4.833333333333333,1450.0,1371.4878960347294,0.904321707140032
baseline,baseline-v1,blast-lite-lfp-gr-250ah-prismatic-2019-v1,blast-lite-b093495-250ah-prismatic-v1,PHYSICS_REFERENCE,NEAR_BOUNDARY,4.916666666666667,1475.0,1394.0959387132302,0.9031180252363034
baseline,baseline-v1,blast-lite-lfp-gr-250ah-prismatic-2019-v1,blast-lite-b093495-250ah-prismatic-v1,PHYSICS_REFERENCE,NEAR_BOUNDARY,5.0,1500.0,1416.6738893441377,0.9019206479932745
baseline,baseline-v1,blast-lite-lfp-gr-250ah-prismatic-2019-v1,blast-lite-b093495-250ah-prismatic-v1,PHYSICS_REFERENCE,NEAR_BOUNDARY,5.083333333333333,1525.0,1439.2219055439696,0.9007294644638135
baseline,baseline-v1,blast-lite-lfp-gr-250ah-prismatic-2019-v1,blast-lite-b093495-250ah-prismatic-v1,PHYSICS_REFERENCE,NEAR_BOUNDARY,5.166666666666667,1550.0,1461.7401421555649,0.8995443675470777
baseline,baseline-v1,blast-lite-lfp-gr-250ah-prismatic-2019-v1,blast-lite-b093495-250ah-prismatic-v1,PHYSICS_REFERENCE,NEAR_BOUNDARY,5.25,1575.0,1484.2287513442418,0.8983652537916363
baseline,baseline-v1,blast-lite-lfp-gr-250ah-prismatic-2019-v1,blast-lite-b093495-250ah-prismatic-v1,PHYSICS_REFERENCE,NEAR_BOUNDARY,5.333333333333333,1600.0,1506.6878826890327,0.897192023211735
baseline,baseline-v1,blast-lite-lfp-gr-250ah-prismatic-2019-v1,blast-lite-b093495-250ah-prismatic-v1,PHYSICS_REFERENCE,NEAR_BOUNDARY,5.416666666666667,1625.0,1529.117683269326,0.8960245791156292
baseline,baseline-v1,blast-lite-lfp-gr-250ah-prismatic-2019-v1,blast-lite-b093495-250ah-prismatic-v1,PHYSICS_REFERENCE,NEAR_BOUNDARY,5.5,1650.0,1551.5182977472168,0.8948628279450173
baseline,baseline-v1,blast-lite-lfp-gr-250ah-prismatic-2019-v1,blast-lite-b093495-250ah-prismatic-v1,PHYSICS_REFERENCE,NEAR_BOUNDARY,5.583333333333333,1675.0,1573.8898684458422,0.8937066791246959
baseline,baseline-v1,blast-lite-lfp-gr-250ah-prismatic-2019-v1,blast-lite-b093495-250ah-prismatic-v1,PHYSICS_REFERENCE,NEAR_BOUNDARY,5.666666666666667,1700.0,1596.2325354239597,0.8925560449216383
baseline,baseline-v1,blast-lite-lfp-gr-250ah-prismatic-2019-v1,blast-lite-b093495-250ah-prismatic-v1,PHYSICS_REFERENCE,NEAR_BOUNDARY,5.75,1725.0,1618.5464365470007,0.8914108403127754
baseline,baseline-v1,blast-lite-lfp-gr-250ah-prismatic-2019-v1,blast-lite-b093495-250ah-prismatic-v1,PHYSICS_REFERENCE,NEAR_BOUNDARY,5.833333333333333,1750.0,1640.83170755482,0.8902709828608181
baseline,baseline-v1,blast-lite-lfp-gr-250ah-prismatic-2019-v1,blast-lite-b093495-250ah-prismatic-v1,PHYSICS_REFERENCE,NEAR_BOUNDARY,5.916666666666667,1775.0,1663.0884821263405,0.8891363925975251
baseline,baseline-v1,blast-lite-lfp-gr-250ah-prismatic-2019-v1,blast-lite-b093495-250ah-prismatic-v1,PHYSICS_REFERENCE,NEAR_BOUNDARY,6.0,1800.0,1685.3168919412788,0.8880069919138649
baseline,baseline-v1,blast-lite-lfp-gr-250ah-prismatic-2019-v1,blast-lite-b093495-250ah-prismatic-v1,PHYSICS_REFERENCE,NEAR_BOUNDARY,6.083333333333333,1825.0,1707.5170667391253,0.8868827054565773
baseline,baseline-v1,blast-lite-lfp-gr-250ah-prismatic-2019-v1,blast-lite-b093495-250ah-prismatic-v1,PHYSICS_REFERENCE,NEAR_BOUNDARY,6.166666666666667,1850.0,1729.6891343755397,0.8857634600306724
baseline,baseline-v1,blast-lite-lfp-gr-250ah-prismatic-2019-v1,blast-lite-b093495-250ah-prismatic-v1,PHYSICS_REFERENCE,NEAR_BOUNDARY,6.25,1875.0,1751.8332208763065,0.8846491845074528
baseline,baseline-v1,blast-lite-lfp-gr-250ah-prismatic-2019-v1,blast-lite-b093495-250ah-prismatic-v1,PHYSICS_REFERENCE,NEAR_BOUNDARY,6.333333333333333,1900.0,1773.9494504889929,0.8835398097376733
baseline,baseline-v1,blast-lite-lfp-gr-250ah-prismatic-2019-v1,blast-lite-b093495-250ah-prismatic-v1,PHYSICS_REFERENCE,NEAR_BOUNDARY,6.416666666666667,1925.0,1796.0379457324348,0.8824352684694856
baseline,baseline-v1,blast-lite-lfp-gr-250ah-prismatic-2019-v1,blast-lite-b093495-250ah-prismatic-v1,PHYSICS_REFERENCE,NEAR_BOUNDARY,6.5,1950.0,1818.098827444172,0.8813354952708454
baseline,baseline-v1,blast-lite-lfp-gr-250ah-prismatic-2019-v1,blast-lite-b093495-250ah-prismatic-v1,PHYSICS_REFERENCE,NEAR_BOUNDARY,6.583333333333333,1975.0,1840.132214825943,0.8802404264560829
baseline,baseline-v1,blast-lite-lfp-gr-250ah-prismatic-2019-v1,blast-lite-b093495-250ah-prismatic-v1,PHYSICS_REFERENCE,NEAR_BOUNDARY,6.666666666666667,2000.0,1862.1382254873452,0.8791500000163623
baseline,baseline-v1,blast-lite-lfp-gr-250ah-prismatic-2019-v1,blast-lite-b093495-250ah-prismatic-v1,PHYSICS_REFERENCE,NEAR_BOUNDARY,6.75,2025.0,1884.1169754877542,0.8780641555537783
baseline,baseline-v1,blast-lite-lfp-gr-250ah-prismatic-2019-v1,blast-lite-b093495-250ah-prismatic-v1,PHYSICS_REFERENCE,NEAR_BOUNDARY,6.833333333333333,2050.0,1906.0685793765986,0.8769828342188541
baseline,baseline-v1,blast-lite-lfp-gr-250ah-prismatic-2019-v1,blast-lite-b093495-250ah-prismatic-v1,PHYSICS_REFERENCE,NEAR_BOUNDARY,6.916666666666667,2075.0,1927.9931502320699,0.8759059786512274
baseline,baseline-v1,blast-lite-lfp-gr-250ah-prismatic-2019-v1,blast-lite-b093495-250ah-prismatic-v1,PHYSICS_REFERENCE,NEAR_BOUNDARY,7.0,2100.0,1949.8907996983505,0.8748335329233208
baseline,baseline-v1,blast-lite-lfp-gr-250ah-prismatic-2019-v1,blast-lite-b093495-250ah-prismatic-v1,PHYSICS_REFERENCE,NEAR_BOUNDARY,7.083333333333333,2125.0,1971.7616380214336,0.8737654424868164
baseline,baseline-v1,blast-lite-lfp-gr-250ah-prismatic-2019-v1,blast-lite-b093495-250ah-prismatic-v1,PHYSICS_REFERENCE,NEAR_BOUNDARY,7.166666666666667,2150.0,1993.605774083604,0.8727016541217595
baseline,baseline-v1,blast-lite-lfp-gr-250ah-prismatic-2019-v1,blast-lite-b093495-250ah-prismatic-v1,PHYSICS_REFERENCE,NEAR_BOUNDARY,7.25,2175.0,2015.423315436648,0.8716421158881329
baseline,baseline-v1,blast-lite-lfp-gr-250ah-prismatic-2019-v1,blast-lite-b093495-250ah-prismatic-v1,PHYSICS_REFERENCE,NEAR_BOUNDARY,7.333333333333333,2200.0,2037.2143683338513,0.8705867770797566
baseline,baseline-v1,blast-lite-lfp-gr-250ah-prismatic-2019-v1,blast-lite-b093495-250ah-prismatic-v1,PHYSICS_REFERENCE,NEAR_BOUNDARY,7.416666666666667,2225.0,2058.979037760845,0.8695355881803729
baseline,baseline-v1,blast-lite-lfp-gr-250ah-prismatic-2019-v1,blast-lite-b093495-250ah-prismatic-v1,PHYSICS_REFERENCE,NEAR_BOUNDARY,7.5,2250.0,2080.7174274653544,0.8684885008217891
baseline,baseline-v1,blast-lite-lfp-gr-250ah-prismatic-2019-v1,blast-lite-b093495-250ah-prismatic-v1,PHYSICS_REFERENCE,NEAR_BOUNDARY,7.583333333333333,2275.0,2102.429639985899,0.8674454677439615
baseline,baseline-v1,blast-lite-lfp-gr-250ah-prismatic-2019-v1,blast-lite-b093495-250ah-prismatic-v1,PHYSICS_REFERENCE,NEAR_BOUNDARY,7.666666666666667,2300.0,2124.115776679498,0.8664064427569081
baseline,baseline-v1,blast-lite-lfp-gr-250ah-prismatic-2019-v1,blast-lite-b093495-250ah-prismatic-v1,PHYSICS_REFERENCE,NEAR_BOUNDARY,7.75,2325.0,2145.775937748421,0.8653713807043465
baseline,baseline-v1,blast-lite-lfp-gr-250ah-prismatic-2019-v1,blast-lite-b093495-250ah-prismatic-v1,PHYSICS_REFERENCE,NEAR_BOUNDARY,7.833333333333333,2350.0,2167.4102222660295,0.864340237428962
baseline,baseline-v1,blast-lite-lfp-gr-250ah-prismatic-2019-v1,blast-lite-b093495-250ah-prismatic-v1,PHYSICS_REFERENCE,NEAR_BOUNDARY,7.916666666666667,2375.0,2189.0187282017537,0.8633129697392139
baseline,baseline-v1,blast-lite-lfp-gr-250ah-prismatic-2019-v1,blast-lite-b093495-250ah-prismatic-v1,PHYSICS_REFERENCE,NEAR_BOUNDARY,8.0,2400.0,2210.601552445234,0.8622895353775987
baseline,baseline-v1,blast-lite-lfp-gr-250ah-prismatic-2019-v1,blast-lite-b093495-250ah-prismatic-v1,PHYSICS_REFERENCE,NEAR_BOUNDARY,8.083333333333334,2425.0,2232.158790829674,0.8612698929902887
baseline,baseline-v1,blast-lite-lfp-gr-250ah-prismatic-2019-v1,blast-lite-b093495-250ah-prismatic-v1,PHYSICS_REFERENCE,NEAR_BOUNDARY,8.166666666666666,2450.0,2253.6905381544316,0.8602540020980735
baseline,baseline-v1,blast-lite-lfp-gr-250ah-prismatic-2019-v1,blast-lite-b093495-250ah-prismatic-v1,PHYSICS_REFERENCE,NEAR_BOUNDARY,8.25,2475.0,2275.1968882068836,0.8592418230685365
baseline,baseline-v1,blast-lite-lfp-gr-250ah-prismatic-2019-v1,blast-lite-b093495-250ah-prismatic-v1,PHYSICS_REFERENCE,NEAR_BOUNDARY,8.333333333333334,2500.0,2296.677933783597,0.8582333170893998
baseline,baseline-v1,blast-lite-lfp-gr-250ah-prismatic-2019-v1,blast-lite-b093495-250ah-prismatic-v1,PHYSICS_REFERENCE,NEAR_BOUNDARY,8.416666666666666,2525.0,2318.133766710832,0.8572284461429778
baseline,baseline-v1,blast-lite-lfp-gr-250ah-prismatic-2019-v1,blast-lite-b093495-250ah-prismatic-v1,PHYSICS_REFERENCE,NEAR_BOUNDARY,8.5,2550.0,2339.5644778644064,0.8562271729816833
baseline,baseline-v1,blast-lite-lfp-gr-250ah-prismatic-2019-v1,blast-lite-b093495-250ah-prismatic-v1,PHYSICS_REFERENCE,NEAR_BOUNDARY,8.583333333333334,2575.0,2360.9701571889486,0.8552294611045307
baseline,baseline-v1,blast-lite-lfp-gr-250ah-prismatic-2019-v1,blast-lite-b093495-250ah-prismatic-v1,PHYSICS_REFERENCE,NEAR_BOUNDARY,8.666666666666666,2600.0,2382.350893716562,0.8542352747345883
baseline,baseline-v1,blast-lite-lfp-gr-250ah-prismatic-2019-v1,blast-lite-b093495-250ah-prismatic-v1,PHYSICS_REFERENCE,NEAR_BOUNDARY,8.75,2625.0,2403.7067755849266,0.8532445787973312
baseline,baseline-v1,blast-lite-lfp-gr-250ah-prismatic-2019-v1,blast-lite-b093495-250ah-prismatic-v1,PHYSICS_REFERENCE,NEAR_BOUNDARY,8.833333333333334,2650.0,2425.03789005486,0.8522573388998498
baseline,baseline-v1,blast-lite-lfp-gr-250ah-prismatic-2019-v1,blast-lite-b093495-250ah-prismatic-v1,PHYSICS_REFERENCE,NEAR_BOUNDARY,8.916666666666666,2675.0,2446.344323527356,0.8512735213108737
baseline,baseline-v1,blast-lite-lfp-gr-250ah-prismatic-2019-v1,blast-lite-b093495-250ah-prismatic-v1,PHYSICS_REFERENCE,NEAR_BOUNDARY,9.0,2700.0,2467.626161560128,0.8502930929415705
baseline,baseline-v1,blast-lite-lfp-gr-250ah-prismatic-2019-v1,blast-lite-b093495-250ah-prismatic-v1,PHYSICS_REFERENCE,NEAR_BOUNDARY,9.083333333333334,2725.0,2488.8834888836673,0.8493160213270813
baseline,baseline-v1,blast-lite-lfp-gr-250ah-prismatic-2019-v1,blast-lite-b093495-250ah-prismatic-v1,PHYSICS_REFERENCE,NEAR_BOUNDARY,9.166666666666666,2750.0,2510.1163894168444,0.8483422746087612
baseline,baseline-v1,blast-lite-lfp-gr-250ah-prismatic-2019-v1,blast-lite-b093495-250ah-prismatic-v1,PHYSICS_REFERENCE,NEAR_BOUNDARY,9.25,2775.0,2531.3249462820636,0.847371821517088
baseline,baseline-v1,blast-lite-lfp-gr-250ah-prismatic-2019-v1,blast-lite-b093495-250ah-prismatic-v1,PHYSICS_REFERENCE,NEAR_BOUNDARY,9.333333333333334,2800.0,2552.5092418199906,0.8464046313552096
baseline,baseline-v1,blast-lite-lfp-gr-250ah-prismatic-2019-v1,blast-lite-b093495-250ah-prismatic-v1,PHYSICS_REFERENCE,NEAR_BOUNDARY,9.416666666666666,2825.0,2573.669357603871,0.8454406739831006
baseline,baseline-v1,blast-lite-lfp-gr-250ah-prismatic-2019-v1,blast-lite-b093495-250ah-prismatic-v1,PHYSICS_REFERENCE,NEAR_BOUNDARY,9.5,2850.0,2594.8053744534486,0.8444799198023004
baseline,baseline-v1,blast-lite-lfp-gr-250ah-prismatic-2019-v1,blast-lite-b093495-250ah-prismatic-v1,PHYSICS_REFERENCE,NEAR_BOUNDARY,9.583333333333334,2875.0,2615.9173724485063,0.8435223397412057
baseline,baseline-v1,blast-lite-lfp-gr-250ah-prismatic-2019-v1,blast-lite-b093495-250ah-prismatic-v1,PHYSICS_REFERENCE,NEAR_BOUNDARY,9.666666666666666,2900.0,2637.0054309420366,0.8425679052408925
baseline,baseline-v1,blast-lite-lfp-gr-250ah-prismatic-2019-v1,blast-lite-b093495-250ah-prismatic-v1,PHYSICS_REFERENCE,NEAR_BOUNDARY,9.75,2925.0,2658.0696285730587,0.8416165882414451
baseline,baseline-v1,blast-lite-lfp-gr-250ah-prismatic-2019-v1,blast-lite-b093495-250ah-prismatic-v1,PHYSICS_REFERENCE,NEAR_BOUNDARY,9.833333333333334,2950.0,2679.110043279095,0.8406683611687682
baseline,baseline-v1,blast-lite-lfp-gr-250ah-prismatic-2019-v1,blast-lite-b093495-250ah-prismatic-v1,PHYSICS_REFERENCE,NEAR_BOUNDARY,9.916666666666666,2975.0,2700.1267523083143,0.8397231969218618
baseline,baseline-v1,blast-lite-lfp-gr-250ah-prismatic-2019-v1,blast-lite-b093495-250ah-prismatic-v1,PHYSICS_REFERENCE,NEAR_BOUNDARY,10.0,3000.0,2721.1198322313608,0.838781068860539
baseline,baseline-v1,blast-lite-lfp-gr-250ah-prismatic-2019-v1,blast-lite-b093495-250ah-prismatic-v1,PHYSICS_REFERENCE,NEAR_BOUNDARY,10.083333333333334,3025.0,2742.089358952874,0.837841950793567
baseline,baseline-v1,blast-lite-lfp-gr-250ah-prismatic-2019-v1,blast-lite-b093495-250ah-prismatic-v1,PHYSICS_REFERENCE,NEAR_BOUNDARY,10.166666666666666,3050.0,2763.0354077227134,0.8369058169672128
baseline,baseline-v1,blast-lite-lfp-gr-250ah-prismatic-2019-v1,blast-lite-b093495-250ah-prismatic-v1,PHYSICS_REFERENCE,NEAR_BOUNDARY,10.25,3075.0,2783.9580531468937,0.8359726420541789
baseline,baseline-v1,blast-lite-lfp-gr-250ah-prismatic-2019-v1,blast-lite-b093495-250ah-prismatic-v1,PHYSICS_REFERENCE,NEAR_BOUNDARY,10.333333333333334,3100.0,2804.8573691982483,0.8350424011429087
baseline,baseline-v1,blast-lite-lfp-gr-250ah-prismatic-2019-v1,blast-lite-b093495-250ah-prismatic-v1,PHYSICS_REFERENCE,NEAR_BOUNDARY,10.416666666666666,3125.0,2825.733429226821,0.8341150697272502
baseline,baseline-v1,blast-lite-lfp-gr-250ah-prismatic-2019-v1,blast-lite-b093495-250ah-prismatic-v1,PHYSICS_REFERENCE,NEAR_BOUNDARY,10.5,3150.0,2846.5863059700023,0.8331906236964604
baseline,baseline-v1,blast-lite-lfp-gr-250ah-prismatic-2019-v1,blast-lite-b093495-250ah-prismatic-v1,PHYSICS_REFERENCE,NEAR_BOUNDARY,10.583333333333334,3175.0,2867.416071562414,0.8322690393255374
baseline,baseline-v1,blast-lite-lfp-gr-250ah-prismatic-2019-v1,blast-lite-b093495-250ah-prismatic-v1,PHYSICS_REFERENCE,NEAR_BOUNDARY,10.666666666666666,3200.0,2888.222797545552,0.8313502932658674
baseline,baseline-v1,blast-lite-lfp-gr-250ah-prismatic-2019-v1,blast-lite-b093495-250ah-prismatic-v1,PHYSICS_REFERENCE,NEAR_BOUNDARY,10.75,3225.0,2909.0065548771986,0.8304343625361728
baseline,baseline-v1,blast-lite-lfp-gr-250ah-prismatic-2019-v1,blast-lite-b093495-250ah-prismatic-v1,PHYSICS_REFERENCE,NEAR_BOUNDARY,10.833333333333334,3250.0,2929.767413940603,0.8295212245137511
baseline,baseline-v1,blast-lite-lfp-gr-250ah-prismatic-2019-v1,blast-lite-b093495-250ah-prismatic-v1,PHYSICS_REFERENCE,NEAR_BOUNDARY,10.916666666666666,3275.0,2950.505444553447,0.8286108569259898
baseline,baseline-v1,blast-lite-lfp-gr-250ah-prismatic-2019-v1,blast-lite-b093495-250ah-prismatic-v1,PHYSICS_REFERENCE,NEAR_BOUNDARY,11.0,3300.0,2971.2207159765967,0.8277032378421508
baseline,baseline-v1,blast-lite-lfp-gr-250ah-prismatic-2019-v1,blast-lite-b093495-250ah-prismatic-v1,PHYSICS_REFERENCE,NEAR_BOUNDARY,11.083333333333334,3325.0,2991.9132969226503,0.8267983456654102
baseline,baseline-v1,blast-lite-lfp-gr-250ah-prismatic-2019-v1,blast-lite-b093495-250ah-prismatic-v1,PHYSICS_REFERENCE,NEAR_BOUNDARY,11.166666666666666,3350.0,3012.5832555642855,0.8258961591251449
baseline,baseline-v1,blast-lite-lfp-gr-250ah-prismatic-2019-v1,blast-lite-b093495-250ah-prismatic-v1,PHYSICS_REFERENCE,NEAR_BOUNDARY,11.25,3375.0,3033.2306595424143,0.8249966572694578
baseline,baseline-v1,blast-lite-lfp-gr-250ah-prismatic-2019-v1,blast-lite-b093495-250ah-prismatic-v1,PHYSICS_REFERENCE,NEAR_BOUNDARY,11.333333333333334,3400.0,3053.8555759741507,0.8240998194579291
baseline,baseline-v1,blast-lite-lfp-gr-250ah-prismatic-2019-v1,blast-lite-b093495-250ah-prismatic-v1,PHYSICS_REFERENCE,NEAR_BOUNDARY,11.416666666666666,3425.0,3074.458071460599,0.8232056253545892
baseline,baseline-v1,blast-lite-lfp-gr-250ah-prismatic-2019-v1,blast-lite-b093495-250ah-prismatic-v1,PHYSICS_REFERENCE,NEAR_BOUNDARY,11.5,3450.0,3095.0382120944637,0.8223140549211014
baseline,baseline-v1,blast-lite-lfp-gr-250ah-prismatic-2019-v1,blast-lite-b093495-250ah-prismatic-v1,PHYSICS_REFERENCE,NEAR_BOUNDARY,11.583333333333334,3475.0,3115.596063467491,0.8214250884101497
baseline,baseline-v1,blast-lite-lfp-gr-250ah-prismatic-2019-v1,blast-lite-b093495-250ah-prismatic-v1,PHYSICS_REFERENCE,NEAR_BOUNDARY,11.666666666666666,3500.0,3136.1316906777447,0.8205387063590204
baseline,baseline-v1,blast-lite-lfp-gr-250ah-prismatic-2019-v1,blast-lite-b093495-250ah-prismatic-v1,PHYSICS_REFERENCE,NEAR_BOUNDARY,11.75,3525.0,3156.64515833672,0.8196548895833744
baseline,baseline-v1,blast-lite-lfp-gr-250ah-prismatic-2019-v1,blast-lite-b093495-250ah-prismatic-v1,PHYSICS_REFERENCE,NEAR_BOUNDARY,11.833333333333334,3550.0,3177.1365305763047,0.8187736191711998
baseline,baseline-v1,blast-lite-lfp-gr-250ah-prismatic-2019-v1,blast-lite-b093495-250ah-prismatic-v1,PHYSICS_REFERENCE,NEAR_BOUNDARY,11.916666666666666,3575.0,3197.605871055585,0.8178948764769409
baseline,baseline-v1,blast-lite-lfp-gr-250ah-prismatic-2019-v1,blast-lite-b093495-250ah-prismatic-v1,PHYSICS_REFERENCE,NEAR_BOUNDARY,12.0,3600.0,3218.0532429675086,0.8170186431157951
baseline,baseline-v1,blast-lite-lfp-gr-250ah-prismatic-2019-v1,blast-lite-b093495-250ah-prismatic-v1,PHYSICS_REFERENCE,NEAR_BOUNDARY,12.083333333333334,3625.0,3238.4787090454033,0.8161449009581727
baseline,baseline-v1,blast-lite-lfp-gr-250ah-prismatic-2019-v1,blast-lite-b093495-250ah-prismatic-v1,PHYSICS_REFERENCE,NEAR_BOUNDARY,12.166666666666666,3650.0,3258.8823315693576,0.8152736321243156
baseline,baseline-v1,blast-lite-lfp-gr-250ah-prismatic-2019-v1,blast-lite-b093495-250ah-prismatic-v1,PHYSICS_REFERENCE,NEAR_BOUNDARY,12.25,3675.0,3279.2641723724655,0.8144048189790646
baseline,baseline-v1,blast-lite-lfp-gr-250ah-prismatic-2019-v1,blast-lite-b093495-250ah-prismatic-v1,PHYSICS_REFERENCE,NEAR_BOUNDARY,12.333333333333334,3700.0,3299.624292846942,0.8135384441267748
baseline,baseline-v1,blast-lite-lfp-gr-250ah-prismatic-2019-v1,blast-lite-b093495-250ah-prismatic-v1,PHYSICS_REFERENCE,NEAR_BOUNDARY,12.416666666666666,3725.0,3319.962753950111,0.8126744904063727
baseline,baseline-v1,blast-lite-lfp-gr-250ah-prismatic-2019-v1,blast-lite-b093495-250ah-prismatic-v1,PHYSICS_REFERENCE,NEAR_BOUNDARY,12.5,3750.0,3340.2796162102704,0.8118129408865475
baseline,baseline-v1,blast-lite-lfp-gr-250ah-prismatic-2019-v1,blast-lite-b093495-250ah-prismatic-v1,PHYSICS_REFERENCE,NEAR_BOUNDARY,12.583333333333334,3775.0,3360.574939732434,0.8109537788610761
baseline,baseline-v1,blast-lite-lfp-gr-250ah-prismatic-2019-v1,blast-lite-b093495-250ah-prismatic-v1,PHYSICS_REFERENCE,NEAR_BOUNDARY,12.666666666666666,3800.0,3380.848784203961,0.8100969878442736
baseline,baseline-v1,blast-lite-lfp-gr-250ah-prismatic-2019-v1,blast-lite-b093495-250ah-prismatic-v1,PHYSICS_REFERENCE,NEAR_BOUNDARY,12.75,3825.0,3401.101208900068,0.8092425515665683
baseline,baseline-v1,blast-lite-lfp-gr-250ah-prismatic-2019-v1,blast-lite-b093495-250ah-prismatic-v1,PHYSICS_REFERENCE,NEAR_BOUNDARY,12.833333333333334,3850.0,3421.332272689232,0.8083904539701936
baseline,baseline-v1,blast-lite-lfp-gr-250ah-prismatic-2019-v1,blast-lite-b093495-250ah-prismatic-v1,PHYSICS_REFERENCE,NEAR_BOUNDARY,12.916666666666666,3875.0,3441.5420340384867,0.8075406792049955
baseline,baseline-v1,blast-lite-lfp-gr-250ah-prismatic-2019-v1,blast-lite-b093495-250ah-prismatic-v1,PHYSICS_REFERENCE,NEAR_BOUNDARY,13.0,3900.0,3461.7305510186115,0.8066932116243524
baseline,baseline-v1,blast-lite-lfp-gr-250ah-prismatic-2019-v1,blast-lite-b093495-250ah-prismatic-v1,PHYSICS_REFERENCE,NEAR_BOUNDARY,13.083333333333334,3925.0,3481.8978813092203,0.8058480357811991
baseline,baseline-v1,blast-lite-lfp-gr-250ah-prismatic-2019-v1,blast-lite-b093495-250ah-prismatic-v1,PHYSICS_REFERENCE,NEAR_BOUNDARY,13.166666666666666,3950.0,3502.0440822037503,0.8050051364241575
baseline,baseline-v1,blast-lite-lfp-gr-250ah-prismatic-2019-v1,blast-lite-b093495-250ah-prismatic-v1,PHYSICS_REFERENCE,NEAR_BOUNDARY,13.25,3975.0,3522.169210614354,0.8041644984937661
baseline,baseline-v1,blast-lite-lfp-gr-250ah-prismatic-2019-v1,blast-lite-b093495-250ah-prismatic-v1,PHYSICS_REFERENCE,NEAR_BOUNDARY,13.333333333333334,4000.0,3542.2733230766985,0.8033261071188071
baseline,baseline-v1,blast-lite-lfp-gr-250ah-prismatic-2019-v1,blast-lite-b093495-250ah-prismatic-v1,PHYSICS_REFERENCE,NEAR_BOUNDARY,13.416666666666666,4025.0,3562.3564757546687,0.802489947612728
baseline,baseline-v1,blast-lite-lfp-gr-250ah-prismatic-2019-v1,blast-lite-b093495-250ah-prismatic-v1,PHYSICS_REFERENCE,NEAR_BOUNDARY,13.5,4050.0,3582.4187244449868,0.8016560054701526
baseline,baseline-v1,blast-lite-lfp-gr-250ah-prismatic-2019-v1,blast-lite-b093495-250ah-prismatic-v1,PHYSICS_REFERENCE,NEAR_BOUNDARY,13.583333333333334,4075.0,3602.4601245817407,0.8008242663634828
baseline,baseline-v1,blast-lite-lfp-gr-250ah-prismatic-2019-v1,blast-lite-b093495-250ah-prismatic-v1,PHYSICS_REFERENCE,NEAR_BOUNDARY,13.666666666666666,4100.0,3622.480731240828,0.7999947161395838
baseline,baseline-v1,blast-lite-lfp-gr-250ah-prismatic-2019-v1,blast-lite-b093495-250ah-prismatic-v1,PHYSICS_REFERENCE,NEAR_BOUNDARY,13.75,4125.0,3642.4805991443177,0.7991673408165519
baseline,baseline-v1,blast-lite-lfp-gr-250ah-prismatic-2019-v1,blast-lite-b093495-250ah-prismatic-v1,PHYSICS_REFERENCE,NEAR_BOUNDARY,13.833333333333334,4150.0,3662.4597826647314,0.7983421265805641
baseline,baseline-v1,blast-lite-lfp-gr-250ah-prismatic-2019-v1,blast-lite-b093495-250ah-prismatic-v1,PHYSICS_REFERENCE,NEAR_BOUNDARY,13.916666666666666,4175.0,3682.4183358292453,0.7975190597828035
baseline,baseline-v1,blast-lite-lfp-gr-250ah-prismatic-2019-v1,blast-lite-b093495-250ah-prismatic-v1,PHYSICS_REFERENCE,NEAR_BOUNDARY,14.0,4200.0,3702.3563123238155,0.7966981269364617
baseline,baseline-v1,blast-lite-lfp-gr-250ah-prismatic-2019-v1,blast-lite-b093495-250ah-prismatic-v1,PHYSICS_REFERENCE,NEAR_BOUNDARY,14.083333333333334,4225.0,3722.273765497227,0.795879314713812
baseline,baseline-v1,blast-lite-lfp-gr-250ah-prismatic-2019-v1,blast-lite-b093495-250ah-prismatic-v1,PHYSICS_REFERENCE,NEAR_BOUNDARY,14.166666666666666,4250.0,3742.1707483650725,0.7950626099433566
baseline,baseline-v1,blast-lite-lfp-gr-250ah-prismatic-2019-v1,blast-lite-b093495-250ah-prismatic-v1,PHYSICS_REFERENCE,NEAR_BOUNDARY,14.25,4275.0,3762.0473136136566,0.7942479996070388
baseline,baseline-v1,blast-lite-lfp-gr-250ah-prismatic-2019-v1,blast-lite-b093495-250ah-prismatic-v1,PHYSICS_REFERENCE,NEAR_BOUNDARY,14.333333333333334,4300.0,3781.9035136038324,0.7934354708375242
baseline,baseline-v1,blast-lite-lfp-gr-250ah-prismatic-2019-v1,blast-lite-b093495-250ah-prismatic-v1,PHYSICS_REFERENCE,NEAR_BOUNDARY,14.416666666666666,4325.0,3801.7394003747704,0.7926250109155459
baseline,baseline-v1,blast-lite-lfp-gr-250ah-prismatic-2019-v1,blast-lite-b093495-250ah-prismatic-v1,PHYSICS_REFERENCE,NEAR_BOUNDARY,14.5,4350.0,3821.555025647659,0.7918166072673121
baseline,baseline-v1,blast-lite-lfp-gr-250ah-prismatic-2019-v1,blast-lite-b093495-250ah-prismatic-v1,PHYSICS_REFERENCE,NEAR_BOUNDARY,14.583333333333334,4375.0,3841.350440829342,0.7910102474619745
baseline,baseline-v1,blast-lite-lfp-gr-250ah-prismatic-2019-v1,blast-lite-b093495-250ah-prismatic-v1,PHYSICS_REFERENCE,NEAR_BOUNDARY,14.666666666666666,4400.0,3861.1256970158915,0.7902059192091565
baseline,baseline-v1,blast-lite-lfp-gr-250ah-prismatic-2019-v1,blast-lite-b093495-250ah-prismatic-v1,PHYSICS_REFERENCE,NEAR_BOUNDARY,14.75,4425.0,3880.8808449961202,0.7894036103565378
baseline,baseline-v1,blast-lite-lfp-gr-250ah-prismatic-2019-v1,blast-lite-b093495-250ah-prismatic-v1,PHYSICS_REFERENCE,NEAR_BOUNDARY,14.833333333333334,4450.0,3900.6159352550335,0.7886033088874954
baseline,baseline-v1,blast-lite-lfp-gr-250ah-prismatic-2019-v1,blast-lite-b093495-250ah-prismatic-v1,PHYSICS_REFERENCE,NEAR_BOUNDARY,14.916666666666666,4475.0,3920.3310179772207,0.7878050029187977
baseline,baseline-v1,blast-lite-lfp-gr-250ah-prismatic-2019-v1,blast-lite-b093495-250ah-prismatic-v1,PHYSICS_REFERENCE,NEAR_BOUNDARY,15.0,4500.0,3940.0261430501905,0.7870086806983525
baseline,baseline-v1,blast-lite-lfp-gr-250ah-prismatic-2019-v1,blast-lite-b093495-250ah-prismatic-v1,PHYSICS_REFERENCE,NEAR_BOUNDARY,15.083333333333334,4525.0,3959.701360067649,0.7862143306030052
baseline,baseline-v1,blast-lite-lfp-gr-250ah-prismatic-2019-v1,blast-lite-b093495-250ah-prismatic-v1,PHYSICS_REFERENCE,NEAR_BOUNDARY,15.166666666666666,4550.0,3979.356718332724,0.7854219411363862
baseline,baseline-v1,blast-lite-lfp-gr-250ah-prismatic-2019-v1,blast-lite-b093495-250ah-prismatic-v1,PHYSICS_REFERENCE,NEAR_BOUNDARY,15.25,4575.0,3998.992266861134,0.7846315009268078
baseline,baseline-v1,blast-lite-lfp-gr-250ah-prismatic-2019-v1,blast-lite-b093495-250ah-prismatic-v1,PHYSICS_REFERENCE,NEAR_BOUNDARY,15.333333333333334,4600.0,4018.608054384304,0.7838429987252064
baseline,baseline-v1,blast-lite-lfp-gr-250ah-prismatic-2019-v1,blast-lite-b093495-250ah-prismatic-v1,PHYSICS_REFERENCE,NEAR_BOUNDARY,15.416666666666666,4625.0,4038.2041293524344,0.7830564234031315
baseline,baseline-v1,blast-lite-lfp-gr-250ah-prismatic-2019-v1,blast-lite-b093495-250ah-prismatic-v1,PHYSICS_REFERENCE,NEAR_BOUNDARY,15.5,4650.0,4057.7805399375125,0.7822717639507787
baseline,baseline-v1,blast-lite-lfp-gr-250ah-prismatic-2019-v1,blast-lite-b093495-250ah-prismatic-v1,PHYSICS_REFERENCE,NEAR_BOUNDARY,15.583333333333334,4675.0,4077.337334036282,0.7814890094750646
baseline,baseline-v1,blast-lite-lfp-gr-250ah-prismatic-2019-v1,blast-lite-b093495-250ah-prismatic-v1,PHYSICS_REFERENCE,NEAR_BOUNDARY,15.666666666666666,4700.0,4096.874559273158,0.7807081491977461
baseline,baseline-v1,blast-lite-lfp-gr-250ah-prismatic-2019-v1,blast-lite-b093495-250ah-prismatic-v1,PHYSICS_REFERENCE,NEAR_BOUNDARY,15.75,4725.0,4116.392263003102,0.7799291724535771
baseline,baseline-v1,blast-lite-lfp-gr-250ah-prismatic-2019-v1,blast-lite-b093495-250ah-prismatic-v1,PHYSICS_REFERENCE,NEAR_BOUNDARY,15.833333333333334,4750.0,4135.890492314442,0.7791520686885085
baseline,baseline-v1,blast-lite-lfp-gr-250ah-prismatic-2019-v1,blast-lite-b093495-250ah-prismatic-v1,PHYSICS_REFERENCE,NEAR_BOUNDARY,15.916666666666666,4775.0,4155.369294031654,0.7783768274579235
baseline,baseline-v1,blast-lite-lfp-gr-250ah-prismatic-2019-v1,blast-lite-b093495-250ah-prismatic-v1,PHYSICS_REFERENCE,NEAR_BOUNDARY,16.0,4800.0,4174.828714718102,0.777603438424913
baseline,baseline-v1,blast-lite-lfp-gr-250ah-prismatic-2019-v1,blast-lite-b093495-250ah-prismatic-v1,PHYSICS_REFERENCE,NEAR_BOUNDARY,16.083333333333332,4825.0,4194.268800678725,0.7768318913585858
baseline,baseline-v1,blast-lite-lfp-gr-250ah-prismatic-2019-v1,blast-lite-b093495-250ah-prismatic-v1,PHYSICS_REFERENCE,NEAR_BOUNDARY,16.166666666666668,4850.0,4213.68959796269,0.7760621761324151
baseline,baseline-v1,blast-lite-lfp-gr-250ah-prismatic-2019-v1,blast-lite-b093495-250ah-prismatic-v1,PHYSICS_REFERENCE,NEAR_BOUNDARY,16.25,4875.0,4233.091152366,0.7752942827226204
baseline,baseline-v1,blast-lite-lfp-gr-250ah-prismatic-2019-v1,blast-lite-b093495-250ah-prismatic-v1,PHYSICS_REFERENCE,NEAR_BOUNDARY,16.333333333333332,4900.0,4252.473509434065,0.7745282012065811
baseline,baseline-v1,blast-lite-lfp-gr-250ah-prismatic-2019-v1,blast-lite-b093495-250ah-prismatic-v1,PHYSICS_REFERENCE,NEAR_BOUNDARY,16.416666666666668,4925.0,4271.83671446423,0.7737639217612853
baseline,baseline-v1,blast-lite-lfp-gr-250ah-prismatic-2019-v1,blast-lite-b093495-250ah-prismatic-v1,PHYSICS_REFERENCE,NEAR_BOUNDARY,16.5,4950.0,4291.180812508262,0.773001434661809
baseline,baseline-v1,blast-lite-lfp-gr-250ah-prismatic-2019-v1,blast-lite-b093495-250ah-prismatic-v1,PHYSICS_REFERENCE,NEAR_BOUNDARY,16.583333333333332,4975.0,4310.505848374807,0.7722407302798273
baseline,baseline-v1,blast-lite-lfp-gr-250ah-prismatic-2019-v1,blast-lite-b093495-250ah-prismatic-v1,PHYSICS_REFERENCE,NEAR_BOUNDARY,16.666666666666668,5000.0,4329.811866631802,0.7714817990821554
baseline,baseline-v1,blast-lite-lfp-gr-250ah-prismatic-2019-v1,blast-lite-b093495-250ah-prismatic-v1,PHYSICS_REFERENCE,NEAR_BOUNDARY,16.75,5025.0,4349.098911608856,0.7707246316293199
baseline,baseline-v1,blast-lite-lfp-gr-250ah-prismatic-2019-v1,blast-lite-b093495-250ah-prismatic-v1,PHYSICS_REFERENCE,NEAR_BOUNDARY,16.833333333333332,5050.0,4368.367027399589,0.769969218574158
baseline,baseline-v1,blast-lite-lfp-gr-250ah-prismatic-2019-v1,blast-lite-b093495-250ah-prismatic-v1,PHYSICS_REFERENCE,NEAR_BOUNDARY,16.916666666666668,5075.0,4387.616257863942,0.7692155506604464
baseline,baseline-v1,blast-lite-lfp-gr-250ah-prismatic-2019-v1,blast-lite-b093495-250ah-prismatic-v1,PHYSICS_REFERENCE,NEAR_BOUNDARY,17.0,5100.0,4406.8466466304535,0.7684636187215557
baseline,baseline-v1,blast-lite-lfp-gr-250ah-prismatic-2019-v1,blast-lite-b093495-250ah-prismatic-v1,PHYSICS_REFERENCE,NEAR_BOUNDARY,17.083333333333332,5125.0,4426.058237098492,0.7677134136791327
baseline,baseline-v1,blast-lite-lfp-gr-250ah-prismatic-2019-v1,blast-lite-b093495-250ah-prismatic-v1,PHYSICS_REFERENCE,NEAR_BOUNDARY,17.166666666666668,5150.0,4445.25107244047,0.7669649265418091
baseline,baseline-v1,blast-lite-lfp-gr-250ah-prismatic-2019-v1,blast-lite-b093495-250ah-prismatic-v1,PHYSICS_REFERENCE,NEAR_BOUNDARY,17.25,5175.0,4464.425195604015,0.7662181484039345
baseline,baseline-v1,blast-lite-lfp-gr-250ah-prismatic-2019-v1,blast-lite-b093495-250ah-prismatic-v1,PHYSICS_REFERENCE,NEAR_BOUNDARY,17.333333333333332,5200.0,4483.5806493141135,0.7654730704443347
baseline,baseline-v1,blast-lite-lfp-gr-250ah-prismatic-2019-v1,blast-lite-b093495-250ah-prismatic-v1,PHYSICS_REFERENCE,NEAR_BOUNDARY,17.416666666666668,5225.0,4502.717476075222,0.764729683925095
baseline,baseline-v1,blast-lite-lfp-gr-250ah-prismatic-2019-v1,blast-lite-b093495-250ah-prismatic-v1,PHYSICS_REFERENCE,NEAR_BOUNDARY,17.5,5250.0,4521.83571817335,0.7639879801903657
baseline,baseline-v1,blast-lite-lfp-gr-250ah-prismatic-2019-v1,blast-lite-b093495-250ah-prismatic-v1,PHYSICS_REFERENCE,NEAR_BOUNDARY,17.583333333333332,5275.0,4540.935417678109,0.7632479506651917
baseline,baseline-v1,blast-lite-lfp-gr-250ah-prismatic-2019-v1,blast-lite-b093495-250ah-prismatic-v1,PHYSICS_REFERENCE,NEAR_BOUNDARY,17.666666666666668,5300.0,4560.016616444739,0.7625095868543641
baseline,baseline-v1,blast-lite-lfp-gr-250ah-prismatic-2019-v1,blast-lite-b093495-250ah-prismatic-v1,PHYSICS_REFERENCE,NEAR_BOUNDARY,17.75,5325.0,4579.079356116098,0.7617728803412935
baseline,baseline-v1,blast-lite-lfp-gr-250ah-prismatic-2019-v1,blast-lite-b093495-250ah-prismatic-v1,PHYSICS_REFERENCE,NEAR_BOUNDARY,17.833333333333332,5350.0,4598.123678124631,0.7610378227869058
baseline,baseline-v1,blast-lite-lfp-gr-250ah-prismatic-2019-v1,blast-lite-b093495-250ah-prismatic-v1,PHYSICS_REFERENCE,NEAR_BOUNDARY,17.916666666666668,5375.0,4617.149623694303,0.7603044059285573
baseline,baseline-v1,blast-lite-lfp-gr-250ah-prismatic-2019-v1,blast-lite-b093495-250ah-prismatic-v1,PHYSICS_REFERENCE,NEAR_BOUNDARY,18.0,5400.0,4636.157233842517,0.7595726215789718
baseline,baseline-v1,blast-lite-lfp-gr-250ah-prismatic-2019-v1,blast-lite-b093495-250ah-prismatic-v1,PHYSICS_REFERENCE,NEAR_BOUNDARY,18.083333333333332,5425.0,4655.146549381991,0.7588424616251964
baseline,baseline-v1,blast-lite-lfp-gr-250ah-prismatic-2019-v1,blast-lite-b093495-250ah-prismatic-v1,PHYSICS_REFERENCE,NEAR_BOUNDARY,18.166666666666668,5450.0,4674.117610922621,0.7581139180275773
baseline,baseline-v1,blast-lite-lfp-gr-250ah-prismatic-2019-v1,blast-lite-b093495-250ah-prismatic-v1,PHYSICS_REFERENCE,NEAR_BOUNDARY,18.25,5475.0,4693.070458873311,0.7573869828187548
baseline,baseline-v1,blast-lite-lfp-gr-250ah-prismatic-2019-v1,blast-lite-b093495-250ah-prismatic-v1,PHYSICS_REFERENCE,NEAR_BOUNDARY,18.333333333333332,5500.0,4712.005133443779,0.7566616481026764
baseline,baseline-v1,blast-lite-lfp-gr-250ah-prismatic-2019-v1,blast-lite-b093495-250ah-prismatic-v1,PHYSICS_REFERENCE,NEAR_BOUNDARY,18.416666666666668,5525.0,4730.921674646346,0.7559379060536283
baseline,baseline-v1,blast-lite-lfp-gr-250ah-prismatic-2019-v1,blast-lite-b093495-250ah-prismatic-v1,PHYSICS_REFERENCE,NEAR_BOUNDARY,18.5,5550.0,4749.820122297687,0.7552157489152846
baseline,baseline-v1,blast-lite-lfp-gr-250ah-prismatic-2019-v1,blast-lite-b093495-250ah-prismatic-v1,PHYSICS_REFERENCE,NEAR_BOUNDARY,18.583333333333332,5575.0,4768.700516020569,0.7544951689997734
baseline,baseline-v1,blast-lite-lfp-gr-250ah-prismatic-2019-v1,blast-lite-b093495-250ah-prismatic-v1,PHYSICS_REFERENCE,NEAR_BOUNDARY,18.666666666666668,5600.0,4787.562895245564,0.753776158686761
baseline,baseline-v1,blast-lite-lfp-gr-250ah-prismatic-2019-v1,blast-lite-b093495-250ah-prismatic-v1,PHYSICS_REFERENCE,NEAR_BOUNDARY,18.75,5625.0,4806.407299212733,0.7530587104225509
baseline,baseline-v1,blast-lite-lfp-gr-250ah-prismatic-2019-v1,blast-lite-b093495-250ah-prismatic-v1,PHYSICS_REFERENCE,NEAR_BOUNDARY,18.833333333333332,5650.0,4825.233766973297,0.7523428167192006
baseline,baseline-v1,blast-lite-lfp-gr-250ah-prismatic-2019-v1,blast-lite-b093495-250ah-prismatic-v1,PHYSICS_REFERENCE,NEAR_BOUNDARY,18.916666666666668,5675.0,4844.042337391277,0.751628470153653
baseline,baseline-v1,blast-lite-lfp-gr-250ah-prismatic-2019-v1,blast-lite-b093495-250ah-prismatic-v1,PHYSICS_REFERENCE,NEAR_BOUNDARY,19.0,5700.0,4862.833049145119,0.7509156633668839
baseline,baseline-v1,blast-lite-lfp-gr-250ah-prismatic-2019-v1,blast-lite-b093495-250ah-prismatic-v1,PHYSICS_REFERENCE,NEAR_BOUNDARY,19.083333333333332,5725.0,4881.6059407292905,0.7502043890630645
baseline,baseline-v1,blast-lite-lfp-gr-250ah-prismatic-2019-v1,blast-lite-b093495-250ah-prismatic-v1,PHYSICS_REFERENCE,NEAR_BOUNDARY,19.166666666666668,5750.0,4900.361050455867,0.7494946400087386
baseline,baseline-v1,blast-lite-lfp-gr-250ah-prismatic-2019-v1,blast-lite-b093495-250ah-prismatic-v1,PHYSICS_REFERENCE,NEAR_BOUNDARY,19.25,5775.0,4919.098416456086,0.7487864090320135
baseline,baseline-v1,blast-lite-lfp-gr-250ah-prismatic-2019-v1,blast-lite-b093495-250ah-prismatic-v1,PHYSICS_REFERENCE,NEAR_BOUNDARY,19.333333333333332,5800.0,4937.818076681886,0.748079689021767
baseline,baseline-v1,blast-lite-lfp-gr-250ah-prismatic-2019-v1,blast-lite-b093495-250ah-prismatic-v1,PHYSICS_REFERENCE,NEAR_BOUNDARY,19.416666666666668,5825.0,4956.52006890743,0.7473744729268657
baseline,baseline-v1,blast-lite-lfp-gr-250ah-prismatic-2019-v1,blast-lite-b093495-250ah-prismatic-v1,PHYSICS_REFERENCE,NEAR_BOUNDARY,19.5,5850.0,4975.204430730601,0.7466707537553988
baseline,baseline-v1,blast-lite-lfp-gr-250ah-prismatic-2019-v1,blast-lite-b093495-250ah-prismatic-v1,PHYSICS_REFERENCE,NEAR_BOUNDARY,19.583333333333332,5875.0,4993.871199574486,0.7459685245739244
baseline,baseline-v1,blast-lite-lfp-gr-250ah-prismatic-2019-v1,blast-lite-b093495-250ah-prismatic-v1,PHYSICS_REFERENCE,NEAR_BOUNDARY,19.666666666666668,5900.0,5012.520412688834,0.7452677785067277
baseline,baseline-v1,blast-lite-lfp-gr-250ah-prismatic-2019-v1,blast-lite-b093495-250ah-prismatic-v1,PHYSICS_REFERENCE,NEAR_BOUNDARY,19.75,5925.0,5031.152107151502,0.7445685087350942
baseline,baseline-v1,blast-lite-lfp-gr-250ah-prismatic-2019-v1,blast-lite-b093495-250ah-prismatic-v1,PHYSICS_REFERENCE,NEAR_BOUNDARY,19.833333333333332,5950.0,5049.766319869879,0.743870708496593
baseline,baseline-v1,blast-lite-lfp-gr-250ah-prismatic-2019-v1,blast-lite-b093495-250ah-prismatic-v1,PHYSICS_REFERENCE,NEAR_BOUNDARY,19.916666666666668,5975.0,5068.363087582294,0.7431743710843737
baseline,baseline-v1,blast-lite-lfp-gr-250ah-prismatic-2019-v1,blast-lite-b093495-250ah-prismatic-v1,PHYSICS_REFERENCE,NEAR_BOUNDARY,20.0,6000.0,5086.942446859403,0.7424794898464737
baseline,baseline-v1,blast-lite-lfp-gr-250ah-prismatic-2019-v1,blast-lite-b093495-250ah-prismatic-v1,PHYSICS_REFERENCE,NEAR_BOUNDARY,20.083333333333332,6025.0,5105.504434105565,0.7417860581851393
baseline,baseline-v1,blast-lite-lfp-gr-250ah-prismatic-2019-v1,blast-lite-b093495-250ah-prismatic-v1,PHYSICS_REFERENCE,NEAR_BOUNDARY,20.166666666666668,6050.0,5124.049085560194,0.7410940695561561
baseline,baseline-v1,blast-lite-lfp-gr-250ah-prismatic-2019-v1,blast-lite-b093495-250ah-prismatic-v1,PHYSICS_REFERENCE,NEAR_BOUNDARY,20.25,6075.0,5142.576437299098,0.7404035174681907
baseline,baseline-v1,blast-lite-lfp-gr-250ah-prismatic-2019-v1,blast-lite-b093495-250ah-prismatic-v1,PHYSICS_REFERENCE,NEAR_BOUNDARY,20.333333333333332,6100.0,5161.086525235803,0.7397143954821452
baseline,baseline-v1,blast-lite-lfp-gr-250ah-prismatic-2019-v1,blast-lite-b093495-250ah-prismatic-v1,PHYSICS_REFERENCE,NEAR_BOUNDARY,20.416666666666668,6125.0,5179.579385122856,0.7390266972105203
baseline,baseline-v1,blast-lite-lfp-gr-250ah-prismatic-2019-v1,blast-lite-b093495-250ah-prismatic-v1,PHYSICS_REFERENCE,NEAR_BOUNDARY,20.5,6150.0,5198.05505255312,0.7383404163167898
baseline,baseline-v1,blast-lite-lfp-gr-250ah-prismatic-2019-v1,blast-lite-b093495-250ah-prismatic-v1,PHYSICS_REFERENCE,NEAR_BOUNDARY,20.583333333333332,6175.0,5216.5135629610395,0.7376555465147849
baseline,baseline-v1,blast-lite-lfp-gr-250ah-prismatic-2019-v1,blast-lite-b093495-250ah-prismatic-v1,PHYSICS_REFERENCE,NEAR_BOUNDARY,20.666666666666668,6200.0,5234.954951623909,0.7369720815680889
baseline,baseline-v1,blast-lite-lfp-gr-250ah-prismatic-2019-v1,blast-lite-b093495-250ah-prismatic-v1,PHYSICS_REFERENCE,NEAR_BOUNDARY,20.75,6225.0,5253.379253663112,0.7362900152894418
baseline,baseline-v1,blast-lite-lfp-gr-250ah-prismatic-2019-v1,blast-lite-b093495-250ah-prismatic-v1,PHYSICS_REFERENCE,NEAR_BOUNDARY,20.833333333333332,6250.0,5271.786504045348,0.7356093415401539
baseline,baseline-v1,blast-lite-lfp-gr-250ah-prismatic-2019-v1,blast-lite-b093495-250ah-prismatic-v1,PHYSICS_REFERENCE,NEAR_BOUNDARY,20.916666666666668,6275.0,5290.176737583852,0.7349300542295296
baseline,baseline-v1,blast-lite-lfp-gr-250ah-prismatic-2019-v1,blast-lite-b093495-250ah-prismatic-v1,PHYSICS_REFERENCE,NEAR_BOUNDARY,21.0,6300.0,5308.54998893959,0.7342521473142997
baseline,baseline-v1,blast-lite-lfp-gr-250ah-prismatic-2019-v1,blast-lite-b093495-250ah-prismatic-v1,PHYSICS_REFERENCE,NEAR_BOUNDARY,21.083333333333332,6325.0,5326.906292622447,0.733575614798063
baseline,baseline-v1,blast-lite-lfp-gr-250ah-prismatic-2019-v1,blast-lite-b093495-250ah-prismatic-v1,PHYSICS_REFERENCE,NEAR_BOUNDARY,21.166666666666668,6350.0,5345.2456829923985,0.7329004507307377
baseline,baseline-v1,blast-lite-lfp-gr-250ah-prismatic-2019-v1,blast-lite-b093495-250ah-prismatic-v1,PHYSICS_REFERENCE,NEAR_BOUNDARY,21.25,6375.0,5363.568194260667,0.7322266492080196
baseline,baseline-v1,blast-lite-lfp-gr-250ah-prismatic-2019-v1,blast-lite-b093495-250ah-prismatic-v1,PHYSICS_REFERENCE,NEAR_BOUNDARY,21.333333333333332,6400.0,5381.873860490868,0.7315542043708503
baseline,baseline-v1,blast-lite-lfp-gr-250ah-prismatic-2019-v1,blast-lite-b093495-250ah-prismatic-v1,PHYSICS_REFERENCE,NEAR_BOUNDARY,21.416666666666668,6425.0,5400.162715600139,0.7308831104048936
baseline,baseline-v1,blast-lite-lfp-gr-250ah-prismatic-2019-v1,blast-lite-b093495-250ah-prismatic-v1,PHYSICS_REFERENCE,NEAR_BOUNDARY,21.5,6450.0,5418.434793360261,0.7302133615400191
baseline,baseline-v1,blast-lite-lfp-gr-250ah-prismatic-2019-v1,blast-lite-b093495-250ah-prismatic-v1,PHYSICS_REFERENCE,NEAR_BOUNDARY,21.583333333333332,6475.0,5436.690127398761,0.7295449520497956
baseline,baseline-v1,blast-lite-lfp-gr-250ah-prismatic-2019-v1,blast-lite-b093495-250ah-prismatic-v1,PHYSICS_REFERENCE,NEAR_BOUNDARY,21.666666666666668,6500.0,5454.928751200006,0.7288778762509898
baseline,baseline-v1,blast-lite-lfp-gr-250ah-prismatic-2019-v1,blast-lite-b093495-250ah-prismatic-v1,PHYSICS_REFERENCE,NEAR_BOUNDARY,21.75,6525.0,5473.150698106281,0.7282121285030756
baseline,baseline-v1,blast-lite-lfp-gr-250ah-prismatic-2019-v1,blast-lite-b093495-250ah-prismatic-v1,PHYSICS_REFERENCE,NEAR_BOUNDARY,21.833333333333332,6550.0,5491.356001318858,0.7275477032077485
baseline,baseline-v1,blast-lite-lfp-gr-250ah-prismatic-2019-v1,blast-lite-b093495-250ah-prismatic-v1,PHYSICS_REFERENCE,NEAR_BOUNDARY,21.916666666666668,6575.0,5509.544693899052,0.7268845948084495
baseline,baseline-v1,blast-lite-lfp-gr-250ah-prismatic-2019-v1,blast-lite-b093495-250ah-prismatic-v1,PHYSICS_REFERENCE,NEAR_BOUNDARY,22.0,6600.0,5527.716808769263,0.7262227977898943
baseline,baseline-v1,blast-lite-lfp-gr-250ah-prismatic-2019-v1,blast-lite-b093495-250ah-prismatic-v1,PHYSICS_REFERENCE,NEAR_BOUNDARY,22.083333333333332,6625.0,5545.87237871401,0.7255623066776109
baseline,baseline-v1,blast-lite-lfp-gr-250ah-prismatic-2019-v1,blast-lite-b093495-250ah-prismatic-v1,PHYSICS_REFERENCE,NEAR_BOUNDARY,22.166666666666668,6650.0,5564.01143638095,0.7249031160374846
baseline,baseline-v1,blast-lite-lfp-gr-250ah-prismatic-2019-v1,blast-lite-b093495-250ah-prismatic-v1,PHYSICS_REFERENCE,NEAR_BOUNDARY,22.25,6675.0,5582.134014281887,0.7242452204753077
baseline,baseline-v1,blast-lite-lfp-gr-250ah-prismatic-2019-v1,blast-lite-b093495-250ah-prismatic-v1,PHYSICS_REFERENCE,NEAR_BOUNDARY,22.333333333333332,6700.0,5600.24014479377,0.7235886146363387
baseline,baseline-v1,blast-lite-lfp-gr-250ah-prismatic-2019-v1,blast-lite-b093495-250ah-prismatic-v1,PHYSICS_REFERENCE,NEAR_BOUNDARY,22.416666666666668,6725.0,5618.329860159679,0.7229332932048664
baseline,baseline-v1,blast-lite-lfp-gr-250ah-prismatic-2019-v1,blast-lite-b093495-250ah-prismatic-v1,PHYSICS_REFERENCE,NEAR_BOUNDARY,22.5,6750.0,5636.403192489801,0.7222792509037803
baseline,baseline-v1,blast-lite-lfp-gr-250ah-prismatic-2019-v1,blast-lite-b093495-250ah-prismatic-v1,PHYSICS_REFERENCE,NEAR_BOUNDARY,22.583333333333332,6775.0,5654.460173762395,0.7216264824941492
baseline,baseline-v1,blast-lite-lfp-gr-250ah-prismatic-2019-v1,blast-lite-b093495-250ah-prismatic-v1,PHYSICS_REFERENCE,NEAR_BOUNDARY,22.666666666666668,6800.0,5672.500835824749,0.7209749827748035
baseline,baseline-v1,blast-lite-lfp-gr-250ah-prismatic-2019-v1,blast-lite-b093495-250ah-prismatic-v1,PHYSICS_REFERENCE,NEAR_BOUNDARY,22.75,6825.0,5690.525210394118,0.7203247465819254
baseline,baseline-v1,blast-lite-lfp-gr-250ah-prismatic-2019-v1,blast-lite-b093495-250ah-prismatic-v1,PHYSICS_REFERENCE,NEAR_BOUNDARY,22.833333333333332,6850.0,5708.533329058667,0.719675768788645
baseline,baseline-v1,blast-lite-lfp-gr-250ah-prismatic-2019-v1,blast-lite-b093495-250ah-prismatic-v1,PHYSICS_REFERENCE,NEAR_BOUNDARY,22.916666666666668,6875.0,5726.525223278383,0.7190280443046417
baseline,baseline-v1,blast-lite-lfp-gr-250ah-prismatic-2019-v1,blast-lite-b093495-250ah-prismatic-v1,PHYSICS_REFERENCE,NEAR_BOUNDARY,23.0,6900.0,5744.5009243859995,0.7183815680757513
baseline,baseline-v1,blast-lite-lfp-gr-250ah-prismatic-2019-v1,blast-lite-b093495-250ah-prismatic-v1,PHYSICS_REFERENCE,NEAR_BOUNDARY,23.083333333333332,6925.0,5762.460463587893,0.7177363350835797
baseline,baseline-v1,blast-lite-lfp-gr-250ah-prismatic-2019-v1,blast-lite-b093495-250ah-prismatic-v1,PHYSICS_REFERENCE,NEAR_BOUNDARY,23.166666666666668,6950.0,5780.4038719649825,0.7170923403451213
baseline,baseline-v1,blast-lite-lfp-gr-250ah-prismatic-2019-v1,blast-lite-b093495-250ah-prismatic-v1,PHYSICS_REFERENCE,NEAR_BOUNDARY,23.25,6975.0,5798.33118047361,0.7164495789123833
baseline,baseline-v1,blast-lite-lfp-gr-250ah-prismatic-2019-v1,blast-lite-b093495-250ah-prismatic-v1,PHYSICS_REFERENCE,NEAR_BOUNDARY,23.333333333333332,7000.0,5816.24241994642,0.7158080458720146
baseline,baseline-v1,blast-lite-lfp-gr-250ah-prismatic-2019-v1,blast-lite-b093495-250ah-prismatic-v1,PHYSICS_REFERENCE,NEAR_BOUNDARY,23.416666666666668,7025.0,5834.13762109322,0.7151677363449425
baseline,baseline-v1,blast-lite-lfp-gr-250ah-prismatic-2019-v1,blast-lite-b093495-250ah-prismatic-v1,PHYSICS_REFERENCE,NEAR_BOUNDARY,23.5,7050.0,5852.016814501844,0.7145286454860107
baseline,baseline-v1,blast-lite-lfp-gr-250ah-prismatic-2019-v1,blast-lite-b093495-250ah-prismatic-v1,PHYSICS_REFERENCE,NEAR_BOUNDARY,23.583333333333332,7075.0,5869.880030638995,0.7138907684836258
baseline,baseline-v1,blast-lite-lfp-gr-250ah-prismatic-2019-v1,blast-lite-b093495-250ah-prismatic-v1,PHYSICS_REFERENCE,NEAR_BOUNDARY,23.666666666666668,7100.0,5887.727299851085,0.7132541005594066
baseline,baseline-v1,blast-lite-lfp-gr-250ah-prismatic-2019-v1,blast-lite-b093495-250ah-prismatic-v1,PHYSICS_REFERENCE,NEAR_BOUNDARY,23.75,7125.0,5905.55865236507,0.7126186369678404
baseline,baseline-v1,blast-lite-lfp-gr-250ah-prismatic-2019-v1,blast-lite-b093495-250ah-prismatic-v1,PHYSICS_REFERENCE,NEAR_BOUNDARY,23.833333333333332,7150.0,5923.374118289266,0.7119843729959416
baseline,baseline-v1,blast-lite-lfp-gr-250ah-prismatic-2019-v1,blast-lite-b093495-250ah-prismatic-v1,PHYSICS_REFERENCE,NEAR_BOUNDARY,23.916666666666668,7175.0,5941.173727614165,0.7113513039629173
baseline,baseline-v1,blast-lite-lfp-gr-250ah-prismatic-2019-v1,blast-lite-b093495-250ah-prismatic-v1,PHYSICS_REFERENCE,NEAR_BOUNDARY,24.0,7200.0,5958.957510213238,0.7107194252198363
baseline,baseline-v1,blast-lite-lfp-gr-250ah-prismatic-2019-v1,blast-lite-b093495-250ah-prismatic-v1,PHYSICS_REFERENCE,NEAR_BOUNDARY,24.083333333333332,7225.0,5976.725495843733,0.7100887321493028
baseline,baseline-v1,blast-lite-lfp-gr-250ah-prismatic-2019-v1,blast-lite-b093495-250ah-prismatic-v1,PHYSICS_REFERENCE,NEAR_BOUNDARY,24.166666666666668,7250.0,5994.477714147466,0.7094592201651359
baseline,baseline-v1,blast-lite-lfp-gr-250ah-prismatic-2019-v1,blast-lite-b093495-250ah-prismatic-v1,PHYSICS_REFERENCE,NEAR_BOUNDARY,24.25,7275.0,6012.214194651595,0.7088308847120508
baseline,baseline-v1,blast-lite-lfp-gr-250ah-prismatic-2019-v1,blast-lite-b093495-250ah-prismatic-v1,PHYSICS_REFERENCE,NEAR_BOUNDARY,24.333333333333332,7300.0,6029.934966769396,0.7082037212653475
baseline,baseline-v1,blast-lite-lfp-gr-250ah-prismatic-2019-v1,blast-lite-b093495-250ah-prismatic-v1,PHYSICS_REFERENCE,NEAR_BOUNDARY,24.416666666666668,7325.0,6047.64005980103,0.7075777253306017
baseline,baseline-v1,blast-lite-lfp-gr-250ah-prismatic-2019-v1,blast-lite-b093495-250ah-prismatic-v1,PHYSICS_REFERENCE,NEAR_BOUNDARY,24.5,7350.0,6065.329502934294,0.7069528924433606
baseline,baseline-v1,blast-lite-lfp-gr-250ah-prismatic-2019-v1,blast-lite-b093495-250ah-prismatic-v1,PHYSICS_REFERENCE,NEAR_BOUNDARY,24.583333333333332,7375.0,6083.003325245379,0.7063292181688421
baseline,baseline-v1,blast-lite-lfp-gr-250ah-prismatic-2019-v1,blast-lite-b093495-250ah-prismatic-v1,PHYSICS_REFERENCE,NEAR_BOUNDARY,24.666666666666668,7400.0,6100.661555699599,0.7057066981016401
baseline,baseline-v1,blast-lite-lfp-gr-250ah-prismatic-2019-v1,blast-lite-b093495-250ah-prismatic-v1,PHYSICS_REFERENCE,NEAR_BOUNDARY,24.75,7425.0,6118.30422315214,0.7050853278654309
baseline,baseline-v1,blast-lite-lfp-gr-250ah-prismatic-2019-v1,blast-lite-b093495-250ah-prismatic-v1,PHYSICS_REFERENCE,NEAR_BOUNDARY,24.833333333333332,7450.0,6135.931356348776,0.7044651031126856
baseline,baseline-v1,blast-lite-lfp-gr-250ah-prismatic-2019-v1,blast-lite-b093495-250ah-prismatic-v1,PHYSICS_REFERENCE,NEAR_BOUNDARY,24.916666666666668,7475.0,6153.542983926593,0.7038460195243861
baseline,baseline-v1,blast-lite-lfp-gr-250ah-prismatic-2019-v1,blast-lite-b093495-250ah-prismatic-v1,PHYSICS_REFERENCE,NEAR_BOUNDARY,25.0,7500.0,6171.139134414702,0.703228072809744
temperature_20c,temperature-20c-v1,blast-lite-lfp-gr-250ah-prismatic-2019-v1,blast-lite-b093495-250ah-prismatic-v1,PHYSICS_REFERENCE,NEAR_BOUNDARY,0.0,0.0,0.0,1.0
temperature_20c,temperature-20c-v1,blast-lite-lfp-gr-250ah-prismatic-2019-v1,blast-lite-b093495-250ah-prismatic-v1,PHYSICS_REFERENCE,NEAR_BOUNDARY,0.08333333333333333,25.0,24.999999999999996,0.995359350549016
temperature_20c,temperature-20c-v1,blast-lite-lfp-gr-250ah-prismatic-2019-v1,blast-lite-b093495-250ah-prismatic-v1,PHYSICS_REFERENCE,NEAR_BOUNDARY,0.16666666666666666,50.0,49.883983763725396,0.9919915422208341
temperature_20c,temperature-20c-v1,blast-lite-lfp-gr-250ah-prismatic-2019-v1,blast-lite-b093495-250ah-prismatic-v1,PHYSICS_REFERENCE,NEAR_BOUNDARY,0.25,75.0,74.68377231924624,0.9890921882976675
temperature_20c,temperature-20c-v1,blast-lite-lfp-gr-250ah-prismatic-2019-v1,blast-lite-b093495-250ah-prismatic-v1,PHYSICS_REFERENCE,NEAR_BOUNDARY,0.3333333333333333,100.0,99.41107702668793,0.9864311164789061
temperature_20c,temperature-20c-v1,blast-lite-lfp-gr-250ah-prismatic-2019-v1,blast-lite-b093495-250ah-prismatic-v1,PHYSICS_REFERENCE,NEAR_BOUNDARY,0.4166666666666667,125.0,124.07185493866058,0.9839277388282234
temperature_20c,temperature-20c-v1,blast-lite-lfp-gr-250ah-prismatic-2019-v1,blast-lite-b093495-250ah-prismatic-v1,PHYSICS_REFERENCE,NEAR_BOUNDARY,0.5,150.0,148.67004840936616,0.9815411195960307
temperature_20c,temperature-20c-v1,blast-lite-lfp-gr-250ah-prismatic-2019-v1,blast-lite-b093495-250ah-prismatic-v1,PHYSICS_REFERENCE,NEAR_BOUNDARY,0.5833333333333334,175.0,173.20857639926692,0.9792466601507743
temperature_20c,temperature-20c-v1,blast-lite-lfp-gr-250ah-prismatic-2019-v1,blast-lite-b093495-250ah-prismatic-v1,PHYSICS_REFERENCE,NEAR_BOUNDARY,0.6666666666666666,200.0,197.68974290303626,0.9770280354608587
temperature_20c,temperature-20c-v1,blast-lite-lfp-gr-250ah-prismatic-2019-v1,blast-lite-b093495-250ah-prismatic-v1,PHYSICS_REFERENCE,NEAR_BOUNDARY,0.75,225.0,222.11544378955773,0.9748736682341052
temperature_20c,temperature-20c-v1,blast-lite-lfp-gr-250ah-prismatic-2019-v1,blast-lite-b093495-250ah-prismatic-v1,PHYSICS_REFERENCE,NEAR_BOUNDARY,0.8333333333333334,250.0,246.48728549541036,0.9727749472788028
temperature_20c,temperature-20c-v1,blast-lite-lfp-gr-250ah-prismatic-2019-v1,blast-lite-b093495-250ah-prismatic-v1,PHYSICS_REFERENCE,NEAR_BOUNDARY,0.9166666666666666,275.0,270.8066591773804,0.9707252328153504
temperature_20c,temperature-20c-v1,blast-lite-lfp-gr-250ah-prismatic-2019-v1,blast-lite-b093495-250ah-prismatic-v1,PHYSICS_REFERENCE,NEAR_BOUNDARY,1.0,300.0,295.0747899977642,0.9687192588001784
temperature_20c,temperature-20c-v1,blast-lite-lfp-gr-250ah-prismatic-2019-v1,blast-lite-b093495-250ah-prismatic-v1,PHYSICS_REFERENCE,NEAR_BOUNDARY,1.0833333333333333,325.0,319.29277146776866,0.9667527528833402
temperature_20c,temperature-20c-v1,blast-lite-lfp-gr-250ah-prismatic-2019-v1,blast-lite-b093495-250ah-prismatic-v1,PHYSICS_REFERENCE,NEAR_BOUNDARY,1.1666666666666667,350.0,343.46159028985215,0.964822183612606
temperature_20c,temperature-20c-v1,blast-lite-lfp-gr-250ah-prismatic-2019-v1,blast-lite-b093495-250ah-prismatic-v1,PHYSICS_REFERENCE,NEAR_BOUNDARY,1.25,375.0,367.5821448801673,0.9629245859794172
temperature_20c,temperature-20c-v1,blast-lite-lfp-gr-250ah-prismatic-2019-v1,blast-lite-b093495-250ah-prismatic-v1,PHYSICS_REFERENCE,NEAR_BOUNDARY,1.3333333333333333,400.0,391.6552595296527,0.9610574372854613
temperature_20c,temperature-20c-v1,blast-lite-lfp-gr-250ah-prismatic-2019-v1,blast-lite-b093495-250ah-prismatic-v1,PHYSICS_REFERENCE,NEAR_BOUNDARY,1.4166666666666667,425.0,415.6816954617892,0.9592185664973665
temperature_20c,temperature-20c-v1,blast-lite-lfp-gr-250ah-prismatic-2019-v1,blast-lite-b093495-250ah-prismatic-v1,PHYSICS_REFERENCE,NEAR_BOUNDARY,1.5,450.0,439.66215962422336,0.9574060865687736
temperature_20c,temperature-20c-v1,blast-lite-lfp-gr-250ah-prismatic-2019-v1,blast-lite-b093495-250ah-prismatic-v1,PHYSICS_REFERENCE,NEAR_BOUNDARY,1.5833333333333333,475.0,463.5973117884427,0.9556183429277397
temperature_20c,temperature-20c-v1,blast-lite-lfp-gr-250ah-prismatic-2019-v1,blast-lite-b093495-250ah-prismatic-v1,PHYSICS_REFERENCE,NEAR_BOUNDARY,1.6666666666666667,500.0,487.4877703616362,0.9538538736013259
temperature_20c,temperature-20c-v1,blast-lite-lfp-gr-250ah-prismatic-2019-v1,blast-lite-b093495-250ah-prismatic-v1,PHYSICS_REFERENCE,NEAR_BOUNDARY,1.75,525.0,511.33411720166936,0.9521113778851468
temperature_20c,temperature-20c-v1,blast-lite-lfp-gr-250ah-prismatic-2019-v1,blast-lite-b093495-250ah-prismatic-v1,PHYSICS_REFERENCE,NEAR_BOUNDARY,1.8333333333333333,550.0,535.136901648798,0.9503896913982904
temperature_20c,temperature-20c-v1,blast-lite-lfp-gr-250ah-prismatic-2019-v1,blast-lite-b093495-250ah-prismatic-v1,PHYSICS_REFERENCE,NEAR_BOUNDARY,1.9166666666666667,575.0,558.8966439337553,0.948687765985023
temperature_20c,temperature-20c-v1,blast-lite-lfp-gr-250ah-prismatic-2019-v1,blast-lite-b093495-250ah-prismatic-v1,PHYSICS_REFERENCE,NEAR_BOUNDARY,2.0,600.0,582.6138380833809,0.947004653347416
temperature_20c,temperature-20c-v1,blast-lite-lfp-gr-250ah-prismatic-2019-v1,blast-lite-b093495-250ah-prismatic-v1,PHYSICS_REFERENCE,NEAR_BOUNDARY,2.0833333333333335,625.0,606.2889544170663,0.9453394915865593
temperature_20c,temperature-20c-v1,blast-lite-lfp-gr-250ah-prismatic-2019-v1,blast-lite-b093495-250ah-prismatic-v1,PHYSICS_REFERENCE,NEAR_BOUNDARY,2.1666666666666665,650.0,629.9224417067303,0.9436914940374913
temperature_20c,temperature-20c-v1,blast-lite-lfp-gr-250ah-prismatic-2019-v1,blast-lite-b093495-250ah-prismatic-v1,PHYSICS_REFERENCE,NEAR_BOUNDARY,2.25,675.0,653.5147290576675,0.942059939932014
temperature_20c,temperature-20c-v1,blast-lite-lfp-gr-250ah-prismatic-2019-v1,blast-lite-b093495-250ah-prismatic-v1,PHYSICS_REFERENCE,NEAR_BOUNDARY,2.3333333333333335,700.0,677.0662275559679,0.9404441665322024
temperature_20c,temperature-20c-v1,blast-lite-lfp-gr-250ah-prismatic-2019-v1,blast-lite-b093495-250ah-prismatic-v1,PHYSICS_REFERENCE,NEAR_BOUNDARY,2.4166666666666665,725.0,700.5773317192729,0.9388435624576955
temperature_20c,temperature-20c-v1,blast-lite-lfp-gr-250ah-prismatic-2019-v1,blast-lite-b093495-250ah-prismatic-v1,PHYSICS_REFERENCE,NEAR_BOUNDARY,2.5,750.0,724.0484207807153,0.9372575619898964
temperature_20c,temperature-20c-v1,blast-lite-lfp-gr-250ah-prismatic-2019-v1,blast-lite-b093495-250ah-prismatic-v1,PHYSICS_REFERENCE,NEAR_BOUNDARY,2.5833333333333335,775.0,747.4798598304627,0.9356856401816438
temperature_20c,temperature-20c-v1,blast-lite-lfp-gr-250ah-prismatic-2019-v1,blast-lite-b093495-250ah-prismatic-v1,PHYSICS_REFERENCE,NEAR_BOUNDARY,2.6666666666666665,800.0,770.8720008350039,0.9341273086356467
temperature_20c,temperature-20c-v1,blast-lite-lfp-gr-250ah-prismatic-2019-v1,blast-lite-b093495-250ah-prismatic-v1,PHYSICS_REFERENCE,NEAR_BOUNDARY,2.75,825.0,794.225183550895,0.9325821118417918
temperature_20c,temperature-20c-v1,blast-lite-lfp-gr-250ah-prismatic-2019-v1,blast-lite-b093495-250ah-prismatic-v1,PHYSICS_REFERENCE,NEAR_BOUNDARY,2.8333333333333335,850.0,817.5397363469399,0.9310496239843257
temperature_20c,temperature-20c-v1,blast-lite-lfp-gr-250ah-prismatic-2019-v1,blast-lite-b093495-250ah-prismatic-v1,PHYSICS_REFERENCE,NEAR_BOUNDARY,2.9166666666666665,875.0,840.8159769465481,0.929529446146324
temperature_20c,temperature-20c-v1,blast-lite-lfp-gr-250ah-prismatic-2019-v1,blast-lite-b093495-250ah-prismatic-v1,PHYSICS_REFERENCE,NEAR_BOUNDARY,3.0,900.0,864.0542131002062,0.9280212038518648
temperature_20c,temperature-20c-v1,blast-lite-lfp-gr-250ah-prismatic-2019-v1,blast-lite-b093495-250ah-prismatic-v1,PHYSICS_REFERENCE,NEAR_BOUNDARY,3.0833333333333335,925.0,887.2547431965028,0.926524544896682
temperature_20c,temperature-20c-v1,blast-lite-lfp-gr-250ah-prismatic-2019-v1,blast-lite-b093495-250ah-prismatic-v1,PHYSICS_REFERENCE,NEAR_BOUNDARY,3.1666666666666665,950.0,910.4178568189199,0.9250391374264153
temperature_20c,temperature-20c-v1,blast-lite-lfp-gr-250ah-prismatic-2019-v1,blast-lite-b093495-250ah-prismatic-v1,PHYSICS_REFERENCE,NEAR_BOUNDARY,3.25,975.0,933.5438352545802,0.9235646682283007
temperature_20c,temperature-20c-v1,blast-lite-lfp-gr-250ah-prismatic-2019-v1,blast-lite-b093495-250ah-prismatic-v1,PHYSICS_REFERENCE,NEAR_BOUNDARY,3.3333333333333335,1000.0,956.6329519602878,0.9221008412076277
temperature_20c,temperature-20c-v1,blast-lite-lfp-gr-250ah-prismatic-2019-v1,blast-lite-b093495-250ah-prismatic-v1,PHYSICS_REFERENCE,NEAR_BOUNDARY,3.4166666666666665,1025.0,979.6854729904785,0.9206473760247719
temperature_20c,temperature-20c-v1,blast-lite-lfp-gr-250ah-prismatic-2019-v1,blast-lite-b093495-250ah-prismatic-v1,PHYSICS_REFERENCE,NEAR_BOUNDARY,3.5,1050.0,1002.7016573910978,0.9192040068723022
temperature_20c,temperature-20c-v1,blast-lite-lfp-gr-250ah-prismatic-2019-v1,blast-lite-b093495-250ah-prismatic-v1,PHYSICS_REFERENCE,NEAR_BOUNDARY,3.5833333333333335,1075.0,1025.6817575629054,0.9177704813747091
temperature_20c,temperature-20c-v1,blast-lite-lfp-gr-250ah-prismatic-2019-v1,blast-lite-b093495-250ah-prismatic-v1,PHYSICS_REFERENCE,NEAR_BOUNDARY,3.6666666666666665,1100.0,1048.6260195972732,0.9163465595958391
temperature_20c,temperature-20c-v1,blast-lite-lfp-gr-250ah-prismatic-2019-v1,blast-lite-b093495-250ah-prismatic-v1,PHYSICS_REFERENCE,NEAR_BOUNDARY,3.75,1125.0,1071.5346835871692,0.9149320131412377
temperature_20c,temperature-20c-v1,blast-lite-lfp-gr-250ah-prismatic-2019-v1,blast-lite-b093495-250ah-prismatic-v1,PHYSICS_REFERENCE,NEAR_BOUNDARY,3.8333333333333335,1150.0,1094.4079839157,0.9135266243443755
temperature_20c,temperature-20c-v1,blast-lite-lfp-gr-250ah-prismatic-2019-v1,blast-lite-b093495-250ah-prismatic-v1,PHYSICS_REFERENCE,NEAR_BOUNDARY,3.9166666666666665,1175.0,1117.2461495243094,0.9121301855272309
temperature_20c,temperature-20c-v1,blast-lite-lfp-gr-250ah-prismatic-2019-v1,blast-lite-b093495-250ah-prismatic-v1,PHYSICS_REFERENCE,NEAR_BOUNDARY,4.0,1200.0,1140.0494041624902,0.9107424983269691
temperature_20c,temperature-20c-v1,blast-lite-lfp-gr-250ah-prismatic-2019-v1,blast-lite-b093495-250ah-prismatic-v1,PHYSICS_REFERENCE,NEAR_BOUNDARY,4.083333333333333,1225.0,1162.8179666206645,0.9093633730815233
temperature_20c,temperature-20c-v1,blast-lite-lfp-gr-250ah-prismatic-2019-v1,blast-lite-b093495-250ah-prismatic-v1,PHYSICS_REFERENCE,NEAR_BOUNDARY,4.166666666666667,1250.0,1185.5520509477026,0.9079926282678094
temperature_20c,temperature-20c-v1,blast-lite-lfp-gr-250ah-prismatic-2019-v1,blast-lite-b093495-250ah-prismatic-v1,PHYSICS_REFERENCE,NEAR_BOUNDARY,4.25,1275.0,1208.2518666543979,0.9066300899870793
temperature_20c,temperature-20c-v1,blast-lite-lfp-gr-250ah-prismatic-2019-v1,blast-lite-b093495-250ah-prismatic-v1,PHYSICS_REFERENCE,NEAR_BOUNDARY,4.333333333333333,1300.0,1230.9176189040747,0.9052755914925918
temperature_20c,temperature-20c-v1,blast-lite-lfp-gr-250ah-prismatic-2019-v1,blast-lite-b093495-250ah-prismatic-v1,PHYSICS_REFERENCE,NEAR_BOUNDARY,4.416666666666667,1325.0,1253.5495086913895,0.9039289727553609
temperature_20c,temperature-20c-v1,blast-lite-lfp-gr-250ah-prismatic-2019-v1,blast-lite-b093495-250ah-prismatic-v1,PHYSICS_REFERENCE,NEAR_BOUNDARY,4.5,1350.0,1276.1477330102734,0.902590080064232
temperature_20c,temperature-20c-v1,blast-lite-lfp-gr-250ah-prismatic-2019-v1,blast-lite-b093495-250ah-prismatic-v1,PHYSICS_REFERENCE,NEAR_BOUNDARY,4.583333333333333,1375.0,1298.7124850118792,0.90125876565698
temperature_20c,temperature-20c-v1,blast-lite-lfp-gr-250ah-prismatic-2019-v1,blast-lite-b093495-250ah-prismatic-v1,PHYSICS_REFERENCE,NEAR_BOUNDARY,4.666666666666667,1400.0,1321.2439541533035,0.8999348873794848
temperature_20c,temperature-20c-v1,blast-lite-lfp-gr-250ah-prismatic-2019-v1,blast-lite-b093495-250ah-prismatic-v1,PHYSICS_REFERENCE,NEAR_BOUNDARY,4.75,1425.0,1343.7423263377907,0.8986183083703783
temperature_20c,temperature-20c-v1,blast-lite-lfp-gr-250ah-prismatic-2019-v1,blast-lite-b093495-250ah-prismatic-v1,PHYSICS_REFERENCE,NEAR_BOUNDARY,4.833333333333333,1450.0,1366.2077840470502,0.8973088967688327
temperature_20c,temperature-20c-v1,blast-lite-lfp-gr-250ah-prismatic-2019-v1,blast-lite-b093495-250ah-prismatic-v1,PHYSICS_REFERENCE,NEAR_BOUNDARY,4.916666666666667,1475.0,1388.640506466271,0.8960065254434179
temperature_20c,temperature-20c-v1,blast-lite-lfp-gr-250ah-prismatic-2019-v1,blast-lite-b093495-250ah-prismatic-v1,PHYSICS_REFERENCE,NEAR_BOUNDARY,5.0,1500.0,1411.0406696023565,0.8947110717401654
temperature_20c,temperature-20c-v1,blast-lite-lfp-gr-250ah-prismatic-2019-v1,blast-lite-b093495-250ah-prismatic-v1,PHYSICS_REFERENCE,NEAR_BOUNDARY,5.083333333333333,1525.0,1433.4084463958607,0.8934224172481772
temperature_20c,temperature-20c-v1,blast-lite-lfp-gr-250ah-prismatic-2019-v1,blast-lite-b093495-250ah-prismatic-v1,PHYSICS_REFERENCE,NEAR_BOUNDARY,5.166666666666667,1550.0,1455.744006827065,0.8921404475812829
temperature_20c,temperature-20c-v1,blast-lite-lfp-gr-250ah-prismatic-2019-v1,blast-lite-b093495-250ah-prismatic-v1,PHYSICS_REFERENCE,NEAR_BOUNDARY,5.25,1575.0,1478.0475180165972,0.8908650521743985
temperature_20c,temperature-20c-v1,blast-lite-lfp-gr-250ah-prismatic-2019-v1,blast-lite-b093495-250ah-prismatic-v1,PHYSICS_REFERENCE,NEAR_BOUNDARY,5.333333333333333,1600.0,1500.319144320957,0.8895961240933766
temperature_20c,temperature-20c-v1,blast-lite-lfp-gr-250ah-prismatic-2019-v1,blast-lite-b093495-250ah-prismatic-v1,PHYSICS_REFERENCE,NEAR_BOUNDARY,5.416666666666667,1625.0,1522.5590474232915,0.8883335598572497
temperature_20c,temperature-20c-v1,blast-lite-lfp-gr-250ah-prismatic-2019-v1,blast-lite-b093495-250ah-prismatic-v1,PHYSICS_REFERENCE,NEAR_BOUNDARY,5.5,1650.0,1544.7673864197227,0.8870772592718786
temperature_20c,temperature-20c-v1,blast-lite-lfp-gr-250ah-prismatic-2019-v1,blast-lite-b093495-250ah-prismatic-v1,PHYSICS_REFERENCE,NEAR_BOUNDARY,5.583333333333333,1675.0,1566.9443179015198,0.8858271252741078
temperature_20c,temperature-20c-v1,blast-lite-lfp-gr-250ah-prismatic-2019-v1,blast-lite-b093495-250ah-prismatic-v1,PHYSICS_REFERENCE,NEAR_BOUNDARY,5.666666666666667,1700.0,1589.0899960333725,0.8845830637856131
temperature_20c,temperature-20c-v1,blast-lite-lfp-gr-250ah-prismatic-2019-v1,blast-lite-b093495-250ah-prismatic-v1,PHYSICS_REFERENCE,NEAR_BOUNDARY,5.75,1725.0,1611.2045726280128,0.8833449835757032
temperature_20c,temperature-20c-v1,blast-lite-lfp-gr-250ah-prismatic-2019-v1,blast-lite-b093495-250ah-prismatic-v1,PHYSICS_REFERENCE,NEAR_BOUNDARY,5.833333333333333,1750.0,1633.2881972174055,0.8821127961323997
temperature_20c,temperature-20c-v1,blast-lite-lfp-gr-250ah-prismatic-2019-v1,blast-lite-b093495-250ah-prismatic-v1,PHYSICS_REFERENCE,NEAR_BOUNDARY,5.916666666666667,1775.0,1655.3410171207154,0.880886415541185
temperature_20c,temperature-20c-v1,blast-lite-lfp-gr-250ah-prismatic-2019-v1,blast-lite-b093495-250ah-prismatic-v1,PHYSICS_REFERENCE,NEAR_BOUNDARY,6.0,1800.0,1677.363177509245,0.8796657583708547
temperature_20c,temperature-20c-v1,blast-lite-lfp-gr-250ah-prismatic-2019-v1,blast-lite-b093495-250ah-prismatic-v1,PHYSICS_REFERENCE,NEAR_BOUNDARY,6.083333333333333,1825.0,1699.3548214685163,0.8784507435659661
temperature_20c,temperature-20c-v1,blast-lite-lfp-gr-250ah-prismatic-2019-v1,blast-lite-b093495-250ah-prismatic-v1,PHYSICS_REFERENCE,NEAR_BOUNDARY,6.166666666666667,1850.0,1721.3160900576654,0.8772412923454117
temperature_20c,temperature-20c-v1,blast-lite-lfp-gr-250ah-prismatic-2019-v1,blast-lite-b093495-250ah-prismatic-v1,PHYSICS_REFERENCE,NEAR_BOUNDARY,6.25,1875.0,1743.2471223663008,0.8760373281066897
temperature_20c,temperature-20c-v1,blast-lite-lfp-gr-250ah-prismatic-2019-v1,blast-lite-b093495-250ah-prismatic-v1,PHYSICS_REFERENCE,NEAR_BOUNDARY,6.333333333333333,1900.0,1765.148055568968,0.87483877633548
temperature_20c,temperature-20c-v1,blast-lite-lfp-gr-250ah-prismatic-2019-v1,blast-lite-b093495-250ah-prismatic-v1,PHYSICS_REFERENCE,NEAR_BOUNDARY,6.416666666666667,1925.0,1787.019024977355,0.8736455645201603
temperature_20c,temperature-20c-v1,blast-lite-lfp-gr-250ah-prismatic-2019-v1,blast-lite-b093495-250ah-prismatic-v1,PHYSICS_REFERENCE,NEAR_BOUNDARY,6.5,1950.0,1808.860164090359,0.8724576220709328
temperature_20c,temperature-20c-v1,blast-lite-lfp-gr-250ah-prismatic-2019-v1,blast-lite-b093495-250ah-prismatic-v1,PHYSICS_REFERENCE,NEAR_BOUNDARY,6.583333333333333,1975.0,1830.6716046421323,0.8712748802432551
temperature_20c,temperature-20c-v1,blast-lite-lfp-gr-250ah-prismatic-2019-v1,blast-lite-b093495-250ah-prismatic-v1,PHYSICS_REFERENCE,NEAR_BOUNDARY,6.666666666666667,2000.0,1852.4534766482136,0.8700972720652922
temperature_20c,temperature-20c-v1,blast-lite-lfp-gr-250ah-prismatic-2019-v1,blast-lite-b093495-250ah-prismatic-v1,PHYSICS_REFERENCE,NEAR_BOUNDARY,6.75,2025.0,1874.205908449846,0.8689247322691308
temperature_20c,temperature-20c-v1,blast-lite-lfp-gr-250ah-prismatic-2019-v1,blast-lite-b093495-250ah-prismatic-v1,PHYSICS_REFERENCE,NEAR_BOUNDARY,6.833333333333333,2050.0,1895.9290267565743,0.867757197225514
temperature_20c,temperature-20c-v1,blast-lite-lfp-gr-250ah-prismatic-2019-v1,blast-lite-b093495-250ah-prismatic-v1,PHYSICS_REFERENCE,NEAR_BOUNDARY,6.916666666666667,2075.0,1917.622956687212,0.8665946048818769
temperature_20c,temperature-20c-v1,blast-lite-lfp-gr-250ah-prismatic-2019-v1,blast-lite-b093495-250ah-prismatic-v1,PHYSICS_REFERENCE,NEAR_BOUNDARY,7.0,2100.0,1939.287821809259,0.8654368947034741
temperature_20c,temperature-20c-v1,blast-lite-lfp-gr-250ah-prismatic-2019-v1,blast-lite-b093495-250ah-prismatic-v1,PHYSICS_REFERENCE,NEAR_BOUNDARY,7.083333333333333,2125.0,1960.9237441768457,0.8642840076174119
temperature_20c,temperature-20c-v1,blast-lite-lfp-gr-250ah-prismatic-2019-v1,blast-lite-b093495-250ah-prismatic-v1,PHYSICS_REFERENCE,NEAR_BOUNDARY,7.166666666666667,2150.0,1982.5308443672811,0.8631358859594066
temperature_20c,temperature-20c-v1,blast-lite-lfp-gr-250ah-prismatic-2019-v1,blast-lite-b093495-250ah-prismatic-v1,PHYSICS_REFERENCE,NEAR_BOUNDARY,7.25,2175.0,2004.1092415162664,0.8619924734231054
temperature_20c,temperature-20c-v1,blast-lite-lfp-gr-250ah-prismatic-2019-v1,blast-lite-b093495-250ah-prismatic-v1,PHYSICS_REFERENCE,NEAR_BOUNDARY,7.333333333333333,2200.0,2025.659053351844,0.8608537150118187
temperature_20c,temperature-20c-v1,blast-lite-lfp-gr-250ah-prismatic-2019-v1,blast-lite-b093495-250ah-prismatic-v1,PHYSICS_REFERENCE,NEAR_BOUNDARY,7.416666666666667,2225.0,2047.1803962271395,0.8597195569925213
temperature_20c,temperature-20c-v1,blast-lite-lfp-gr-250ah-prismatic-2019-v1,blast-lite-b093495-250ah-prismatic-v1,PHYSICS_REFERENCE,NEAR_BOUNDARY,7.5,2250.0,2068.6733851519525,0.8585899468519909
temperature_20c,temperature-20c-v1,blast-lite-lfp-gr-250ah-prismatic-2019-v1,blast-lite-b093495-250ah-prismatic-v1,PHYSICS_REFERENCE,NEAR_BOUNDARY,7.583333333333333,2275.0,2090.1381338232522,0.8574648332549613
temperature_20c,temperature-20c-v1,blast-lite-lfp-gr-250ah-prismatic-2019-v1,blast-lite-b093495-250ah-prismatic-v1,PHYSICS_REFERENCE,NEAR_BOUNDARY,7.666666666666667,2300.0,2111.5747546546263,0.8563441660041773
temperature_20c,temperature-20c-v1,blast-lite-lfp-gr-250ah-prismatic-2019-v1,blast-lite-b093495-250ah-prismatic-v1,PHYSICS_REFERENCE,NEAR_BOUNDARY,7.75,2325.0,2132.983358804731,0.8552278960022421
temperature_20c,temperature-20c-v1,blast-lite-lfp-gr-250ah-prismatic-2019-v1,blast-lite-b093495-250ah-prismatic-v1,PHYSICS_REFERENCE,NEAR_BOUNDARY,7.833333333333333,2350.0,2154.3640562047867,0.8541159752151599
temperature_20c,temperature-20c-v1,blast-lite-lfp-gr-250ah-prismatic-2019-v1,blast-lite-b093495-250ah-prismatic-v1,PHYSICS_REFERENCE,NEAR_BOUNDARY,7.916666666666667,2375.0,2175.7169555851656,0.8530083566374801
temperature_20c,temperature-20c-v1,blast-lite-lfp-gr-250ah-prismatic-2019-v1,blast-lite-b093495-250ah-prismatic-v1,PHYSICS_REFERENCE,NEAR_BOUNDARY,8.0,2400.0,2197.0421645011024,0.8519049942589556
temperature_20c,temperature-20c-v1,blast-lite-lfp-gr-250ah-prismatic-2019-v1,blast-lite-b093495-250ah-prismatic-v1,PHYSICS_REFERENCE,NEAR_BOUNDARY,8.083333333333334,2425.0,2218.339789357576,0.8508058430326344
temperature_20c,temperature-20c-v1,blast-lite-lfp-gr-250ah-prismatic-2019-v1,blast-lite-b093495-250ah-prismatic-v1,PHYSICS_REFERENCE,NEAR_BOUNDARY,8.166666666666666,2450.0,2239.609935433392,0.8497108588443083
temperature_20c,temperature-20c-v1,blast-lite-lfp-gr-250ah-prismatic-2019-v1,blast-lite-b093495-250ah-prismatic-v1,PHYSICS_REFERENCE,NEAR_BOUNDARY,8.25,2475.0,2260.8527069044994,0.8486199984832467
temperature_20c,temperature-20c-v1,blast-lite-lfp-gr-250ah-prismatic-2019-v1,blast-lite-b093495-250ah-prismatic-v1,PHYSICS_REFERENCE,NEAR_BOUNDARY,8.333333333333334,2500.0,2282.0682068665806,0.84753321961415
temperature_20c,temperature-20c-v1,blast-lite-lfp-gr-250ah-prismatic-2019-v1,blast-lite-b093495-250ah-prismatic-v1,PHYSICS_REFERENCE,NEAR_BOUNDARY,8.416666666666666,2525.0,2303.256537356934,0.8464504807502579
temperature_20c,temperature-20c-v1,blast-lite-lfp-gr-250ah-prismatic-2019-v1,blast-lite-b093495-250ah-prismatic-v1,PHYSICS_REFERENCE,NEAR_BOUNDARY,8.5,2550.0,2324.4177993756907,0.8453717412275554
temperature_20c,temperature-20c-v1,blast-lite-lfp-gr-250ah-prismatic-2019-v1,blast-lite-b093495-250ah-prismatic-v1,PHYSICS_REFERENCE,NEAR_BOUNDARY,8.583333333333334,2575.0,2345.5520929063796,0.8442969611800202
temperature_20c,temperature-20c-v1,blast-lite-lfp-gr-250ah-prismatic-2019-v1,blast-lite-b093495-250ah-prismatic-v1,PHYSICS_REFERENCE,NEAR_BOUNDARY,8.666666666666666,2600.0,2366.65951693588,0.843226101515859
temperature_20c,temperature-20c-v1,blast-lite-lfp-gr-250ah-prismatic-2019-v1,blast-lite-b093495-250ah-prismatic-v1,PHYSICS_REFERENCE,NEAR_BOUNDARY,8.75,2625.0,2387.740169473777,0.8421591238946851
temperature_20c,temperature-20c-v1,blast-lite-lfp-gr-250ah-prismatic-2019-v1,blast-lite-b093495-250ah-prismatic-v1,PHYSICS_REFERENCE,NEAR_BOUNDARY,8.833333333333334,2650.0,2408.794147571144,0.8410959907055897
temperature_20c,temperature-20c-v1,blast-lite-lfp-gr-250ah-prismatic-2019-v1,blast-lite-b093495-250ah-prismatic-v1,PHYSICS_REFERENCE,NEAR_BOUNDARY,8.916666666666666,2675.0,2429.821547338784,0.8400366650460657
temperature_20c,temperature-20c-v1,blast-lite-lfp-gr-250ah-prismatic-2019-v1,blast-lite-b093495-250ah-prismatic-v1,PHYSICS_REFERENCE,NEAR_BOUNDARY,9.0,2700.0,2450.8224639649357,0.8389811107017391
temperature_20c,temperature-20c-v1,blast-lite-lfp-gr-250ah-prismatic-2019-v1,blast-lite-b093495-250ah-prismatic-v1,PHYSICS_REFERENCE,NEAR_BOUNDARY,9.083333333333334,2725.0,2471.796991732479,0.837929292126874
temperature_20c,temperature-20c-v1,blast-lite-lfp-gr-250ah-prismatic-2019-v1,blast-lite-b093495-250ah-prismatic-v1,PHYSICS_REFERENCE,NEAR_BOUNDARY,9.166666666666666,2750.0,2492.745224035651,0.8368811744256117
temperature_20c,temperature-20c-v1,blast-lite-lfp-gr-250ah-prismatic-2019-v1,blast-lite-b093495-250ah-prismatic-v1,PHYSICS_REFERENCE,NEAR_BOUNDARY,9.25,2775.0,2513.6672533962915,0.8358367233339112
temperature_20c,temperature-20c-v1,blast-lite-lfp-gr-250ah-prismatic-2019-v1,blast-lite-b093495-250ah-prismatic-v1,PHYSICS_REFERENCE,NEAR_BOUNDARY,9.333333333333334,2800.0,2534.563171479639,0.834795905202157
temperature_20c,temperature-20c-v1,blast-lite-lfp-gr-250ah-prismatic-2019-v1,blast-lite-b093495-250ah-prismatic-v1,PHYSICS_REFERENCE,NEAR_BOUNDARY,9.416666666666666,2825.0,2555.433069109693,0.8337586869784052
temperature_20c,temperature-20c-v1,blast-lite-lfp-gr-250ah-prismatic-2019-v1,blast-lite-b093495-250ah-prismatic-v1,PHYSICS_REFERENCE,NEAR_BOUNDARY,9.5,2850.0,2576.277036284153,0.8327250361922387
temperature_20c,temperature-20c-v1,blast-lite-lfp-gr-250ah-prismatic-2019-v1,blast-lite-b093495-250ah-prismatic-v1,PHYSICS_REFERENCE,NEAR_BOUNDARY,9.583333333333334,2875.0,2597.095162188959,0.8316949209392025
temperature_20c,temperature-20c-v1,blast-lite-lfp-gr-250ah-prismatic-2019-v1,blast-lite-b093495-250ah-prismatic-v1,PHYSICS_REFERENCE,NEAR_BOUNDARY,9.666666666666666,2900.0,2617.887535212439,0.8306683098657945
temperature_20c,temperature-20c-v1,blast-lite-lfp-gr-250ah-prismatic-2019-v1,blast-lite-b093495-250ah-prismatic-v1,PHYSICS_REFERENCE,NEAR_BOUNDARY,9.75,2925.0,2638.654242959084,0.829645172154988
temperature_20c,temperature-20c-v1,blast-lite-lfp-gr-250ah-prismatic-2019-v1,blast-lite-b093495-250ah-prismatic-v1,PHYSICS_REFERENCE,NEAR_BOUNDARY,9.833333333333334,2950.0,2659.395372262959,0.82862547751226
temperature_20c,temperature-20c-v1,blast-lite-lfp-gr-250ah-prismatic-2019-v1,blast-lite-b093495-250ah-prismatic-v1,PHYSICS_REFERENCE,NEAR_BOUNDARY,9.916666666666666,2975.0,2680.1110092007657,0.8276091961521057
temperature_20c,temperature-20c-v1,blast-lite-lfp-gr-250ah-prismatic-2019-v1,blast-lite-b093495-250ah-prismatic-v1,PHYSICS_REFERENCE,NEAR_BOUNDARY,10.0,3000.0,2700.801239104568,0.8265962987850177
temperature_20c,temperature-20c-v1,blast-lite-lfp-gr-250ah-prismatic-2019-v1,blast-lite-b093495-250ah-prismatic-v1,PHYSICS_REFERENCE,NEAR_BOUNDARY,10.083333333333334,3025.0,2721.4661465741938,0.8255867566049092
temperature_20c,temperature-20c-v1,blast-lite-lfp-gr-250ah-prismatic-2019-v1,blast-lite-b093495-250ah-prismatic-v1,PHYSICS_REFERENCE,NEAR_BOUNDARY,10.166666666666666,3050.0,2742.1058154893167,0.8245805412769617
temperature_20c,temperature-20c-v1,blast-lite-lfp-gr-250ah-prismatic-2019-v1,blast-lite-b093495-250ah-prismatic-v1,PHYSICS_REFERENCE,NEAR_BOUNDARY,10.25,3075.0,2762.7203290212406,0.8235776249258836
temperature_20c,temperature-20c-v1,blast-lite-lfp-gr-250ah-prismatic-2019-v1,blast-lite-b093495-250ah-prismatic-v1,PHYSICS_REFERENCE,NEAR_BOUNDARY,10.333333333333334,3100.0,2783.309769644388,0.8225779801245561
temperature_20c,temperature-20c-v1,blast-lite-lfp-gr-250ah-prismatic-2019-v1,blast-lite-b093495-250ah-prismatic-v1,PHYSICS_REFERENCE,NEAR_BOUNDARY,10.416666666666666,3125.0,2803.8742191475017,0.8215815798830555
temperature_20c,temperature-20c-v1,blast-lite-lfp-gr-250ah-prismatic-2019-v1,blast-lite-b093495-250ah-prismatic-v1,PHYSICS_REFERENCE,NEAR_BOUNDARY,10.5,3150.0,2824.413758644578,0.8205883976380355
temperature_20c,temperature-20c-v1,blast-lite-lfp-gr-250ah-prismatic-2019-v1,blast-lite-b093495-250ah-prismatic-v1,PHYSICS_REFERENCE,NEAR_BOUNDARY,10.583333333333334,3175.0,2844.928468585529,0.8195984072424514
temperature_20c,temperature-20c-v1,blast-lite-lfp-gr-250ah-prismatic-2019-v1,blast-lite-b093495-250ah-prismatic-v1,PHYSICS_REFERENCE,NEAR_BOUNDARY,10.666666666666666,3200.0,2865.4184287665903,0.8186115829556183
temperature_20c,temperature-20c-v1,blast-lite-lfp-gr-250ah-prismatic-2019-v1,blast-lite-b093495-250ah-prismatic-v1,PHYSICS_REFERENCE,NEAR_BOUNDARY,10.75,3225.0,2885.8837183404808,0.8176278994335845
temperature_20c,temperature-20c-v1,blast-lite-lfp-gr-250ah-prismatic-2019-v1,blast-lite-b093495-250ah-prismatic-v1,PHYSICS_REFERENCE,NEAR_BOUNDARY,10.833333333333334,3250.0,2906.3244158263205,0.8166473317198101
temperature_20c,temperature-20c-v1,blast-lite-lfp-gr-250ah-prismatic-2019-v1,blast-lite-b093495-250ah-prismatic-v1,PHYSICS_REFERENCE,NEAR_BOUNDARY,10.916666666666666,3275.0,2926.740599119316,0.8156698552361396
temperature_20c,temperature-20c-v1,blast-lite-lfp-gr-250ah-prismatic-2019-v1,blast-lite-b093495-250ah-prismatic-v1,PHYSICS_REFERENCE,NEAR_BOUNDARY,11.0,3300.0,2947.1323455002193,0.8146954457740548
temperature_20c,temperature-20c-v1,blast-lite-lfp-gr-250ah-prismatic-2019-v1,blast-lite-b093495-250ah-prismatic-v1,PHYSICS_REFERENCE,NEAR_BOUNDARY,11.083333333333334,3325.0,2967.4997316445706,0.8137240794861988
temperature_20c,temperature-20c-v1,blast-lite-lfp-gr-250ah-prismatic-2019-v1,blast-lite-b093495-250ah-prismatic-v1,PHYSICS_REFERENCE,NEAR_BOUNDARY,11.166666666666666,3350.0,2987.8428336317256,0.8127557328781597
temperature_20c,temperature-20c-v1,blast-lite-lfp-gr-250ah-prismatic-2019-v1,blast-lite-b093495-250ah-prismatic-v1,PHYSICS_REFERENCE,NEAR_BOUNDARY,11.25,3375.0,3008.1617269536796,0.8117903828005042
temperature_20c,temperature-20c-v1,blast-lite-lfp-gr-250ah-prismatic-2019-v1,blast-lite-b093495-250ah-prismatic-v1,PHYSICS_REFERENCE,NEAR_BOUNDARY,11.333333333333334,3400.0,3028.456486523692,0.8108280064410536
temperature_20c,temperature-20c-v1,blast-lite-lfp-gr-250ah-prismatic-2019-v1,blast-lite-b093495-250ah-prismatic-v1,PHYSICS_REFERENCE,NEAR_BOUNDARY,11.416666666666666,3425.0,3048.7271866847186,0.8098685813173885
temperature_20c,temperature-20c-v1,blast-lite-lfp-gr-250ah-prismatic-2019-v1,blast-lite-b093495-250ah-prismatic-v1,PHYSICS_REFERENCE,NEAR_BOUNDARY,11.5,3450.0,3068.9739012176533,0.8089120852695796
temperature_20c,temperature-20c-v1,blast-lite-lfp-gr-250ah-prismatic-2019-v1,blast-lite-b093495-250ah-prismatic-v1,PHYSICS_REFERENCE,NEAR_BOUNDARY,11.583333333333334,3475.0,3089.196703349393,0.8079584964531308
temperature_20c,temperature-20c-v1,blast-lite-lfp-gr-250ah-prismatic-2019-v1,blast-lite-b093495-250ah-prismatic-v1,PHYSICS_REFERENCE,NEAR_BOUNDARY,11.666666666666666,3500.0,3109.3956657607214,0.8070077933321304
temperature_20c,temperature-20c-v1,blast-lite-lfp-gr-250ah-prismatic-2019-v1,blast-lite-b093495-250ah-prismatic-v1,PHYSICS_REFERENCE,NEAR_BOUNDARY,11.75,3525.0,3129.5708605940245,0.806059954672601
temperature_20c,temperature-20c-v1,blast-lite-lfp-gr-250ah-prismatic-2019-v1,blast-lite-b093495-250ah-prismatic-v1,PHYSICS_REFERENCE,NEAR_BOUNDARY,11.833333333333334,3550.0,3149.7223594608395,0.8051149595360425
temperature_20c,temperature-20c-v1,blast-lite-lfp-gr-250ah-prismatic-2019-v1,blast-lite-b093495-250ah-prismatic-v1,PHYSICS_REFERENCE,NEAR_BOUNDARY,11.916666666666666,3575.0,3169.8502334492405,0.8041727872731579
temperature_20c,temperature-20c-v1,blast-lite-lfp-gr-250ah-prismatic-2019-v1,blast-lite-b093495-250ah-prismatic-v1,PHYSICS_REFERENCE,NEAR_BOUNDARY,12.0,3600.0,3189.9545531310696,0.8032334175177609
temperature_20c,temperature-20c-v1,blast-lite-lfp-gr-250ah-prismatic-2019-v1,blast-lite-b093495-250ah-prismatic-v1,PHYSICS_REFERENCE,NEAR_BOUNDARY,12.083333333333334,3625.0,3210.035388569014,0.8022968301808523
temperature_20c,temperature-20c-v1,blast-lite-lfp-gr-250ah-prismatic-2019-v1,blast-lite-b093495-250ah-prismatic-v1,PHYSICS_REFERENCE,NEAR_BOUNDARY,12.166666666666666,3650.0,3230.092809323535,0.8013630054448654
temperature_20c,temperature-20c-v1,blast-lite-lfp-gr-250ah-prismatic-2019-v1,blast-lite-b093495-250ah-prismatic-v1,PHYSICS_REFERENCE,NEAR_BOUNDARY,12.25,3675.0,3250.126884459657,0.8004319237580695
temperature_20c,temperature-20c-v1,blast-lite-lfp-gr-250ah-prismatic-2019-v1,blast-lite-b093495-250ah-prismatic-v1,PHYSICS_REFERENCE,NEAR_BOUNDARY,12.333333333333334,3700.0,3270.137682553609,0.7995035658291298
temperature_20c,temperature-20c-v1,blast-lite-lfp-gr-250ah-prismatic-2019-v1,blast-lite-b093495-250ah-prismatic-v1,PHYSICS_REFERENCE,NEAR_BOUNDARY,12.416666666666666,3725.0,3290.125271699337,0.7985779126218159
temperature_20c,temperature-20c-v1,blast-lite-lfp-gr-250ah-prismatic-2019-v1,blast-lite-b093495-250ah-prismatic-v1,PHYSICS_REFERENCE,NEAR_BOUNDARY,12.5,3750.0,3310.0897195148827,0.797654945349854
temperature_20c,temperature-20c-v1,blast-lite-lfp-gr-250ah-prismatic-2019-v1,blast-lite-b093495-250ah-prismatic-v1,PHYSICS_REFERENCE,NEAR_BOUNDARY,12.583333333333334,3775.0,3330.031093148629,0.7967346454719203
temperature_20c,temperature-20c-v1,blast-lite-lfp-gr-250ah-prismatic-2019-v1,blast-lite-b093495-250ah-prismatic-v1,PHYSICS_REFERENCE,NEAR_BOUNDARY,12.666666666666666,3800.0,3349.949459285427,0.795816994686767
temperature_20c,temperature-20c-v1,blast-lite-lfp-gr-250ah-prismatic-2019-v1,blast-lite-b093495-250ah-prismatic-v1,PHYSICS_REFERENCE,NEAR_BOUNDARY,12.75,3825.0,3369.8448841525965,0.79490197492848
temperature_20c,temperature-20c-v1,blast-lite-lfp-gr-250ah-prismatic-2019-v1,blast-lite-b093495-250ah-prismatic-v1,PHYSICS_REFERENCE,NEAR_BOUNDARY,12.833333333333334,3850.0,3389.7174335258087,0.7939895683618614
temperature_20c,temperature-20c-v1,blast-lite-lfp-gr-250ah-prismatic-2019-v1,blast-lite-b093495-250ah-prismatic-v1,PHYSICS_REFERENCE,NEAR_BOUNDARY,12.916666666666666,3875.0,3409.5671727348554,0.7930797573779348
temperature_20c,temperature-20c-v1,blast-lite-lfp-gr-250ah-prismatic-2019-v1,blast-lite-b093495-250ah-prismatic-v1,PHYSICS_REFERENCE,NEAR_BOUNDARY,13.0,3900.0,3429.3941666693036,0.7921725245895666
temperature_20c,temperature-20c-v1,blast-lite-lfp-gr-250ah-prismatic-2019-v1,blast-lite-b093495-250ah-prismatic-v1,PHYSICS_REFERENCE,NEAR_BOUNDARY,13.083333333333334,3925.0,3449.198479784043,0.7912678528272025
temperature_20c,temperature-20c-v1,blast-lite-lfp-gr-250ah-prismatic-2019-v1,blast-lite-b093495-250ah-prismatic-v1,PHYSICS_REFERENCE,NEAR_BOUNDARY,13.166666666666666,3950.0,3468.980176104723,0.7903657251347139
temperature_20c,temperature-20c-v1,blast-lite-lfp-gr-250ah-prismatic-2019-v1,blast-lite-b093495-250ah-prismatic-v1,PHYSICS_REFERENCE,NEAR_BOUNDARY,13.25,3975.0,3488.7393192330906,0.7894661247653504
temperature_20c,temperature-20c-v1,blast-lite-lfp-gr-250ah-prismatic-2019-v1,blast-lite-b093495-250ah-prismatic-v1,PHYSICS_REFERENCE,NEAR_BOUNDARY,13.333333333333334,4000.0,3508.4759723522243,0.7885690351777954
temperature_20c,temperature-20c-v1,blast-lite-lfp-gr-250ah-prismatic-2019-v1,blast-lite-b093495-250ah-prismatic-v1,PHYSICS_REFERENCE,NEAR_BOUNDARY,13.416666666666666,4025.0,3528.190198231669,0.7876744400323222
temperature_20c,temperature-20c-v1,blast-lite-lfp-gr-250ah-prismatic-2019-v1,blast-lite-b093495-250ah-prismatic-v1,PHYSICS_REFERENCE,NEAR_BOUNDARY,13.5,4050.0,3547.882059232477,0.7867823231870464
temperature_20c,temperature-20c-v1,blast-lite-lfp-gr-250ah-prismatic-2019-v1,blast-lite-b093495-250ah-prismatic-v1,PHYSICS_REFERENCE,NEAR_BOUNDARY,13.583333333333334,4075.0,3567.551617312153,0.7858926686942718
temperature_20c,temperature-20c-v1,blast-lite-lfp-gr-250ah-prismatic-2019-v1,blast-lite-b093495-250ah-prismatic-v1,PHYSICS_REFERENCE,NEAR_BOUNDARY,13.666666666666666,4100.0,3587.19893402951,0.7850054607969275
temperature_20c,temperature-20c-v1,blast-lite-lfp-gr-250ah-prismatic-2019-v1,blast-lite-b093495-250ah-prismatic-v1,PHYSICS_REFERENCE,NEAR_BOUNDARY,13.75,4125.0,3606.824070549433,0.7841206839250923
temperature_20c,temperature-20c-v1,blast-lite-lfp-gr-250ah-prismatic-2019-v1,blast-lite-b093495-250ah-prismatic-v1,PHYSICS_REFERENCE,NEAR_BOUNDARY,13.833333333333334,4150.0,3626.4270876475603,0.7832383226926052
temperature_20c,temperature-20c-v1,blast-lite-lfp-gr-250ah-prismatic-2019-v1,blast-lite-b093495-250ah-prismatic-v1,PHYSICS_REFERENCE,NEAR_BOUNDARY,13.916666666666666,4175.0,3646.0080457148756,0.7823583618937575
temperature_20c,temperature-20c-v1,blast-lite-lfp-gr-250ah-prismatic-2019-v1,blast-lite-b093495-250ah-prismatic-v1,PHYSICS_REFERENCE,NEAR_BOUNDARY,14.0,4200.0,3665.5670047622198,0.7814807865000664
temperature_20c,temperature-20c-v1,blast-lite-lfp-gr-250ah-prismatic-2019-v1,blast-lite-b093495-250ah-prismatic-v1,PHYSICS_REFERENCE,NEAR_BOUNDARY,14.083333333333334,4225.0,3685.1040244247215,0.7806055816571237
temperature_20c,temperature-20c-v1,blast-lite-lfp-gr-250ah-prismatic-2019-v1,blast-lite-b093495-250ah-prismatic-v1,PHYSICS_REFERENCE,NEAR_BOUNDARY,14.166666666666666,4250.0,3704.6191639661497,0.779732732681523
temperature_20c,temperature-20c-v1,blast-lite-lfp-gr-250ah-prismatic-2019-v1,blast-lite-b093495-250ah-prismatic-v1,PHYSICS_REFERENCE,NEAR_BOUNDARY,14.25,4275.0,3724.1124822831875,0.7788622250578578
temperature_20c,temperature-20c-v1,blast-lite-lfp-gr-250ah-prismatic-2019-v1,blast-lite-b093495-250ah-prismatic-v1,PHYSICS_REFERENCE,NEAR_BOUNDARY,14.333333333333334,4300.0,3743.584037909634,0.7779940444357911
temperature_20c,temperature-20c-v1,blast-lite-lfp-gr-250ah-prismatic-2019-v1,blast-lite-b093495-250ah-prismatic-v1,PHYSICS_REFERENCE,NEAR_BOUNDARY,14.416666666666666,4325.0,3763.033889020529,0.7771281766271944
temperature_20c,temperature-20c-v1,blast-lite-lfp-gr-250ah-prismatic-2019-v1,blast-lite-b093495-250ah-prismatic-v1,PHYSICS_REFERENCE,NEAR_BOUNDARY,14.5,4350.0,3782.4620934362088,0.7762646076033519
temperature_20c,temperature-20c-v1,blast-lite-lfp-gr-250ah-prismatic-2019-v1,blast-lite-b093495-250ah-prismatic-v1,PHYSICS_REFERENCE,NEAR_BOUNDARY,14.583333333333334,4375.0,3801.8687086262926,0.7754033234922317
temperature_20c,temperature-20c-v1,blast-lite-lfp-gr-250ah-prismatic-2019-v1,blast-lite-b093495-250ah-prismatic-v1,PHYSICS_REFERENCE,NEAR_BOUNDARY,14.666666666666666,4400.0,3821.2537917135983,0.774544310575818
temperature_20c,temperature-20c-v1,blast-lite-lfp-gr-250ah-prismatic-2019-v1,blast-lite-b093495-250ah-prismatic-v1,PHYSICS_REFERENCE,NEAR_BOUNDARY,14.75,4425.0,3840.617399477994,0.7736875552875058
temperature_20c,temperature-20c-v1,blast-lite-lfp-gr-250ah-prismatic-2019-v1,blast-lite-b093495-250ah-prismatic-v1,PHYSICS_REFERENCE,NEAR_BOUNDARY,14.833333333333334,4450.0,3859.9595883601814,0.7728330442095541
temperature_20c,temperature-20c-v1,blast-lite-lfp-gr-250ah-prismatic-2019-v1,blast-lite-b093495-250ah-prismatic-v1,PHYSICS_REFERENCE,NEAR_BOUNDARY,14.916666666666666,4475.0,3879.28041446542,0.7719807640705976
temperature_20c,temperature-20c-v1,blast-lite-lfp-gr-250ah-prismatic-2019-v1,blast-lite-b093495-250ah-prismatic-v1,PHYSICS_REFERENCE,NEAR_BOUNDARY,15.0,4500.0,3898.579933567185,0.7711307017432131
temperature_20c,temperature-20c-v1,blast-lite-lfp-gr-250ah-prismatic-2019-v1,blast-lite-b093495-250ah-prismatic-v1,PHYSICS_REFERENCE,NEAR_BOUNDARY,15.083333333333334,4525.0,3917.858201110765,0.770282844241542
temperature_20c,temperature-20c-v1,blast-lite-lfp-gr-250ah-prismatic-2019-v1,blast-lite-b093495-250ah-prismatic-v1,PHYSICS_REFERENCE,NEAR_BOUNDARY,15.166666666666666,4550.0,3937.1152722168035,0.7694371787189653
temperature_20c,temperature-20c-v1,blast-lite-lfp-gr-250ah-prismatic-2019-v1,blast-lite-b093495-250ah-prismatic-v1,PHYSICS_REFERENCE,NEAR_BOUNDARY,15.25,4575.0,3956.3512016847776,0.7685936924658288
temperature_20c,temperature-20c-v1,blast-lite-lfp-gr-250ah-prismatic-2019-v1,blast-lite-b093495-250ah-prismatic-v1,PHYSICS_REFERENCE,NEAR_BOUNDARY,15.333333333333334,4600.0,3975.566043996423,0.76775237290722
temperature_20c,temperature-20c-v1,blast-lite-lfp-gr-250ah-prismatic-2019-v1,blast-lite-b093495-250ah-prismatic-v1,PHYSICS_REFERENCE,NEAR_BOUNDARY,15.416666666666666,4625.0,3994.7598533191035,0.766913207600793
temperature_20c,temperature-20c-v1,blast-lite-lfp-gr-250ah-prismatic-2019-v1,blast-lite-b093495-250ah-prismatic-v1,PHYSICS_REFERENCE,NEAR_BOUNDARY,15.5,4650.0,4013.9326835091233,0.7660761842346403
temperature_20c,temperature-20c-v1,blast-lite-lfp-gr-250ah-prismatic-2019-v1,blast-lite-b093495-250ah-prismatic-v1,PHYSICS_REFERENCE,NEAR_BOUNDARY,15.583333333333334,4675.0,4033.0845881149894,0.7652412906252114
temperature_20c,temperature-20c-v1,blast-lite-lfp-gr-250ah-prismatic-2019-v1,blast-lite-b093495-250ah-prismatic-v1,PHYSICS_REFERENCE,NEAR_BOUNDARY,15.666666666666666,4700.0,4052.21562038062,0.7644085147152758
temperature_20c,temperature-20c-v1,blast-lite-lfp-gr-250ah-prismatic-2019-v1,blast-lite-b093495-250ah-prismatic-v1,PHYSICS_REFERENCE,NEAR_BOUNDARY,15.75,4725.0,4071.3258332485016,0.7635778445719296
temperature_20c,temperature-20c-v1,blast-lite-lfp-gr-250ah-prismatic-2019-v1,blast-lite-b093495-250ah-prismatic-v1,PHYSICS_REFERENCE,NEAR_BOUNDARY,15.833333333333334,4750.0,4090.4152793628,0.7627492683846444
temperature_20c,temperature-20c-v1,blast-lite-lfp-gr-250ah-prismatic-2019-v1,blast-lite-b093495-250ah-prismatic-v1,PHYSICS_REFERENCE,NEAR_BOUNDARY,15.916666666666666,4775.0,4109.484011072416,0.7619227744633581
temperature_20c,temperature-20c-v1,blast-lite-lfp-gr-250ah-prismatic-2019-v1,blast-lite-b093495-250ah-prismatic-v1,PHYSICS_REFERENCE,NEAR_BOUNDARY,16.0,4800.0,4128.532080434,0.7610983512366047
temperature_20c,temperature-20c-v1,blast-lite-lfp-gr-250ah-prismatic-2019-v1,blast-lite-b093495-250ah-prismatic-v1,PHYSICS_REFERENCE,NEAR_BOUNDARY,16.083333333333332,4825.0,4147.559539214915,0.7602759872496849
temperature_20c,temperature-20c-v1,blast-lite-lfp-gr-250ah-prismatic-2019-v1,blast-lite-b093495-250ah-prismatic-v1,PHYSICS_REFERENCE,NEAR_BOUNDARY,16.166666666666668,4850.0,4166.566438896158,0.7594556711628728
temperature_20c,temperature-20c-v1,blast-lite-lfp-gr-250ah-prismatic-2019-v1,blast-lite-b093495-250ah-prismatic-v1,PHYSICS_REFERENCE,NEAR_BOUNDARY,16.25,4875.0,4185.552830675229,0.7586373917496618
temperature_20c,temperature-20c-v1,blast-lite-lfp-gr-250ah-prismatic-2019-v1,blast-lite-b093495-250ah-prismatic-v1,PHYSICS_REFERENCE,NEAR_BOUNDARY,16.333333333333332,4900.0,4204.518765468971,0.7578211378950447
temperature_20c,temperature-20c-v1,blast-lite-lfp-gr-250ah-prismatic-2019-v1,blast-lite-b093495-250ah-prismatic-v1,PHYSICS_REFERENCE,NEAR_BOUNDARY,16.416666666666668,4925.0,4223.464293916347,0.7570068985938307
temperature_20c,temperature-20c-v1,blast-lite-lfp-gr-250ah-prismatic-2019-v1,blast-lite-b093495-250ah-prismatic-v1,PHYSICS_REFERENCE,NEAR_BOUNDARY,16.5,4950.0,4242.3894663811925,0.7561946629489955
temperature_20c,temperature-20c-v1,blast-lite-lfp-gr-250ah-prismatic-2019-v1,blast-lite-b093495-250ah-prismatic-v1,PHYSICS_REFERENCE,NEAR_BOUNDARY,16.583333333333332,4975.0,4261.294332954917,0.7553844201700654
temperature_20c,temperature-20c-v1,blast-lite-lfp-gr-250ah-prismatic-2019-v1,blast-lite-b093495-250ah-prismatic-v1,PHYSICS_REFERENCE,NEAR_BOUNDARY,16.666666666666668,5000.0,4280.178943459168,0.7545761595715337
temperature_20c,temperature-20c-v1,blast-lite-lfp-gr-250ah-prismatic-2019-v1,blast-lite-b093495-250ah-prismatic-v1,PHYSICS_REFERENCE,NEAR_BOUNDARY,16.75,5025.0,4299.043347448456,0.7537698705713093
temperature_20c,temperature-20c-v1,blast-lite-lfp-gr-250ah-prismatic-2019-v1,blast-lite-b093495-250ah-prismatic-v1,PHYSICS_REFERENCE,NEAR_BOUNDARY,16.833333333333332,5050.0,4317.887594212739,0.7529655426891958
temperature_20c,temperature-20c-v1,blast-lite-lfp-gr-250ah-prismatic-2019-v1,blast-lite-b093495-250ah-prismatic-v1,PHYSICS_REFERENCE,NEAR_BOUNDARY,16.916666666666668,5075.0,4336.711732779969,0.7521631655454011
temperature_20c,temperature-20c-v1,blast-lite-lfp-gr-250ah-prismatic-2019-v1,blast-lite-b093495-250ah-prismatic-v1,PHYSICS_REFERENCE,NEAR_BOUNDARY,17.0,5100.0,4355.5158119186035,0.7513627288590755
temperature_20c,temperature-20c-v1,blast-lite-lfp-gr-250ah-prismatic-2019-v1,blast-lite-b093495-250ah-prismatic-v1,PHYSICS_REFERENCE,NEAR_BOUNDARY,17.083333333333332,5125.0,4374.29988014008,0.750564222446881
temperature_20c,temperature-20c-v1,blast-lite-lfp-gr-250ah-prismatic-2019-v1,blast-lite-b093495-250ah-prismatic-v1,PHYSICS_REFERENCE,NEAR_BOUNDARY,17.166666666666668,5150.0,4393.063985701252,0.749767636221585
temperature_20c,temperature-20c-v1,blast-lite-lfp-gr-250ah-prismatic-2019-v1,blast-lite-b093495-250ah-prismatic-v1,PHYSICS_REFERENCE,NEAR_BOUNDARY,17.25,5175.0,4411.808176606792,0.7489729601906844
temperature_20c,temperature-20c-v1,blast-lite-lfp-gr-250ah-prismatic-2019-v1,blast-lite-b093495-250ah-prismatic-v1,PHYSICS_REFERENCE,NEAR_BOUNDARY,17.333333333333332,5200.0,4430.532500611559,0.7481801844550547
temperature_20c,temperature-20c-v1,blast-lite-lfp-gr-250ah-prismatic-2019-v1,blast-lite-b093495-250ah-prismatic-v1,PHYSICS_REFERENCE,NEAR_BOUNDARY,17.416666666666668,5225.0,4449.237005222935,0.7473892992076254
temperature_20c,temperature-20c-v1,blast-lite-lfp-gr-250ah-prismatic-2019-v1,blast-lite-b093495-250ah-prismatic-v1,PHYSICS_REFERENCE,NEAR_BOUNDARY,17.5,5250.0,4467.9217377031255,0.7466002947320816
temperature_20c,temperature-20c-v1,blast-lite-lfp-gr-250ah-prismatic-2019-v1,blast-lite-b093495-250ah-prismatic-v1,PHYSICS_REFERENCE,NEAR_BOUNDARY,17.583333333333332,5275.0,4486.586745071428,0.7458131614015885
temperature_20c,temperature-20c-v1,blast-lite-lfp-gr-250ah-prismatic-2019-v1,blast-lite-b093495-250ah-prismatic-v1,PHYSICS_REFERENCE,NEAR_BOUNDARY,17.666666666666668,5300.0,4505.232074106468,0.7450278896775424
temperature_20c,temperature-20c-v1,blast-lite-lfp-gr-250ah-prismatic-2019-v1,blast-lite-b093495-250ah-prismatic-v1,PHYSICS_REFERENCE,NEAR_BOUNDARY,17.75,5325.0,4523.8577713484065,0.7442444701083433
temperature_20c,temperature-20c-v1,blast-lite-lfp-gr-250ah-prismatic-2019-v1,blast-lite-b093495-250ah-prismatic-v1,PHYSICS_REFERENCE,NEAR_BOUNDARY,17.833333333333332,5350.0,4542.463883101115,0.7434628933281919
temperature_20c,temperature-20c-v1,blast-lite-lfp-gr-250ah-prismatic-2019-v1,blast-lite-b093495-250ah-prismatic-v1,PHYSICS_REFERENCE,NEAR_BOUNDARY,17.916666666666668,5375.0,4561.05045543432,0.742683150055908
temperature_20c,temperature-20c-v1,blast-lite-lfp-gr-250ah-prismatic-2019-v1,blast-lite-b093495-250ah-prismatic-v1,PHYSICS_REFERENCE,NEAR_BOUNDARY,18.0,5400.0,4579.617534185717,0.7419052310937718
temperature_20c,temperature-20c-v1,blast-lite-lfp-gr-250ah-prismatic-2019-v1,blast-lite-b093495-250ah-prismatic-v1,PHYSICS_REFERENCE,NEAR_BOUNDARY,18.083333333333332,5425.0,4598.165164963061,0.7411291273263861
temperature_20c,temperature-20c-v1,blast-lite-lfp-gr-250ah-prismatic-2019-v1,blast-lite-b093495-250ah-prismatic-v1,PHYSICS_REFERENCE,NEAR_BOUNDARY,18.166666666666668,5450.0,4616.693393146221,0.7403548297195596
temperature_20c,temperature-20c-v1,blast-lite-lfp-gr-250ah-prismatic-2019-v1,blast-lite-b093495-250ah-prismatic-v1,PHYSICS_REFERENCE,NEAR_BOUNDARY,18.25,5475.0,4635.2022638892095,0.7395823293192103
temperature_20c,temperature-20c-v1,blast-lite-lfp-gr-250ah-prismatic-2019-v1,blast-lite-b093495-250ah-prismatic-v1,PHYSICS_REFERENCE,NEAR_BOUNDARY,18.333333333333332,5500.0,4653.6918221221895,0.7388116172502902
temperature_20c,temperature-20c-v1,blast-lite-lfp-gr-250ah-prismatic-2019-v1,blast-lite-b093495-250ah-prismatic-v1,PHYSICS_REFERENCE,NEAR_BOUNDARY,18.416666666666668,5525.0,4672.162112553447,0.7380426847157278
temperature_20c,temperature-20c-v1,blast-lite-lfp-gr-250ah-prismatic-2019-v1,blast-lite-b093495-250ah-prismatic-v1,PHYSICS_REFERENCE,NEAR_BOUNDARY,18.5,5550.0,4690.61317967134,0.7372755229953899
temperature_20c,temperature-20c-v1,blast-lite-lfp-gr-250ah-prismatic-2019-v1,blast-lite-b093495-250ah-prismatic-v1,PHYSICS_REFERENCE,NEAR_BOUNDARY,18.583333333333332,5575.0,4709.045067746225,0.7365101234450644
temperature_20c,temperature-20c-v1,blast-lite-lfp-gr-250ah-prismatic-2019-v1,blast-lite-b093495-250ah-prismatic-v1,PHYSICS_REFERENCE,NEAR_BOUNDARY,18.666666666666668,5600.0,4727.457820832352,0.7357464774954579
temperature_20c,temperature-20c-v1,blast-lite-lfp-gr-250ah-prismatic-2019-v1,blast-lite-b093495-250ah-prismatic-v1,PHYSICS_REFERENCE,NEAR_BOUNDARY,18.75,5625.0,4745.851482769738,0.7349845766512136
temperature_20c,temperature-20c-v1,blast-lite-lfp-gr-250ah-prismatic-2019-v1,blast-lite-b093495-250ah-prismatic-v1,PHYSICS_REFERENCE,NEAR_BOUNDARY,18.833333333333332,5650.0,4764.226097186019,0.7342244124899457
temperature_20c,temperature-20c-v1,blast-lite-lfp-gr-250ah-prismatic-2019-v1,blast-lite-b093495-250ah-prismatic-v1,PHYSICS_REFERENCE,NEAR_BOUNDARY,18.916666666666668,5675.0,4782.581707498267,0.7334659766612908
temperature_20c,temperature-20c-v1,blast-lite-lfp-gr-250ah-prismatic-2019-v1,blast-lite-b093495-250ah-prismatic-v1,PHYSICS_REFERENCE,NEAR_BOUNDARY,19.0,5700.0,4800.918356914799,0.7327092608859759
temperature_20c,temperature-20c-v1,blast-lite-lfp-gr-250ah-prismatic-2019-v1,blast-lite-b093495-250ah-prismatic-v1,PHYSICS_REFERENCE,NEAR_BOUNDARY,19.083333333333332,5725.0,4819.236088436948,0.7319542569549036
temperature_20c,temperature-20c-v1,blast-lite-lfp-gr-250ah-prismatic-2019-v1,blast-lite-b093495-250ah-prismatic-v1,PHYSICS_REFERENCE,NEAR_BOUNDARY,19.166666666666668,5750.0,4837.53494486082,0.7312009567282519
temperature_20c,temperature-20c-v1,blast-lite-lfp-gr-250ah-prismatic-2019-v1,blast-lite-b093495-250ah-prismatic-v1,PHYSICS_REFERENCE,NEAR_BOUNDARY,19.25,5775.0,4855.8149687790265,0.7304493521345905
temperature_20c,temperature-20c-v1,blast-lite-lfp-gr-250ah-prismatic-2019-v1,blast-lite-b093495-250ah-prismatic-v1,PHYSICS_REFERENCE,NEAR_BOUNDARY,19.333333333333332,5800.0,4874.0762025823915,0.7296994351700118
temperature_20c,temperature-20c-v1,blast-lite-lfp-gr-250ah-prismatic-2019-v1,blast-lite-b093495-250ah-prismatic-v1,PHYSICS_REFERENCE,NEAR_BOUNDARY,19.416666666666668,5825.0,4892.318688461642,0.7289511978972776
temperature_20c,temperature-20c-v1,blast-lite-lfp-gr-250ah-prismatic-2019-v1,blast-lite-b093495-250ah-prismatic-v1,PHYSICS_REFERENCE,NEAR_BOUNDARY,19.5,5850.0,4910.542468409074,0.7282046324449793
temperature_20c,temperature-20c-v1,blast-lite-lfp-gr-250ah-prismatic-2019-v1,blast-lite-b093495-250ah-prismatic-v1,PHYSICS_REFERENCE,NEAR_BOUNDARY,19.583333333333332,5875.0,4928.747584220198,0.7274597310067134
temperature_20c,temperature-20c-v1,blast-lite-lfp-gr-250ah-prismatic-2019-v1,blast-lite-b093495-250ah-prismatic-v1,PHYSICS_REFERENCE,NEAR_BOUNDARY,19.666666666666668,5900.0,4946.934077495366,0.7267164858402698
temperature_20c,temperature-20c-v1,blast-lite-lfp-gr-250ah-prismatic-2019-v1,blast-lite-b093495-250ah-prismatic-v1,PHYSICS_REFERENCE,NEAR_BOUNDARY,19.75,5925.0,4965.101989641373,0.7259748892668358
temperature_20c,temperature-20c-v1,blast-lite-lfp-gr-250ah-prismatic-2019-v1,blast-lite-b093495-250ah-prismatic-v1,PHYSICS_REFERENCE,NEAR_BOUNDARY,19.833333333333332,5950.0,4983.251361873044,0.7252349336702107
temperature_20c,temperature-20c-v1,blast-lite-lfp-gr-250ah-prismatic-2019-v1,blast-lite-b093495-250ah-prismatic-v1,PHYSICS_REFERENCE,NEAR_BOUNDARY,19.916666666666668,5975.0,5001.382235214799,0.7244966114960363
temperature_20c,temperature-20c-v1,blast-lite-lfp-gr-250ah-prismatic-2019-v1,blast-lite-b093495-250ah-prismatic-v1,PHYSICS_REFERENCE,NEAR_BOUNDARY,20.0,6000.0,5019.4946505022,0.7237599152510377
temperature_20c,temperature-20c-v1,blast-lite-lfp-gr-250ah-prismatic-2019-v1,blast-lite-b093495-250ah-prismatic-v1,PHYSICS_REFERENCE,NEAR_BOUNDARY,20.083333333333332,6025.0,5037.588648383476,0.7230248375022786
temperature_20c,temperature-20c-v1,blast-lite-lfp-gr-250ah-prismatic-2019-v1,blast-lite-b093495-250ah-prismatic-v1,PHYSICS_REFERENCE,NEAR_BOUNDARY,20.166666666666668,6050.0,5055.664269321032,0.7222913708764287
temperature_20c,temperature-20c-v1,blast-lite-lfp-gr-250ah-prismatic-2019-v1,blast-lite-b093495-250ah-prismatic-v1,PHYSICS_REFERENCE,NEAR_BOUNDARY,20.25,6075.0,5073.721553592944,0.7215595080590411
temperature_20c,temperature-20c-v1,blast-lite-lfp-gr-250ah-prismatic-2019-v1,blast-lite-b093495-250ah-prismatic-v1,PHYSICS_REFERENCE,NEAR_BOUNDARY,20.333333333333332,6100.0,5091.760541294419,0.7208292417938442
temperature_20c,temperature-20c-v1,blast-lite-lfp-gr-250ah-prismatic-2019-v1,blast-lite-b093495-250ah-prismatic-v1,PHYSICS_REFERENCE,NEAR_BOUNDARY,20.416666666666668,6125.0,5109.781272339265,0.720100564882044
temperature_20c,temperature-20c-v1,blast-lite-lfp-gr-250ah-prismatic-2019-v1,blast-lite-b093495-250ah-prismatic-v1,PHYSICS_REFERENCE,NEAR_BOUNDARY,20.5,6150.0,5127.783786461317,0.7193734701816368
temperature_20c,temperature-20c-v1,blast-lite-lfp-gr-250ah-prismatic-2019-v1,blast-lite-b093495-250ah-prismatic-v1,PHYSICS_REFERENCE,NEAR_BOUNDARY,20.583333333333332,6175.0,5145.7681232158575,0.7186479506067343
temperature_20c,temperature-20c-v1,blast-lite-lfp-gr-250ah-prismatic-2019-v1,blast-lite-b093495-250ah-prismatic-v1,PHYSICS_REFERENCE,NEAR_BOUNDARY,20.666666666666668,6200.0,5163.7343219810255,0.7179239991268995
temperature_20c,temperature-20c-v1,blast-lite-lfp-gr-250ah-prismatic-2019-v1,blast-lite-b093495-250ah-prismatic-v1,PHYSICS_REFERENCE,NEAR_BOUNDARY,20.75,6225.0,5181.682421959198,0.7172016087664924
temperature_20c,temperature-20c-v1,blast-lite-lfp-gr-250ah-prismatic-2019-v1,blast-lite-b093495-250ah-prismatic-v1,PHYSICS_REFERENCE,NEAR_BOUNDARY,20.833333333333332,6250.0,5199.61246217836,0.7164807726040268
temperature_20c,temperature-20c-v1,blast-lite-lfp-gr-250ah-prismatic-2019-v1,blast-lite-b093495-250ah-prismatic-v1,PHYSICS_REFERENCE,NEAR_BOUNDARY,20.916666666666668,6275.0,5217.52448149346,0.7157614837715364
temperature_20c,temperature-20c-v1,blast-lite-lfp-gr-250ah-prismatic-2019-v1,blast-lite-b093495-250ah-prismatic-v1,PHYSICS_REFERENCE,NEAR_BOUNDARY,21.0,6300.0,5235.418518587749,0.7150437354539529
temperature_20c,temperature-20c-v1,blast-lite-lfp-gr-250ah-prismatic-2019-v1,blast-lite-b093495-250ah-prismatic-v1,PHYSICS_REFERENCE,NEAR_BOUNDARY,21.083333333333332,6325.0,5253.294611974097,0.7143275208884916
temperature_20c,temperature-20c-v1,blast-lite-lfp-gr-250ah-prismatic-2019-v1,blast-lite-b093495-250ah-prismatic-v1,PHYSICS_REFERENCE,NEAR_BOUNDARY,21.166666666666668,6350.0,5271.152799996309,0.7136128333640476
temperature_20c,temperature-20c-v1,blast-lite-lfp-gr-250ah-prismatic-2019-v1,blast-lite-b093495-250ah-prismatic-v1,PHYSICS_REFERENCE,NEAR_BOUNDARY,21.25,6375.0,5288.993120830411,0.712899666220602
temperature_20c,temperature-20c-v1,blast-lite-lfp-gr-250ah-prismatic-2019-v1,blast-lite-b093495-250ah-prismatic-v1,PHYSICS_REFERENCE,NEAR_BOUNDARY,21.333333333333332,6400.0,5306.815612485926,0.7121880128486366
temperature_20c,temperature-20c-v1,blast-lite-lfp-gr-250ah-prismatic-2019-v1,blast-lite-b093495-250ah-prismatic-v1,PHYSICS_REFERENCE,NEAR_BOUNDARY,21.416666666666668,6425.0,5324.620312807142,0.7114778666885575
temperature_20c,temperature-20c-v1,blast-lite-lfp-gr-250ah-prismatic-2019-v1,blast-lite-b093495-250ah-prismatic-v1,PHYSICS_REFERENCE,NEAR_BOUNDARY,21.5,6450.0,5342.407259474356,0.7107692212301286
temperature_20c,temperature-20c-v1,blast-lite-lfp-gr-250ah-prismatic-2019-v1,blast-lite-b093495-250ah-prismatic-v1,PHYSICS_REFERENCE,NEAR_BOUNDARY,21.583333333333332,6475.0,5360.1764900051085,0.7100620700119126
temperature_20c,temperature-20c-v1,blast-lite-lfp-gr-250ah-prismatic-2019-v1,blast-lite-b093495-250ah-prismatic-v1,PHYSICS_REFERENCE,NEAR_BOUNDARY,21.666666666666668,6500.0,5377.928041755406,0.7093564066207207
temperature_20c,temperature-20c-v1,blast-lite-lfp-gr-250ah-prismatic-2019-v1,blast-lite-b093495-250ah-prismatic-v1,PHYSICS_REFERENCE,NEAR_BOUNDARY,21.75,6525.0,5395.661951920924,0.7086522246910729
temperature_20c,temperature-20c-v1,blast-lite-lfp-gr-250ah-prismatic-2019-v1,blast-lite-b093495-250ah-prismatic-v1,PHYSICS_REFERENCE,NEAR_BOUNDARY,21.833333333333332,6550.0,5413.378257538201,0.7079495179046621
temperature_20c,temperature-20c-v1,blast-lite-lfp-gr-250ah-prismatic-2019-v1,blast-lite-b093495-250ah-prismatic-v1,PHYSICS_REFERENCE,NEAR_BOUNDARY,21.916666666666668,6575.0,5431.076995485818,0.7072482799898308
temperature_20c,temperature-20c-v1,blast-lite-lfp-gr-250ah-prismatic-2019-v1,blast-lite-b093495-250ah-prismatic-v1,PHYSICS_REFERENCE,NEAR_BOUNDARY,22.0,6600.0,5448.758202485564,0.7065485047210527
temperature_20c,temperature-20c-v1,blast-lite-lfp-gr-250ah-prismatic-2019-v1,blast-lite-b093495-250ah-prismatic-v1,PHYSICS_REFERENCE,NEAR_BOUNDARY,22.083333333333332,6625.0,5466.42191510359,0.7058501859184243
temperature_20c,temperature-20c-v1,blast-lite-lfp-gr-250ah-prismatic-2019-v1,blast-lite-b093495-250ah-prismatic-v1,PHYSICS_REFERENCE,NEAR_BOUNDARY,22.166666666666668,6650.0,5484.068169751551,0.7051533174471611
temperature_20c,temperature-20c-v1,blast-lite-lfp-gr-250ah-prismatic-2019-v1,blast-lite-b093495-250ah-prismatic-v1,PHYSICS_REFERENCE,NEAR_BOUNDARY,22.25,6675.0,5501.69700268773,0.7044578932171048
temperature_20c,temperature-20c-v1,blast-lite-lfp-gr-250ah-prismatic-2019-v1,blast-lite-b093495-250ah-prismatic-v1,PHYSICS_REFERENCE,NEAR_BOUNDARY,22.333333333333332,6700.0,5519.308450018158,0.7037639071822352
temperature_20c,temperature-20c-v1,blast-lite-lfp-gr-250ah-prismatic-2019-v1,blast-lite-b093495-250ah-prismatic-v1,PHYSICS_REFERENCE,NEAR_BOUNDARY,22.416666666666668,6725.0,5536.902547697713,0.7030713533401904
temperature_20c,temperature-20c-v1,blast-lite-lfp-gr-250ah-prismatic-2019-v1,blast-lite-b093495-250ah-prismatic-v1,PHYSICS_REFERENCE,NEAR_BOUNDARY,22.5,6750.0,5554.479331531218,0.7023802257317939
temperature_20c,temperature-20c-v1,blast-lite-lfp-gr-250ah-prismatic-2019-v1,blast-lite-b093495-250ah-prismatic-v1,PHYSICS_REFERENCE,NEAR_BOUNDARY,22.583333333333332,6775.0,5572.038837174513,0.7016905184405884
temperature_20c,temperature-20c-v1,blast-lite-lfp-gr-250ah-prismatic-2019-v1,blast-lite-b093495-250ah-prismatic-v1,PHYSICS_REFERENCE,NEAR_BOUNDARY,22.666666666666668,6800.0,5589.581100135528,0.7010022255923771
temperature_20c,temperature-20c-v1,blast-lite-lfp-gr-250ah-prismatic-2019-v1,blast-lite-b093495-250ah-prismatic-v1,PHYSICS_REFERENCE,NEAR_BOUNDARY,22.75,6825.0,5607.106155775337,0.7003153413547707
temperature_20c,temperature-20c-v1,blast-lite-lfp-gr-250ah-prismatic-2019-v1,blast-lite-b093495-250ah-prismatic-v1,PHYSICS_REFERENCE,NEAR_BOUNDARY,22.833333333333332,6850.0,5624.614039309206,0.699629859936741
temperature_20c,temperature-20c-v1,blast-lite-lfp-gr-250ah-prismatic-2019-v1,blast-lite-b093495-250ah-prismatic-v1,PHYSICS_REFERENCE,NEAR_BOUNDARY,22.916666666666668,6875.0,5642.104785807625,0.6989457755881825
temperature_20c,temperature-20c-v1,blast-lite-lfp-gr-250ah-prismatic-2019-v1,blast-lite-b093495-250ah-prismatic-v1,PHYSICS_REFERENCE,NEAR_BOUNDARY,23.0,6900.0,5659.57843019733,0.698263082599478
temperature_20c,temperature-20c-v1,blast-lite-lfp-gr-250ah-prismatic-2019-v1,blast-lite-b093495-250ah-prismatic-v1,PHYSICS_REFERENCE,NEAR_BOUNDARY,23.083333333333332,6925.0,5677.035007262317,0.6975817753010725
temperature_20c,temperature-20c-v1,blast-lite-lfp-gr-250ah-prismatic-2019-v1,blast-lite-b093495-250ah-prismatic-v1,PHYSICS_REFERENCE,NEAR_BOUNDARY,23.166666666666668,6950.0,5694.474551644844,0.6969018480630514
temperature_20c,temperature-20c-v1,blast-lite-lfp-gr-250ah-prismatic-2019-v1,blast-lite-b093495-250ah-prismatic-v1,PHYSICS_REFERENCE,NEAR_BOUNDARY,23.25,6975.0,5711.89709784642,0.696223295294726
temperature_20c,temperature-20c-v1,blast-lite-lfp-gr-250ah-prismatic-2019-v1,blast-lite-b093495-250ah-prismatic-v1,PHYSICS_REFERENCE,NEAR_BOUNDARY,23.333333333333332,7000.0,5729.302680228789,0.6955461114442247
temperature_20c,temperature-20c-v1,blast-lite-lfp-gr-250ah-prismatic-2019-v1,blast-lite-b093495-250ah-prismatic-v1,PHYSICS_REFERENCE,NEAR_BOUNDARY,23.416666666666668,7025.0,5746.691333014895,0.6948702909980886
temperature_20c,temperature-20c-v1,blast-lite-lfp-gr-250ah-prismatic-2019-v1,blast-lite-b093495-250ah-prismatic-v1,PHYSICS_REFERENCE,NEAR_BOUNDARY,23.5,7050.0,5764.0630902898465,0.6941958284808747
temperature_20c,temperature-20c-v1,blast-lite-lfp-gr-250ah-prismatic-2019-v1,blast-lite-b093495-250ah-prismatic-v1,PHYSICS_REFERENCE,NEAR_BOUNDARY,23.583333333333332,7075.0,5781.4179860018685,0.6935227184547639
temperature_20c,temperature-20c-v1,blast-lite-lfp-gr-250ah-prismatic-2019-v1,blast-lite-b093495-250ah-prismatic-v1,PHYSICS_REFERENCE,NEAR_BOUNDARY,23.666666666666668,7100.0,5798.756053963238,0.6928509555191735
temperature_20c,temperature-20c-v1,blast-lite-lfp-gr-250ah-prismatic-2019-v1,blast-lite-b093495-250ah-prismatic-v1,PHYSICS_REFERENCE,NEAR_BOUNDARY,23.75,7125.0,5816.077327851217,0.6921805343103768
temperature_20c,temperature-20c-v1,blast-lite-lfp-gr-250ah-prismatic-2019-v1,blast-lite-b093495-250ah-prismatic-v1,PHYSICS_REFERENCE,NEAR_BOUNDARY,23.833333333333332,7150.0,5833.381841208977,0.6915114495011268
temperature_20c,temperature-20c-v1,blast-lite-lfp-gr-250ah-prismatic-2019-v1,blast-lite-b093495-250ah-prismatic-v1,PHYSICS_REFERENCE,NEAR_BOUNDARY,23.916666666666668,7175.0,5850.669627446505,0.6908436958002848
temperature_20c,temperature-20c-v1,blast-lite-lfp-gr-250ah-prismatic-2019-v1,blast-lite-b093495-250ah-prismatic-v1,PHYSICS_REFERENCE,NEAR_BOUNDARY,24.0,7200.0,5867.940719841512,0.6901772679524557
temperature_20c,temperature-20c-v1,blast-lite-lfp-gr-250ah-prismatic-2019-v1,blast-lite-b093495-250ah-prismatic-v1,PHYSICS_REFERENCE,NEAR_BOUNDARY,24.083333333333332,7225.0,5885.195151540323,0.6895121607376268
temperature_20c,temperature-20c-v1,blast-lite-lfp-gr-250ah-prismatic-2019-v1,blast-lite-b093495-250ah-prismatic-v1,PHYSICS_REFERENCE,NEAR_BOUNDARY,24.166666666666668,7250.0,5902.432955558764,0.6888483689708115
temperature_20c,temperature-20c-v1,blast-lite-lfp-gr-250ah-prismatic-2019-v1,blast-lite-b093495-250ah-prismatic-v1,PHYSICS_REFERENCE,NEAR_BOUNDARY,24.25,7275.0,5919.654164783034,0.6881858875016993
temperature_20c,temperature-20c-v1,blast-lite-lfp-gr-250ah-prismatic-2019-v1,blast-lite-b093495-250ah-prismatic-v1,PHYSICS_REFERENCE,NEAR_BOUNDARY,24.333333333333332,7300.0,5936.858811970576,0.6875247112143088
temperature_20c,temperature-20c-v1,blast-lite-lfp-gr-250ah-prismatic-2019-v1,blast-lite-b093495-250ah-prismatic-v1,PHYSICS_REFERENCE,NEAR_BOUNDARY,24.416666666666668,7325.0,5954.046929750934,0.6868648350266467
temperature_20c,temperature-20c-v1,blast-lite-lfp-gr-250ah-prismatic-2019-v1,blast-lite-b093495-250ah-prismatic-v1,PHYSICS_REFERENCE,NEAR_BOUNDARY,24.5,7350.0,5971.2185506266005,0.6862062538903704
temperature_20c,temperature-20c-v1,blast-lite-lfp-gr-250ah-prismatic-2019-v1,blast-lite-b093495-250ah-prismatic-v1,PHYSICS_REFERENCE,NEAR_BOUNDARY,24.583333333333332,7375.0,5988.37370697386,0.6855489627904559
temperature_20c,temperature-20c-v1,blast-lite-lfp-gr-250ah-prismatic-2019-v1,blast-lite-b093495-250ah-prismatic-v1,PHYSICS_REFERENCE,NEAR_BOUNDARY,24.666666666666668,7400.0,6005.512431043621,0.6848929567448695
temperature_20c,temperature-20c-v1,blast-lite-lfp-gr-250ah-prismatic-2019-v1,blast-lite-b093495-250ah-prismatic-v1,PHYSICS_REFERENCE,NEAR_BOUNDARY,24.75,7425.0,6022.634754962243,0.6842382308042445
temperature_20c,temperature-20c-v1,blast-lite-lfp-gr-250ah-prismatic-2019-v1,blast-lite-b093495-250ah-prismatic-v1,PHYSICS_REFERENCE,NEAR_BOUNDARY,24.833333333333332,7450.0,6039.74071073235,0.6835847800515618
temperature_20c,temperature-20c-v1,blast-lite-lfp-gr-250ah-prismatic-2019-v1,blast-lite-b093495-250ah-prismatic-v1,PHYSICS_REFERENCE,NEAR_BOUNDARY,24.916666666666668,7475.0,6056.830330233639,0.6829325996018343
temperature_20c,temperature-20c-v1,blast-lite-lfp-gr-250ah-prismatic-2019-v1,blast-lite-b093495-250ah-prismatic-v1,PHYSICS_REFERENCE,NEAR_BOUNDARY,25.0,7500.0,6073.903645223685,0.6822816846017965
temperature_35c,temperature-35c-v1,blast-lite-lfp-gr-250ah-prismatic-2019-v1,blast-lite-b093495-250ah-prismatic-v1,PHYSICS_REFERENCE,NEAR_BOUNDARY,0.0,0.0,0.0,1.0
temperature_35c,temperature-35c-v1,blast-lite-lfp-gr-250ah-prismatic-2019-v1,blast-lite-b093495-250ah-prismatic-v1,PHYSICS_REFERENCE,NEAR_BOUNDARY,0.08333333333333333,25.0,24.999999999999996,0.9946416431799961
temperature_35c,temperature-35c-v1,blast-lite-lfp-gr-250ah-prismatic-2019-v1,blast-lite-b093495-250ah-prismatic-v1,PHYSICS_REFERENCE,NEAR_BOUNDARY,0.16666666666666666,50.0,49.866041079499894,0.9913853256508267
temperature_35c,temperature-35c-v1,blast-lite-lfp-gr-250ah-prismatic-2019-v1,blast-lite-b093495-250ah-prismatic-v1,PHYSICS_REFERENCE,NEAR_BOUNDARY,0.25,75.0,74.65067422077055,0.9886714796838156
temperature_35c,temperature-35c-v1,blast-lite-lfp-gr-250ah-prismatic-2019-v1,blast-lite-b093495-250ah-prismatic-v1,PHYSICS_REFERENCE,NEAR_BOUNDARY,0.3333333333333333,100.0,99.36746121286595,0.9862300453983348
temperature_35c,temperature-35c-v1,blast-lite-lfp-gr-250ah-prismatic-2019-v1,blast-lite-b093495-250ah-prismatic-v1,PHYSICS_REFERENCE,NEAR_BOUNDARY,0.4166666666666667,125.0,124.02321234782431,0.9839655429264591
temperature_35c,temperature-35c-v1,blast-lite-lfp-gr-250ah-prismatic-2019-v1,blast-lite-b093495-250ah-prismatic-v1,PHYSICS_REFERENCE,NEAR_BOUNDARY,0.5,150.0,148.62235092098578,0.9818297495908418
temperature_35c,temperature-35c-v1,blast-lite-lfp-gr-250ah-prismatic-2019-v1,blast-lite-b093495-250ah-prismatic-v1,PHYSICS_REFERENCE,NEAR_BOUNDARY,0.5833333333333334,175.0,173.16809466075682,0.9797939388316926
temperature_35c,temperature-35c-v1,blast-lite-lfp-gr-250ah-prismatic-2019-v1,blast-lite-b093495-250ah-prismatic-v1,PHYSICS_REFERENCE,NEAR_BOUNDARY,0.6666666666666666,200.0,197.66294313154913,0.9778392214885986
temperature_35c,temperature-35c-v1,blast-lite-lfp-gr-250ah-prismatic-2019-v1,blast-lite-b093495-250ah-prismatic-v1,PHYSICS_REFERENCE,NEAR_BOUNDARY,0.75,225.0,222.10892366876408,0.9759523231121484
temperature_35c,temperature-35c-v1,blast-lite-lfp-gr-250ah-prismatic-2019-v1,blast-lite-b093495-250ah-prismatic-v1,PHYSICS_REFERENCE,NEAR_BOUNDARY,0.8333333333333334,250.0,246.5077317465678,0.9741234559013899
temperature_35c,temperature-35c-v1,blast-lite-lfp-gr-250ah-prismatic-2019-v1,blast-lite-b093495-250ah-prismatic-v1,PHYSICS_REFERENCE,NEAR_BOUNDARY,0.9166666666666666,275.0,270.86081814410255,0.9723451351408791
temperature_35c,temperature-35c-v1,blast-lite-lfp-gr-250ah-prismatic-2019-v1,blast-lite-b093495-250ah-prismatic-v1,PHYSICS_REFERENCE,NEAR_BOUNDARY,1.0,300.0,295.1694465226245,0.9706114711348444
temperature_35c,temperature-35c-v1,blast-lite-lfp-gr-250ah-prismatic-2019-v1,blast-lite-b093495-250ah-prismatic-v1,PHYSICS_REFERENCE,NEAR_BOUNDARY,1.0833333333333333,325.0,319.4347333009956,0.9689177210399686
temperature_35c,temperature-35c-v1,blast-lite-lfp-gr-250ah-prismatic-2019-v1,blast-lite-b093495-250ah-prismatic-v1,PHYSICS_REFERENCE,NEAR_BOUNDARY,1.1666666666666667,350.0,343.6576763269948,0.9672599921457314
temperature_35c,temperature-35c-v1,blast-lite-lfp-gr-250ah-prismatic-2019-v1,blast-lite-b093495-250ah-prismatic-v1,PHYSICS_REFERENCE,NEAR_BOUNDARY,1.25,375.0,367.8391761306381,0.9656350380608728
temperature_35c,temperature-35c-v1,blast-lite-lfp-gr-250ah-prismatic-2019-v1,blast-lite-b093495-250ah-prismatic-v1,PHYSICS_REFERENCE,NEAR_BOUNDARY,1.3333333333333333,400.0,391.98005208215994,0.9640401143536713
temperature_35c,temperature-35c-v1,blast-lite-lfp-gr-250ah-prismatic-2019-v1,blast-lite-b093495-250ah-prismatic-v1,PHYSICS_REFERENCE,NEAR_BOUNDARY,1.4166666666666667,425.0,416.08105494100175,0.9624728736098234
temperature_35c,temperature-35c-v1,blast-lite-lfp-gr-250ah-prismatic-2019-v1,blast-lite-b093495-250ah-prismatic-v1,PHYSICS_REFERENCE,NEAR_BOUNDARY,1.5,450.0,440.1428767812473,0.9609312874229983
temperature_35c,temperature-35c-v1,blast-lite-lfp-gr-250ah-prismatic-2019-v1,blast-lite-b093495-250ah-prismatic-v1,PHYSICS_REFERENCE,NEAR_BOUNDARY,1.5833333333333333,475.0,464.16615896682225,0.9594135872712753
temperature_35c,temperature-35c-v1,blast-lite-lfp-gr-250ah-prismatic-2019-v1,blast-lite-b093495-250ah-prismatic-v1,PHYSICS_REFERENCE,NEAR_BOUNDARY,1.6666666666666667,500.0,488.15149864860416,0.9579182189395307
temperature_35c,temperature-35c-v1,blast-lite-lfp-gr-250ah-prismatic-2019-v1,blast-lite-b093495-250ah-prismatic-v1,PHYSICS_REFERENCE,NEAR_BOUNDARY,1.75,525.0,512.0994541220924,0.956443806852635
temperature_35c,temperature-35c-v1,blast-lite-lfp-gr-250ah-prismatic-2019-v1,blast-lite-b093495-250ah-prismatic-v1,PHYSICS_REFERENCE,NEAR_BOUNDARY,1.8333333333333333,550.0,536.0105492934083,0.9549891257886357
temperature_35c,temperature-35c-v1,blast-lite-lfp-gr-250ah-prismatic-2019-v1,blast-lite-b093495-250ah-prismatic-v1,PHYSICS_REFERENCE,NEAR_BOUNDARY,1.9166666666666667,575.0,559.8852774381241,0.9535530781744002
temperature_35c,temperature-35c-v1,blast-lite-lfp-gr-250ah-prismatic-2019-v1,blast-lite-b093495-250ah-prismatic-v1,PHYSICS_REFERENCE,NEAR_BOUNDARY,2.0,600.0,583.7241043924842,0.9521346756640457
temperature_35c,temperature-35c-v1,blast-lite-lfp-gr-250ah-prismatic-2019-v1,blast-lite-b093495-250ah-prismatic-v1,PHYSICS_REFERENCE,NEAR_BOUNDARY,2.0833333333333335,625.0,607.5274712840853,0.9507330240452142
temperature_35c,temperature-35c-v1,blast-lite-lfp-gr-250ah-prismatic-2019-v1,blast-lite-b093495-250ah-prismatic-v1,PHYSICS_REFERENCE,NEAR_BOUNDARY,2.1666666666666665,650.0,631.2957968852156,0.9493473107612803
temperature_35c,temperature-35c-v1,blast-lite-lfp-gr-250ah-prismatic-2019-v1,blast-lite-b093495-250ah-prismatic-v1,PHYSICS_REFERENCE,NEAR_BOUNDARY,2.25,675.0,655.0294796542477,0.9479767945116925
temperature_35c,temperature-35c-v1,blast-lite-lfp-gr-250ah-prismatic-2019-v1,blast-lite-b093495-250ah-prismatic-v1,PHYSICS_REFERENCE,NEAR_BOUNDARY,2.3333333333333335,700.0,678.72889951704,0.9466207965192462
temperature_35c,temperature-35c-v1,blast-lite-lfp-gr-250ah-prismatic-2019-v1,blast-lite-b093495-250ah-prismatic-v1,PHYSICS_REFERENCE,NEAR_BOUNDARY,2.4166666666666665,725.0,702.3944194300211,0.945278693146385
temperature_35c,temperature-35c-v1,blast-lite-lfp-gr-250ah-prismatic-2019-v1,blast-lite-b093495-250ah-prismatic-v1,PHYSICS_REFERENCE,NEAR_BOUNDARY,2.5,750.0,726.0263867586807,0.9439499096122356
temperature_35c,temperature-35c-v1,blast-lite-lfp-gr-250ah-prismatic-2019-v1,blast-lite-b093495-250ah-prismatic-v1,PHYSICS_REFERENCE,NEAR_BOUNDARY,2.5833333333333335,775.0,749.6251344989865,0.9426339146146206
temperature_35c,temperature-35c-v1,blast-lite-lfp-gr-250ah-prismatic-2019-v1,blast-lite-b093495-250ah-prismatic-v1,PHYSICS_REFERENCE,NEAR_BOUNDARY,2.6666666666666665,800.0,773.1909823643521,0.9413302157013593
temperature_35c,temperature-35c-v1,blast-lite-lfp-gr-250ah-prismatic-2019-v1,blast-lite-b093495-250ah-prismatic-v1,PHYSICS_REFERENCE,NEAR_BOUNDARY,2.75,825.0,796.724237756886,0.9400383552660284
temperature_35c,temperature-35c-v1,blast-lite-lfp-gr-250ah-prismatic-2019-v1,blast-lite-b093495-250ah-prismatic-v1,PHYSICS_REFERENCE,NEAR_BOUNDARY,2.8333333333333335,850.0,820.2251966385368,0.9387579070673399
temperature_35c,temperature-35c-v1,blast-lite-lfp-gr-250ah-prismatic-2019-v1,blast-lite-b093495-250ah-prismatic-v1,PHYSICS_REFERENCE,NEAR_BOUNDARY,2.9166666666666665,875.0,843.6941443152202,0.937488473190092
temperature_35c,temperature-35c-v1,blast-lite-lfp-gr-250ah-prismatic-2019-v1,blast-lite-b093495-250ah-prismatic-v1,PHYSICS_REFERENCE,NEAR_BOUNDARY,3.0,900.0,867.1313561449725,0.9362296813805084
temperature_35c,temperature-35c-v1,blast-lite-lfp-gr-250ah-prismatic-2019-v1,blast-lite-b093495-250ah-prismatic-v1,PHYSICS_REFERENCE,NEAR_BOUNDARY,3.0833333333333335,925.0,890.5370981794853,0.9349811827005967
temperature_35c,temperature-35c-v1,blast-lite-lfp-gr-250ah-prismatic-2019-v1,blast-lite-b093495-250ah-prismatic-v1,PHYSICS_REFERENCE,NEAR_BOUNDARY,3.1666666666666665,950.0,913.9116277470002,0.9337426494556404
temperature_35c,temperature-35c-v1,blast-lite-lfp-gr-250ah-prismatic-2019-v1,blast-lite-b093495-250ah-prismatic-v1,PHYSICS_REFERENCE,NEAR_BOUNDARY,3.25,975.0,937.2551939833912,0.9325137733565833
temperature_35c,temperature-35c-v1,blast-lite-lfp-gr-250ah-prismatic-2019-v1,blast-lite-b093495-250ah-prismatic-v1,PHYSICS_REFERENCE,NEAR_BOUNDARY,3.3333333333333335,1000.0,960.5680383173058,0.9312942638852674
temperature_35c,temperature-35c-v1,blast-lite-lfp-gr-250ah-prismatic-2019-v1,blast-lite-b093495-250ah-prismatic-v1,PHYSICS_REFERENCE,NEAR_BOUNDARY,3.4166666666666665,1025.0,983.8503949144374,0.9300838468355622
temperature_35c,temperature-35c-v1,blast-lite-lfp-gr-250ah-prismatic-2019-v1,blast-lite-b093495-250ah-prismatic-v1,PHYSICS_REFERENCE,NEAR_BOUNDARY,3.5,1050.0,1007.1024910853265,0.9288822630075756
temperature_35c,temperature-35c-v1,blast-lite-lfp-gr-250ah-prismatic-2019-v1,blast-lite-b093495-250ah-prismatic-v1,PHYSICS_REFERENCE,NEAR_BOUNDARY,3.5833333333333335,1075.0,1030.324547660516,0.9276892670355785
temperature_35c,temperature-35c-v1,blast-lite-lfp-gr-250ah-prismatic-2019-v1,blast-lite-b093495-250ah-prismatic-v1,PHYSICS_REFERENCE,NEAR_BOUNDARY,3.6666666666666665,1100.0,1053.5167793364053,0.9265046263331203
temperature_35c,temperature-35c-v1,blast-lite-lfp-gr-250ah-prismatic-2019-v1,blast-lite-b093495-250ah-prismatic-v1,PHYSICS_REFERENCE,NEAR_BOUNDARY,3.75,1125.0,1076.6793949947332,0.9253281201411862
temperature_35c,temperature-35c-v1,blast-lite-lfp-gr-250ah-prismatic-2019-v1,blast-lite-b093495-250ah-prismatic-v1,PHYSICS_REFERENCE,NEAR_BOUNDARY,3.8333333333333335,1150.0,1099.8125979982628,0.9241595386672391
temperature_35c,temperature-35c-v1,blast-lite-lfp-gr-250ah-prismatic-2019-v1,blast-lite-b093495-250ah-prismatic-v1,PHYSICS_REFERENCE,NEAR_BOUNDARY,3.9166666666666665,1175.0,1122.9165864649437,0.9229986823046531
temperature_35c,temperature-35c-v1,blast-lite-lfp-gr-250ah-prismatic-2019-v1,blast-lite-b093495-250ah-prismatic-v1,PHYSICS_REFERENCE,NEAR_BOUNDARY,4.0,1200.0,1145.99155352256,0.9218453609234608
temperature_35c,temperature-35c-v1,blast-lite-lfp-gr-250ah-prismatic-2019-v1,blast-lite-b093495-250ah-prismatic-v1,PHYSICS_REFERENCE,NEAR_BOUNDARY,4.083333333333333,1225.0,1169.0376875456466,0.9206993932245309
temperature_35c,temperature-35c-v1,blast-lite-lfp-gr-250ah-prismatic-2019-v1,blast-lite-b093495-250ah-prismatic-v1,PHYSICS_REFERENCE,NEAR_BOUNDARY,4.166666666666667,1250.0,1192.0551723762599,0.9195606061503065
temperature_35c,temperature-35c-v1,blast-lite-lfp-gr-250ah-prismatic-2019-v1,blast-lite-b093495-250ah-prismatic-v1,PHYSICS_REFERENCE,NEAR_BOUNDARY,4.25,1275.0,1215.0441875300176,0.9184288343461042
temperature_35c,temperature-35c-v1,blast-lite-lfp-gr-250ah-prismatic-2019-v1,blast-lite-b093495-250ah-prismatic-v1,PHYSICS_REFERENCE,NEAR_BOUNDARY,4.333333333333333,1300.0,1238.0049083886702,0.9173039196667164
temperature_35c,temperature-35c-v1,blast-lite-lfp-gr-250ah-prismatic-2019-v1,blast-lite-b093495-250ah-prismatic-v1,PHYSICS_REFERENCE,NEAR_BOUNDARY,4.416666666666667,1325.0,1260.9375063803382,0.916185710723698
temperature_35c,temperature-35c-v1,blast-lite-lfp-gr-250ah-prismatic-2019-v1,blast-lite-b093495-250ah-prismatic-v1,PHYSICS_REFERENCE,NEAR_BOUNDARY,4.5,1350.0,1283.8421491484305,0.9150740624692673
temperature_35c,temperature-35c-v1,blast-lite-lfp-gr-250ah-prismatic-2019-v1,blast-lite-b093495-250ah-prismatic-v1,PHYSICS_REFERENCE,NEAR_BOUNDARY,4.583333333333333,1375.0,1306.7190007101622,0.9139688358132274
temperature_35c,temperature-35c-v1,blast-lite-lfp-gr-250ah-prismatic-2019-v1,blast-lite-b093495-250ah-prismatic-v1,PHYSICS_REFERENCE,NEAR_BOUNDARY,4.666666666666667,1400.0,1329.568221605493,0.9128698972697291
temperature_35c,temperature-35c-v1,blast-lite-lfp-gr-250ah-prismatic-2019-v1,blast-lite-b093495-250ah-prismatic-v1,PHYSICS_REFERENCE,NEAR_BOUNDARY,4.75,1425.0,1352.3899690372361,0.9117771186310477
temperature_35c,temperature-35c-v1,blast-lite-lfp-gr-250ah-prismatic-2019-v1,blast-lite-b093495-250ah-prismatic-v1,PHYSICS_REFERENCE,NEAR_BOUNDARY,4.833333333333333,1450.0,1375.1843970030122,0.9106903766658692
temperature_35c,temperature-35c-v1,blast-lite-lfp-gr-250ah-prismatic-2019-v1,blast-lite-b093495-250ah-prismatic-v1,PHYSICS_REFERENCE,NEAR_BOUNDARY,4.916666666666667,1475.0,1397.951656419659,0.9096095528398414
temperature_35c,temperature-35c-v1,blast-lite-lfp-gr-250ah-prismatic-2019-v1,blast-lite-b093495-250ah-prismatic-v1,PHYSICS_REFERENCE,NEAR_BOUNDARY,5.0,1500.0,1420.691895240655,0.9085345330563986
temperature_35c,temperature-35c-v1,blast-lite-lfp-gr-250ah-prismatic-2019-v1,blast-lite-b093495-250ah-prismatic-v1,PHYSICS_REFERENCE,NEAR_BOUNDARY,5.083333333333333,1525.0,1443.405258567065,0.9074652074160665
temperature_35c,temperature-35c-v1,blast-lite-lfp-gr-250ah-prismatic-2019-v1,blast-lite-b093495-250ah-prismatic-v1,PHYSICS_REFERENCE,NEAR_BOUNDARY,5.166666666666667,1550.0,1466.0918887524665,0.9064014699926438
temperature_35c,temperature-35c-v1,blast-lite-lfp-gr-250ah-prismatic-2019-v1,blast-lite-b093495-250ah-prismatic-v1,PHYSICS_REFERENCE,NEAR_BOUNDARY,5.25,1575.0,1488.7519255022826,0.9053432186248243
temperature_35c,temperature-35c-v1,blast-lite-lfp-gr-250ah-prismatic-2019-v1,blast-lite-b093495-250ah-prismatic-v1,PHYSICS_REFERENCE,NEAR_BOUNDARY,5.333333333333333,1600.0,1511.385505967903,0.9042903547219576
temperature_35c,temperature-35c-v1,blast-lite-lfp-gr-250ah-prismatic-2019-v1,blast-lite-b093495-250ah-prismatic-v1,PHYSICS_REFERENCE,NEAR_BOUNDARY,5.416666666666667,1625.0,1533.9927648359521,0.9032427830827834
temperature_35c,temperature-35c-v1,blast-lite-lfp-gr-250ah-prismatic-2019-v1,blast-lite-b093495-250ah-prismatic-v1,PHYSICS_REFERENCE,NEAR_BOUNDARY,5.5,1650.0,1556.5738344130218,0.9022004117260817
temperature_35c,temperature-35c-v1,blast-lite-lfp-gr-250ah-prismatic-2019-v1,blast-lite-b093495-250ah-prismatic-v1,PHYSICS_REFERENCE,NEAR_BOUNDARY,5.583333333333333,1675.0,1579.1288447061738,0.9011631517322855
temperature_35c,temperature-35c-v1,blast-lite-lfp-gr-250ah-prismatic-2019-v1,blast-lite-b093495-250ah-prismatic-v1,PHYSICS_REFERENCE,NEAR_BOUNDARY,5.666666666666667,1700.0,1601.657923499481,0.9001309170951901
temperature_35c,temperature-35c-v1,blast-lite-lfp-gr-250ah-prismatic-2019-v1,blast-lite-b093495-250ah-prismatic-v1,PHYSICS_REFERENCE,NEAR_BOUNDARY,5.75,1725.0,1624.161196426861,0.8991036245829747
temperature_35c,temperature-35c-v1,blast-lite-lfp-gr-250ah-prismatic-2019-v1,blast-lite-b093495-250ah-prismatic-v1,PHYSICS_REFERENCE,NEAR_BOUNDARY,5.833333333333333,1750.0,1646.6387870414353,0.8980811936078217
temperature_35c,temperature-35c-v1,blast-lite-lfp-gr-250ah-prismatic-2019-v1,blast-lite-b093495-250ah-prismatic-v1,PHYSICS_REFERENCE,NEAR_BOUNDARY,5.916666666666667,1775.0,1669.0908168816309,0.897063546103487
temperature_35c,temperature-35c-v1,blast-lite-lfp-gr-250ah-prismatic-2019-v1,blast-lite-b093495-250ah-prismatic-v1,PHYSICS_REFERENCE,NEAR_BOUNDARY,6.0,1800.0,1691.5174055342181,0.8960506064102274
temperature_35c,temperature-35c-v1,blast-lite-lfp-gr-250ah-prismatic-2019-v1,blast-lite-b093495-250ah-prismatic-v1,PHYSICS_REFERENCE,NEAR_BOUNDARY,6.083333333333333,1825.0,1713.9186706944738,0.8950423011665458
temperature_35c,temperature-35c-v1,blast-lite-lfp-gr-250ah-prismatic-2019-v1,blast-lite-b093495-250ah-prismatic-v1,PHYSICS_REFERENCE,NEAR_BOUNDARY,6.166666666666667,1850.0,1736.2947282236375,0.8940385592072626
temperature_35c,temperature-35c-v1,blast-lite-lfp-gr-250ah-prismatic-2019-v1,blast-lite-b093495-250ah-prismatic-v1,PHYSICS_REFERENCE,NEAR_BOUNDARY,6.25,1875.0,1758.6456922038192,0.8930393114674586
temperature_35c,temperature-35c-v1,blast-lite-lfp-gr-250ah-prismatic-2019-v1,blast-lite-b093495-250ah-prismatic-v1,PHYSICS_REFERENCE,NEAR_BOUNDARY,6.333333333333333,1900.0,1780.9716749905056,0.8920444908918801
temperature_35c,temperature-35c-v1,blast-lite-lfp-gr-250ah-prismatic-2019-v1,blast-lite-b093495-250ah-prismatic-v1,PHYSICS_REFERENCE,NEAR_BOUNDARY,6.416666666666667,1925.0,1803.2727872628025,0.8910540323494222
temperature_35c,temperature-35c-v1,blast-lite-lfp-gr-250ah-prismatic-2019-v1,blast-lite-b093495-250ah-prismatic-v1,PHYSICS_REFERENCE,NEAR_BOUNDARY,6.5,1950.0,1825.549138071538,0.8900678725523469
temperature_35c,temperature-35c-v1,blast-lite-lfp-gr-250ah-prismatic-2019-v1,blast-lite-b093495-250ah-prismatic-v1,PHYSICS_REFERENCE,NEAR_BOUNDARY,6.583333333333333,1975.0,1847.8008348853466,0.8890859499799116
temperature_35c,temperature-35c-v1,blast-lite-lfp-gr-250ah-prismatic-2019-v1,blast-lite-b093495-250ah-prismatic-v1,PHYSICS_REFERENCE,NEAR_BOUNDARY,6.666666666666667,2000.0,1870.0279836348443,0.8881082048061163
temperature_35c,temperature-35c-v1,blast-lite-lfp-gr-250ah-prismatic-2019-v1,blast-lite-b093495-250ah-prismatic-v1,PHYSICS_REFERENCE,NEAR_BOUNDARY,6.75,2025.0,1892.2306887549971,0.8871345788312959
temperature_35c,temperature-35c-v1,blast-lite-lfp-gr-250ah-prismatic-2019-v1,blast-lite-b093495-250ah-prismatic-v1,PHYSICS_REFERENCE,NEAR_BOUNDARY,6.833333333333333,2050.0,1914.4090532257794,0.8861650154173083
temperature_35c,temperature-35c-v1,blast-lite-lfp-gr-250ah-prismatic-2019-v1,blast-lite-b093495-250ah-prismatic-v1,PHYSICS_REFERENCE,NEAR_BOUNDARY,6.916666666666667,2075.0,1936.5631786112122,0.8851994594260871
temperature_35c,temperature-35c-v1,blast-lite-lfp-gr-250ah-prismatic-2019-v1,blast-lite-b093495-250ah-prismatic-v1,PHYSICS_REFERENCE,NEAR_BOUNDARY,7.0,2100.0,1958.6931650968643,0.884237857161344
temperature_35c,temperature-35c-v1,blast-lite-lfp-gr-250ah-prismatic-2019-v1,blast-lite-b093495-250ah-prismatic-v1,PHYSICS_REFERENCE,NEAR_BOUNDARY,7.083333333333333,2125.0,1980.7991115258978,0.8832801563132247
temperature_35c,temperature-35c-v1,blast-lite-lfp-gr-250ah-prismatic-2019-v1,blast-lite-b093495-250ah-prismatic-v1,PHYSICS_REFERENCE,NEAR_BOUNDARY,7.166666666666667,2150.0,2002.8811154337284,0.8823263059057336
temperature_35c,temperature-35c-v1,blast-lite-lfp-gr-250ah-prismatic-2019-v1,blast-lite-b093495-250ah-prismatic-v1,PHYSICS_REFERENCE,NEAR_BOUNDARY,7.25,2175.0,2024.9392730813718,0.8813762562467594
temperature_35c,temperature-35c-v1,blast-lite-lfp-gr-250ah-prismatic-2019-v1,blast-lite-b093495-250ah-prismatic-v1,PHYSICS_REFERENCE,NEAR_BOUNDARY,7.333333333333333,2200.0,2046.9736794875407,0.8804299588805419
temperature_35c,temperature-35c-v1,blast-lite-lfp-gr-250ah-prismatic-2019-v1,blast-lite-b093495-250ah-prismatic-v1,PHYSICS_REFERENCE,NEAR_BOUNDARY,7.416666666666667,2225.0,2068.9844284595542,0.8794873665424353
temperature_35c,temperature-35c-v1,blast-lite-lfp-gr-250ah-prismatic-2019-v1,blast-lite-b093495-250ah-prismatic-v1,PHYSICS_REFERENCE,NEAR_BOUNDARY,7.5,2250.0,2090.971612623115,0.878548433115832
temperature_35c,temperature-35c-v1,blast-lite-lfp-gr-250ah-prismatic-2019-v1,blast-lite-b093495-250ah-prismatic-v1,PHYSICS_REFERENCE,NEAR_BOUNDARY,7.583333333333333,2275.0,2112.935323451011,0.87761311359112
temperature_35c,temperature-35c-v1,blast-lite-lfp-gr-250ah-prismatic-2019-v1,blast-lite-b093495-250ah-prismatic-v1,PHYSICS_REFERENCE,NEAR_BOUNDARY,7.666666666666667,2300.0,2134.875651290789,0.8766813640265556
temperature_35c,temperature-35c-v1,blast-lite-lfp-gr-250ah-prismatic-2019-v1,blast-lite-b093495-250ah-prismatic-v1,PHYSICS_REFERENCE,NEAR_BOUNDARY,7.75,2325.0,2156.792685391453,0.8757531415109433
temperature_35c,temperature-35c-v1,blast-lite-lfp-gr-250ah-prismatic-2019-v1,blast-lite-b093495-250ah-prismatic-v1,PHYSICS_REFERENCE,NEAR_BOUNDARY,7.833333333333333,2350.0,2178.6865139292263,0.8748284041280195
temperature_35c,temperature-35c-v1,blast-lite-lfp-gr-250ah-prismatic-2019-v1,blast-lite-b093495-250ah-prismatic-v1,PHYSICS_REFERENCE,NEAR_BOUNDARY,7.916666666666667,2375.0,2200.557224032427,0.873907110922445
temperature_35c,temperature-35c-v1,blast-lite-lfp-gr-250ah-prismatic-2019-v1,blast-lite-b093495-250ah-prismatic-v1,PHYSICS_REFERENCE,NEAR_BOUNDARY,8.0,2400.0,2222.404901805488,0.8729892218673159
temperature_35c,temperature-35c-v1,blast-lite-lfp-gr-250ah-prismatic-2019-v1,blast-lite-b093495-250ah-prismatic-v1,PHYSICS_REFERENCE,NEAR_BOUNDARY,8.083333333333334,2425.0,2244.229632352171,0.872074697833112
temperature_35c,temperature-35c-v1,blast-lite-lfp-gr-250ah-prismatic-2019-v1,blast-lite-b093495-250ah-prismatic-v1,PHYSICS_REFERENCE,NEAR_BOUNDARY,8.166666666666666,2450.0,2266.0314997979985,0.871163500558003
temperature_35c,temperature-35c-v1,blast-lite-lfp-gr-250ah-prismatic-2019-v1,blast-lite-b093495-250ah-prismatic-v1,PHYSICS_REFERENCE,NEAR_BOUNDARY,8.25,2475.0,2287.8105873119484,0.8702555926194393
temperature_35c,temperature-35c-v1,blast-lite-lfp-gr-250ah-prismatic-2019-v1,blast-lite-b093495-250ah-prismatic-v1,PHYSICS_REFERENCE,NEAR_BOUNDARY,8.333333333333334,2500.0,2309.5669771274343,0.8693509374069613
temperature_35c,temperature-35c-v1,blast-lite-lfp-gr-250ah-prismatic-2019-v1,blast-lite-b093495-250ah-prismatic-v1,PHYSICS_REFERENCE,NEAR_BOUNDARY,8.416666666666666,2525.0,2331.3007505626083,0.8684494990961602
temperature_35c,temperature-35c-v1,blast-lite-lfp-gr-250ah-prismatic-2019-v1,blast-lite-b093495-250ah-prismatic-v1,PHYSICS_REFERENCE,NEAR_BOUNDARY,8.5,2550.0,2353.0119880400125,0.8675512426237322
temperature_35c,temperature-35c-v1,blast-lite-lfp-gr-250ah-prismatic-2019-v1,blast-lite-b093495-250ah-prismatic-v1,PHYSICS_REFERENCE,NEAR_BOUNDARY,8.583333333333334,2575.0,2374.700769105606,0.86665613366357
temperature_35c,temperature-35c-v1,blast-lite-lfp-gr-250ah-prismatic-2019-v1,blast-lite-b093495-250ah-prismatic-v1,PHYSICS_REFERENCE,NEAR_BOUNDARY,8.666666666666666,2600.0,2396.367172447195,0.8657641386038365
temperature_35c,temperature-35c-v1,blast-lite-lfp-gr-250ah-prismatic-2019-v1,blast-lite-b093495-250ah-prismatic-v1,PHYSICS_REFERENCE,NEAR_BOUNDARY,8.75,2625.0,2418.0112759122912,0.8648752245249749
temperature_35c,temperature-35c-v1,blast-lite-lfp-gr-250ah-prismatic-2019-v1,blast-lite-b093495-250ah-prismatic-v1,PHYSICS_REFERENCE,NEAR_BOUNDARY,8.833333333333334,2650.0,2439.6331565254154,0.8639893591786025
temperature_35c,temperature-35c-v1,blast-lite-lfp-gr-250ah-prismatic-2019-v1,blast-lite-b093495-250ah-prismatic-v1,PHYSICS_REFERENCE,NEAR_BOUNDARY,8.916666666666666,2675.0,2461.2328905048803,0.8631065109672511
temperature_35c,temperature-35c-v1,blast-lite-lfp-gr-250ah-prismatic-2019-v1,blast-lite-b093495-250ah-prismatic-v1,PHYSICS_REFERENCE,NEAR_BOUNDARY,9.0,2700.0,2482.8105532790614,0.8622266489249065
temperature_35c,temperature-35c-v1,blast-lite-lfp-gr-250ah-prismatic-2019-v1,blast-lite-b093495-250ah-prismatic-v1,PHYSICS_REFERENCE,NEAR_BOUNDARY,9.083333333333334,2725.0,2504.366219502184,0.8613497426983133
temperature_35c,temperature-35c-v1,blast-lite-lfp-gr-250ah-prismatic-2019-v1,blast-lite-b093495-250ah-prismatic-v1,PHYSICS_REFERENCE,NEAR_BOUNDARY,9.166666666666666,2750.0,2525.8999630696417,0.8604757625290035
temperature_35c,temperature-35c-v1,blast-lite-lfp-gr-250ah-prismatic-2019-v1,blast-lite-b093495-250ah-prismatic-v1,PHYSICS_REFERENCE,NEAR_BOUNDARY,9.25,2775.0,2547.4118571328668,0.8596046792360166
temperature_35c,temperature-35c-v1,blast-lite-lfp-gr-250ah-prismatic-2019-v1,blast-lite-b093495-250ah-prismatic-v1,PHYSICS_REFERENCE,NEAR_BOUNDARY,9.333333333333334,2800.0,2568.901974113767,0.8587364641992807
temperature_35c,temperature-35c-v1,blast-lite-lfp-gr-250ah-prismatic-2019-v1,blast-lite-b093495-250ah-prismatic-v1,PHYSICS_REFERENCE,NEAR_BOUNDARY,9.416666666666666,2825.0,2590.3703857187493,0.8578710893436183
temperature_35c,temperature-35c-v1,blast-lite-lfp-gr-250ah-prismatic-2019-v1,blast-lite-b093495-250ah-prismatic-v1,PHYSICS_REFERENCE,NEAR_BOUNDARY,9.5,2850.0,2611.81716295234,0.8570085271233525
temperature_35c,temperature-35c-v1,blast-lite-lfp-gr-250ah-prismatic-2019-v1,blast-lite-b093495-250ah-prismatic-v1,PHYSICS_REFERENCE,NEAR_BOUNDARY,9.583333333333334,2875.0,2633.2423761304235,0.8561487505074833
temperature_35c,temperature-35c-v1,blast-lite-lfp-gr-250ah-prismatic-2019-v1,blast-lite-b093495-250ah-prismatic-v1,PHYSICS_REFERENCE,NEAR_BOUNDARY,9.666666666666666,2900.0,2654.646094893111,0.8552917329654096
temperature_35c,temperature-35c-v1,blast-lite-lfp-gr-250ah-prismatic-2019-v1,blast-lite-b093495-250ah-prismatic-v1,PHYSICS_REFERENCE,NEAR_BOUNDARY,9.75,2925.0,2676.028388217246,0.8544374484531707
temperature_35c,temperature-35c-v1,blast-lite-lfp-gr-250ah-prismatic-2019-v1,blast-lite-b093495-250ah-prismatic-v1,PHYSICS_REFERENCE,NEAR_BOUNDARY,9.833333333333334,2950.0,2697.3893244285755,0.8535858714001854
temperature_35c,temperature-35c-v1,blast-lite-lfp-gr-250ah-prismatic-2019-v1,blast-lite-b093495-250ah-prismatic-v1,PHYSICS_REFERENCE,NEAR_BOUNDARY,9.916666666666666,2975.0,2718.7289712135803,0.8527369766964653
temperature_35c,temperature-35c-v1,blast-lite-lfp-gr-250ah-prismatic-2019-v1,blast-lite-b093495-250ah-prismatic-v1,PHYSICS_REFERENCE,NEAR_BOUNDARY,10.0,3000.0,2740.047395630992,0.8518907396802824
temperature_35c,temperature-35c-v1,blast-lite-lfp-gr-250ah-prismatic-2019-v1,blast-lite-b093495-250ah-prismatic-v1,PHYSICS_REFERENCE,NEAR_BOUNDARY,10.083333333333334,3025.0,2761.344664122999,0.8510471361262709
temperature_35c,temperature-35c-v1,blast-lite-lfp-gr-250ah-prismatic-2019-v1,blast-lite-b093495-250ah-prismatic-v1,PHYSICS_REFERENCE,NEAR_BOUNDARY,10.166666666666666,3050.0,2782.6208425261557,0.8502061422339433
temperature_35c,temperature-35c-v1,blast-lite-lfp-gr-250ah-prismatic-2019-v1,blast-lite-b093495-250ah-prismatic-v1,PHYSICS_REFERENCE,NEAR_BOUNDARY,10.25,3075.0,2803.8759960820043,0.8493677346166051
temperature_35c,temperature-35c-v1,blast-lite-lfp-gr-250ah-prismatic-2019-v1,blast-lite-b093495-250ah-prismatic-v1,PHYSICS_REFERENCE,NEAR_BOUNDARY,10.333333333333334,3100.0,2825.1101894474195,0.8485318902906492
temperature_35c,temperature-35c-v1,blast-lite-lfp-gr-250ah-prismatic-2019-v1,blast-lite-b093495-250ah-prismatic-v1,PHYSICS_REFERENCE,NEAR_BOUNDARY,10.416666666666666,3125.0,2846.323486704686,0.8476985866652151
temperature_35c,temperature-35c-v1,blast-lite-lfp-gr-250ah-prismatic-2019-v1,blast-lite-b093495-250ah-prismatic-v1,PHYSICS_REFERENCE,NEAR_BOUNDARY,10.5,3150.0,2867.515951371316,0.846867801532196
temperature_35c,temperature-35c-v1,blast-lite-lfp-gr-250ah-prismatic-2019-v1,blast-lite-b093495-250ah-prismatic-v1,PHYSICS_REFERENCE,NEAR_BOUNDARY,10.583333333333334,3175.0,2888.687646409621,0.8460395130565824
temperature_35c,temperature-35c-v1,blast-lite-lfp-gr-250ah-prismatic-2019-v1,blast-lite-b093495-250ah-prismatic-v1,PHYSICS_REFERENCE,NEAR_BOUNDARY,10.666666666666666,3200.0,2909.8386342360354,0.8452136997671249
temperature_35c,temperature-35c-v1,blast-lite-lfp-gr-250ah-prismatic-2019-v1,blast-lite-b093495-250ah-prismatic-v1,PHYSICS_REFERENCE,NEAR_BOUNDARY,10.75,3225.0,2930.9689767302134,0.8443903405473046
temperature_35c,temperature-35c-v1,blast-lite-lfp-gr-250ah-prismatic-2019-v1,blast-lite-b093495-250ah-prismatic-v1,PHYSICS_REFERENCE,NEAR_BOUNDARY,10.833333333333334,3250.0,2952.078735243896,0.8435694146265995
temperature_35c,temperature-35c-v1,blast-lite-lfp-gr-250ah-prismatic-2019-v1,blast-lite-b093495-250ah-prismatic-v1,PHYSICS_REFERENCE,NEAR_BOUNDARY,10.916666666666666,3275.0,2973.167970609561,0.842750901572034
temperature_35c,temperature-35c-v1,blast-lite-lfp-gr-250ah-prismatic-2019-v1,blast-lite-b093495-250ah-prismatic-v1,PHYSICS_REFERENCE,NEAR_BOUNDARY,11.0,3300.0,2994.236743148862,0.8419347812799992
temperature_35c,temperature-35c-v1,blast-lite-lfp-gr-250ah-prismatic-2019-v1,blast-lite-b093495-250ah-prismatic-v1,PHYSICS_REFERENCE,NEAR_BOUNDARY,11.083333333333334,3325.0,3015.285112680862,0.8411210339683356
temperature_35c,temperature-35c-v1,blast-lite-lfp-gr-250ah-prismatic-2019-v1,blast-lite-b093495-250ah-prismatic-v1,PHYSICS_REFERENCE,NEAR_BOUNDARY,11.166666666666666,3350.0,3036.3131385300703,0.8403096401686657
temperature_35c,temperature-35c-v1,blast-lite-lfp-gr-250ah-prismatic-2019-v1,blast-lite-b093495-250ah-prismatic-v1,PHYSICS_REFERENCE,NEAR_BOUNDARY,11.25,3375.0,3057.320879534287,0.839500580718968
temperature_35c,temperature-35c-v1,blast-lite-lfp-gr-250ah-prismatic-2019-v1,blast-lite-b093495-250ah-prismatic-v1,PHYSICS_REFERENCE,NEAR_BOUNDARY,11.333333333333334,3400.0,3078.308394052261,0.8386938367563829
temperature_35c,temperature-35c-v1,blast-lite-lfp-gr-250ah-prismatic-2019-v1,blast-lite-b093495-250ah-prismatic-v1,PHYSICS_REFERENCE,NEAR_BOUNDARY,11.416666666666666,3425.0,3099.2757399711704,0.8378893897102405
temperature_35c,temperature-35c-v1,blast-lite-lfp-gr-250ah-prismatic-2019-v1,blast-lite-b093495-250ah-prismatic-v1,PHYSICS_REFERENCE,NEAR_BOUNDARY,11.5,3450.0,3120.2229747139263,0.8370872212953042
temperature_35c,temperature-35c-v1,blast-lite-lfp-gr-250ah-prismatic-2019-v1,blast-lite-b093495-250ah-prismatic-v1,PHYSICS_REFERENCE,NEAR_BOUNDARY,11.583333333333334,3475.0,3141.1501552463087,0.8362873135052179
temperature_35c,temperature-35c-v1,blast-lite-lfp-gr-250ah-prismatic-2019-v1,blast-lite-b093495-250ah-prismatic-v1,PHYSICS_REFERENCE,NEAR_BOUNDARY,11.666666666666666,3500.0,3162.057338083939,0.8354896486061544
temperature_35c,temperature-35c-v1,blast-lite-lfp-gr-250ah-prismatic-2019-v1,blast-lite-b093495-250ah-prismatic-v1,PHYSICS_REFERENCE,NEAR_BOUNDARY,11.75,3525.0,3182.944579299093,0.8346942091306526
temperature_35c,temperature-35c-v1,blast-lite-lfp-gr-250ah-prismatic-2019-v1,blast-lite-b093495-250ah-prismatic-v1,PHYSICS_REFERENCE,NEAR_BOUNDARY,11.833333333333334,3550.0,3203.8119345273594,0.8339009778716396
temperature_35c,temperature-35c-v1,blast-lite-lfp-gr-250ah-prismatic-2019-v1,blast-lite-b093495-250ah-prismatic-v1,PHYSICS_REFERENCE,NEAR_BOUNDARY,11.916666666666666,3575.0,3224.6594589741503,0.8331099378766293
temperature_35c,temperature-35c-v1,blast-lite-lfp-gr-250ah-prismatic-2019-v1,blast-lite-b093495-250ah-prismatic-v1,PHYSICS_REFERENCE,NEAR_BOUNDARY,12.0,3600.0,3245.487207421066,0.8323210724420923
temperature_35c,temperature-35c-v1,blast-lite-lfp-gr-250ah-prismatic-2019-v1,blast-lite-b093495-250ah-prismatic-v1,PHYSICS_REFERENCE,NEAR_BOUNDARY,12.083333333333334,3625.0,3266.2952342321187,0.8315343651079893
temperature_35c,temperature-35c-v1,blast-lite-lfp-gr-250ah-prismatic-2019-v1,blast-lite-b093495-250ah-prismatic-v1,PHYSICS_REFERENCE,NEAR_BOUNDARY,12.166666666666666,3650.0,3287.083593359818,0.8307497996524638
temperature_35c,temperature-35c-v1,blast-lite-lfp-gr-250ah-prismatic-2019-v1,blast-lite-b093495-250ah-prismatic-v1,PHYSICS_REFERENCE,NEAR_BOUNDARY,12.25,3675.0,3307.8523383511297,0.8299673600866868
temperature_35c,temperature-35c-v1,blast-lite-lfp-gr-250ah-prismatic-2019-v1,blast-lite-b093495-250ah-prismatic-v1,PHYSICS_REFERENCE,NEAR_BOUNDARY,12.333333333333334,3700.0,3328.601522353297,0.8291870306498496
temperature_35c,temperature-35c-v1,blast-lite-lfp-gr-250ah-prismatic-2019-v1,blast-lite-b093495-250ah-prismatic-v1,PHYSICS_REFERENCE,NEAR_BOUNDARY,12.416666666666666,3725.0,3349.331198119543,0.8284087958042985
temperature_35c,temperature-35c-v1,blast-lite-lfp-gr-250ah-prismatic-2019-v1,blast-lite-b093495-250ah-prismatic-v1,PHYSICS_REFERENCE,NEAR_BOUNDARY,12.5,3750.0,3370.0414180146504,0.8276326402308065
temperature_35c,temperature-35c-v1,blast-lite-lfp-gr-250ah-prismatic-2019-v1,blast-lite-b093495-250ah-prismatic-v1,PHYSICS_REFERENCE,NEAR_BOUNDARY,12.583333333333334,3775.0,3390.7322340204205,0.8268585488239769
temperature_35c,temperature-35c-v1,blast-lite-lfp-gr-250ah-prismatic-2019-v1,blast-lite-b093495-250ah-prismatic-v1,PHYSICS_REFERENCE,NEAR_BOUNDARY,12.666666666666666,3800.0,3411.40369774102,0.8260865066877761
temperature_35c,temperature-35c-v1,blast-lite-lfp-gr-250ah-prismatic-2019-v1,blast-lite-b093495-250ah-prismatic-v1,PHYSICS_REFERENCE,NEAR_BOUNDARY,12.75,3825.0,3432.0558604082144,0.8253164991311888
temperature_35c,temperature-35c-v1,blast-lite-lfp-gr-250ah-prismatic-2019-v1,blast-lite-b093495-250ah-prismatic-v1,PHYSICS_REFERENCE,NEAR_BOUNDARY,12.833333333333334,3850.0,3452.688772886494,0.8245485116639919
temperature_35c,temperature-35c-v1,blast-lite-lfp-gr-250ah-prismatic-2019-v1,blast-lite-b093495-250ah-prismatic-v1,PHYSICS_REFERENCE,NEAR_BOUNDARY,12.916666666666666,3875.0,3473.302485678094,0.8237825299926449
temperature_35c,temperature-35c-v1,blast-lite-lfp-gr-250ah-prismatic-2019-v1,blast-lite-b093495-250ah-prismatic-v1,PHYSICS_REFERENCE,NEAR_BOUNDARY,13.0,3900.0,3493.89704892791,0.8230185400162913
temperature_35c,temperature-35c-v1,blast-lite-lfp-gr-250ah-prismatic-2019-v1,blast-lite-b093495-250ah-prismatic-v1,PHYSICS_REFERENCE,NEAR_BOUNDARY,13.083333333333334,3925.0,3514.4725124283173,0.8222565278228655
temperature_35c,temperature-35c-v1,blast-lite-lfp-gr-250ah-prismatic-2019-v1,blast-lite-b093495-250ah-prismatic-v1,PHYSICS_REFERENCE,NEAR_BOUNDARY,13.166666666666666,3950.0,3535.028925623889,0.8214964796853073
temperature_35c,temperature-35c-v1,blast-lite-lfp-gr-250ah-prismatic-2019-v1,blast-lite-b093495-250ah-prismatic-v1,PHYSICS_REFERENCE,NEAR_BOUNDARY,13.25,3975.0,3555.5663376160214,0.8207383820578731
temperature_35c,temperature-35c-v1,blast-lite-lfp-gr-250ah-prismatic-2019-v1,blast-lite-b093495-250ah-prismatic-v1,PHYSICS_REFERENCE,NEAR_BOUNDARY,13.333333333333334,4000.0,3576.0847971674684,0.8199822215725477
temperature_35c,temperature-35c-v1,blast-lite-lfp-gr-250ah-prismatic-2019-v1,blast-lite-b093495-250ah-prismatic-v1,PHYSICS_REFERENCE,NEAR_BOUNDARY,13.416666666666666,4025.0,3596.5843527067823,0.8192279850355477
temperature_35c,temperature-35c-v1,blast-lite-lfp-gr-250ah-prismatic-2019-v1,blast-lite-b093495-250ah-prismatic-v1,PHYSICS_REFERENCE,NEAR_BOUNDARY,13.5,4050.0,3617.065052332671,0.8184756594239169
temperature_35c,temperature-35c-v1,blast-lite-lfp-gr-250ah-prismatic-2019-v1,blast-lite-b093495-250ah-prismatic-v1,PHYSICS_REFERENCE,NEAR_BOUNDARY,13.583333333333334,4075.0,3637.5269438182686,0.8177252318822099
temperature_35c,temperature-35c-v1,blast-lite-lfp-gr-250ah-prismatic-2019-v1,blast-lite-b093495-250ah-prismatic-v1,PHYSICS_REFERENCE,NEAR_BOUNDARY,13.666666666666666,4100.0,3657.970074615324,0.8169766897192609
temperature_35c,temperature-35c-v1,blast-lite-lfp-gr-250ah-prismatic-2019-v1,blast-lite-b093495-250ah-prismatic-v1,PHYSICS_REFERENCE,NEAR_BOUNDARY,13.75,4125.0,3678.3944918583056,0.8162300204050346
temperature_35c,temperature-35c-v1,blast-lite-lfp-gr-250ah-prismatic-2019-v1,blast-lite-b093495-250ah-prismatic-v1,PHYSICS_REFERENCE,NEAR_BOUNDARY,13.833333333333334,4150.0,3698.8002423684316,0.8154852115675572
temperature_35c,temperature-35c-v1,blast-lite-lfp-gr-250ah-prismatic-2019-v1,blast-lite-b093495-250ah-prismatic-v1,PHYSICS_REFERENCE,NEAR_BOUNDARY,13.916666666666666,4175.0,3719.1873726576205,0.8147422509899254
temperature_35c,temperature-35c-v1,blast-lite-lfp-gr-250ah-prismatic-2019-v1,blast-lite-b093495-250ah-prismatic-v1,PHYSICS_REFERENCE,NEAR_BOUNDARY,14.0,4200.0,3739.5559289323687,0.8140011266073894
temperature_35c,temperature-35c-v1,blast-lite-lfp-gr-250ah-prismatic-2019-v1,blast-lite-b093495-250ah-prismatic-v1,PHYSICS_REFERENCE,NEAR_BOUNDARY,14.083333333333334,4225.0,3759.9059570975533,0.8132618265045101
temperature_35c,temperature-35c-v1,blast-lite-lfp-gr-250ah-prismatic-2019-v1,blast-lite-b093495-250ah-prismatic-v1,PHYSICS_REFERENCE,NEAR_BOUNDARY,14.166666666666666,4250.0,3780.237502760166,0.8125243389123842
temperature_35c,temperature-35c-v1,blast-lite-lfp-gr-250ah-prismatic-2019-v1,blast-lite-b093495-250ah-prismatic-v1,PHYSICS_REFERENCE,NEAR_BOUNDARY,14.25,4275.0,3800.550611232976,0.8117886522059407
temperature_35c,temperature-35c-v1,blast-lite-lfp-gr-250ah-prismatic-2019-v1,blast-lite-b093495-250ah-prismatic-v1,PHYSICS_REFERENCE,NEAR_BOUNDARY,14.333333333333334,4300.0,3820.8453275381244,0.8110547549013006
temperature_35c,temperature-35c-v1,blast-lite-lfp-gr-250ah-prismatic-2019-v1,blast-lite-b093495-250ah-prismatic-v1,PHYSICS_REFERENCE,NEAR_BOUNDARY,14.416666666666666,4325.0,3841.121696410657,0.8103226356532037
temperature_35c,temperature-35c-v1,blast-lite-lfp-gr-250ah-prismatic-2019-v1,blast-lite-b093495-250ah-prismatic-v1,PHYSICS_REFERENCE,NEAR_BOUNDARY,14.5,4350.0,3861.3797623019873,0.8095922832524949
temperature_35c,temperature-35c-v1,blast-lite-lfp-gr-250ah-prismatic-2019-v1,blast-lite-b093495-250ah-prismatic-v1,PHYSICS_REFERENCE,NEAR_BOUNDARY,14.583333333333334,4375.0,3881.6195693832997,0.8088636866236723
temperature_35c,temperature-35c-v1,blast-lite-lfp-gr-250ah-prismatic-2019-v1,blast-lite-b093495-250ah-prismatic-v1,PHYSICS_REFERENCE,NEAR_BOUNDARY,14.666666666666666,4400.0,3901.8411615488917,0.8081368348224947
temperature_35c,temperature-35c-v1,blast-lite-lfp-gr-250ah-prismatic-2019-v1,blast-lite-b093495-250ah-prismatic-v1,PHYSICS_REFERENCE,NEAR_BOUNDARY,14.75,4425.0,3922.044582419454,0.8074117170336435
temperature_35c,temperature-35c-v1,blast-lite-lfp-gr-250ah-prismatic-2019-v1,blast-lite-b093495-250ah-prismatic-v1,PHYSICS_REFERENCE,NEAR_BOUNDARY,14.833333333333334,4450.0,3942.229875345295,0.8066883225684424
temperature_35c,temperature-35c-v1,blast-lite-lfp-gr-250ah-prismatic-2019-v1,blast-lite-b093495-250ah-prismatic-v1,PHYSICS_REFERENCE,NEAR_BOUNDARY,14.916666666666666,4475.0,3962.397083409506,0.8059666408626289
temperature_35c,temperature-35c-v1,blast-lite-lfp-gr-250ah-prismatic-2019-v1,blast-lite-b093495-250ah-prismatic-v1,PHYSICS_REFERENCE,NEAR_BOUNDARY,15.0,4500.0,3982.546249431072,0.805246661474179
temperature_35c,temperature-35c-v1,blast-lite-lfp-gr-250ah-prismatic-2019-v1,blast-lite-b093495-250ah-prismatic-v1,PHYSICS_REFERENCE,NEAR_BOUNDARY,15.083333333333334,4525.0,4002.677415967926,0.8045283740811807
temperature_35c,temperature-35c-v1,blast-lite-lfp-gr-250ah-prismatic-2019-v1,blast-lite-b093495-250ah-prismatic-v1,PHYSICS_REFERENCE,NEAR_BOUNDARY,15.166666666666666,4550.0,4022.790625319956,0.8038117684797589
temperature_35c,temperature-35c-v1,blast-lite-lfp-gr-250ah-prismatic-2019-v1,blast-lite-b093495-250ah-prismatic-v1,PHYSICS_REFERENCE,NEAR_BOUNDARY,15.25,4575.0,4042.8859195319496,0.803096834582046
temperature_35c,temperature-35c-v1,blast-lite-lfp-gr-250ah-prismatic-2019-v1,blast-lite-b093495-250ah-prismatic-v1,PHYSICS_REFERENCE,NEAR_BOUNDARY,15.333333333333334,4600.0,4062.963340396501,0.8023835624141995
temperature_35c,temperature-35c-v1,blast-lite-lfp-gr-250ah-prismatic-2019-v1,blast-lite-b093495-250ah-prismatic-v1,PHYSICS_REFERENCE,NEAR_BOUNDARY,15.416666666666666,4625.0,4083.0229294568558,0.8016719421144649
temperature_35c,temperature-35c-v1,blast-lite-lfp-gr-250ah-prismatic-2019-v1,blast-lite-b093495-250ah-prismatic-v1,PHYSICS_REFERENCE,NEAR_BOUNDARY,15.5,4650.0,4103.064728009717,0.8009619639312817
temperature_35c,temperature-35c-v1,blast-lite-lfp-gr-250ah-prismatic-2019-v1,blast-lite-b093495-250ah-prismatic-v1,PHYSICS_REFERENCE,NEAR_BOUNDARY,15.583333333333334,4675.0,4123.088777108,0.8002536182214323
temperature_35c,temperature-35c-v1,blast-lite-lfp-gr-250ah-prismatic-2019-v1,blast-lite-b093495-250ah-prismatic-v1,PHYSICS_REFERENCE,NEAR_BOUNDARY,15.666666666666666,4700.0,4143.0951175635355,0.7995468954482317
temperature_35c,temperature-35c-v1,blast-lite-lfp-gr-250ah-prismatic-2019-v1,blast-lite-b093495-250ah-prismatic-v1,PHYSICS_REFERENCE,NEAR_BOUNDARY,15.75,4725.0,4163.083789949741,0.7988417861797585
temperature_35c,temperature-35c-v1,blast-lite-lfp-gr-250ah-prismatic-2019-v1,blast-lite-b093495-250ah-prismatic-v1,PHYSICS_REFERENCE,NEAR_BOUNDARY,15.833333333333334,4750.0,4183.054834604235,0.7981382810871234
temperature_35c,temperature-35c-v1,blast-lite-lfp-gr-250ah-prismatic-2019-v1,blast-lite-b093495-250ah-prismatic-v1,PHYSICS_REFERENCE,NEAR_BOUNDARY,15.916666666666666,4775.0,4203.008291631413,0.7974363709427772
temperature_35c,temperature-35c-v1,blast-lite-lfp-gr-250ah-prismatic-2019-v1,blast-lite-b093495-250ah-prismatic-v1,PHYSICS_REFERENCE,NEAR_BOUNDARY,16.0,4800.0,4222.944200904983,0.796736046618854
temperature_35c,temperature-35c-v1,blast-lite-lfp-gr-250ah-prismatic-2019-v1,blast-lite-b093495-250ah-prismatic-v1,PHYSICS_REFERENCE,NEAR_BOUNDARY,16.083333333333332,4825.0,4242.862602070454,0.7960372990855527
temperature_35c,temperature-35c-v1,blast-lite-lfp-gr-250ah-prismatic-2019-v1,blast-lite-b093495-250ah-prismatic-v1,PHYSICS_REFERENCE,NEAR_BOUNDARY,16.166666666666668,4850.0,4262.763534547593,0.7953401194095511
temperature_35c,temperature-35c-v1,blast-lite-lfp-gr-250ah-prismatic-2019-v1,blast-lite-b093495-250ah-prismatic-v1,PHYSICS_REFERENCE,NEAR_BOUNDARY,16.25,4875.0,4282.647037532832,0.7946444987524558
temperature_35c,temperature-35c-v1,blast-lite-lfp-gr-250ah-prismatic-2019-v1,blast-lite-b093495-250ah-prismatic-v1,PHYSICS_REFERENCE,NEAR_BOUNDARY,16.333333333333332,4900.0,4302.513150001643,0.793950428369284
temperature_35c,temperature-35c-v1,blast-lite-lfp-gr-250ah-prismatic-2019-v1,blast-lite-b093495-250ah-prismatic-v1,PHYSICS_REFERENCE,NEAR_BOUNDARY,16.416666666666668,4925.0,4322.361910710875,0.7932578996069787
temperature_35c,temperature-35c-v1,blast-lite-lfp-gr-250ah-prismatic-2019-v1,blast-lite-b093495-250ah-prismatic-v1,PHYSICS_REFERENCE,NEAR_BOUNDARY,16.5,4950.0,4342.19335820105,0.7925669039029541
temperature_35c,temperature-35c-v1,blast-lite-lfp-gr-250ah-prismatic-2019-v1,blast-lite-b093495-250ah-prismatic-v1,PHYSICS_REFERENCE,NEAR_BOUNDARY,16.583333333333332,4975.0,4362.0075307986235,0.791877432783673
temperature_35c,temperature-35c-v1,blast-lite-lfp-gr-250ah-prismatic-2019-v1,blast-lite-b093495-250ah-prismatic-v1,PHYSICS_REFERENCE,NEAR_BOUNDARY,16.666666666666668,5000.0,4381.804466618215,0.7911894778632519
temperature_35c,temperature-35c-v1,blast-lite-lfp-gr-250ah-prismatic-2019-v1,blast-lite-b093495-250ah-prismatic-v1,PHYSICS_REFERENCE,NEAR_BOUNDARY,16.75,5025.0,4401.584203564797,0.7905030308420982
temperature_35c,temperature-35c-v1,blast-lite-lfp-gr-250ah-prismatic-2019-v1,blast-lite-b093495-250ah-prismatic-v1,PHYSICS_REFERENCE,NEAR_BOUNDARY,16.833333333333332,5050.0,4421.346779335849,0.7898180835055719
temperature_35c,temperature-35c-v1,blast-lite-lfp-gr-250ah-prismatic-2019-v1,blast-lite-b093495-250ah-prismatic-v1,PHYSICS_REFERENCE,NEAR_BOUNDARY,16.916666666666668,5075.0,4441.092231423488,0.7891346277226787
temperature_35c,temperature-35c-v1,blast-lite-lfp-gr-250ah-prismatic-2019-v1,blast-lite-b093495-250ah-prismatic-v1,PHYSICS_REFERENCE,NEAR_BOUNDARY,17.0,5100.0,4460.820597116554,0.7884526554447863
temperature_35c,temperature-35c-v1,blast-lite-lfp-gr-250ah-prismatic-2019-v1,blast-lite-b093495-250ah-prismatic-v1,PHYSICS_REFERENCE,NEAR_BOUNDARY,17.083333333333332,5125.0,4480.531913502674,0.7877721587043699
temperature_35c,temperature-35c-v1,blast-lite-lfp-gr-250ah-prismatic-2019-v1,blast-lite-b093495-250ah-prismatic-v1,PHYSICS_REFERENCE,NEAR_BOUNDARY,17.166666666666668,5150.0,4500.226217470283,0.7870931296137812
temperature_35c,temperature-35c-v1,blast-lite-lfp-gr-250ah-prismatic-2019-v1,blast-lite-b093495-250ah-prismatic-v1,PHYSICS_REFERENCE,NEAR_BOUNDARY,17.25,5175.0,4519.903545710627,0.7864155603640426
temperature_35c,temperature-35c-v1,blast-lite-lfp-gr-250ah-prismatic-2019-v1,blast-lite-b093495-250ah-prismatic-v1,PHYSICS_REFERENCE,NEAR_BOUNDARY,17.333333333333332,5200.0,4539.563934719728,0.7857394432236671
temperature_35c,temperature-35c-v1,blast-lite-lfp-gr-250ah-prismatic-2019-v1,blast-lite-b093495-250ah-prismatic-v1,PHYSICS_REFERENCE,NEAR_BOUNDARY,17.416666666666668,5225.0,4559.2074208003205,0.7850647705374991
temperature_35c,temperature-35c-v1,blast-lite-lfp-gr-250ah-prismatic-2019-v1,blast-lite-b093495-250ah-prismatic-v1,PHYSICS_REFERENCE,NEAR_BOUNDARY,17.5,5250.0,4578.834040063758,0.784391534725581
temperature_35c,temperature-35c-v1,blast-lite-lfp-gr-250ah-prismatic-2019-v1,blast-lite-b093495-250ah-prismatic-v1,PHYSICS_REFERENCE,NEAR_BOUNDARY,17.583333333333332,5275.0,4598.443828431898,0.7837197282820403
temperature_35c,temperature-35c-v1,blast-lite-lfp-gr-250ah-prismatic-2019-v1,blast-lite-b093495-250ah-prismatic-v1,PHYSICS_REFERENCE,NEAR_BOUNDARY,17.666666666666668,5300.0,4618.036821638949,0.7830493437739998
temperature_35c,temperature-35c-v1,blast-lite-lfp-gr-250ah-prismatic-2019-v1,blast-lite-b093495-250ah-prismatic-v1,PHYSICS_REFERENCE,NEAR_BOUNDARY,17.75,5325.0,4637.613055233299,0.7823803738405081
temperature_35c,temperature-35c-v1,blast-lite-lfp-gr-250ah-prismatic-2019-v1,blast-lite-b093495-250ah-prismatic-v1,PHYSICS_REFERENCE,NEAR_BOUNDARY,17.833333333333332,5350.0,4657.172564579311,0.781712811191492
temperature_35c,temperature-35c-v1,blast-lite-lfp-gr-250ah-prismatic-2019-v1,blast-lite-b093495-250ah-prismatic-v1,PHYSICS_REFERENCE,NEAR_BOUNDARY,17.916666666666668,5375.0,4676.715384859099,0.7810466486067288
temperature_35c,temperature-35c-v1,blast-lite-lfp-gr-250ah-prismatic-2019-v1,blast-lite-b093495-250ah-prismatic-v1,PHYSICS_REFERENCE,NEAR_BOUNDARY,18.0,5400.0,4696.241551074267,0.780381878934838
temperature_35c,temperature-35c-v1,blast-lite-lfp-gr-250ah-prismatic-2019-v1,blast-lite-b093495-250ah-prismatic-v1,PHYSICS_REFERENCE,NEAR_BOUNDARY,18.083333333333332,5425.0,4715.751098047637,0.7797184950922933
temperature_35c,temperature-35c-v1,blast-lite-lfp-gr-250ah-prismatic-2019-v1,blast-lite-b093495-250ah-prismatic-v1,PHYSICS_REFERENCE,NEAR_BOUNDARY,18.166666666666668,5450.0,4735.244060424945,0.7790564900624528
temperature_35c,temperature-35c-v1,blast-lite-lfp-gr-250ah-prismatic-2019-v1,blast-lite-b093495-250ah-prismatic-v1,PHYSICS_REFERENCE,NEAR_BOUNDARY,18.25,5475.0,4754.720472676507,0.7783958568946078
temperature_35c,temperature-35c-v1,blast-lite-lfp-gr-250ah-prismatic-2019-v1,blast-lite-b093495-250ah-prismatic-v1,PHYSICS_REFERENCE,NEAR_BOUNDARY,18.333333333333332,5500.0,4774.180369098872,0.7777365887030498
temperature_35c,temperature-35c-v1,blast-lite-lfp-gr-250ah-prismatic-2019-v1,blast-lite-b093495-250ah-prismatic-v1,PHYSICS_REFERENCE,NEAR_BOUNDARY,18.416666666666668,5525.0,4793.623783816448,0.7770786786661552
temperature_35c,temperature-35c-v1,blast-lite-lfp-gr-250ah-prismatic-2019-v1,blast-lite-b093495-250ah-prismatic-v1,PHYSICS_REFERENCE,NEAR_BOUNDARY,18.5,5550.0,4813.050750783102,0.7764221200254863
temperature_35c,temperature-35c-v1,blast-lite-lfp-gr-250ah-prismatic-2019-v1,blast-lite-b093495-250ah-prismatic-v1,PHYSICS_REFERENCE,NEAR_BOUNDARY,18.583333333333332,5575.0,4832.461303783739,0.7757669060849111
temperature_35c,temperature-35c-v1,blast-lite-lfp-gr-250ah-prismatic-2019-v1,blast-lite-b093495-250ah-prismatic-v1,PHYSICS_REFERENCE,NEAR_BOUNDARY,18.666666666666668,5600.0,4851.855476435861,0.7751130302097364
temperature_35c,temperature-35c-v1,blast-lite-lfp-gr-250ah-prismatic-2019-v1,blast-lite-b093495-250ah-prismatic-v1,PHYSICS_REFERENCE,NEAR_BOUNDARY,18.75,5625.0,4871.2333021911045,0.7744604858258606
temperature_35c,temperature-35c-v1,blast-lite-lfp-gr-250ah-prismatic-2019-v1,blast-lite-b093495-250ah-prismatic-v1,PHYSICS_REFERENCE,NEAR_BOUNDARY,18.833333333333332,5650.0,4890.594814336751,0.7738092664189384
temperature_35c,temperature-35c-v1,blast-lite-lfp-gr-250ah-prismatic-2019-v1,blast-lite-b093495-250ah-prismatic-v1,PHYSICS_REFERENCE,NEAR_BOUNDARY,18.916666666666668,5675.0,4909.940045997225,0.7731593655335645
temperature_35c,temperature-35c-v1,blast-lite-lfp-gr-250ah-prismatic-2019-v1,blast-lite-b093495-250ah-prismatic-v1,PHYSICS_REFERENCE,NEAR_BOUNDARY,19.0,5700.0,4929.269030135564,0.7725107767724684
temperature_35c,temperature-35c-v1,blast-lite-lfp-gr-250ah-prismatic-2019-v1,blast-lite-b093495-250ah-prismatic-v1,PHYSICS_REFERENCE,NEAR_BOUNDARY,19.083333333333332,5725.0,4948.581799554876,0.7718634937957275
temperature_35c,temperature-35c-v1,blast-lite-lfp-gr-250ah-prismatic-2019-v1,blast-lite-b093495-250ah-prismatic-v1,PHYSICS_REFERENCE,NEAR_BOUNDARY,19.166666666666668,5750.0,4967.878386899769,0.7712175103199916
temperature_35c,temperature-35c-v1,blast-lite-lfp-gr-250ah-prismatic-2019-v1,blast-lite-b093495-250ah-prismatic-v1,PHYSICS_REFERENCE,NEAR_BOUNDARY,19.25,5775.0,4987.1588246577685,0.7705728201177233
temperature_35c,temperature-35c-v1,blast-lite-lfp-gr-250ah-prismatic-2019-v1,blast-lite-b093495-250ah-prismatic-v1,PHYSICS_REFERENCE,NEAR_BOUNDARY,19.333333333333332,5800.0,5006.423145160712,0.7699294170164505
temperature_35c,temperature-35c-v1,blast-lite-lfp-gr-250ah-prismatic-2019-v1,blast-lite-b093495-250ah-prismatic-v1,PHYSICS_REFERENCE,NEAR_BOUNDARY,19.416666666666668,5825.0,5025.671380586124,0.7692872948980334
temperature_35c,temperature-35c-v1,blast-lite-lfp-gr-250ah-prismatic-2019-v1,blast-lite-b093495-250ah-prismatic-v1,PHYSICS_REFERENCE,NEAR_BOUNDARY,19.5,5850.0,5044.903562958574,0.7686464476979438
temperature_35c,temperature-35c-v1,blast-lite-lfp-gr-250ah-prismatic-2019-v1,blast-lite-b093495-250ah-prismatic-v1,PHYSICS_REFERENCE,NEAR_BOUNDARY,19.583333333333332,5875.0,5064.119724151023,0.7680068694045579
temperature_35c,temperature-35c-v1,blast-lite-lfp-gr-250ah-prismatic-2019-v1,blast-lite-b093495-250ah-prismatic-v1,PHYSICS_REFERENCE,NEAR_BOUNDARY,19.666666666666668,5900.0,5083.319895886137,0.7673685540584607
temperature_35c,temperature-35c-v1,blast-lite-lfp-gr-250ah-prismatic-2019-v1,blast-lite-b093495-250ah-prismatic-v1,PHYSICS_REFERENCE,NEAR_BOUNDARY,19.75,5925.0,5102.504109737598,0.7667314957517635
temperature_35c,temperature-35c-v1,blast-lite-lfp-gr-250ah-prismatic-2019-v1,blast-lite-b093495-250ah-prismatic-v1,PHYSICS_REFERENCE,NEAR_BOUNDARY,19.833333333333332,5950.0,5121.672397131392,0.7660956886274318
temperature_35c,temperature-35c-v1,blast-lite-lfp-gr-250ah-prismatic-2019-v1,blast-lite-b093495-250ah-prismatic-v1,PHYSICS_REFERENCE,NEAR_BOUNDARY,19.916666666666668,5975.0,5140.824789347078,0.765461126878627
temperature_35c,temperature-35c-v1,blast-lite-lfp-gr-250ah-prismatic-2019-v1,blast-lite-b093495-250ah-prismatic-v1,PHYSICS_REFERENCE,NEAR_BOUNDARY,20.0,6000.0,5159.961317519043,0.7648278047480579
temperature_35c,temperature-35c-v1,blast-lite-lfp-gr-250ah-prismatic-2019-v1,blast-lite-b093495-250ah-prismatic-v1,PHYSICS_REFERENCE,NEAR_BOUNDARY,20.083333333333332,6025.0,5179.082012637745,0.7641957165273439
temperature_35c,temperature-35c-v1,blast-lite-lfp-gr-250ah-prismatic-2019-v1,blast-lite-b093495-250ah-prismatic-v1,PHYSICS_REFERENCE,NEAR_BOUNDARY,20.166666666666668,6050.0,5198.186905550929,0.7635648565563891
temperature_35c,temperature-35c-v1,blast-lite-lfp-gr-250ah-prismatic-2019-v1,blast-lite-b093495-250ah-prismatic-v1,PHYSICS_REFERENCE,NEAR_BOUNDARY,20.25,6075.0,5217.276026964839,0.7629352192227672
temperature_35c,temperature-35c-v1,blast-lite-lfp-gr-250ah-prismatic-2019-v1,blast-lite-b093495-250ah-prismatic-v1,PHYSICS_REFERENCE,NEAR_BOUNDARY,20.333333333333332,6100.0,5236.349407445408,0.7623067989611169
temperature_35c,temperature-35c-v1,blast-lite-lfp-gr-250ah-prismatic-2019-v1,blast-lite-b093495-250ah-prismatic-v1,PHYSICS_REFERENCE,NEAR_BOUNDARY,20.416666666666668,6125.0,5255.407077419436,0.761679590252547
temperature_35c,temperature-35c-v1,blast-lite-lfp-gr-250ah-prismatic-2019-v1,blast-lite-b093495-250ah-prismatic-v1,PHYSICS_REFERENCE,NEAR_BOUNDARY,20.5,6150.0,5274.449067175749,0.7610535876240521
temperature_35c,temperature-35c-v1,blast-lite-lfp-gr-250ah-prismatic-2019-v1,blast-lite-b093495-250ah-prismatic-v1,PHYSICS_REFERENCE,NEAR_BOUNDARY,20.583333333333332,6175.0,5293.475406866351,0.7604287856479386
temperature_35c,temperature-35c-v1,blast-lite-lfp-gr-250ah-prismatic-2019-v1,blast-lite-b093495-250ah-prismatic-v1,PHYSICS_REFERENCE,NEAR_BOUNDARY,20.666666666666668,6200.0,5312.486126507549,0.7598051789412584
temperature_35c,temperature-35c-v1,blast-lite-lfp-gr-250ah-prismatic-2019-v1,blast-lite-b093495-250ah-prismatic-v1,PHYSICS_REFERENCE,NEAR_BOUNDARY,20.75,6225.0,5331.48125598108,0.7591827621652547
temperature_35c,temperature-35c-v1,blast-lite-lfp-gr-250ah-prismatic-2019-v1,blast-lite-b093495-250ah-prismatic-v1,PHYSICS_REFERENCE,NEAR_BOUNDARY,20.833333333333332,6250.0,5350.460825035211,0.7585615300248143
temperature_35c,temperature-35c-v1,blast-lite-lfp-gr-250ah-prismatic-2019-v1,blast-lite-b093495-250ah-prismatic-v1,PHYSICS_REFERENCE,NEAR_BOUNDARY,20.916666666666668,6275.0,5369.424863285832,0.7579414772679313
temperature_35c,temperature-35c-v1,blast-lite-lfp-gr-250ah-prismatic-2019-v1,blast-lite-b093495-250ah-prismatic-v1,PHYSICS_REFERENCE,NEAR_BOUNDARY,21.0,6300.0,5388.37340021753,0.7573225986851779
temperature_35c,temperature-35c-v1,blast-lite-lfp-gr-250ah-prismatic-2019-v1,blast-lite-b093495-250ah-prismatic-v1,PHYSICS_REFERENCE,NEAR_BOUNDARY,21.083333333333332,6325.0,5407.306465184659,0.756704889109185
temperature_35c,temperature-35c-v1,blast-lite-lfp-gr-250ah-prismatic-2019-v1,blast-lite-b093495-250ah-prismatic-v1,PHYSICS_REFERENCE,NEAR_BOUNDARY,21.166666666666668,6350.0,5426.224087412388,0.7560883434141303
temperature_35c,temperature-35c-v1,blast-lite-lfp-gr-250ah-prismatic-2019-v1,blast-lite-b093495-250ah-prismatic-v1,PHYSICS_REFERENCE,NEAR_BOUNDARY,21.25,6375.0,5445.126295997741,0.7554729565152358
temperature_35c,temperature-35c-v1,blast-lite-lfp-gr-250ah-prismatic-2019-v1,blast-lite-b093495-250ah-prismatic-v1,PHYSICS_REFERENCE,NEAR_BOUNDARY,21.333333333333332,6400.0,5464.013119910622,0.7548587233682723
temperature_35c,temperature-35c-v1,blast-lite-lfp-gr-250ah-prismatic-2019-v1,blast-lite-b093495-250ah-prismatic-v1,PHYSICS_REFERENCE,NEAR_BOUNDARY,21.416666666666668,6425.0,5482.8845879948285,0.7542456389690729
temperature_35c,temperature-35c-v1,blast-lite-lfp-gr-250ah-prismatic-2019-v1,blast-lite-b093495-250ah-prismatic-v1,PHYSICS_REFERENCE,NEAR_BOUNDARY,21.5,6450.0,5501.740728969055,0.7536336983530538
temperature_35c,temperature-35c-v1,blast-lite-lfp-gr-250ah-prismatic-2019-v1,blast-lite-b093495-250ah-prismatic-v1,PHYSICS_REFERENCE,NEAR_BOUNDARY,21.583333333333332,6475.0,5520.5815714278815,0.7530228965947424
temperature_35c,temperature-35c-v1,blast-lite-lfp-gr-250ah-prismatic-2019-v1,blast-lite-b093495-250ah-prismatic-v1,PHYSICS_REFERENCE,NEAR_BOUNDARY,21.666666666666668,6500.0,5539.40714384275,0.7524132288073139
temperature_35c,temperature-35c-v1,blast-lite-lfp-gr-250ah-prismatic-2019-v1,blast-lite-b093495-250ah-prismatic-v1,PHYSICS_REFERENCE,NEAR_BOUNDARY,21.75,6525.0,5558.217474562933,0.7518046901421345
temperature_35c,temperature-35c-v1,blast-lite-lfp-gr-250ah-prismatic-2019-v1,blast-lite-b093495-250ah-prismatic-v1,PHYSICS_REFERENCE,NEAR_BOUNDARY,21.833333333333332,6550.0,5577.012591816486,0.7511972757883117
temperature_35c,temperature-35c-v1,blast-lite-lfp-gr-250ah-prismatic-2019-v1,blast-lite-b093495-250ah-prismatic-v1,PHYSICS_REFERENCE,NEAR_BOUNDARY,21.916666666666668,6575.0,5595.792523711194,0.7505909809722526
temperature_35c,temperature-35c-v1,blast-lite-lfp-gr-250ah-prismatic-2019-v1,blast-lite-b093495-250ah-prismatic-v1,PHYSICS_REFERENCE,NEAR_BOUNDARY,22.0,6600.0,5614.557298235501,0.7499858009572278
temperature_35c,temperature-35c-v1,blast-lite-lfp-gr-250ah-prismatic-2019-v1,blast-lite-b093495-250ah-prismatic-v1,PHYSICS_REFERENCE,NEAR_BOUNDARY,22.083333333333332,6625.0,5633.306943259431,0.7493817310429433
temperature_35c,temperature-35c-v1,blast-lite-lfp-gr-250ah-prismatic-2019-v1,blast-lite-b093495-250ah-prismatic-v1,PHYSICS_REFERENCE,NEAR_BOUNDARY,22.166666666666668,6650.0,5652.041486535505,0.7487787665651183
temperature_35c,temperature-35c-v1,blast-lite-lfp-gr-250ah-prismatic-2019-v1,blast-lite-b093495-250ah-prismatic-v1,PHYSICS_REFERENCE,NEAR_BOUNDARY,22.25,6675.0,5670.760955699633,0.7481769028950702
temperature_35c,temperature-35c-v1,blast-lite-lfp-gr-250ah-prismatic-2019-v1,blast-lite-b093495-250ah-prismatic-v1,PHYSICS_REFERENCE,NEAR_BOUNDARY,22.333333333333332,6700.0,5689.46537827201,0.7475761354393051
temperature_35c,temperature-35c-v1,blast-lite-lfp-gr-250ah-prismatic-2019-v1,blast-lite-b093495-250ah-prismatic-v1,PHYSICS_REFERENCE,NEAR_BOUNDARY,22.416666666666668,6725.0,5708.154781657992,0.7469764596391157
temperature_35c,temperature-35c-v1,blast-lite-lfp-gr-250ah-prismatic-2019-v1,blast-lite-b093495-250ah-prismatic-v1,PHYSICS_REFERENCE,NEAR_BOUNDARY,22.5,6750.0,5726.82919314897,0.7463778709701837
temperature_35c,temperature-35c-v1,blast-lite-lfp-gr-250ah-prismatic-2019-v1,blast-lite-b093495-250ah-prismatic-v1,PHYSICS_REFERENCE,NEAR_BOUNDARY,22.583333333333332,6775.0,5745.488639923225,0.745780364942191
temperature_35c,temperature-35c-v1,blast-lite-lfp-gr-250ah-prismatic-2019-v1,blast-lite-b093495-250ah-prismatic-v1,PHYSICS_REFERENCE,NEAR_BOUNDARY,22.666666666666668,6800.0,5764.133149046779,0.7451839370984334
temperature_35c,temperature-35c-v1,blast-lite-lfp-gr-250ah-prismatic-2019-v1,blast-lite-b093495-250ah-prismatic-v1,PHYSICS_REFERENCE,NEAR_BOUNDARY,22.75,6825.0,5782.76274747424,0.7445885830154431
temperature_35c,temperature-35c-v1,blast-lite-lfp-gr-250ah-prismatic-2019-v1,blast-lite-b093495-250ah-prismatic-v1,PHYSICS_REFERENCE,NEAR_BOUNDARY,22.833333333333332,6850.0,5801.377462049626,0.743994298302615
temperature_35c,temperature-35c-v1,blast-lite-lfp-gr-250ah-prismatic-2019-v1,blast-lite-b093495-250ah-prismatic-v1,PHYSICS_REFERENCE,NEAR_BOUNDARY,22.916666666666668,6875.0,5819.977319507191,0.7434010786018396
temperature_35c,temperature-35c-v1,blast-lite-lfp-gr-250ah-prismatic-2019-v1,blast-lite-b093495-250ah-prismatic-v1,PHYSICS_REFERENCE,NEAR_BOUNDARY,23.0,6900.0,5838.562346472238,0.742808919587141
temperature_35c,temperature-35c-v1,blast-lite-lfp-gr-250ah-prismatic-2019-v1,blast-lite-b093495-250ah-prismatic-v1,PHYSICS_REFERENCE,NEAR_BOUNDARY,23.083333333333332,6925.0,5857.132569461916,0.7422178169643202
temperature_35c,temperature-35c-v1,blast-lite-lfp-gr-250ah-prismatic-2019-v1,blast-lite-b093495-250ah-prismatic-v1,PHYSICS_REFERENCE,NEAR_BOUNDARY,23.166666666666668,6950.0,5875.688014886025,0.7416277664706045
temperature_35c,temperature-35c-v1,blast-lite-lfp-gr-250ah-prismatic-2019-v1,blast-lite-b093495-250ah-prismatic-v1,PHYSICS_REFERENCE,NEAR_BOUNDARY,23.25,6975.0,5894.228709047789,0.7410387638743002
temperature_35c,temperature-35c-v1,blast-lite-lfp-gr-250ah-prismatic-2019-v1,blast-lite-b093495-250ah-prismatic-v1,PHYSICS_REFERENCE,NEAR_BOUNDARY,23.333333333333332,7000.0,5912.754678144647,0.7404508049744536
temperature_35c,temperature-35c-v1,blast-lite-lfp-gr-250ah-prismatic-2019-v1,blast-lite-b093495-250ah-prismatic-v1,PHYSICS_REFERENCE,NEAR_BOUNDARY,23.416666666666668,7025.0,5931.265948269009,0.7398638856005126
temperature_35c,temperature-35c-v1,blast-lite-lfp-gr-250ah-prismatic-2019-v1,blast-lite-b093495-250ah-prismatic-v1,PHYSICS_REFERENCE,NEAR_BOUNDARY,23.5,7050.0,5949.762545409021,0.7392780016119983
temperature_35c,temperature-35c-v1,blast-lite-lfp-gr-250ah-prismatic-2019-v1,blast-lite-b093495-250ah-prismatic-v1,PHYSICS_REFERENCE,NEAR_BOUNDARY,23.583333333333332,7075.0,5968.244495449321,0.7386931488981764
temperature_35c,temperature-35c-v1,blast-lite-lfp-gr-250ah-prismatic-2019-v1,blast-lite-b093495-250ah-prismatic-v1,PHYSICS_REFERENCE,NEAR_BOUNDARY,23.666666666666668,7100.0,5986.711824171775,0.7381093233777378
temperature_35c,temperature-35c-v1,blast-lite-lfp-gr-250ah-prismatic-2019-v1,blast-lite-b093495-250ah-prismatic-v1,PHYSICS_REFERENCE,NEAR_BOUNDARY,23.75,7125.0,6005.164557256218,0.7375265209984802
temperature_35c,temperature-35c-v1,blast-lite-lfp-gr-250ah-prismatic-2019-v1,blast-lite-b093495-250ah-prismatic-v1,PHYSICS_REFERENCE,NEAR_BOUNDARY,23.833333333333332,7150.0,6023.60272028118,0.7369447377369969
temperature_35c,temperature-35c-v1,blast-lite-lfp-gr-250ah-prismatic-2019-v1,blast-lite-b093495-250ah-prismatic-v1,PHYSICS_REFERENCE,NEAR_BOUNDARY,23.916666666666668,7175.0,6042.026338724605,0.7363639695983687
temperature_35c,temperature-35c-v1,blast-lite-lfp-gr-250ah-prismatic-2019-v1,blast-lite-b093495-250ah-prismatic-v1,PHYSICS_REFERENCE,NEAR_BOUNDARY,24.0,7200.0,6060.435437964564,0.7357842126158605
temperature_35c,temperature-35c-v1,blast-lite-lfp-gr-250ah-prismatic-2019-v1,blast-lite-b093495-250ah-prismatic-v1,PHYSICS_REFERENCE,NEAR_BOUNDARY,24.083333333333332,7225.0,6078.830043279961,0.7352054628506223
temperature_35c,temperature-35c-v1,blast-lite-lfp-gr-250ah-prismatic-2019-v1,blast-lite-b093495-250ah-prismatic-v1,PHYSICS_REFERENCE,NEAR_BOUNDARY,24.166666666666668,7250.0,6097.210179851226,0.7346277163913942
temperature_35c,temperature-35c-v1,blast-lite-lfp-gr-250ah-prismatic-2019-v1,blast-lite-b093495-250ah-prismatic-v1,PHYSICS_REFERENCE,NEAR_BOUNDARY,24.25,7275.0,6115.575872761011,0.7340509693542167
temperature_35c,temperature-35c-v1,blast-lite-lfp-gr-250ah-prismatic-2019-v1,blast-lite-b093495-250ah-prismatic-v1,PHYSICS_REFERENCE,NEAR_BOUNDARY,24.333333333333332,7300.0,6133.927146994866,0.7334752178821431
temperature_35c,temperature-35c-v1,blast-lite-lfp-gr-250ah-prismatic-2019-v1,blast-lite-b093495-250ah-prismatic-v1,PHYSICS_REFERENCE,NEAR_BOUNDARY,24.416666666666668,7325.0,6152.26402744192,0.7329004581449574
temperature_35c,temperature-35c-v1,blast-lite-lfp-gr-250ah-prismatic-2019-v1,blast-lite-b093495-250ah-prismatic-v1,PHYSICS_REFERENCE,NEAR_BOUNDARY,24.5,7350.0,6170.5865388955435,0.7323266863388965
temperature_35c,temperature-35c-v1,blast-lite-lfp-gr-250ah-prismatic-2019-v1,blast-lite-b093495-250ah-prismatic-v1,PHYSICS_REFERENCE,NEAR_BOUNDARY,24.583333333333332,7375.0,6188.894706054016,0.7317538986863744
temperature_35c,temperature-35c-v1,blast-lite-lfp-gr-250ah-prismatic-2019-v1,blast-lite-b093495-250ah-prismatic-v1,PHYSICS_REFERENCE,NEAR_BOUNDARY,24.666666666666668,7400.0,6207.188553521175,0.7311820914357121
temperature_35c,temperature-35c-v1,blast-lite-lfp-gr-250ah-prismatic-2019-v1,blast-lite-b093495-250ah-prismatic-v1,PHYSICS_REFERENCE,NEAR_BOUNDARY,24.75,7425.0,6225.468105807067,0.7306112608608706
temperature_35c,temperature-35c-v1,blast-lite-lfp-gr-250ah-prismatic-2019-v1,blast-lite-b093495-250ah-prismatic-v1,PHYSICS_REFERENCE,NEAR_BOUNDARY,24.833333333333332,7450.0,6243.733387328589,0.7300414032611872
temperature_35c,temperature-35c-v1,blast-lite-lfp-gr-250ah-prismatic-2019-v1,blast-lite-b093495-250ah-prismatic-v1,PHYSICS_REFERENCE,NEAR_BOUNDARY,24.916666666666668,7475.0,6261.984422410119,0.7294725149611158
temperature_35c,temperature-35c-v1,blast-lite-lfp-gr-250ah-prismatic-2019-v1,blast-lite-b093495-250ah-prismatic-v1,PHYSICS_REFERENCE,NEAR_BOUNDARY,25.0,7500.0,6280.221235284147,0.7289045923099708
temperature_45c,temperature-45c-v1,blast-lite-lfp-gr-250ah-prismatic-2019-v1,blast-lite-b093495-250ah-prismatic-v1,PHYSICS_REFERENCE,NEAR_BOUNDARY,0.0,0.0,0.0,1.0
temperature_45c,temperature-45c-v1,blast-lite-lfp-gr-250ah-prismatic-2019-v1,blast-lite-b093495-250ah-prismatic-v1,PHYSICS_REFERENCE,NEAR_BOUNDARY,0.08333333333333333,25.0,24.999999999999996,0.9928236263083241
temperature_45c,temperature-45c-v1,blast-lite-lfp-gr-250ah-prismatic-2019-v1,blast-lite-b093495-250ah-prismatic-v1,PHYSICS_REFERENCE,NEAR_BOUNDARY,0.16666666666666666,50.0,49.820590657708095,0.9889819645695546
temperature_45c,temperature-45c-v1,blast-lite-lfp-gr-250ah-prismatic-2019-v1,blast-lite-b093495-250ah-prismatic-v1,PHYSICS_REFERENCE,NEAR_BOUNDARY,0.25,75.0,74.54513977194696,0.9858685471953722
temperature_45c,temperature-45c-v1,blast-lite-lfp-gr-250ah-prismatic-2019-v1,blast-lite-b093495-250ah-prismatic-v1,PHYSICS_REFERENCE,NEAR_BOUNDARY,0.3333333333333333,100.0,99.19185345183126,0.9831187537099628
temperature_45c,temperature-45c-v1,blast-lite-lfp-gr-250ah-prismatic-2019-v1,blast-lite-b093495-250ah-prismatic-v1,PHYSICS_REFERENCE,NEAR_BOUNDARY,0.4166666666666667,125.0,123.76982229458034,0.9806027305683496
temperature_45c,temperature-45c-v1,blast-lite-lfp-gr-250ah-prismatic-2019-v1,blast-lite-b093495-250ah-prismatic-v1,PHYSICS_REFERENCE,NEAR_BOUNDARY,0.5,150.0,148.28489055878907,0.9782550662477086
temperature_45c,temperature-45c-v1,blast-lite-lfp-gr-250ah-prismatic-2019-v1,blast-lite-b093495-250ah-prismatic-v1,PHYSICS_REFERENCE,NEAR_BOUNDARY,0.5833333333333334,175.0,172.74126721498178,0.9760369735876748
temperature_45c,temperature-45c-v1,blast-lite-lfp-gr-250ah-prismatic-2019-v1,blast-lite-b093495-250ah-prismatic-v1,PHYSICS_REFERENCE,NEAR_BOUNDARY,0.6666666666666666,200.0,197.14219155467364,0.9739230771231306
temperature_45c,temperature-45c-v1,blast-lite-lfp-gr-250ah-prismatic-2019-v1,blast-lite-b093495-250ah-prismatic-v1,PHYSICS_REFERENCE,NEAR_BOUNDARY,0.75,225.0,221.4902684827519,0.9718956346630917
temperature_45c,temperature-45c-v1,blast-lite-lfp-gr-250ah-prismatic-2019-v1,blast-lite-b093495-250ah-prismatic-v1,PHYSICS_REFERENCE,NEAR_BOUNDARY,0.8333333333333334,250.0,245.7876593493292,0.9699416287556981
temperature_45c,temperature-45c-v1,blast-lite-lfp-gr-250ah-prismatic-2019-v1,blast-lite-b093495-250ah-prismatic-v1,PHYSICS_REFERENCE,NEAR_BOUNDARY,0.9166666666666666,275.0,270.03620006822166,0.96805115221514
temperature_45c,temperature-45c-v1,blast-lite-lfp-gr-250ah-prismatic-2019-v1,blast-lite-b093495-250ah-prismatic-v1,PHYSICS_REFERENCE,NEAR_BOUNDARY,1.0,300.0,294.23747887360014,0.9662164445062617
temperature_45c,temperature-45c-v1,blast-lite-lfp-gr-250ah-prismatic-2019-v1,blast-lite-b093495-250ah-prismatic-v1,PHYSICS_REFERENCE,NEAR_BOUNDARY,1.0833333333333333,325.0,318.3928899862567,0.9644312833527525
temperature_45c,temperature-45c-v1,blast-lite-lfp-gr-250ah-prismatic-2019-v1,blast-lite-b093495-250ah-prismatic-v1,PHYSICS_REFERENCE,NEAR_BOUNDARY,1.1666666666666667,350.0,342.50367207007554,0.9626905829745717
temperature_45c,temperature-45c-v1,blast-lite-lfp-gr-250ah-prismatic-2019-v1,blast-lite-b093495-250ah-prismatic-v1,PHYSICS_REFERENCE,NEAR_BOUNDARY,1.25,375.0,366.5709366444398,0.960990118837594
temperature_45c,temperature-45c-v1,blast-lite-lfp-gr-250ah-prismatic-2019-v1,blast-lite-b093495-250ah-prismatic-v1,PHYSICS_REFERENCE,NEAR_BOUNDARY,1.3333333333333333,400.0,390.5956896153797,0.9593263331986525
temperature_45c,temperature-45c-v1,blast-lite-lfp-gr-250ah-prismatic-2019-v1,blast-lite-b093495-250ah-prismatic-v1,PHYSICS_REFERENCE,NEAR_BOUNDARY,1.4166666666666667,425.0,414.578847945346,0.9576961941065568
temperature_45c,temperature-45c-v1,blast-lite-lfp-gr-250ah-prismatic-2019-v1,blast-lite-b093495-250ah-prismatic-v1,PHYSICS_REFERENCE,NEAR_BOUNDARY,1.5,450.0,438.5212527980099,0.9560970908515029
temperature_45c,temperature-45c-v1,blast-lite-lfp-gr-250ah-prismatic-2019-v1,blast-lite-b093495-250ah-prismatic-v1,PHYSICS_REFERENCE,NEAR_BOUNDARY,1.5833333333333333,475.0,462.4236800692975,0.9545267549198062
temperature_45c,temperature-45c-v1,blast-lite-lfp-gr-250ah-prismatic-2019-v1,blast-lite-b093495-250ah-prismatic-v1,PHYSICS_REFERENCE,NEAR_BOUNDARY,1.6666666666666667,500.0,486.2868489422927,0.9529831992046232
temperature_45c,temperature-45c-v1,blast-lite-lfp-gr-250ah-prismatic-2019-v1,blast-lite-b093495-250ah-prismatic-v1,PHYSICS_REFERENCE,NEAR_BOUNDARY,1.75,525.0,510.11142892240827,0.95146467054631
temperature_45c,temperature-45c-v1,blast-lite-lfp-gr-250ah-prismatic-2019-v1,blast-lite-b093495-250ah-prismatic-v1,PHYSICS_REFERENCE,NEAR_BOUNDARY,1.8333333333333333,550.0,533.898045686066,0.9499696121786225
temperature_45c,temperature-45c-v1,blast-lite-lfp-gr-250ah-prismatic-2019-v1,blast-lite-b093495-250ah-prismatic-v1,PHYSICS_REFERENCE,NEAR_BOUNDARY,1.9166666666666667,575.0,557.6472859905316,0.9484966336532215
temperature_45c,temperature-45c-v1,blast-lite-lfp-gr-250ah-prismatic-2019-v1,blast-lite-b093495-250ah-prismatic-v1,PHYSICS_REFERENCE,NEAR_BOUNDARY,2.0,600.0,581.3597018318621,0.9470444864903048
temperature_45c,temperature-45c-v1,blast-lite-lfp-gr-250ah-prismatic-2019-v1,blast-lite-b093495-250ah-prismatic-v1,PHYSICS_REFERENCE,NEAR_BOUNDARY,2.0833333333333335,625.0,605.0358139941197,0.9456120442701392
temperature_45c,temperature-45c-v1,blast-lite-lfp-gr-250ah-prismatic-2019-v1,blast-lite-b093495-250ah-prismatic-v1,PHYSICS_REFERENCE,NEAR_BOUNDARY,2.1666666666666665,650.0,628.6761151008732,0.9441982862089567
temperature_45c,temperature-45c-v1,blast-lite-lfp-gr-250ah-prismatic-2019-v1,blast-lite-b093495-250ah-prismatic-v1,PHYSICS_REFERENCE,NEAR_BOUNDARY,2.25,675.0,652.2810722560971,0.9428022834978206
temperature_45c,temperature-45c-v1,blast-lite-lfp-gr-250ah-prismatic-2019-v1,blast-lite-b093495-250ah-prismatic-v1,PHYSICS_REFERENCE,NEAR_BOUNDARY,2.3333333333333335,700.0,675.8511293435427,0.9414231878537785
temperature_45c,temperature-45c-v1,blast-lite-lfp-gr-250ah-prismatic-2019-v1,blast-lite-b093495-250ah-prismatic-v1,PHYSICS_REFERENCE,NEAR_BOUNDARY,2.4166666666666665,725.0,699.3867090398871,0.9400602218582514
temperature_45c,temperature-45c-v1,blast-lite-lfp-gr-250ah-prismatic-2019-v1,blast-lite-b093495-250ah-prismatic-v1,PHYSICS_REFERENCE,NEAR_BOUNDARY,2.5,750.0,722.8882145863435,0.9387126707511984
temperature_45c,temperature-45c-v1,blast-lite-lfp-gr-250ah-prismatic-2019-v1,blast-lite-b093495-250ah-prismatic-v1,PHYSICS_REFERENCE,NEAR_BOUNDARY,2.5833333333333335,775.0,746.3560313551234,0.9373798754201429
temperature_45c,temperature-45c-v1,blast-lite-lfp-gr-250ah-prismatic-2019-v1,blast-lite-b093495-250ah-prismatic-v1,PHYSICS_REFERENCE,NEAR_BOUNDARY,2.6666666666666665,800.0,769.7905282406269,0.9360612263768632
temperature_45c,temperature-45c-v1,blast-lite-lfp-gr-250ah-prismatic-2019-v1,blast-lite-b093495-250ah-prismatic-v1,PHYSICS_REFERENCE,NEAR_BOUNDARY,2.75,825.0,793.1920589000486,0.9347561585558705
temperature_45c,temperature-45c-v1,blast-lite-lfp-gr-250ah-prismatic-2019-v1,blast-lite-b093495-250ah-prismatic-v1,PHYSICS_REFERENCE,NEAR_BOUNDARY,2.8333333333333335,850.0,816.5609628639453,0.9334641468008698
temperature_45c,temperature-45c-v1,blast-lite-lfp-gr-250ah-prismatic-2019-v1,blast-lite-b093495-250ah-prismatic-v1,PHYSICS_REFERENCE,NEAR_BOUNDARY,2.9166666666666665,875.0,839.897566533967,0.9321847019305011
temperature_45c,temperature-45c-v1,blast-lite-lfp-gr-250ah-prismatic-2019-v1,blast-lite-b093495-250ah-prismatic-v1,PHYSICS_REFERENCE,NEAR_BOUNDARY,3.0,900.0,863.2021840822296,0.9309173672944676
temperature_45c,temperature-45c-v1,blast-lite-lfp-gr-250ah-prismatic-2019-v1,blast-lite-b093495-250ah-prismatic-v1,PHYSICS_REFERENCE,NEAR_BOUNDARY,3.0833333333333335,925.0,886.4751182645913,0.9296617157469025
temperature_45c,temperature-45c-v1,blast-lite-lfp-gr-250ah-prismatic-2019-v1,blast-lite-b093495-250ah-prismatic-v1,PHYSICS_REFERENCE,NEAR_BOUNDARY,3.1666666666666665,950.0,909.7166611582638,0.928417346976431
temperature_45c,temperature-45c-v1,blast-lite-lfp-gr-250ah-prismatic-2019-v1,blast-lite-b093495-250ah-prismatic-v1,PHYSICS_REFERENCE,NEAR_BOUNDARY,3.25,975.0,932.9270948326746,0.92718388514254
temperature_45c,temperature-45c-v1,blast-lite-lfp-gr-250ah-prismatic-2019-v1,blast-lite-b093495-250ah-prismatic-v1,PHYSICS_REFERENCE,NEAR_BOUNDARY,3.3333333333333335,1000.0,956.1066919612381,0.9259609767761041
temperature_45c,temperature-45c-v1,blast-lite-lfp-gr-250ah-prismatic-2019-v1,blast-lite-b093495-250ah-prismatic-v1,PHYSICS_REFERENCE,NEAR_BOUNDARY,3.4166666666666665,1025.0,979.2557163806407,0.9247482889086283
temperature_45c,temperature-45c-v1,blast-lite-lfp-gr-250ah-prismatic-2019-v1,blast-lite-b093495-250ah-prismatic-v1,PHYSICS_REFERENCE,NEAR_BOUNDARY,3.5,1050.0,1002.3744236033564,0.9235455074002799
temperature_45c,temperature-45c-v1,blast-lite-lfp-gr-250ah-prismatic-2019-v1,blast-lite-b093495-250ah-prismatic-v1,PHYSICS_REFERENCE,NEAR_BOUNDARY,3.5833333333333335,1075.0,1025.4630612883634,0.9223523354413206
temperature_45c,temperature-45c-v1,blast-lite-lfp-gr-250ah-prismatic-2019-v1,blast-lite-b093495-250ah-prismatic-v1,PHYSICS_REFERENCE,NEAR_BOUNDARY,3.6666666666666665,1100.0,1048.5218696743964,0.9211684922053069
temperature_45c,temperature-45c-v1,blast-lite-lfp-gr-250ah-prismatic-2019-v1,blast-lite-b093495-250ah-prismatic-v1,PHYSICS_REFERENCE,NEAR_BOUNDARY,3.75,1125.0,1071.551081979529,0.9199937116355645
temperature_45c,temperature-45c-v1,blast-lite-lfp-gr-250ah-prismatic-2019-v1,blast-lite-b093495-250ah-prismatic-v1,PHYSICS_REFERENCE,NEAR_BOUNDARY,3.8333333333333335,1150.0,1094.550924770418,0.9188277413490551
temperature_45c,temperature-45c-v1,blast-lite-lfp-gr-250ah-prismatic-2019-v1,blast-lite-b093495-250ah-prismatic-v1,PHYSICS_REFERENCE,NEAR_BOUNDARY,3.9166666666666665,1175.0,1117.5216183041443,0.9176703416439544
temperature_45c,temperature-45c-v1,blast-lite-lfp-gr-250ah-prismatic-2019-v1,blast-lite-b093495-250ah-prismatic-v1,PHYSICS_REFERENCE,NEAR_BOUNDARY,4.0,1200.0,1140.4633768452431,0.9165212845991149
temperature_45c,temperature-45c-v1,blast-lite-lfp-gr-250ah-prismatic-2019-v1,blast-lite-b093495-250ah-prismatic-v1,PHYSICS_REFERENCE,NEAR_BOUNDARY,4.083333333333333,1225.0,1163.376408960221,0.9153803532551488
temperature_45c,temperature-45c-v1,blast-lite-lfp-gr-250ah-prismatic-2019-v1,blast-lite-b093495-250ah-prismatic-v1,PHYSICS_REFERENCE,NEAR_BOUNDARY,4.166666666666667,1250.0,1186.2609177915997,0.9142473408682117
temperature_45c,temperature-45c-v1,blast-lite-lfp-gr-250ah-prismatic-2019-v1,blast-lite-b093495-250ah-prismatic-v1,PHYSICS_REFERENCE,NEAR_BOUNDARY,4.25,1275.0,1209.117101313305,0.9131220502286909
temperature_45c,temperature-45c-v1,blast-lite-lfp-gr-250ah-prismatic-2019-v1,blast-lite-b093495-250ah-prismatic-v1,PHYSICS_REFERENCE,NEAR_BOUNDARY,4.333333333333333,1300.0,1231.9451525690224,0.9120042930379819
temperature_45c,temperature-45c-v1,blast-lite-lfp-gr-250ah-prismatic-2019-v1,blast-lite-b093495-250ah-prismatic-v1,PHYSICS_REFERENCE,NEAR_BOUNDARY,4.416666666666667,1325.0,1254.745259894972,0.910893889337371
temperature_45c,temperature-45c-v1,blast-lite-lfp-gr-250ah-prismatic-2019-v1,blast-lite-b093495-250ah-prismatic-v1,PHYSICS_REFERENCE,NEAR_BOUNDARY,4.5,1350.0,1277.517607128406,0.9097906669837551
temperature_45c,temperature-45c-v1,blast-lite-lfp-gr-250ah-prismatic-2019-v1,blast-lite-b093495-250ah-prismatic-v1,PHYSICS_REFERENCE,NEAR_BOUNDARY,4.583333333333333,1375.0,1300.262373803,0.9086944611675568
temperature_45c,temperature-45c-v1,blast-lite-lfp-gr-250ah-prismatic-2019-v1,blast-lite-b093495-250ah-prismatic-v1,PHYSICS_REFERENCE,NEAR_BOUNDARY,4.666666666666667,1400.0,1322.979735332189,0.9076051139687255
temperature_45c,temperature-45c-v1,blast-lite-lfp-gr-250ah-prismatic-2019-v1,blast-lite-b093495-250ah-prismatic-v1,PHYSICS_REFERENCE,NEAR_BOUNDARY,4.75,1425.0,1345.6698631814072,0.9065224739471821
temperature_45c,temperature-45c-v1,blast-lite-lfp-gr-250ah-prismatic-2019-v1,blast-lite-b093495-250ah-prismatic-v1,PHYSICS_REFERENCE,NEAR_BOUNDARY,4.833333333333333,1450.0,1368.3329250300867,0.9054463957644754
temperature_45c,temperature-45c-v1,blast-lite-lfp-gr-250ah-prismatic-2019-v1,blast-lite-b093495-250ah-prismatic-v1,PHYSICS_REFERENCE,NEAR_BOUNDARY,4.916666666666667,1475.0,1390.9690849241986,0.9043767398337663
temperature_45c,temperature-45c-v1,blast-lite-lfp-gr-250ah-prismatic-2019-v1,blast-lite-b093495-250ah-prismatic-v1,PHYSICS_REFERENCE,NEAR_BOUNDARY,5.0,1500.0,1413.5785034200428,0.9033133719955736
temperature_45c,temperature-45c-v1,blast-lite-lfp-gr-250ah-prismatic-2019-v1,blast-lite-b093495-250ah-prismatic-v1,PHYSICS_REFERENCE,NEAR_BOUNDARY,5.083333333333333,1525.0,1436.1613377199321,0.90225616321698
temperature_45c,temperature-45c-v1,blast-lite-lfp-gr-250ah-prismatic-2019-v1,blast-lite-b093495-250ah-prismatic-v1,PHYSICS_REFERENCE,NEAR_BOUNDARY,5.166666666666667,1550.0,1458.7177418003566,0.9012049893122444
temperature_45c,temperature-45c-v1,blast-lite-lfp-gr-250ah-prismatic-2019-v1,blast-lite-b093495-250ah-prismatic-v1,PHYSICS_REFERENCE,NEAR_BOUNDARY,5.25,1575.0,1481.2478665331628,0.90015973068297
temperature_45c,temperature-45c-v1,blast-lite-lfp-gr-250ah-prismatic-2019-v1,blast-lite-b093495-250ah-prismatic-v1,PHYSICS_REFERENCE,NEAR_BOUNDARY,5.333333333333333,1600.0,1503.751859800237,0.8991202720761696
temperature_45c,temperature-45c-v1,blast-lite-lfp-gr-250ah-prismatic-2019-v1,blast-lite-b093495-250ah-prismatic-v1,PHYSICS_REFERENCE,NEAR_BOUNDARY,5.416666666666667,1625.0,1526.2298666021413,0.8980865023587321
temperature_45c,temperature-45c-v1,blast-lite-lfp-gr-250ah-prismatic-2019-v1,blast-lite-b093495-250ah-prismatic-v1,PHYSICS_REFERENCE,NEAR_BOUNDARY,5.5,1650.0,1548.6820291611095,0.8970583143069393
temperature_45c,temperature-45c-v1,blast-lite-lfp-gr-250ah-prismatic-2019-v1,blast-lite-b093495-250ah-prismatic-v1,PHYSICS_REFERENCE,NEAR_BOUNDARY,5.583333333333333,1675.0,1571.108487018783,0.8960356044098158
temperature_45c,temperature-45c-v1,blast-lite-lfp-gr-250ah-prismatic-2019-v1,blast-lite-b093495-250ah-prismatic-v1,PHYSICS_REFERENCE,NEAR_BOUNDARY,5.666666666666667,1700.0,1593.5093771290285,0.895018272685206
temperature_45c,temperature-45c-v1,blast-lite-lfp-gr-250ah-prismatic-2019-v1,blast-lite-b093495-250ah-prismatic-v1,PHYSICS_REFERENCE,NEAR_BOUNDARY,5.75,1725.0,1615.8848339461586,0.8940062225075789
temperature_45c,temperature-45c-v1,blast-lite-lfp-gr-250ah-prismatic-2019-v1,blast-lite-b093495-250ah-prismatic-v1,PHYSICS_REFERENCE,NEAR_BOUNDARY,5.833333333333333,1750.0,1638.234989508848,0.892999360446651
temperature_45c,temperature-45c-v1,blast-lite-lfp-gr-250ah-prismatic-2019-v1,blast-lite-b093495-250ah-prismatic-v1,PHYSICS_REFERENCE,NEAR_BOUNDARY,5.916666666666667,1775.0,1660.5599735200142,0.8919975961160024
temperature_45c,temperature-45c-v1,blast-lite-lfp-gr-250ah-prismatic-2019-v1,blast-lite-b093495-250ah-prismatic-v1,PHYSICS_REFERENCE,NEAR_BOUNDARY,6.0,1800.0,1682.8599134229141,0.8910008420309333
temperature_45c,temperature-45c-v1,blast-lite-lfp-gr-250ah-prismatic-2019-v1,blast-lite-b093495-250ah-prismatic-v1,PHYSICS_REFERENCE,NEAR_BOUNDARY,6.083333333333333,1825.0,1705.1349344736875,0.8900090134748734
temperature_45c,temperature-45c-v1,blast-lite-lfp-gr-250ah-prismatic-2019-v1,blast-lite-b093495-250ah-prismatic-v1,PHYSICS_REFERENCE,NEAR_BOUNDARY,6.166666666666667,1850.0,1727.3851598105593,0.8890220283737222
temperature_45c,temperature-45c-v1,blast-lite-lfp-gr-250ah-prismatic-2019-v1,blast-lite-b093495-250ah-prismatic-v1,PHYSICS_REFERENCE,NEAR_BOUNDARY,6.25,1875.0,1749.6107105199023,0.8880398071775425
temperature_45c,temperature-45c-v1,blast-lite-lfp-gr-250ah-prismatic-2019-v1,blast-lite-b093495-250ah-prismatic-v1,PHYSICS_REFERENCE,NEAR_BOUNDARY,6.333333333333333,1900.0,1771.8117056993408,0.887062272749088
temperature_45c,temperature-45c-v1,blast-lite-lfp-gr-250ah-prismatic-2019-v1,blast-lite-b093495-250ah-prismatic-v1,PHYSICS_REFERENCE,NEAR_BOUNDARY,6.416666666666667,1925.0,1793.988262518068,0.8860893502586807
temperature_45c,temperature-45c-v1,blast-lite-lfp-gr-250ah-prismatic-2019-v1,blast-lite-b093495-250ah-prismatic-v1,PHYSICS_REFERENCE,NEAR_BOUNDARY,6.5,1950.0,1816.140496274535,0.8851209670850014
temperature_45c,temperature-45c-v1,blast-lite-lfp-gr-250ah-prismatic-2019-v1,blast-lite-b093495-250ah-prismatic-v1,PHYSICS_REFERENCE,NEAR_BOUNDARY,6.583333333333333,1975.0,1838.2685204516602,0.8841570527213843
temperature_45c,temperature-45c-v1,blast-lite-lfp-gr-250ah-prismatic-2019-v1,blast-lite-b093495-250ah-prismatic-v1,PHYSICS_REFERENCE,NEAR_BOUNDARY,6.666666666666667,2000.0,1860.3724467696948,0.8831975386872474
temperature_45c,temperature-45c-v1,blast-lite-lfp-gr-250ah-prismatic-2019-v1,blast-lite-b093495-250ah-prismatic-v1,PHYSICS_REFERENCE,NEAR_BOUNDARY,6.75,2025.0,1882.452385236876,0.8822423584443138
temperature_45c,temperature-45c-v1,blast-lite-lfp-gr-250ah-prismatic-2019-v1,blast-lite-b093495-250ah-prismatic-v1,PHYSICS_REFERENCE,NEAR_BOUNDARY,6.833333333333333,2050.0,1904.5084441979836,0.8812914473173082
temperature_45c,temperature-45c-v1,blast-lite-lfp-gr-250ah-prismatic-2019-v1,blast-lite-b093495-250ah-prismatic-v1,PHYSICS_REFERENCE,NEAR_BOUNDARY,6.916666666666667,2075.0,1926.5407303809163,0.880344742418839
temperature_45c,temperature-45c-v1,blast-lite-lfp-gr-250ah-prismatic-2019-v1,blast-lite-b093495-250ah-prismatic-v1,PHYSICS_REFERENCE,NEAR_BOUNDARY,7.0,2100.0,1948.5493489413873,0.8794021825781934
temperature_45c,temperature-45c-v1,blast-lite-lfp-gr-250ah-prismatic-2019-v1,blast-lite-b093495-250ah-prismatic-v1,PHYSICS_REFERENCE,NEAR_BOUNDARY,7.083333333333333,2125.0,1970.5344035058422,0.8784637082738007
temperature_45c,temperature-45c-v1,blast-lite-lfp-gr-250ah-prismatic-2019-v1,blast-lite-b093495-250ah-prismatic-v1,PHYSICS_REFERENCE,NEAR_BOUNDARY,7.166666666666667,2150.0,1992.4959962126873,0.8775292615691311
temperature_45c,temperature-45c-v1,blast-lite-lfp-gr-250ah-prismatic-2019-v1,blast-lite-b093495-250ah-prismatic-v1,PHYSICS_REFERENCE,NEAR_BOUNDARY,7.25,2175.0,2014.4342277519156,0.8765987860518174
temperature_45c,temperature-45c-v1,blast-lite-lfp-gr-250ah-prismatic-2019-v1,blast-lite-b093495-250ah-prismatic-v1,PHYSICS_REFERENCE,NEAR_BOUNDARY,7.333333333333333,2200.0,2036.349197403211,0.8756722267758017
temperature_45c,temperature-45c-v1,blast-lite-lfp-gr-250ah-prismatic-2019-v1,blast-lite-b093495-250ah-prismatic-v1,PHYSICS_REFERENCE,NEAR_BOUNDARY,7.416666666666667,2225.0,2058.241003072606,0.8747495302063248
temperature_45c,temperature-45c-v1,blast-lite-lfp-gr-250ah-prismatic-2019-v1,blast-lite-b093495-250ah-prismatic-v1,PHYSICS_REFERENCE,NEAR_BOUNDARY,7.5,2250.0,2080.109741327764,0.8738306441675863
temperature_45c,temperature-45c-v1,blast-lite-lfp-gr-250ah-prismatic-2019-v1,blast-lite-b093495-250ah-prismatic-v1,PHYSICS_REFERENCE,NEAR_BOUNDARY,7.583333333333333,2275.0,2101.9555074319537,0.8729155177929174
temperature_45c,temperature-45c-v1,blast-lite-lfp-gr-250ah-prismatic-2019-v1,blast-lite-b093495-250ah-prismatic-v1,PHYSICS_REFERENCE,NEAR_BOUNDARY,7.666666666666667,2300.0,2123.7783953767766,0.8720041014773221
temperature_45c,temperature-45c-v1,blast-lite-lfp-gr-250ah-prismatic-2019-v1,blast-lite-b093495-250ah-prismatic-v1,PHYSICS_REFERENCE,NEAR_BOUNDARY,7.75,2325.0,2145.5784979137097,0.8710963468322435
temperature_45c,temperature-45c-v1,blast-lite-lfp-gr-250ah-prismatic-2019-v1,blast-lite-b093495-250ah-prismatic-v1,PHYSICS_REFERENCE,NEAR_BOUNDARY,7.833333333333333,2350.0,2167.3559065845157,0.8701922066424337
temperature_45c,temperature-45c-v1,blast-lite-lfp-gr-250ah-prismatic-2019-v1,blast-lite-b093495-250ah-prismatic-v1,PHYSICS_REFERENCE,NEAR_BOUNDARY,7.916666666666667,2375.0,2189.1107117505767,0.8692916348248044
temperature_45c,temperature-45c-v1,blast-lite-lfp-gr-250ah-prismatic-2019-v1,blast-lite-b093495-250ah-prismatic-v1,PHYSICS_REFERENCE,NEAR_BOUNDARY,8.0,2400.0,2210.843002621197,0.8683945863891482
temperature_45c,temperature-45c-v1,blast-lite-lfp-gr-250ah-prismatic-2019-v1,blast-lite-b093495-250ah-prismatic-v1,PHYSICS_REFERENCE,NEAR_BOUNDARY,8.083333333333334,2425.0,2232.5528672809255,0.8675010174006262
temperature_45c,temperature-45c-v1,blast-lite-lfp-gr-250ah-prismatic-2019-v1,blast-lite-b093495-250ah-prismatic-v1,PHYSICS_REFERENCE,NEAR_BOUNDARY,8.166666666666666,2450.0,2254.240392715941,0.866610884943926
temperature_45c,temperature-45c-v1,blast-lite-lfp-gr-250ah-prismatic-2019-v1,blast-lite-b093495-250ah-prismatic-v1,PHYSICS_REFERENCE,NEAR_BOUNDARY,8.25,2475.0,2275.9056648395394,0.8657241470889975
temperature_45c,temperature-45c-v1,blast-lite-lfp-gr-250ah-prismatic-2019-v1,blast-lite-b093495-250ah-prismatic-v1,PHYSICS_REFERENCE,NEAR_BOUNDARY,8.333333333333334,2500.0,2297.5487685167645,0.8648407628582828
temperature_45c,temperature-45c-v1,blast-lite-lfp-gr-250ah-prismatic-2019-v1,blast-lite-b093495-250ah-prismatic-v1,PHYSICS_REFERENCE,NEAR_BOUNDARY,8.416666666666666,2525.0,2319.1697875882214,0.8639606921953606
temperature_45c,temperature-45c-v1,blast-lite-lfp-gr-250ah-prismatic-2019-v1,blast-lite-b093495-250ah-prismatic-v1,PHYSICS_REFERENCE,NEAR_BOUNDARY,8.5,2550.0,2340.7688048931054,0.8630838959349297
temperature_45c,temperature-45c-v1,blast-lite-lfp-gr-250ah-prismatic-2019-v1,blast-lite-b093495-250ah-prismatic-v1,PHYSICS_REFERENCE,NEAR_BOUNDARY,8.583333333333334,2575.0,2362.3459022914785,0.862210335774062
temperature_45c,temperature-45c-v1,blast-lite-lfp-gr-250ah-prismatic-2019-v1,blast-lite-b093495-250ah-prismatic-v1,PHYSICS_REFERENCE,NEAR_BOUNDARY,8.666666666666666,2600.0,2383.9011606858303,0.8613399742446598
temperature_45c,temperature-45c-v1,blast-lite-lfp-gr-250ah-prismatic-2019-v1,blast-lite-b093495-250ah-prismatic-v1,PHYSICS_REFERENCE,NEAR_BOUNDARY,8.75,2625.0,2405.4346600419467,0.8604727746870551
temperature_45c,temperature-45c-v1,blast-lite-lfp-gr-250ah-prismatic-2019-v1,blast-lite-b093495-250ah-prismatic-v1,PHYSICS_REFERENCE,NEAR_BOUNDARY,8.833333333333334,2650.0,2426.946479409123,0.8596087012246931
temperature_45c,temperature-45c-v1,blast-lite-lfp-gr-250ah-prismatic-2019-v1,blast-lite-b093495-250ah-prismatic-v1,PHYSICS_REFERENCE,NEAR_BOUNDARY,8.916666666666666,2675.0,2448.4366969397406,0.8587477187398458
temperature_45c,temperature-45c-v1,blast-lite-lfp-gr-250ah-prismatic-2019-v1,blast-lite-b093495-250ah-prismatic-v1,PHYSICS_REFERENCE,NEAR_BOUNDARY,9.0,2700.0,2469.905389908237,0.8578897928503035
temperature_45c,temperature-45c-v1,blast-lite-lfp-gr-250ah-prismatic-2019-v1,blast-lite-b093495-250ah-prismatic-v1,PHYSICS_REFERENCE,NEAR_BOUNDARY,9.083333333333334,2725.0,2491.3526347294946,0.8570348898869978
temperature_45c,temperature-45c-v1,blast-lite-lfp-gr-250ah-prismatic-2019-v1,blast-lite-b093495-250ah-prismatic-v1,PHYSICS_REFERENCE,NEAR_BOUNDARY,9.166666666666666,2750.0,2512.7785069766696,0.8561829768725076
temperature_45c,temperature-45c-v1,blast-lite-lfp-gr-250ah-prismatic-2019-v1,blast-lite-b093495-250ah-prismatic-v1,PHYSICS_REFERENCE,NEAR_BOUNDARY,9.25,2775.0,2534.1830813984825,0.855334021500409
temperature_45c,temperature-45c-v1,blast-lite-lfp-gr-250ah-prismatic-2019-v1,blast-lite-b093495-250ah-prismatic-v1,PHYSICS_REFERENCE,NEAR_BOUNDARY,9.333333333333334,2800.0,2555.5664319359926,0.8544879921154261
temperature_45c,temperature-45c-v1,blast-lite-lfp-gr-250ah-prismatic-2019-v1,blast-lite-b093495-250ah-prismatic-v1,PHYSICS_REFERENCE,NEAR_BOUNDARY,9.416666666666666,2825.0,2576.9286317388783,0.8536448576943445
temperature_45c,temperature-45c-v1,blast-lite-lfp-gr-250ah-prismatic-2019-v1,blast-lite-b093495-250ah-prismatic-v1,PHYSICS_REFERENCE,NEAR_BOUNDARY,9.5,2850.0,2598.269753181237,0.8528045878276538
temperature_45c,temperature-45c-v1,blast-lite-lfp-gr-250ah-prismatic-2019-v1,blast-lite-b093495-250ah-prismatic-v1,PHYSICS_REFERENCE,NEAR_BOUNDARY,9.583333333333334,2875.0,2619.589867876928,0.8519671527018828
temperature_45c,temperature-45c-v1,blast-lite-lfp-gr-250ah-prismatic-2019-v1,blast-lite-b093495-250ah-prismatic-v1,PHYSICS_REFERENCE,NEAR_BOUNDARY,9.666666666666666,2900.0,2640.8890466944754,0.8511325230825962
temperature_45c,temperature-45c-v1,blast-lite-lfp-gr-250ah-prismatic-2019-v1,blast-lite-b093495-250ah-prismatic-v1,PHYSICS_REFERENCE,NEAR_BOUNDARY,9.75,2925.0,2662.1673597715403,0.8503006702980234
temperature_45c,temperature-45c-v1,blast-lite-lfp-gr-250ah-prismatic-2019-v1,blast-lite-b093495-250ah-prismatic-v1,PHYSICS_REFERENCE,NEAR_BOUNDARY,9.833333333333334,2950.0,2683.424876528991,0.8494715662232879
temperature_45c,temperature-45c-v1,blast-lite-lfp-gr-250ah-prismatic-2019-v1,blast-lite-b093495-250ah-prismatic-v1,PHYSICS_REFERENCE,NEAR_BOUNDARY,9.916666666666666,2975.0,2704.661665684573,0.8486451832652141
temperature_45c,temperature-45c-v1,blast-lite-lfp-gr-250ah-prismatic-2019-v1,blast-lite-b093495-250ah-prismatic-v1,PHYSICS_REFERENCE,NEAR_BOUNDARY,10.0,3000.0,2725.8777952662035,0.8478214943476822
temperature_45c,temperature-45c-v1,blast-lite-lfp-gr-250ah-prismatic-2019-v1,blast-lite-b093495-250ah-prismatic-v1,PHYSICS_REFERENCE,NEAR_BOUNDARY,10.083333333333334,3025.0,2747.0733326248956,0.8470004728975089
temperature_45c,temperature-45c-v1,blast-lite-lfp-gr-250ah-prismatic-2019-v1,blast-lite-b093495-250ah-prismatic-v1,PHYSICS_REFERENCE,NEAR_BOUNDARY,10.166666666666666,3050.0,2768.2483444473332,0.8461820928308299
temperature_45c,temperature-45c-v1,blast-lite-lfp-gr-250ah-prismatic-2019-v1,blast-lite-b093495-250ah-prismatic-v1,PHYSICS_REFERENCE,NEAR_BOUNDARY,10.25,3075.0,2789.402896768104,0.8453663285399633
temperature_45c,temperature-45c-v1,blast-lite-lfp-gr-250ah-prismatic-2019-v1,blast-lite-b093495-250ah-prismatic-v1,PHYSICS_REFERENCE,NEAR_BOUNDARY,10.333333333333334,3100.0,2810.537054981603,0.8445531548807318
temperature_45c,temperature-45c-v1,blast-lite-lfp-gr-250ah-prismatic-2019-v1,blast-lite-b093495-250ah-prismatic-v1,PHYSICS_REFERENCE,NEAR_BOUNDARY,10.416666666666666,3125.0,2831.650883853621,0.8437425471602243
temperature_45c,temperature-45c-v1,blast-lite-lfp-gr-250ah-prismatic-2019-v1,blast-lite-b093495-250ah-prismatic-v1,PHYSICS_REFERENCE,NEAR_BOUNDARY,10.5,3150.0,2852.7444475326265,0.8429344811249802
temperature_45c,temperature-45c-v1,blast-lite-lfp-gr-250ah-prismatic-2019-v1,blast-lite-b093495-250ah-prismatic-v1,PHYSICS_REFERENCE,NEAR_BOUNDARY,10.583333333333334,3175.0,2873.817809560751,0.8421289329495747
temperature_45c,temperature-45c-v1,blast-lite-lfp-gr-250ah-prismatic-2019-v1,blast-lite-b093495-250ah-prismatic-v1,PHYSICS_REFERENCE,NEAR_BOUNDARY,10.666666666666666,3200.0,2894.8710328844904,0.8413258792255928
temperature_45c,temperature-45c-v1,blast-lite-lfp-gr-250ah-prismatic-2019-v1,blast-lite-b093495-250ah-prismatic-v1,PHYSICS_REFERENCE,NEAR_BOUNDARY,10.75,3225.0,2915.90417986513,0.8405252969509722
temperature_45c,temperature-45c-v1,blast-lite-lfp-gr-250ah-prismatic-2019-v1,blast-lite-b093495-250ah-prismatic-v1,PHYSICS_REFERENCE,NEAR_BOUNDARY,10.833333333333334,3250.0,2936.917312288904,0.8397271635197012
temperature_45c,temperature-45c-v1,blast-lite-lfp-gr-250ah-prismatic-2019-v1,blast-lite-b093495-250ah-prismatic-v1,PHYSICS_REFERENCE,NEAR_BOUNDARY,10.916666666666666,3275.0,2957.9104913768965,0.8389314567118582
temperature_45c,temperature-45c-v1,blast-lite-lfp-gr-250ah-prismatic-2019-v1,blast-lite-b093495-250ah-prismatic-v1,PHYSICS_REFERENCE,NEAR_BOUNDARY,11.0,3300.0,2978.883777794693,0.8381381546839775
temperature_45c,temperature-45c-v1,blast-lite-lfp-gr-250ah-prismatic-2019-v1,blast-lite-b093495-250ah-prismatic-v1,PHYSICS_REFERENCE,NEAR_BOUNDARY,11.083333333333334,3325.0,2999.8372316617924,0.837347235959728
temperature_45c,temperature-45c-v1,blast-lite-lfp-gr-250ah-prismatic-2019-v1,blast-lite-b093495-250ah-prismatic-v1,PHYSICS_REFERENCE,NEAR_BOUNDARY,11.166666666666666,3350.0,3020.7709125607857,0.8365586794208946
temperature_45c,temperature-45c-v1,blast-lite-lfp-gr-250ah-prismatic-2019-v1,blast-lite-b093495-250ah-prismatic-v1,PHYSICS_REFERENCE,NEAR_BOUNDARY,11.25,3375.0,3041.684879546308,0.8357724642986465
temperature_45c,temperature-45c-v1,blast-lite-lfp-gr-250ah-prismatic-2019-v1,blast-lite-b093495-250ah-prismatic-v1,PHYSICS_REFERENCE,NEAR_BOUNDARY,11.333333333333334,3400.0,3062.579191153774,0.8349885701650859
temperature_45c,temperature-45c-v1,blast-lite-lfp-gr-250ah-prismatic-2019-v1,blast-lite-b093495-250ah-prismatic-v1,PHYSICS_REFERENCE,NEAR_BOUNDARY,11.416666666666666,3425.0,3083.453905407901,0.8342069769250613
temperature_45c,temperature-45c-v1,blast-lite-lfp-gr-250ah-prismatic-2019-v1,blast-lite-b093495-250ah-prismatic-v1,PHYSICS_REFERENCE,NEAR_BOUNDARY,11.5,3450.0,3104.3090798310277,0.8334276648082386
temperature_45c,temperature-45c-v1,blast-lite-lfp-gr-250ah-prismatic-2019-v1,blast-lite-b093495-250ah-prismatic-v1,PHYSICS_REFERENCE,NEAR_BOUNDARY,11.583333333333334,3475.0,3125.1447714512337,0.8326506143614186
temperature_45c,temperature-45c-v1,blast-lite-lfp-gr-250ah-prismatic-2019-v1,blast-lite-b093495-250ah-prismatic-v1,PHYSICS_REFERENCE,NEAR_BOUNDARY,11.666666666666666,3500.0,3145.961036810269,0.8318758064410919
temperature_45c,temperature-45c-v1,blast-lite-lfp-gr-250ah-prismatic-2019-v1,blast-lite-b093495-250ah-prismatic-v1,PHYSICS_REFERENCE,NEAR_BOUNDARY,11.75,3525.0,3166.7579319712963,0.8311032222062219
temperature_45c,temperature-45c-v1,blast-lite-lfp-gr-250ah-prismatic-2019-v1,blast-lite-b093495-250ah-prismatic-v1,PHYSICS_REFERENCE,NEAR_BOUNDARY,11.833333333333334,3550.0,3187.535512526452,0.8303328431112472
temperature_45c,temperature-45c-v1,blast-lite-lfp-gr-250ah-prismatic-2019-v1,blast-lite-b093495-250ah-prismatic-v1,PHYSICS_REFERENCE,NEAR_BOUNDARY,11.916666666666666,3575.0,3208.293833604233,0.8295646508992964
temperature_45c,temperature-45c-v1,blast-lite-lfp-gr-250ah-prismatic-2019-v1,blast-lite-b093495-250ah-prismatic-v1,PHYSICS_REFERENCE,NEAR_BOUNDARY,12.0,3600.0,3229.0329498767155,0.8287986275956055
temperature_45c,temperature-45c-v1,blast-lite-lfp-gr-250ah-prismatic-2019-v1,blast-lite-b093495-250ah-prismatic-v1,PHYSICS_REFERENCE,NEAR_BOUNDARY,12.083333333333334,3625.0,3249.7529155666057,0.8280347555011316
temperature_45c,temperature-45c-v1,blast-lite-lfp-gr-250ah-prismatic-2019-v1,blast-lite-b093495-250ah-prismatic-v1,PHYSICS_REFERENCE,NEAR_BOUNDARY,12.166666666666666,3650.0,3270.453784454134,0.8272730171863564
temperature_45c,temperature-45c-v1,blast-lite-lfp-gr-250ah-prismatic-2019-v1,blast-lite-b093495-250ah-prismatic-v1,PHYSICS_REFERENCE,NEAR_BOUNDARY,12.25,3675.0,3291.135609883793,0.8265133954852699
temperature_45c,temperature-45c-v1,blast-lite-lfp-gr-250ah-prismatic-2019-v1,blast-lite-b093495-250ah-prismatic-v1,PHYSICS_REFERENCE,NEAR_BOUNDARY,12.333333333333334,3700.0,3311.798444770925,0.8257558734895325
temperature_45c,temperature-45c-v1,blast-lite-lfp-gr-250ah-prismatic-2019-v1,blast-lite-b093495-250ah-prismatic-v1,PHYSICS_REFERENCE,NEAR_BOUNDARY,12.416666666666666,3725.0,3332.442341608163,0.8250004345428026
temperature_45c,temperature-45c-v1,blast-lite-lfp-gr-250ah-prismatic-2019-v1,blast-lite-b093495-250ah-prismatic-v1,PHYSICS_REFERENCE,NEAR_BOUNDARY,12.5,3750.0,3353.067352471733,0.8242470622352311
temperature_45c,temperature-45c-v1,blast-lite-lfp-gr-250ah-prismatic-2019-v1,blast-lite-b093495-250ah-prismatic-v1,PHYSICS_REFERENCE,NEAR_BOUNDARY,12.583333333333334,3775.0,3373.6735290276138,0.8234957403981102
temperature_45c,temperature-45c-v1,blast-lite-lfp-gr-250ah-prismatic-2019-v1,blast-lite-b093495-250ah-prismatic-v1,PHYSICS_REFERENCE,NEAR_BOUNDARY,12.666666666666666,3800.0,3394.2609225375663,0.8227464530986759
temperature_45c,temperature-45c-v1,blast-lite-lfp-gr-250ah-prismatic-2019-v1,blast-lite-b093495-250ah-prismatic-v1,PHYSICS_REFERENCE,NEAR_BOUNDARY,12.75,3825.0,3414.8295838650333,0.8219991846350565
temperature_45c,temperature-45c-v1,blast-lite-lfp-gr-250ah-prismatic-2019-v1,blast-lite-b093495-250ah-prismatic-v1,PHYSICS_REFERENCE,NEAR_BOUNDARY,12.833333333333334,3850.0,3435.37956348091,0.8212539195313631
temperature_45c,temperature-45c-v1,blast-lite-lfp-gr-250ah-prismatic-2019-v1,blast-lite-b093495-250ah-prismatic-v1,PHYSICS_REFERENCE,NEAR_BOUNDARY,12.916666666666666,3875.0,3455.9109114691937,0.820510642532915
temperature_45c,temperature-45c-v1,blast-lite-lfp-gr-250ah-prismatic-2019-v1,blast-lite-b093495-250ah-prismatic-v1,PHYSICS_REFERENCE,NEAR_BOUNDARY,13.0,3900.0,3476.4236775325166,0.8197693386015996
temperature_45c,temperature-45c-v1,blast-lite-lfp-gr-250ah-prismatic-2019-v1,blast-lite-b093495-250ah-prismatic-v1,PHYSICS_REFERENCE,NEAR_BOUNDARY,13.083333333333334,3925.0,3496.9179109975566,0.8190299929113576
temperature_45c,temperature-45c-v1,blast-lite-lfp-gr-250ah-prismatic-2019-v1,blast-lite-b093495-250ah-prismatic-v1,PHYSICS_REFERENCE,NEAR_BOUNDARY,13.166666666666666,3950.0,3517.3936608203408,0.8182925908437928
temperature_45c,temperature-45c-v1,blast-lite-lfp-gr-250ah-prismatic-2019-v1,blast-lite-b093495-250ah-prismatic-v1,PHYSICS_REFERENCE,NEAR_BOUNDARY,13.25,3975.0,3537.8509755914356,0.8175571179838994
temperature_45c,temperature-45c-v1,blast-lite-lfp-gr-250ah-prismatic-2019-v1,blast-lite-b093495-250ah-prismatic-v1,PHYSICS_REFERENCE,NEAR_BOUNDARY,13.333333333333334,4000.0,3558.2899035410333,0.8168235601159061
temperature_45c,temperature-45c-v1,blast-lite-lfp-gr-250ah-prismatic-2019-v1,blast-lite-b093495-250ah-prismatic-v1,PHYSICS_REFERENCE,NEAR_BOUNDARY,13.416666666666666,4025.0,3578.7104925439307,0.8160919032192301
temperature_45c,temperature-45c-v1,blast-lite-lfp-gr-250ah-prismatic-2019-v1,blast-lite-b093495-250ah-prismatic-v1,PHYSICS_REFERENCE,NEAR_BOUNDARY,13.5,4050.0,3599.1127901244113,0.8153621334645393
temperature_45c,temperature-45c-v1,blast-lite-lfp-gr-250ah-prismatic-2019-v1,blast-lite-b093495-250ah-prismatic-v1,PHYSICS_REFERENCE,NEAR_BOUNDARY,13.583333333333334,4075.0,3619.4968434610246,0.8146342372099182
temperature_45c,temperature-45c-v1,blast-lite-lfp-gr-250ah-prismatic-2019-v1,blast-lite-b093495-250ah-prismatic-v1,PHYSICS_REFERENCE,NEAR_BOUNDARY,13.666666666666666,4100.0,3639.8626993912726,0.813908200997135
temperature_45c,temperature-45c-v1,blast-lite-lfp-gr-250ah-prismatic-2019-v1,blast-lite-b093495-250ah-prismatic-v1,PHYSICS_REFERENCE,NEAR_BOUNDARY,13.75,4125.0,3660.210404416201,0.8131840115480053
temperature_45c,temperature-45c-v1,blast-lite-lfp-gr-250ah-prismatic-2019-v1,blast-lite-b093495-250ah-prismatic-v1,PHYSICS_REFERENCE,NEAR_BOUNDARY,13.833333333333334,4150.0,3680.540004704901,0.8124616557608509
temperature_45c,temperature-45c-v1,blast-lite-lfp-gr-250ah-prismatic-2019-v1,blast-lite-b093495-250ah-prismatic-v1,PHYSICS_REFERENCE,NEAR_BOUNDARY,13.916666666666666,4175.0,3700.8515460989224,0.8117411207070497
temperature_45c,temperature-45c-v1,blast-lite-lfp-gr-250ah-prismatic-2019-v1,blast-lite-b093495-250ah-prismatic-v1,PHYSICS_REFERENCE,NEAR_BOUNDARY,14.0,4200.0,3721.1450741165986,0.8110223936276731
temperature_45c,temperature-45c-v1,blast-lite-lfp-gr-250ah-prismatic-2019-v1,blast-lite-b093495-250ah-prismatic-v1,PHYSICS_REFERENCE,NEAR_BOUNDARY,14.083333333333334,4225.0,3741.4206339572906,0.8103054619302106
temperature_45c,temperature-45c-v1,blast-lite-lfp-gr-250ah-prismatic-2019-v1,blast-lite-b093495-250ah-prismatic-v1,PHYSICS_REFERENCE,NEAR_BOUNDARY,14.166666666666666,4250.0,3761.6782705055457,0.8095903131853757
temperature_45c,temperature-45c-v1,blast-lite-lfp-gr-250ah-prismatic-2019-v1,blast-lite-b093495-250ah-prismatic-v1,PHYSICS_REFERENCE,NEAR_BOUNDARY,14.25,4275.0,3781.91802833518,0.8088769351239931
temperature_45c,temperature-45c-v1,blast-lite-lfp-gr-250ah-prismatic-2019-v1,blast-lite-b093495-250ah-prismatic-v1,PHYSICS_REFERENCE,NEAR_BOUNDARY,14.333333333333334,4300.0,3802.13995171328,0.8081653156339635
temperature_45c,temperature-45c-v1,blast-lite-lfp-gr-250ah-prismatic-2019-v1,blast-lite-b093495-250ah-prismatic-v1,PHYSICS_REFERENCE,NEAR_BOUNDARY,14.416666666666666,4325.0,3822.344084604129,0.8074554427573042
temperature_45c,temperature-45c-v1,blast-lite-lfp-gr-250ah-prismatic-2019-v1,blast-lite-b093495-250ah-prismatic-v1,PHYSICS_REFERENCE,NEAR_BOUNDARY,14.5,4350.0,3842.5304706730617,0.8067473046872617
temperature_45c,temperature-45c-v1,blast-lite-lfp-gr-250ah-prismatic-2019-v1,blast-lite-b093495-250ah-prismatic-v1,PHYSICS_REFERENCE,NEAR_BOUNDARY,14.583333333333334,4375.0,3862.6991532902434,0.8060408897654965
temperature_45c,temperature-45c-v1,blast-lite-lfp-gr-250ah-prismatic-2019-v1,blast-lite-b093495-250ah-prismatic-v1,PHYSICS_REFERENCE,NEAR_BOUNDARY,14.666666666666666,4400.0,3882.850175534381,0.8053361864793359
temperature_45c,temperature-45c-v1,blast-lite-lfp-gr-250ah-prismatic-2019-v1,blast-lite-b093495-250ah-prismatic-v1,PHYSICS_REFERENCE,NEAR_BOUNDARY,14.75,4425.0,3902.9835801963645,0.8046331834590942
temperature_45c,temperature-45c-v1,blast-lite-lfp-gr-250ah-prismatic-2019-v1,blast-lite-b093495-250ah-prismatic-v1,PHYSICS_REFERENCE,NEAR_BOUNDARY,14.833333333333334,4450.0,3923.099409782842,0.8039318694754563
temperature_45c,temperature-45c-v1,blast-lite-lfp-gr-250ah-prismatic-2019-v1,blast-lite-b093495-250ah-prismatic-v1,PHYSICS_REFERENCE,NEAR_BOUNDARY,14.916666666666666,4475.0,3943.1977065197284,0.8032322334369256
temperature_45c,temperature-45c-v1,blast-lite-lfp-gr-250ah-prismatic-2019-v1,blast-lite-b093495-250ah-prismatic-v1,PHYSICS_REFERENCE,NEAR_BOUNDARY,15.0,4500.0,3963.2785123556514,0.8025342643873316
temperature_45c,temperature-45c-v1,blast-lite-lfp-gr-250ah-prismatic-2019-v1,blast-lite-b093495-250ah-prismatic-v1,PHYSICS_REFERENCE,NEAR_BOUNDARY,15.083333333333334,4525.0,3983.3418689653345,0.8018379515033977
temperature_45c,temperature-45c-v1,blast-lite-lfp-gr-250ah-prismatic-2019-v1,blast-lite-b093495-250ah-prismatic-v1,PHYSICS_REFERENCE,NEAR_BOUNDARY,15.166666666666666,4550.0,4003.3878177529195,0.8011432840923652
temperature_45c,temperature-45c-v1,blast-lite-lfp-gr-250ah-prismatic-2019-v1,blast-lite-b093495-250ah-prismatic-v1,PHYSICS_REFERENCE,NEAR_BOUNDARY,15.25,4575.0,4023.4163998552285,0.8004502515896748
temperature_45c,temperature-45c-v1,blast-lite-lfp-gr-250ah-prismatic-2019-v1,blast-lite-b093495-250ah-prismatic-v1,PHYSICS_REFERENCE,NEAR_BOUNDARY,15.333333333333334,4600.0,4043.4276561449706,0.7997588435566992
temperature_45c,temperature-45c-v1,blast-lite-lfp-gr-250ah-prismatic-2019-v1,blast-lite-b093495-250ah-prismatic-v1,PHYSICS_REFERENCE,NEAR_BOUNDARY,15.416666666666666,4625.0,4063.421627233888,0.7990690496785321
temperature_45c,temperature-45c-v1,blast-lite-lfp-gr-250ah-prismatic-2019-v1,blast-lite-b093495-250ah-prismatic-v1,PHYSICS_REFERENCE,NEAR_BOUNDARY,15.5,4650.0,4083.3983534758513,0.7983808597618252
temperature_45c,temperature-45c-v1,blast-lite-lfp-gr-250ah-prismatic-2019-v1,blast-lite-b093495-250ah-prismatic-v1,PHYSICS_REFERENCE,NEAR_BOUNDARY,15.583333333333334,4675.0,4103.357874969897,0.7976942637326759
temperature_45c,temperature-45c-v1,blast-lite-lfp-gr-250ah-prismatic-2019-v1,blast-lite-b093495-250ah-prismatic-v1,PHYSICS_REFERENCE,NEAR_BOUNDARY,15.666666666666666,4700.0,4123.300231563214,0.7970092516345642
temperature_45c,temperature-45c-v1,blast-lite-lfp-gr-250ah-prismatic-2019-v1,blast-lite-b093495-250ah-prismatic-v1,PHYSICS_REFERENCE,NEAR_BOUNDARY,15.75,4725.0,4143.225462854078,0.7963258136263341
temperature_45c,temperature-45c-v1,blast-lite-lfp-gr-250ah-prismatic-2019-v1,blast-lite-b093495-250ah-prismatic-v1,PHYSICS_REFERENCE,NEAR_BOUNDARY,15.833333333333334,4750.0,4163.133608194736,0.7956439399802229
temperature_45c,temperature-45c-v1,blast-lite-lfp-gr-250ah-prismatic-2019-v1,blast-lite-b093495-250ah-prismatic-v1,PHYSICS_REFERENCE,NEAR_BOUNDARY,15.916666666666666,4775.0,4183.024706694241,0.7949636210799335
temperature_45c,temperature-45c-v1,blast-lite-lfp-gr-250ah-prismatic-2019-v1,blast-lite-b093495-250ah-prismatic-v1,PHYSICS_REFERENCE,NEAR_BOUNDARY,16.0,4800.0,4202.89879722124,0.7942848474187498
temperature_45c,temperature-45c-v1,blast-lite-lfp-gr-250ah-prismatic-2019-v1,blast-lite-b093495-250ah-prismatic-v1,PHYSICS_REFERENCE,NEAR_BOUNDARY,16.083333333333332,4825.0,4222.755918406709,0.7936076095976944
temperature_45c,temperature-45c-v1,blast-lite-lfp-gr-250ah-prismatic-2019-v1,blast-lite-b093495-250ah-prismatic-v1,PHYSICS_REFERENCE,NEAR_BOUNDARY,16.166666666666668,4850.0,4242.596108646651,0.7929318983237268
temperature_45c,temperature-45c-v1,blast-lite-lfp-gr-250ah-prismatic-2019-v1,blast-lite-b093495-250ah-prismatic-v1,PHYSICS_REFERENCE,NEAR_BOUNDARY,16.25,4875.0,4262.419406104745,0.7922577044079812
temperature_45c,temperature-45c-v1,blast-lite-lfp-gr-250ah-prismatic-2019-v1,blast-lite-b093495-250ah-prismatic-v1,PHYSICS_REFERENCE,NEAR_BOUNDARY,16.333333333333332,4900.0,4282.225848714944,0.7915850187640423
temperature_45c,temperature-45c-v1,blast-lite-lfp-gr-250ah-prismatic-2019-v1,blast-lite-b093495-250ah-prismatic-v1,PHYSICS_REFERENCE,NEAR_BOUNDARY,16.416666666666668,4925.0,4302.015474184045,0.79091383240626
temperature_45c,temperature-45c-v1,blast-lite-lfp-gr-250ah-prismatic-2019-v1,blast-lite-b093495-250ah-prismatic-v1,PHYSICS_REFERENCE,NEAR_BOUNDARY,16.5,4950.0,4321.788319994202,0.790244136448099
temperature_45c,temperature-45c-v1,blast-lite-lfp-gr-250ah-prismatic-2019-v1,blast-lite-b093495-250ah-prismatic-v1,PHYSICS_REFERENCE,NEAR_BOUNDARY,16.583333333333332,4975.0,4341.544423405404,0.7895759221005247
temperature_45c,temperature-45c-v1,blast-lite-lfp-gr-250ah-prismatic-2019-v1,blast-lite-b093495-250ah-prismatic-v1,PHYSICS_REFERENCE,NEAR_BOUNDARY,16.666666666666668,5000.0,4361.283821457917,0.7889091806704241
temperature_45c,temperature-45c-v1,blast-lite-lfp-gr-250ah-prismatic-2019-v1,blast-lite-b093495-250ah-prismatic-v1,PHYSICS_REFERENCE,NEAR_BOUNDARY,16.75,5025.0,4381.006550974677,0.7882439035590589
temperature_45c,temperature-45c-v1,blast-lite-lfp-gr-250ah-prismatic-2019-v1,blast-lite-b093495-250ah-prismatic-v1,PHYSICS_REFERENCE,NEAR_BOUNDARY,16.833333333333332,5050.0,4400.712648563654,0.787580082260553
temperature_45c,temperature-45c-v1,blast-lite-lfp-gr-250ah-prismatic-2019-v1,blast-lite-b093495-250ah-prismatic-v1,PHYSICS_REFERENCE,NEAR_BOUNDARY,16.916666666666668,5075.0,4420.402150620167,0.7869177083604109
temperature_45c,temperature-45c-v1,blast-lite-lfp-gr-250ah-prismatic-2019-v1,blast-lite-b093495-250ah-prismatic-v1,PHYSICS_REFERENCE,NEAR_BOUNDARY,17.0,5100.0,4440.075093329177,0.7862567735340672
temperature_45c,temperature-45c-v1,blast-lite-lfp-gr-250ah-prismatic-2019-v1,blast-lite-b093495-250ah-prismatic-v1,PHYSICS_REFERENCE,NEAR_BOUNDARY,17.083333333333332,5125.0,4459.731512667529,0.7855972695454677
temperature_45c,temperature-45c-v1,blast-lite-lfp-gr-250ah-prismatic-2019-v1,blast-lite-b093495-250ah-prismatic-v1,PHYSICS_REFERENCE,NEAR_BOUNDARY,17.166666666666668,5150.0,4479.371444406166,0.784939188245678
temperature_45c,temperature-45c-v1,blast-lite-lfp-gr-250ah-prismatic-2019-v1,blast-lite-b093495-250ah-prismatic-v1,PHYSICS_REFERENCE,NEAR_BOUNDARY,17.25,5175.0,4498.994924112308,0.7842825215715212
temperature_45c,temperature-45c-v1,blast-lite-lfp-gr-250ah-prismatic-2019-v1,blast-lite-b093495-250ah-prismatic-v1,PHYSICS_REFERENCE,NEAR_BOUNDARY,17.333333333333332,5200.0,4518.6019871515955,0.7836272615442461
temperature_45c,temperature-45c-v1,blast-lite-lfp-gr-250ah-prismatic-2019-v1,blast-lite-b093495-250ah-prismatic-v1,PHYSICS_REFERENCE,NEAR_BOUNDARY,17.416666666666668,5225.0,4538.192668690202,0.782973400268219
temperature_45c,temperature-45c-v1,blast-lite-lfp-gr-250ah-prismatic-2019-v1,blast-lite-b093495-250ah-prismatic-v1,PHYSICS_REFERENCE,NEAR_BOUNDARY,17.5,5250.0,4557.767003696907,0.7823209299296449
temperature_45c,temperature-45c-v1,blast-lite-lfp-gr-250ah-prismatic-2019-v1,blast-lite-b093495-250ah-prismatic-v1,PHYSICS_REFERENCE,NEAR_BOUNDARY,17.583333333333332,5275.0,4577.325026945147,0.781669842795313
temperature_45c,temperature-45c-v1,blast-lite-lfp-gr-250ah-prismatic-2019-v1,blast-lite-b093495-250ah-prismatic-v1,PHYSICS_REFERENCE,NEAR_BOUNDARY,17.666666666666668,5300.0,4596.86677301503,0.7810201312113687
temperature_45c,temperature-45c-v1,blast-lite-lfp-gr-250ah-prismatic-2019-v1,blast-lite-b093495-250ah-prismatic-v1,PHYSICS_REFERENCE,NEAR_BOUNDARY,17.75,5325.0,4616.392276295314,0.7803717876021093
temperature_45c,temperature-45c-v1,blast-lite-lfp-gr-250ah-prismatic-2019-v1,blast-lite-b093495-250ah-prismatic-v1,PHYSICS_REFERENCE,NEAR_BOUNDARY,17.833333333333332,5350.0,4635.9015709853675,0.7797248044688042
temperature_45c,temperature-45c-v1,blast-lite-lfp-gr-250ah-prismatic-2019-v1,blast-lite-b093495-250ah-prismatic-v1,PHYSICS_REFERENCE,NEAR_BOUNDARY,17.916666666666668,5375.0,4655.394691097087,0.7790791743885381
temperature_45c,temperature-45c-v1,blast-lite-lfp-gr-250ah-prismatic-2019-v1,blast-lite-b093495-250ah-prismatic-v1,PHYSICS_REFERENCE,NEAR_BOUNDARY,18.0,5400.0,4674.8716704568005,0.7784348900130785
temperature_45c,temperature-45c-v1,blast-lite-lfp-gr-250ah-prismatic-2019-v1,blast-lite-b093495-250ah-prismatic-v1,PHYSICS_REFERENCE,NEAR_BOUNDARY,18.083333333333332,5425.0,4694.332542707128,0.7777919440677633
temperature_45c,temperature-45c-v1,blast-lite-lfp-gr-250ah-prismatic-2019-v1,blast-lite-b093495-250ah-prismatic-v1,PHYSICS_REFERENCE,NEAR_BOUNDARY,18.166666666666668,5450.0,4713.777341308822,0.777150329350412
temperature_45c,temperature-45c-v1,blast-lite-lfp-gr-250ah-prismatic-2019-v1,blast-lite-b093495-250ah-prismatic-v1,PHYSICS_REFERENCE,NEAR_BOUNDARY,18.25,5475.0,4733.206099542582,0.7765100387302573
temperature_45c,temperature-45c-v1,blast-lite-lfp-gr-250ah-prismatic-2019-v1,blast-lite-b093495-250ah-prismatic-v1,PHYSICS_REFERENCE,NEAR_BOUNDARY,18.333333333333332,5500.0,4752.6188505108385,0.7758710651468975
temperature_45c,temperature-45c-v1,blast-lite-lfp-gr-250ah-prismatic-2019-v1,blast-lite-b093495-250ah-prismatic-v1,PHYSICS_REFERENCE,NEAR_BOUNDARY,18.416666666666668,5525.0,4772.015627139511,0.7752334016092698
temperature_45c,temperature-45c-v1,blast-lite-lfp-gr-250ah-prismatic-2019-v1,blast-lite-b093495-250ah-prismatic-v1,PHYSICS_REFERENCE,NEAR_BOUNDARY,18.5,5550.0,4791.396462179742,0.7745970411946422
temperature_45c,temperature-45c-v1,blast-lite-lfp-gr-250ah-prismatic-2019-v1,blast-lite-b093495-250ah-prismatic-v1,PHYSICS_REFERENCE,NEAR_BOUNDARY,18.583333333333332,5575.0,4810.761388209608,0.7739619770476256
temperature_45c,temperature-45c-v1,blast-lite-lfp-gr-250ah-prismatic-2019-v1,blast-lite-b093495-250ah-prismatic-v1,PHYSICS_REFERENCE,NEAR_BOUNDARY,18.666666666666668,5600.0,4830.110437635799,0.7733282023792043
temperature_45c,temperature-45c-v1,blast-lite-lfp-gr-250ah-prismatic-2019-v1,blast-lite-b093495-250ah-prismatic-v1,PHYSICS_REFERENCE,NEAR_BOUNDARY,18.75,5625.0,4849.443642695279,0.7726957104657854
temperature_45c,temperature-45c-v1,blast-lite-lfp-gr-250ah-prismatic-2019-v1,blast-lite-b093495-250ah-prismatic-v1,PHYSICS_REFERENCE,NEAR_BOUNDARY,18.833333333333332,5650.0,4868.761035456923,0.7720644946482653
temperature_45c,temperature-45c-v1,blast-lite-lfp-gr-250ah-prismatic-2019-v1,blast-lite-b093495-250ah-prismatic-v1,PHYSICS_REFERENCE,NEAR_BOUNDARY,18.916666666666668,5675.0,4888.06264782313,0.7714345483311144
temperature_45c,temperature-45c-v1,blast-lite-lfp-gr-250ah-prismatic-2019-v1,blast-lite-b093495-250ah-prismatic-v1,PHYSICS_REFERENCE,NEAR_BOUNDARY,19.0,5700.0,4907.348511531408,0.770805864981479
temperature_45c,temperature-45c-v1,blast-lite-lfp-gr-250ah-prismatic-2019-v1,blast-lite-b093495-250ah-prismatic-v1,PHYSICS_REFERENCE,NEAR_BOUNDARY,19.083333333333332,5725.0,4926.618658155945,0.7701784381282993
temperature_45c,temperature-45c-v1,blast-lite-lfp-gr-250ah-prismatic-2019-v1,blast-lite-b093495-250ah-prismatic-v1,PHYSICS_REFERENCE,NEAR_BOUNDARY,19.166666666666668,5750.0,4945.873119109153,0.7695522613614445
temperature_45c,temperature-45c-v1,blast-lite-lfp-gr-250ah-prismatic-2019-v1,blast-lite-b093495-250ah-prismatic-v1,PHYSICS_REFERENCE,NEAR_BOUNDARY,19.25,5775.0,4965.111925643189,0.7689273283308633
temperature_45c,temperature-45c-v1,blast-lite-lfp-gr-250ah-prismatic-2019-v1,blast-lite-b093495-250ah-prismatic-v1,PHYSICS_REFERENCE,NEAR_BOUNDARY,19.333333333333332,5800.0,4984.335108851461,0.7683036327457502
temperature_45c,temperature-45c-v1,blast-lite-lfp-gr-250ah-prismatic-2019-v1,blast-lite-b093495-250ah-prismatic-v1,PHYSICS_REFERENCE,NEAR_BOUNDARY,19.416666666666668,5825.0,5003.542699670104,0.767681168373727
temperature_45c,temperature-45c-v1,blast-lite-lfp-gr-250ah-prismatic-2019-v1,blast-lite-b093495-250ah-prismatic-v1,PHYSICS_REFERENCE,NEAR_BOUNDARY,19.5,5850.0,5022.734728879447,0.7670599290400398
temperature_45c,temperature-45c-v1,blast-lite-lfp-gr-250ah-prismatic-2019-v1,blast-lite-b093495-250ah-prismatic-v1,PHYSICS_REFERENCE,NEAR_BOUNDARY,19.583333333333332,5875.0,5041.911227105448,0.766439908626769
temperature_45c,temperature-45c-v1,blast-lite-lfp-gr-250ah-prismatic-2019-v1,blast-lite-b093495-250ah-prismatic-v1,PHYSICS_REFERENCE,NEAR_BOUNDARY,19.666666666666668,5900.0,5061.072224821118,0.765821101072056
temperature_45c,temperature-45c-v1,blast-lite-lfp-gr-250ah-prismatic-2019-v1,blast-lite-b093495-250ah-prismatic-v1,PHYSICS_REFERENCE,NEAR_BOUNDARY,19.75,5925.0,5080.2177523479195,0.7652035003693411
temperature_45c,temperature-45c-v1,blast-lite-lfp-gr-250ah-prismatic-2019-v1,blast-lite-b093495-250ah-prismatic-v1,PHYSICS_REFERENCE,NEAR_BOUNDARY,19.833333333333332,5950.0,5099.347839857153,0.7645871005666174
temperature_45c,temperature-45c-v1,blast-lite-lfp-gr-250ah-prismatic-2019-v1,blast-lite-b093495-250ah-prismatic-v1,PHYSICS_REFERENCE,NEAR_BOUNDARY,19.916666666666668,5975.0,5118.462517371318,0.7639718957656962
temperature_45c,temperature-45c-v1,blast-lite-lfp-gr-250ah-prismatic-2019-v1,blast-lite-b093495-250ah-prismatic-v1,PHYSICS_REFERENCE,NEAR_BOUNDARY,20.0,6000.0,5137.56181476546,0.7633578801214866
temperature_45c,temperature-45c-v1,blast-lite-lfp-gr-250ah-prismatic-2019-v1,blast-lite-b093495-250ah-prismatic-v1,PHYSICS_REFERENCE,NEAR_BOUNDARY,20.083333333333332,6025.0,5156.645761768497,0.7627450478412874
temperature_45c,temperature-45c-v1,blast-lite-lfp-gr-250ah-prismatic-2019-v1,blast-lite-b093495-250ah-prismatic-v1,PHYSICS_REFERENCE,NEAR_BOUNDARY,20.166666666666668,6050.0,5175.714387964529,0.7621333931840913
temperature_45c,temperature-45c-v1,blast-lite-lfp-gr-250ah-prismatic-2019-v1,blast-lite-b093495-250ah-prismatic-v1,PHYSICS_REFERENCE,NEAR_BOUNDARY,20.25,6075.0,5194.767722794131,0.7615229104599018
temperature_45c,temperature-45c-v1,blast-lite-lfp-gr-250ah-prismatic-2019-v1,blast-lite-b093495-250ah-prismatic-v1,PHYSICS_REFERENCE,NEAR_BOUNDARY,20.333333333333332,6100.0,5213.805795555629,0.7609135940290612
temperature_45c,temperature-45c-v1,blast-lite-lfp-gr-250ah-prismatic-2019-v1,blast-lite-b093495-250ah-prismatic-v1,PHYSICS_REFERENCE,NEAR_BOUNDARY,20.416666666666668,6125.0,5232.828635406355,0.7603054383015916
temperature_45c,temperature-45c-v1,blast-lite-lfp-gr-250ah-prismatic-2019-v1,blast-lite-b093495-250ah-prismatic-v1,PHYSICS_REFERENCE,NEAR_BOUNDARY,20.5,6150.0,5251.836271363894,0.759698437736545
temperature_45c,temperature-45c-v1,blast-lite-lfp-gr-250ah-prismatic-2019-v1,blast-lite-b093495-250ah-prismatic-v1,PHYSICS_REFERENCE,NEAR_BOUNDARY,20.583333333333332,6175.0,5270.828732307308,0.759092586841368
temperature_45c,temperature-45c-v1,blast-lite-lfp-gr-250ah-prismatic-2019-v1,blast-lite-b093495-250ah-prismatic-v1,PHYSICS_REFERENCE,NEAR_BOUNDARY,20.666666666666668,6200.0,5289.806046978342,0.7584878801712741
temperature_45c,temperature-45c-v1,blast-lite-lfp-gr-250ah-prismatic-2019-v1,blast-lite-b093495-250ah-prismatic-v1,PHYSICS_REFERENCE,NEAR_BOUNDARY,20.75,6225.0,5308.768243982624,0.7578843123286284
temperature_45c,temperature-45c-v1,blast-lite-lfp-gr-250ah-prismatic-2019-v1,blast-lite-b093495-250ah-prismatic-v1,PHYSICS_REFERENCE,NEAR_BOUNDARY,20.833333333333332,6250.0,5327.71535179084,0.7572818779623427
temperature_45c,temperature-45c-v1,blast-lite-lfp-gr-250ah-prismatic-2019-v1,blast-lite-b093495-250ah-prismatic-v1,PHYSICS_REFERENCE,NEAR_BOUNDARY,20.916666666666668,6275.0,5346.647398739899,0.7566805717672804
temperature_45c,temperature-45c-v1,blast-lite-lfp-gr-250ah-prismatic-2019-v1,blast-lite-b093495-250ah-prismatic-v1,PHYSICS_REFERENCE,NEAR_BOUNDARY,21.0,6300.0,5365.564413034081,0.7560803884836718
temperature_45c,temperature-45c-v1,blast-lite-lfp-gr-250ah-prismatic-2019-v1,blast-lite-b093495-250ah-prismatic-v1,PHYSICS_REFERENCE,NEAR_BOUNDARY,21.083333333333332,6325.0,5384.466422746173,0.755481322896539
temperature_45c,temperature-45c-v1,blast-lite-lfp-gr-250ah-prismatic-2019-v1,blast-lite-b093495-250ah-prismatic-v1,PHYSICS_REFERENCE,NEAR_BOUNDARY,21.166666666666668,6350.0,5403.353455818586,0.7548833698351305
temperature_45c,temperature-45c-v1,blast-lite-lfp-gr-250ah-prismatic-2019-v1,blast-lite-b093495-250ah-prismatic-v1,PHYSICS_REFERENCE,NEAR_BOUNDARY,21.25,6375.0,5422.2255400644635,0.7542865241723654
temperature_45c,temperature-45c-v1,blast-lite-lfp-gr-250ah-prismatic-2019-v1,blast-lite-b093495-250ah-prismatic-v1,PHYSICS_REFERENCE,NEAR_BOUNDARY,21.333333333333332,6400.0,5441.082703168772,0.7536907808242864
temperature_45c,temperature-45c-v1,blast-lite-lfp-gr-250ah-prismatic-2019-v1,blast-lite-b093495-250ah-prismatic-v1,PHYSICS_REFERENCE,NEAR_BOUNDARY,21.416666666666668,6425.0,5459.9249726893795,0.7530961347495225
temperature_45c,temperature-45c-v1,blast-lite-lfp-gr-250ah-prismatic-2019-v1,blast-lite-b093495-250ah-prismatic-v1,PHYSICS_REFERENCE,NEAR_BOUNDARY,21.5,6450.0,5478.752376058118,0.7525025809487597
temperature_45c,temperature-45c-v1,blast-lite-lfp-gr-250ah-prismatic-2019-v1,blast-lite-b093495-250ah-prismatic-v1,PHYSICS_REFERENCE,NEAR_BOUNDARY,21.583333333333332,6475.0,5497.564940581837,0.7519101144642213
temperature_45c,temperature-45c-v1,blast-lite-lfp-gr-250ah-prismatic-2019-v1,blast-lite-b093495-250ah-prismatic-v1,PHYSICS_REFERENCE,NEAR_BOUNDARY,21.666666666666668,6500.0,5516.362693443442,0.7513187303791558
temperature_45c,temperature-45c-v1,blast-lite-lfp-gr-250ah-prismatic-2019-v1,blast-lite-b093495-250ah-prismatic-v1,PHYSICS_REFERENCE,NEAR_BOUNDARY,21.75,6525.0,5535.145661702922,0.7507284238173338
temperature_45c,temperature-45c-v1,blast-lite-lfp-gr-250ah-prismatic-2019-v1,blast-lite-b093495-250ah-prismatic-v1,PHYSICS_REFERENCE,NEAR_BOUNDARY,21.833333333333332,6550.0,5553.913872298355,0.7501391899425535
temperature_45c,temperature-45c-v1,blast-lite-lfp-gr-250ah-prismatic-2019-v1,blast-lite-b093495-250ah-prismatic-v1,PHYSICS_REFERENCE,NEAR_BOUNDARY,21.916666666666668,6575.0,5572.667352046919,0.7495510239581521
temperature_45c,temperature-45c-v1,blast-lite-lfp-gr-250ah-prismatic-2019-v1,blast-lite-b093495-250ah-prismatic-v1,PHYSICS_REFERENCE,NEAR_BOUNDARY,22.0,6600.0,5591.406127645873,0.7489639211065274
temperature_45c,temperature-45c-v1,blast-lite-lfp-gr-250ah-prismatic-2019-v1,blast-lite-b093495-250ah-prismatic-v1,PHYSICS_REFERENCE,NEAR_BOUNDARY,22.083333333333332,6625.0,5610.130225673536,0.7483778766686664
temperature_45c,temperature-45c-v1,blast-lite-lfp-gr-250ah-prismatic-2019-v1,blast-lite-b093495-250ah-prismatic-v1,PHYSICS_REFERENCE,NEAR_BOUNDARY,22.166666666666668,6650.0,5628.839672590253,0.7477928859636803
temperature_45c,temperature-45c-v1,blast-lite-lfp-gr-250ah-prismatic-2019-v1,blast-lite-b093495-250ah-prismatic-v1,PHYSICS_REFERENCE,NEAR_BOUNDARY,22.25,6675.0,5647.534494739345,0.7472089443483486
temperature_45c,temperature-45c-v1,blast-lite-lfp-gr-250ah-prismatic-2019-v1,blast-lite-b093495-250ah-prismatic-v1,PHYSICS_REFERENCE,NEAR_BOUNDARY,22.333333333333332,6700.0,5666.214718348054,0.7466260472166688
temperature_45c,temperature-45c-v1,blast-lite-lfp-gr-250ah-prismatic-2019-v1,blast-lite-b093495-250ah-prismatic-v1,PHYSICS_REFERENCE,NEAR_BOUNDARY,22.416666666666668,6725.0,5684.8803695284705,0.7460441899994149
temperature_45c,temperature-45c-v1,blast-lite-lfp-gr-250ah-prismatic-2019-v1,blast-lite-b093495-250ah-prismatic-v1,PHYSICS_REFERENCE,NEAR_BOUNDARY,22.5,6750.0,5703.531474278456,0.7454633681637008
temperature_45c,temperature-45c-v1,blast-lite-lfp-gr-250ah-prismatic-2019-v1,blast-lite-b093495-250ah-prismatic-v1,PHYSICS_REFERENCE,NEAR_BOUNDARY,22.583333333333332,6775.0,5722.168058482548,0.7448835772125532
temperature_45c,temperature-45c-v1,blast-lite-lfp-gr-250ah-prismatic-2019-v1,blast-lite-b093495-250ah-prismatic-v1,PHYSICS_REFERENCE,NEAR_BOUNDARY,22.666666666666668,6800.0,5740.790147912862,0.7443048126844876
temperature_45c,temperature-45c-v1,blast-lite-lfp-gr-250ah-prismatic-2019-v1,blast-lite-b093495-250ah-prismatic-v1,PHYSICS_REFERENCE,NEAR_BOUNDARY,22.75,6825.0,5759.397768229975,0.7437270701530946
temperature_45c,temperature-45c-v1,blast-lite-lfp-gr-250ah-prismatic-2019-v1,blast-lite-b093495-250ah-prismatic-v1,PHYSICS_REFERENCE,NEAR_BOUNDARY,22.833333333333332,6850.0,5777.990944983802,0.7431503452266306
temperature_45c,temperature-45c-v1,blast-lite-lfp-gr-250ah-prismatic-2019-v1,blast-lite-b093495-250ah-prismatic-v1,PHYSICS_REFERENCE,NEAR_BOUNDARY,22.916666666666668,6875.0,5796.569703614468,0.7425746335476141
temperature_45c,temperature-45c-v1,blast-lite-lfp-gr-250ah-prismatic-2019-v1,blast-lite-b093495-250ah-prismatic-v1,PHYSICS_REFERENCE,NEAR_BOUNDARY,23.0,6900.0,5815.134069453159,0.7419999307924308
temperature_45c,temperature-45c-v1,blast-lite-lfp-gr-250ah-prismatic-2019-v1,blast-lite-b093495-250ah-prismatic-v1,PHYSICS_REFERENCE,NEAR_BOUNDARY,23.083333333333332,6925.0,5833.68406772297,0.7414262326709418
temperature_45c,temperature-45c-v1,blast-lite-lfp-gr-250ah-prismatic-2019-v1,blast-lite-b093495-250ah-prismatic-v1,PHYSICS_REFERENCE,NEAR_BOUNDARY,23.166666666666668,6950.0,5852.219723539743,0.7408535349260998
temperature_45c,temperature-45c-v1,blast-lite-lfp-gr-250ah-prismatic-2019-v1,blast-lite-b093495-250ah-prismatic-v1,PHYSICS_REFERENCE,NEAR_BOUNDARY,23.25,6975.0,5870.741061912896,0.7402818333335706
temperature_45c,temperature-45c-v1,blast-lite-lfp-gr-250ah-prismatic-2019-v1,blast-lite-b093495-250ah-prismatic-v1,PHYSICS_REFERENCE,NEAR_BOUNDARY,23.333333333333332,7000.0,5889.248107746235,0.7397111237013597
temperature_45c,temperature-45c-v1,blast-lite-lfp-gr-250ah-prismatic-2019-v1,blast-lite-b093495-250ah-prismatic-v1,PHYSICS_REFERENCE,NEAR_BOUNDARY,23.416666666666668,7025.0,5907.740885838769,0.7391414018694455
temperature_45c,temperature-45c-v1,blast-lite-lfp-gr-250ah-prismatic-2019-v1,blast-lite-b093495-250ah-prismatic-v1,PHYSICS_REFERENCE,NEAR_BOUNDARY,23.5,7050.0,5926.219420885505,0.7385726637094173
temperature_45c,temperature-45c-v1,blast-lite-lfp-gr-250ah-prismatic-2019-v1,blast-lite-b093495-250ah-prismatic-v1,PHYSICS_REFERENCE,NEAR_BOUNDARY,23.583333333333332,7075.0,5944.683737478241,0.7380049051241191
temperature_45c,temperature-45c-v1,blast-lite-lfp-gr-250ah-prismatic-2019-v1,blast-lite-b093495-250ah-prismatic-v1,PHYSICS_REFERENCE,NEAR_BOUNDARY,23.666666666666668,7100.0,5963.1338601063435,0.7374381220472985
temperature_45c,temperature-45c-v1,blast-lite-lfp-gr-250ah-prismatic-2019-v1,blast-lite-b093495-250ah-prismatic-v1,PHYSICS_REFERENCE,NEAR_BOUNDARY,23.75,7125.0,5981.569813157526,0.7368723104432611
temperature_45c,temperature-45c-v1,blast-lite-lfp-gr-250ah-prismatic-2019-v1,blast-lite-b093495-250ah-prismatic-v1,PHYSICS_REFERENCE,NEAR_BOUNDARY,23.833333333333332,7150.0,5999.991620918608,0.7363074663065291
temperature_45c,temperature-45c-v1,blast-lite-lfp-gr-250ah-prismatic-2019-v1,blast-lite-b093495-250ah-prismatic-v1,PHYSICS_REFERENCE,NEAR_BOUNDARY,23.916666666666668,7175.0,6018.399307576271,0.7357435856615069
temperature_45c,temperature-45c-v1,blast-lite-lfp-gr-250ah-prismatic-2019-v1,blast-lite-b093495-250ah-prismatic-v1,PHYSICS_REFERENCE,NEAR_BOUNDARY,24.0,7200.0,6036.792897217809,0.735180664562149
temperature_45c,temperature-45c-v1,blast-lite-lfp-gr-250ah-prismatic-2019-v1,blast-lite-b093495-250ah-prismatic-v1,PHYSICS_REFERENCE,NEAR_BOUNDARY,24.083333333333332,7225.0,6055.172413831862,0.7346186990916357
temperature_45c,temperature-45c-v1,blast-lite-lfp-gr-250ah-prismatic-2019-v1,blast-lite-b093495-250ah-prismatic-v1,PHYSICS_REFERENCE,NEAR_BOUNDARY,24.166666666666668,7250.0,6073.537881309153,0.7340576853620498
temperature_45c,temperature-45c-v1,blast-lite-lfp-gr-250ah-prismatic-2019-v1,blast-lite-b093495-250ah-prismatic-v1,PHYSICS_REFERENCE,NEAR_BOUNDARY,24.25,7275.0,6091.889323443204,0.733497619514063
temperature_45c,temperature-45c-v1,blast-lite-lfp-gr-250ah-prismatic-2019-v1,blast-lite-b093495-250ah-prismatic-v1,PHYSICS_REFERENCE,NEAR_BOUNDARY,24.333333333333332,7300.0,6110.226763931056,0.7329384977166211
temperature_45c,temperature-45c-v1,blast-lite-lfp-gr-250ah-prismatic-2019-v1,blast-lite-b093495-250ah-prismatic-v1,PHYSICS_REFERENCE,NEAR_BOUNDARY,24.416666666666668,7325.0,6128.550226373971,0.7323803161666389
temperature_45c,temperature-45c-v1,blast-lite-lfp-gr-250ah-prismatic-2019-v1,blast-lite-b093495-250ah-prismatic-v1,PHYSICS_REFERENCE,NEAR_BOUNDARY,24.5,7350.0,6146.859734278137,0.7318230710886959
temperature_45c,temperature-45c-v1,blast-lite-lfp-gr-250ah-prismatic-2019-v1,blast-lite-b093495-250ah-prismatic-v1,PHYSICS_REFERENCE,NEAR_BOUNDARY,24.583333333333332,7375.0,6165.155311055354,0.7312667587347388
temperature_45c,temperature-45c-v1,blast-lite-lfp-gr-250ah-prismatic-2019-v1,blast-lite-b093495-250ah-prismatic-v1,PHYSICS_REFERENCE,NEAR_BOUNDARY,24.666666666666668,7400.0,6183.436980023723,0.7307113753837859
temperature_45c,temperature-45c-v1,blast-lite-lfp-gr-250ah-prismatic-2019-v1,blast-lite-b093495-250ah-prismatic-v1,PHYSICS_REFERENCE,NEAR_BOUNDARY,24.75,7425.0,6201.704764408318,0.7301569173416381
temperature_45c,temperature-45c-v1,blast-lite-lfp-gr-250ah-prismatic-2019-v1,blast-lite-b093495-250ah-prismatic-v1,PHYSICS_REFERENCE,NEAR_BOUNDARY,24.833333333333332,7450.0,6219.958687341858,0.7296033809405925
temperature_45c,temperature-45c-v1,blast-lite-lfp-gr-250ah-prismatic-2019-v1,blast-lite-b093495-250ah-prismatic-v1,PHYSICS_REFERENCE,NEAR_BOUNDARY,24.916666666666668,7475.0,6238.198771865374,0.7290507625391601
temperature_45c,temperature-45c-v1,blast-lite-lfp-gr-250ah-prismatic-2019-v1,blast-lite-b093495-250ah-prismatic-v1,PHYSICS_REFERENCE,NEAR_BOUNDARY,25.0,7500.0,6256.4250409288525,0.7284990585217884
dod_90,dod-90-v1,blast-lite-lfp-gr-250ah-prismatic-2019-v1,blast-lite-b093495-250ah-prismatic-v1,PHYSICS_REFERENCE,NEAR_BOUNDARY,0.0,0.0,0.0,1.0
dod_90,dod-90-v1,blast-lite-lfp-gr-250ah-prismatic-2019-v1,blast-lite-b093495-250ah-prismatic-v1,PHYSICS_REFERENCE,NEAR_BOUNDARY,0.08333333333333333,25.0,25.0,0.9955907004290596
dod_90,dod-90-v1,blast-lite-lfp-gr-250ah-prismatic-2019-v1,blast-lite-b093495-250ah-prismatic-v1,PHYSICS_REFERENCE,NEAR_BOUNDARY,0.16666666666666666,50.0,49.889767510726486,0.9924683933709466
dod_90,dod-90-v1,blast-lite-lfp-gr-250ah-prismatic-2019-v1,blast-lite-b093495-250ah-prismatic-v1,PHYSICS_REFERENCE,NEAR_BOUNDARY,0.25,75.0,74.70147734500014,0.98979513526623
dod_90,dod-90-v1,blast-lite-lfp-gr-250ah-prismatic-2019-v1,blast-lite-b093495-250ah-prismatic-v1,PHYSICS_REFERENCE,NEAR_BOUNDARY,0.3333333333333333,100.0,99.4463557266559,0.9873478866997103
dod_90,dod-90-v1,blast-lite-lfp-gr-250ah-prismatic-2019-v1,blast-lite-b093495-250ah-prismatic-v1,PHYSICS_REFERENCE,NEAR_BOUNDARY,0.4166666666666667,125.0,124.13005289414865,0.9850493148865195
dod_90,dod-90-v1,blast-lite-lfp-gr-250ah-prismatic-2019-v1,blast-lite-b093495-250ah-prismatic-v1,PHYSICS_REFERENCE,NEAR_BOUNDARY,0.5,150.0,148.75628576631163,0.9828603396037242
dod_90,dod-90-v1,blast-lite-lfp-gr-250ah-prismatic-2019-v1,blast-lite-b093495-250ah-prismatic-v1,PHYSICS_REFERENCE,NEAR_BOUNDARY,0.5833333333333334,175.0,173.32779425640473,0.9807575624111882
dod_90,dod-90-v1,blast-lite-lfp-gr-250ah-prismatic-2019-v1,blast-lite-b093495-250ah-prismatic-v1,PHYSICS_REFERENCE,NEAR_BOUNDARY,0.6666666666666666,200.0,197.84673331668444,0.9787254991964053
dod_90,dod-90-v1,blast-lite-lfp-gr-250ah-prismatic-2019-v1,blast-lite-b093495-250ah-prismatic-v1,PHYSICS_REFERENCE,NEAR_BOUNDARY,0.75,225.0,222.31487079659456,0.9767531953104134
dod_90,dod-90-v1,blast-lite-lfp-gr-250ah-prismatic-2019-v1,blast-lite-b093495-250ah-prismatic-v1,PHYSICS_REFERENCE,NEAR_BOUNDARY,0.8333333333333334,250.0,246.7337006793549,0.9748325196313564
dod_90,dod-90-v1,blast-lite-lfp-gr-250ah-prismatic-2019-v1,blast-lite-b093495-250ah-prismatic-v1,PHYSICS_REFERENCE,NEAR_BOUNDARY,0.9166666666666666,275.0,271.10451367013883,0.9729572141651374
dod_90,dod-90-v1,blast-lite-lfp-gr-250ah-prismatic-2019-v1,blast-lite-b093495-250ah-prismatic-v1,PHYSICS_REFERENCE,NEAR_BOUNDARY,1.0,300.0,295.42844402426726,0.9711223240116132
dod_90,dod-90-v1,blast-lite-lfp-gr-250ah-prismatic-2019-v1,blast-lite-b093495-250ah-prismatic-v1,PHYSICS_REFERENCE,NEAR_BOUNDARY,1.0833333333333333,325.0,319.7065021245576,0.9693238354698398
dod_90,dod-90-v1,blast-lite-lfp-gr-250ah-prismatic-2019-v1,blast-lite-b093495-250ah-prismatic-v1,PHYSICS_REFERENCE,NEAR_BOUNDARY,1.1666666666666667,350.0,343.9395980113036,0.9675584356512602
dod_90,dod-90-v1,blast-lite-lfp-gr-250ah-prismatic-2019-v1,blast-lite-b093495-250ah-prismatic-v1,PHYSICS_REFERENCE,NEAR_BOUNDARY,1.25,375.0,368.1285589025851,0.9658233467996362
dod_90,dod-90-v1,blast-lite-lfp-gr-250ah-prismatic-2019-v1,blast-lite-b093495-250ah-prismatic-v1,PHYSICS_REFERENCE,NEAR_BOUNDARY,1.3333333333333333,400.0,392.274142572576,0.9641162085377147
dod_90,dod-90-v1,blast-lite-lfp-gr-250ah-prismatic-2019-v1,blast-lite-b093495-250ah-prismatic-v1,PHYSICS_REFERENCE,NEAR_BOUNDARY,1.4166666666666667,425.0,416.37704778601886,0.9624349919731462
dod_90,dod-90-v1,blast-lite-lfp-gr-250ah-prismatic-2019-v1,blast-lite-b093495-250ah-prismatic-v1,PHYSICS_REFERENCE,NEAR_BOUNDARY,1.5,450.0,440.4379225853475,0.9607779356320847
dod_90,dod-90-v1,blast-lite-lfp-gr-250ah-prismatic-2019-v1,blast-lite-b093495-250ah-prismatic-v1,PHYSICS_REFERENCE,NEAR_BOUNDARY,1.5833333333333333,475.0,464.4573709761496,0.9591434967412266
dod_90,dod-90-v1,blast-lite-lfp-gr-250ah-prismatic-2019-v1,blast-lite-b093495-250ah-prismatic-v1,PHYSICS_REFERENCE,NEAR_BOUNDARY,1.6666666666666667,500.0,488.43595839468026,0.9575303135490594
dod_90,dod-90-v1,blast-lite-lfp-gr-250ah-prismatic-2019-v1,blast-lite-b093495-250ah-prismatic-v1,PHYSICS_REFERENCE,NEAR_BOUNDARY,1.75,525.0,512.3742162334067,0.955937175746159
dod_90,dod-90-v1,blast-lite-lfp-gr-250ah-prismatic-2019-v1,blast-lite-b093495-250ah-prismatic-v1,PHYSICS_REFERENCE,NEAR_BOUNDARY,1.8333333333333333,550.0,536.2726456270607,0.9543630009328179
dod_90,dod-90-v1,blast-lite-lfp-gr-250ah-prismatic-2019-v1,blast-lite-b093495-250ah-prismatic-v1,PHYSICS_REFERENCE,NEAR_BOUNDARY,1.9166666666666667,575.0,560.1317206503811,0.9528068156734024
dod_90,dod-90-v1,blast-lite-lfp-gr-250ah-prismatic-2019-v1,blast-lite-b093495-250ah-prismatic-v1,PHYSICS_REFERENCE,NEAR_BOUNDARY,2.0,600.0,583.9518910422162,0.9512677400789055
dod_90,dod-90-v1,blast-lite-lfp-gr-250ah-prismatic-2019-v1,blast-lite-b093495-250ah-prismatic-v1,PHYSICS_REFERENCE,NEAR_BOUNDARY,2.0833333333333335,625.0,607.7335845441888,0.9497449751381508
dod_90,dod-90-v1,blast-lite-lfp-gr-250ah-prismatic-2019-v1,blast-lite-b093495-250ah-prismatic-v1,PHYSICS_REFERENCE,NEAR_BOUNDARY,2.1666666666666665,650.0,631.4772089226426,0.9482377922151595
dod_90,dod-90-v1,blast-lite-lfp-gr-250ah-prismatic-2019-v1,blast-lite-b093495-250ah-prismatic-v1,PHYSICS_REFERENCE,NEAR_BOUNDARY,2.25,675.0,655.1831537280216,0.9467455242716578
dod_90,dod-90-v1,blast-lite-lfp-gr-250ah-prismatic-2019-v1,blast-lite-b093495-250ah-prismatic-v1,PHYSICS_REFERENCE,NEAR_BOUNDARY,2.3333333333333335,700.0,678.8517918348131,0.9452675584767704
dod_90,dod-90-v1,blast-lite-lfp-gr-250ah-prismatic-2019-v1,blast-lite-b093495-250ah-prismatic-v1,PHYSICS_REFERENCE,NEAR_BOUNDARY,2.4166666666666665,725.0,702.4834807967324,0.9438033299420414
dod_90,dod-90-v1,blast-lite-lfp-gr-250ah-prismatic-2019-v1,blast-lite-b093495-250ah-prismatic-v1,PHYSICS_REFERENCE,NEAR_BOUNDARY,2.5,750.0,726.0785640452834,0.9423523163768305
dod_90,dod-90-v1,blast-lite-lfp-gr-250ah-prismatic-2019-v1,blast-lite-b093495-250ah-prismatic-v1,PHYSICS_REFERENCE,NEAR_BOUNDARY,2.5833333333333335,775.0,749.6373719547042,0.9409140335021423
dod_90,dod-90-v1,blast-lite-lfp-gr-250ah-prismatic-2019-v1,blast-lite-b093495-250ah-prismatic-v1,PHYSICS_REFERENCE,NEAR_BOUNDARY,2.6666666666666665,800.0,773.1602227922577,0.9394880310938342
dod_90,dod-90-v1,blast-lite-lfp-gr-250ah-prismatic-2019-v1,blast-lite-b093495-250ah-prismatic-v1,PHYSICS_REFERENCE,NEAR_BOUNDARY,2.75,825.0,796.6474235696036,0.9380738895515073
dod_90,dod-90-v1,blast-lite-lfp-gr-250ah-prismatic-2019-v1,blast-lite-b093495-250ah-prismatic-v1,PHYSICS_REFERENCE,NEAR_BOUNDARY,2.8333333333333335,850.0,820.0992708083912,0.9366712169091463
dod_90,dod-90-v1,blast-lite-lfp-gr-250ah-prismatic-2019-v1,blast-lite-b093495-250ah-prismatic-v1,PHYSICS_REFERENCE,NEAR_BOUNDARY,2.9166666666666665,875.0,843.5160512311198,0.9352796462190845
dod_90,dod-90-v1,blast-lite-lfp-gr-250ah-prismatic-2019-v1,blast-lite-b093495-250ah-prismatic-v1,PHYSICS_REFERENCE,NEAR_BOUNDARY,3.0,900.0,866.8980423865969,0.9338988332531468
dod_90,dod-90-v1,blast-lite-lfp-gr-250ah-prismatic-2019-v1,blast-lite-b093495-250ah-prismatic-v1,PHYSICS_REFERENCE,NEAR_BOUNDARY,3.0833333333333335,925.0,890.2455132179256,0.93252845447462
dod_90,dod-90-v1,blast-lite-lfp-gr-250ah-prismatic-2019-v1,blast-lite-b093495-250ah-prismatic-v1,PHYSICS_REFERENCE,NEAR_BOUNDARY,3.1666666666666665,950.0,913.558724579791,0.9311682052425565
dod_90,dod-90-v1,blast-lite-lfp-gr-250ah-prismatic-2019-v1,blast-lite-b093495-250ah-prismatic-v1,PHYSICS_REFERENCE,NEAR_BOUNDARY,3.25,975.0,936.837929710855,0.9298177982162757
dod_90,dod-90-v1,blast-lite-lfp-gr-250ah-prismatic-2019-v1,blast-lite-b093495-250ah-prismatic-v1,PHYSICS_REFERENCE,NEAR_BOUNDARY,3.3333333333333335,1000.0,960.0833746662619,0.9284769619330897
dod_90,dod-90-v1,blast-lite-lfp-gr-250ah-prismatic-2019-v1,blast-lite-b093495-250ah-prismatic-v1,PHYSICS_REFERENCE,NEAR_BOUNDARY,3.4166666666666665,1025.0,983.2952987145891,0.9271454395365122
dod_90,dod-90-v1,blast-lite-lfp-gr-250ah-prismatic-2019-v1,blast-lite-b093495-250ah-prismatic-v1,PHYSICS_REFERENCE,NEAR_BOUNDARY,3.5,1050.0,1006.4739347030019,0.92582298763568
dod_90,dod-90-v1,blast-lite-lfp-gr-250ah-prismatic-2019-v1,blast-lite-b093495-250ah-prismatic-v1,PHYSICS_REFERENCE,NEAR_BOUNDARY,3.5833333333333335,1075.0,1029.6195093938938,0.9245093752795952
dod_90,dod-90-v1,blast-lite-lfp-gr-250ah-prismatic-2019-v1,blast-lite-b093495-250ah-prismatic-v1,PHYSICS_REFERENCE,NEAR_BOUNDARY,3.6666666666666665,1100.0,1052.7322437758837,0.9232043830321759
dod_90,dod-90-v1,blast-lite-lfp-gr-250ah-prismatic-2019-v1,blast-lite-b093495-250ah-prismatic-v1,PHYSICS_REFERENCE,NEAR_BOUNDARY,3.75,1125.0,1075.8123533516882,0.9219078021361076
dod_90,dod-90-v1,blast-lite-lfp-gr-250ah-prismatic-2019-v1,blast-lite-b093495-250ah-prismatic-v1,PHYSICS_REFERENCE,NEAR_BOUNDARY,3.8333333333333335,1150.0,1098.860048405091,0.9206194337551459
dod_90,dod-90-v1,blast-lite-lfp-gr-250ah-prismatic-2019-v1,blast-lite-b093495-250ah-prismatic-v1,PHYSICS_REFERENCE,NEAR_BOUNDARY,3.9166666666666665,1175.0,1121.8755342489696,0.9193390882859356
dod_90,dod-90-v1,blast-lite-lfp-gr-250ah-prismatic-2019-v1,blast-lite-b093495-250ah-prismatic-v1,PHYSICS_REFERENCE,NEAR_BOUNDARY,4.0,1200.0,1144.859011456118,0.9180665847315982
dod_90,dod-90-v1,blast-lite-lfp-gr-250ah-prismatic-2019-v1,blast-lite-b093495-250ah-prismatic-v1,PHYSICS_REFERENCE,NEAR_BOUNDARY,4.083333333333333,1225.0,1167.8106760744079,0.91680175013035
dod_90,dod-90-v1,blast-lite-lfp-gr-250ah-prismatic-2019-v1,blast-lite-b093495-250ah-prismatic-v1,PHYSICS_REFERENCE,NEAR_BOUNDARY,4.166666666666667,1250.0,1190.7307198276667,0.9155444190332693
dod_90,dod-90-v1,blast-lite-lfp-gr-250ah-prismatic-2019-v1,blast-lite-b093495-250ah-prismatic-v1,PHYSICS_REFERENCE,NEAR_BOUNDARY,4.25,1275.0,1213.6193303034984,0.9142944330260709
dod_90,dod-90-v1,blast-lite-lfp-gr-250ah-prismatic-2019-v1,blast-lite-b093495-250ah-prismatic-v1,PHYSICS_REFERENCE,NEAR_BOUNDARY,4.333333333333333,1300.0,1236.4766911291501,0.9130516402903719
dod_90,dod-90-v1,blast-lite-lfp-gr-250ah-prismatic-2019-v1,blast-lite-b093495-250ah-prismatic-v1,PHYSICS_REFERENCE,NEAR_BOUNDARY,4.416666666666667,1325.0,1259.3029821364094,0.9118158952004772
dod_90,dod-90-v1,blast-lite-lfp-gr-250ah-prismatic-2019-v1,blast-lite-b093495-250ah-prismatic-v1,PHYSICS_REFERENCE,NEAR_BOUNDARY,4.5,1350.0,1282.0983795164213,0.9105870579521822
dod_90,dod-90-v1,blast-lite-lfp-gr-250ah-prismatic-2019-v1,blast-lite-b093495-250ah-prismatic-v1,PHYSICS_REFERENCE,NEAR_BOUNDARY,4.583333333333333,1375.0,1304.8630559652258,0.9093649942204898
dod_90,dod-90-v1,blast-lite-lfp-gr-250ah-prismatic-2019-v1,blast-lite-b093495-250ah-prismatic-v1,PHYSICS_REFERENCE,NEAR_BOUNDARY,4.666666666666667,1400.0,1327.597180820738,0.9081495748434995
dod_90,dod-90-v1,blast-lite-lfp-gr-250ah-prismatic-2019-v1,blast-lite-b093495-250ah-prismatic-v1,PHYSICS_REFERENCE,NEAR_BOUNDARY,4.75,1425.0,1350.3009201918255,0.906940675530023
dod_90,dod-90-v1,blast-lite-lfp-gr-250ah-prismatic-2019-v1,blast-lite-b093495-250ah-prismatic-v1,PHYSICS_REFERENCE,NEAR_BOUNDARY,4.833333333333333,1450.0,1372.974437080076,0.9057381765887541
dod_90,dod-90-v1,blast-lite-lfp-gr-250ah-prismatic-2019-v1,blast-lite-b093495-250ah-prismatic-v1,PHYSICS_REFERENCE,NEAR_BOUNDARY,4.916666666666667,1475.0,1395.617891494795,0.9045419626770529
dod_90,dod-90-v1,blast-lite-lfp-gr-250ah-prismatic-2019-v1,blast-lite-b093495-250ah-prismatic-v1,PHYSICS_REFERENCE,NEAR_BOUNDARY,5.0,1500.0,1418.2314405617212,0.9033519225676083
dod_90,dod-90-v1,blast-lite-lfp-gr-250ah-prismatic-2019-v1,blast-lite-b093495-250ah-prismatic-v1,PHYSICS_REFERENCE,NEAR_BOUNDARY,5.083333333333333,1525.0,1440.8152386259114,0.9021679489314236
dod_90,dod-90-v1,blast-lite-lfp-gr-250ah-prismatic-2019-v1,blast-lite-b093495-250ah-prismatic-v1,PHYSICS_REFERENCE,NEAR_BOUNDARY,5.166666666666667,1550.0,1463.369437349197,0.9009899381357301
dod_90,dod-90-v1,blast-lite-lfp-gr-250ah-prismatic-2019-v1,blast-lite-b093495-250ah-prismatic-v1,PHYSICS_REFERENCE,NEAR_BOUNDARY,5.25,1575.0,1485.89418580259,0.8998177900555727
dod_90,dod-90-v1,blast-lite-lfp-gr-250ah-prismatic-2019-v1,blast-lite-b093495-250ah-prismatic-v1,PHYSICS_REFERENCE,NEAR_BOUNDARY,5.333333333333333,1600.0,1508.3896305539795,0.8986514078979345
dod_90,dod-90-v1,blast-lite-lfp-gr-250ah-prismatic-2019-v1,blast-lite-b093495-250ah-prismatic-v1,PHYSICS_REFERENCE,NEAR_BOUNDARY,5.416666666666667,1625.0,1530.8559157514278,0.8974906980373815
dod_90,dod-90-v1,blast-lite-lfp-gr-250ah-prismatic-2019-v1,blast-lite-b093495-250ah-prismatic-v1,PHYSICS_REFERENCE,NEAR_BOUNDARY,5.5,1650.0,1553.2931832023623,0.8963355698623006
dod_90,dod-90-v1,blast-lite-lfp-gr-250ah-prismatic-2019-v1,blast-lite-b093495-250ah-prismatic-v1,PHYSICS_REFERENCE,NEAR_BOUNDARY,5.583333333333333,1675.0,1575.70157244892,0.8951859356308984
dod_90,dod-90-v1,blast-lite-lfp-gr-250ah-prismatic-2019-v1,blast-lite-b093495-250ah-prismatic-v1,PHYSICS_REFERENCE,NEAR_BOUNDARY,5.666666666666667,1700.0,1598.0812208396924,0.8940417103361983
dod_90,dod-90-v1,blast-lite-lfp-gr-250ah-prismatic-2019-v1,blast-lite-b093495-250ah-prismatic-v1,PHYSICS_REFERENCE,NEAR_BOUNDARY,5.75,1725.0,1620.4322635980973,0.892902811579348
dod_90,dod-90-v1,blast-lite-lfp-gr-250ah-prismatic-2019-v1,blast-lite-b093495-250ah-prismatic-v1,PHYSICS_REFERENCE,NEAR_BOUNDARY,5.833333333333333,1750.0,1642.754833887581,0.8917691594506121
dod_90,dod-90-v1,blast-lite-lfp-gr-250ah-prismatic-2019-v1,blast-lite-b093495-250ah-prismatic-v1,PHYSICS_REFERENCE,NEAR_BOUNDARY,5.916666666666667,1775.0,1665.0490628738464,0.890640676417475
dod_90,dod-90-v1,blast-lite-lfp-gr-250ah-prismatic-2019-v1,blast-lite-b093495-250ah-prismatic-v1,PHYSICS_REFERENCE,NEAR_BOUNDARY,6.0,1800.0,1687.3150797842834,0.8895172872193352
dod_90,dod-90-v1,blast-lite-lfp-gr-250ah-prismatic-2019-v1,blast-lite-b093495-250ah-prismatic-v1,PHYSICS_REFERENCE,NEAR_BOUNDARY,6.083333333333333,1825.0,1709.5530119647667,0.8883989187683144
dod_90,dod-90-v1,blast-lite-lfp-gr-250ah-prismatic-2019-v1,blast-lite-b093495-250ah-prismatic-v1,PHYSICS_REFERENCE,NEAR_BOUNDARY,6.166666666666667,1850.0,1731.7629849339746,0.8872855000557451
dod_90,dod-90-v1,blast-lite-lfp-gr-250ah-prismatic-2019-v1,blast-lite-b093495-250ah-prismatic-v1,PHYSICS_REFERENCE,NEAR_BOUNDARY,6.25,1875.0,1753.9451224353681,0.8861769620639367
dod_90,dod-90-v1,blast-lite-lfp-gr-250ah-prismatic-2019-v1,blast-lite-b093495-250ah-prismatic-v1,PHYSICS_REFERENCE,NEAR_BOUNDARY,6.333333333333333,1900.0,1776.0995464869666,0.8850732376828572
dod_90,dod-90-v1,blast-lite-lfp-gr-250ah-prismatic-2019-v1,blast-lite-b093495-250ah-prismatic-v1,PHYSICS_REFERENCE,NEAR_BOUNDARY,6.416666666666667,1925.0,1798.226377429038,0.8839742616313906
dod_90,dod-90-v1,blast-lite-lfp-gr-250ah-prismatic-2019-v1,blast-lite-b093495-250ah-prismatic-v1,PHYSICS_REFERENCE,NEAR_BOUNDARY,6.5,1950.0,1820.3257339698227,0.8828799703828634
dod_90,dod-90-v1,blast-lite-lfp-gr-250ah-prismatic-2019-v1,blast-lite-b093495-250ah-prismatic-v1,PHYSICS_REFERENCE,NEAR_BOUNDARY,6.583333333333333,1975.0,1842.3977332293944,0.8817903020945557
dod_90,dod-90-v1,blast-lite-lfp-gr-250ah-prismatic-2019-v1,blast-lite-b093495-250ah-prismatic-v1,PHYSICS_REFERENCE,NEAR_BOUNDARY,6.666666666666667,2000.0,1864.4424907817584,0.8807051965409329
dod_90,dod-90-v1,blast-lite-lfp-gr-250ah-prismatic-2019-v1,blast-lite-b093495-250ah-prismatic-v1,PHYSICS_REFERENCE,NEAR_BOUNDARY,6.75,2025.0,1886.4601206952816,0.8796245950503602
dod_90,dod-90-v1,blast-lite-lfp-gr-250ah-prismatic-2019-v1,blast-lite-b093495-250ah-prismatic-v1,PHYSICS_REFERENCE,NEAR_BOUNDARY,6.833333333333333,2050.0,1908.4507355715407,0.8785484404450712
dod_90,dod-90-v1,blast-lite-lfp-gr-250ah-prismatic-2019-v1,blast-lite-b093495-250ah-prismatic-v1,PHYSICS_REFERENCE,NEAR_BOUNDARY,6.916666666666667,2075.0,1930.4144465826676,0.8774766769841909
dod_90,dod-90-v1,blast-lite-lfp-gr-250ah-prismatic-2019-v1,blast-lite-b093495-250ah-prismatic-v1,PHYSICS_REFERENCE,NEAR_BOUNDARY,7.0,2100.0,1952.3513635072723,0.8764092503096167
dod_90,dod-90-v1,blast-lite-lfp-gr-250ah-prismatic-2019-v1,blast-lite-b093495-250ah-prismatic-v1,PHYSICS_REFERENCE,NEAR_BOUNDARY,7.083333333333333,2125.0,1974.2615947650127,0.875346107394583
dod_90,dod-90-v1,blast-lite-lfp-gr-250ah-prismatic-2019-v1,blast-lite-b093495-250ah-prismatic-v1,PHYSICS_REFERENCE,NEAR_BOUNDARY,7.166666666666667,2150.0,1996.1452474498772,0.8742871964947473
dod_90,dod-90-v1,blast-lite-lfp-gr-250ah-prismatic-2019-v1,blast-lite-b093495-250ah-prismatic-v1,PHYSICS_REFERENCE,NEAR_BOUNDARY,7.25,2175.0,2018.002427362246,0.8732324671016413
dod_90,dod-90-v1,blast-lite-lfp-gr-250ah-prismatic-2019-v1,blast-lite-b093495-250ah-prismatic-v1,PHYSICS_REFERENCE,NEAR_BOUNDARY,7.333333333333333,2200.0,2039.833239039787,0.872181869898351
dod_90,dod-90-v1,blast-lite-lfp-gr-250ah-prismatic-2019-v1,blast-lite-b093495-250ah-prismatic-v1,PHYSICS_REFERENCE,NEAR_BOUNDARY,7.416666666666667,2225.0,2061.637785787246,0.8711353567172908
dod_90,dod-90-v1,blast-lite-lfp-gr-250ah-prismatic-2019-v1,blast-lite-b093495-250ah-prismatic-v1,PHYSICS_REFERENCE,NEAR_BOUNDARY,7.5,2250.0,2083.416169705178,0.8700928804999507
dod_90,dod-90-v1,blast-lite-lfp-gr-250ah-prismatic-2019-v1,blast-lite-b093495-250ah-prismatic-v1,PHYSICS_REFERENCE,NEAR_BOUNDARY,7.583333333333333,2275.0,2105.1684917176767,0.8690543952585045
dod_90,dod-90-v1,blast-lite-lfp-gr-250ah-prismatic-2019-v1,blast-lite-b093495-250ah-prismatic-v1,PHYSICS_REFERENCE,NEAR_BOUNDARY,7.666666666666667,2300.0,2126.894851599139,0.8680198560391696
dod_90,dod-90-v1,blast-lite-lfp-gr-250ah-prismatic-2019-v1,blast-lite-b093495-250ah-prismatic-v1,PHYSICS_REFERENCE,NEAR_BOUNDARY,7.75,2325.0,2148.5953480001185,0.866989218887224
dod_90,dod-90-v1,blast-lite-lfp-gr-250ah-prismatic-2019-v1,blast-lite-b093495-250ah-prismatic-v1,PHYSICS_REFERENCE,NEAR_BOUNDARY,7.833333333333333,2350.0,2170.2700784722992,0.8659624408135845
dod_90,dod-90-v1,blast-lite-lfp-gr-250ah-prismatic-2019-v1,blast-lite-b093495-250ah-prismatic-v1,PHYSICS_REFERENCE,NEAR_BOUNDARY,7.916666666666667,2375.0,2191.919139492639,0.8649394797628618
dod_90,dod-90-v1,blast-lite-lfp-gr-250ah-prismatic-2019-v1,blast-lite-b093495-250ah-prismatic-v1,PHYSICS_REFERENCE,NEAR_BOUNDARY,8.0,2400.0,2213.5426264867106,0.8639202945828122
dod_90,dod-90-v1,blast-lite-lfp-gr-250ah-prismatic-2019-v1,blast-lite-b093495-250ah-prismatic-v1,PHYSICS_REFERENCE,NEAR_BOUNDARY,8.083333333333334,2425.0,2235.1406338512807,0.8629048449951098
dod_90,dod-90-v1,blast-lite-lfp-gr-250ah-prismatic-2019-v1,blast-lite-b093495-250ah-prismatic-v1,PHYSICS_REFERENCE,NEAR_BOUNDARY,8.166666666666666,2450.0,2256.7132549761586,0.8618930915673695
dod_90,dod-90-v1,blast-lite-lfp-gr-250ah-prismatic-2019-v1,blast-lite-b093495-250ah-prismatic-v1,PHYSICS_REFERENCE,NEAR_BOUNDARY,8.25,2475.0,2278.2605822653427,0.8608849956863531
dod_90,dod-90-v1,blast-lite-lfp-gr-250ah-prismatic-2019-v1,blast-lite-b093495-250ah-prismatic-v1,PHYSICS_REFERENCE,NEAR_BOUNDARY,8.333333333333334,2500.0,2299.7827071575016,0.8598805195322996
dod_90,dod-90-v1,blast-lite-lfp-gr-250ah-prismatic-2019-v1,blast-lite-b093495-250ah-prismatic-v1,PHYSICS_REFERENCE,NEAR_BOUNDARY,8.416666666666666,2525.0,2321.2797201458093,0.8588796260543182
dod_90,dod-90-v1,blast-lite-lfp-gr-250ah-prismatic-2019-v1,blast-lite-b093495-250ah-prismatic-v1,PHYSICS_REFERENCE,NEAR_BOUNDARY,8.5,2550.0,2342.751710797167,0.8578822789467924
dod_90,dod-90-v1,blast-lite-lfp-gr-250ah-prismatic-2019-v1,blast-lite-b093495-250ah-prismatic-v1,PHYSICS_REFERENCE,NEAR_BOUNDARY,8.583333333333334,2575.0,2364.198767770837,0.856888442626742
dod_90,dod-90-v1,blast-lite-lfp-gr-250ah-prismatic-2019-v1,blast-lite-b093495-250ah-prismatic-v1,PHYSICS_REFERENCE,NEAR_BOUNDARY,8.666666666666666,2600.0,2385.620978836506,0.8558980822120952
dod_90,dod-90-v1,blast-lite-lfp-gr-250ah-prismatic-2019-v1,blast-lite-b093495-250ah-prismatic-v1,PHYSICS_REFERENCE,NEAR_BOUNDARY,8.75,2625.0,2407.0184308918083,0.854911163500828
dod_90,dod-90-v1,blast-lite-lfp-gr-250ah-prismatic-2019-v1,blast-lite-b093495-250ah-prismatic-v1,PHYSICS_REFERENCE,NEAR_BOUNDARY,8.833333333333334,2650.0,2428.391209979329,0.8539276529509227
dod_90,dod-90-v1,blast-lite-lfp-gr-250ah-prismatic-2019-v1,blast-lite-b093495-250ah-prismatic-v1,PHYSICS_REFERENCE,NEAR_BOUNDARY,8.916666666666666,2675.0,2449.7394013031017,0.8529475176611133
dod_90,dod-90-v1,blast-lite-lfp-gr-250ah-prismatic-2019-v1,blast-lite-b093495-250ah-prismatic-v1,PHYSICS_REFERENCE,NEAR_BOUNDARY,9.0,2700.0,2471.0630892446293,0.8519707253523714
dod_90,dod-90-v1,blast-lite-lfp-gr-250ah-prismatic-2019-v1,blast-lite-b093495-250ah-prismatic-v1,PHYSICS_REFERENCE,NEAR_BOUNDARY,9.083333333333334,2725.0,2492.3623573784384,0.8509972443501047
dod_90,dod-90-v1,blast-lite-lfp-gr-250ah-prismatic-2019-v1,blast-lite-b093495-250ah-prismatic-v1,PHYSICS_REFERENCE,NEAR_BOUNDARY,9.166666666666666,2750.0,2513.637288487191,0.8500270435670285
dod_90,dod-90-v1,blast-lite-lfp-gr-250ah-prismatic-2019-v1,blast-lite-b093495-250ah-prismatic-v1,PHYSICS_REFERENCE,NEAR_BOUNDARY,9.25,2775.0,2534.887964576367,0.8490600924866828
dod_90,dod-90-v1,blast-lite-lfp-gr-250ah-prismatic-2019-v1,blast-lite-b093495-250ah-prismatic-v1,PHYSICS_REFERENCE,NEAR_BOUNDARY,9.333333333333334,2800.0,2556.114466888534,0.8480963611475621
dod_90,dod-90-v1,blast-lite-lfp-gr-250ah-prismatic-2019-v1,blast-lite-b093495-250ah-prismatic-v1,PHYSICS_REFERENCE,NEAR_BOUNDARY,9.416666666666666,2825.0,2577.316875917223,0.8471358201278314
dod_90,dod-90-v1,blast-lite-lfp-gr-250ah-prismatic-2019-v1,blast-lite-b093495-250ah-prismatic-v1,PHYSICS_REFERENCE,NEAR_BOUNDARY,9.5,2850.0,2598.4952714204187,0.8461784405306005
dod_90,dod-90-v1,blast-lite-lfp-gr-250ah-prismatic-2019-v1,blast-lite-b093495-250ah-prismatic-v1,PHYSICS_REFERENCE,NEAR_BOUNDARY,9.583333333333334,2875.0,2619.6497324336838,0.8452241939697325
dod_90,dod-90-v1,blast-lite-lfp-gr-250ah-prismatic-2019-v1,blast-lite-b093495-250ah-prismatic-v1,PHYSICS_REFERENCE,NEAR_BOUNDARY,9.666666666666666,2900.0,2640.780337282927,0.8442730525561617
dod_90,dod-90-v1,blast-lite-lfp-gr-250ah-prismatic-2019-v1,blast-lite-b093495-250ah-prismatic-v1,PHYSICS_REFERENCE,NEAR_BOUNDARY,9.75,2925.0,2661.887163596831,0.8433249888846975
dod_90,dod-90-v1,blast-lite-lfp-gr-250ah-prismatic-2019-v1,blast-lite-b093495-250ah-prismatic-v1,PHYSICS_REFERENCE,NEAR_BOUNDARY,9.833333333333334,2950.0,2682.970288318949,0.8423799760212954
dod_90,dod-90-v1,blast-lite-lfp-gr-250ah-prismatic-2019-v1,blast-lite-b093495-250ah-prismatic-v1,PHYSICS_REFERENCE,NEAR_BOUNDARY,9.916666666666666,2975.0,2704.029787719481,0.8414379874907718
dod_90,dod-90-v1,blast-lite-lfp-gr-250ah-prismatic-2019-v1,blast-lite-b093495-250ah-prismatic-v1,PHYSICS_REFERENCE,NEAR_BOUNDARY,10.0,3000.0,2725.0657374067505,0.8404989972649448
dod_90,dod-90-v1,blast-lite-lfp-gr-250ah-prismatic-2019-v1,blast-lite-b093495-250ah-prismatic-v1,PHYSICS_REFERENCE,NEAR_BOUNDARY,10.083333333333334,3025.0,2746.078212338374,0.8395629797511838
dod_90,dod-90-v1,blast-lite-lfp-gr-250ah-prismatic-2019-v1,blast-lite-b093495-250ah-prismatic-v1,PHYSICS_REFERENCE,NEAR_BOUNDARY,10.166666666666666,3050.0,2767.067286832154,0.838629909781347
dod_90,dod-90-v1,blast-lite-lfp-gr-250ah-prismatic-2019-v1,blast-lite-b093495-250ah-prismatic-v1,PHYSICS_REFERENCE,NEAR_BOUNDARY,10.25,3075.0,2788.0330345766874,0.8376997626010954
dod_90,dod-90-v1,blast-lite-lfp-gr-250ah-prismatic-2019-v1,blast-lite-b093495-250ah-prismatic-v1,PHYSICS_REFERENCE,NEAR_BOUNDARY,10.333333333333334,3100.0,2808.975528641715,0.8367725138595614
dod_90,dod-90-v1,blast-lite-lfp-gr-250ah-prismatic-2019-v1,blast-lite-b093495-250ah-prismatic-v1,PHYSICS_REFERENCE,NEAR_BOUNDARY,10.416666666666666,3125.0,2829.894841488204,0.8358481395993652
dod_90,dod-90-v1,blast-lite-lfp-gr-250ah-prismatic-2019-v1,blast-lite-b093495-250ah-prismatic-v1,PHYSICS_REFERENCE,NEAR_BOUNDARY,10.5,3150.0,2850.791044978188,0.8349266162469547
dod_90,dod-90-v1,blast-lite-lfp-gr-250ah-prismatic-2019-v1,blast-lite-b093495-250ah-prismatic-v1,PHYSICS_REFERENCE,NEAR_BOUNDARY,10.583333333333334,3175.0,2871.664210384362,0.834007920603266
dod_90,dod-90-v1,blast-lite-lfp-gr-250ah-prismatic-2019-v1,blast-lite-b093495-250ah-prismatic-v1,PHYSICS_REFERENCE,NEAR_BOUNDARY,10.666666666666666,3200.0,2892.5144083994437,0.8330920298346832
dod_90,dod-90-v1,blast-lite-lfp-gr-250ah-prismatic-2019-v1,blast-lite-b093495-250ah-prismatic-v1,PHYSICS_REFERENCE,NEAR_BOUNDARY,10.75,3225.0,2913.3417091453107,0.8321789214642911
dod_90,dod-90-v1,blast-lite-lfp-gr-250ah-prismatic-2019-v1,blast-lite-b093495-250ah-prismatic-v1,PHYSICS_REFERENCE,NEAR_BOUNDARY,10.833333333333334,3250.0,2934.146182181918,0.8312685733634053
dod_90,dod-90-v1,blast-lite-lfp-gr-250ah-prismatic-2019-v1,blast-lite-b093495-250ah-prismatic-v1,PHYSICS_REFERENCE,NEAR_BOUNDARY,10.916666666666666,3275.0,2954.9278965160033,0.8303609637433711
dod_90,dod-90-v1,blast-lite-lfp-gr-250ah-prismatic-2019-v1,blast-lite-b093495-250ah-prismatic-v1,PHYSICS_REFERENCE,NEAR_BOUNDARY,11.0,3300.0,2975.6869206095876,0.8294560711476201
dod_90,dod-90-v1,blast-lite-lfp-gr-250ah-prismatic-2019-v1,blast-lite-b093495-250ah-prismatic-v1,PHYSICS_REFERENCE,NEAR_BOUNDARY,11.083333333333334,3325.0,2996.423322388278,0.8285538744439729
dod_90,dod-90-v1,blast-lite-lfp-gr-250ah-prismatic-2019-v1,blast-lite-b093495-250ah-prismatic-v1,PHYSICS_REFERENCE,NEAR_BOUNDARY,11.166666666666666,3350.0,3017.137169249377,0.8276543528171816
dod_90,dod-90-v1,blast-lite-lfp-gr-250ah-prismatic-2019-v1,blast-lite-b093495-250ah-prismatic-v1,PHYSICS_REFERENCE,NEAR_BOUNDARY,11.25,3375.0,3037.828528069807,0.8267574857616988
dod_90,dod-90-v1,blast-lite-lfp-gr-250ah-prismatic-2019-v1,blast-lite-b093495-250ah-prismatic-v1,PHYSICS_REFERENCE,NEAR_BOUNDARY,11.333333333333334,3400.0,3058.4974652138494,0.8258632530746692
dod_90,dod-90-v1,blast-lite-lfp-gr-250ah-prismatic-2019-v1,blast-lite-b093495-250ah-prismatic-v1,PHYSICS_REFERENCE,NEAR_BOUNDARY,11.416666666666666,3425.0,3079.1440465407163,0.82497163484913
dod_90,dod-90-v1,blast-lite-lfp-gr-250ah-prismatic-2019-v1,blast-lite-b093495-250ah-prismatic-v1,PHYSICS_REFERENCE,NEAR_BOUNDARY,11.5,3450.0,3099.7683374119447,0.8240826114674172
dod_90,dod-90-v1,blast-lite-lfp-gr-250ah-prismatic-2019-v1,blast-lite-b093495-250ah-prismatic-v1,PHYSICS_REFERENCE,NEAR_BOUNDARY,11.583333333333334,3475.0,3120.37040269863,0.8231961635947675
dod_90,dod-90-v1,blast-lite-lfp-gr-250ah-prismatic-2019-v1,blast-lite-b093495-250ah-prismatic-v1,PHYSICS_REFERENCE,NEAR_BOUNDARY,11.666666666666666,3500.0,3140.9503067884993,0.8223122721731085
dod_90,dod-90-v1,blast-lite-lfp-gr-250ah-prismatic-2019-v1,blast-lite-b093495-250ah-prismatic-v1,PHYSICS_REFERENCE,NEAR_BOUNDARY,11.75,3525.0,3161.508113592827,0.8214309184150316
dod_90,dod-90-v1,blast-lite-lfp-gr-250ah-prismatic-2019-v1,blast-lite-b093495-250ah-prismatic-v1,PHYSICS_REFERENCE,NEAR_BOUNDARY,11.833333333333334,3550.0,3182.043886553203,0.82055208379794
dod_90,dod-90-v1,blast-lite-lfp-gr-250ah-prismatic-2019-v1,blast-lite-b093495-250ah-prismatic-v1,PHYSICS_REFERENCE,NEAR_BOUNDARY,11.916666666666666,3575.0,3202.5576886481513,0.8196757500583655
dod_90,dod-90-v1,blast-lite-lfp-gr-250ah-prismatic-2019-v1,blast-lite-b093495-250ah-prismatic-v1,PHYSICS_REFERENCE,NEAR_BOUNDARY,12.0,3600.0,3223.0495823996102,0.8188018991864486
dod_90,dod-90-v1,blast-lite-lfp-gr-250ah-prismatic-2019-v1,blast-lite-b093495-250ah-prismatic-v1,PHYSICS_REFERENCE,NEAR_BOUNDARY,12.083333333333334,3625.0,3243.5196298792716,0.8179305134205755
dod_90,dod-90-v1,blast-lite-lfp-gr-250ah-prismatic-2019-v1,blast-lite-b093495-250ah-prismatic-v1,PHYSICS_REFERENCE,NEAR_BOUNDARY,12.166666666666666,3650.0,3263.967892714786,0.8170615752421665
dod_90,dod-90-v1,blast-lite-lfp-gr-250ah-prismatic-2019-v1,blast-lite-b093495-250ah-prismatic-v1,PHYSICS_REFERENCE,NEAR_BOUNDARY,12.25,3675.0,3284.3944320958403,0.8161950673706112
dod_90,dod-90-v1,blast-lite-lfp-gr-250ah-prismatic-2019-v1,blast-lite-b093495-250ah-prismatic-v1,PHYSICS_REFERENCE,NEAR_BOUNDARY,12.333333333333334,3700.0,3304.7993087801055,0.8153309727583441
dod_90,dod-90-v1,blast-lite-lfp-gr-250ah-prismatic-2019-v1,blast-lite-b093495-250ah-prismatic-v1,PHYSICS_REFERENCE,NEAR_BOUNDARY,12.416666666666666,3725.0,3325.1825830990642,0.814469274586057
dod_90,dod-90-v1,blast-lite-lfp-gr-250ah-prismatic-2019-v1,blast-lite-b093495-250ah-prismatic-v1,PHYSICS_REFERENCE,NEAR_BOUNDARY,12.5,3750.0,3345.544314963716,0.8136099562580428
dod_90,dod-90-v1,blast-lite-lfp-gr-250ah-prismatic-2019-v1,blast-lite-b093495-250ah-prismatic-v1,PHYSICS_REFERENCE,NEAR_BOUNDARY,12.583333333333334,3775.0,3365.884563870167,0.812753001397666
dod_90,dod-90-v1,blast-lite-lfp-gr-250ah-prismatic-2019-v1,blast-lite-b093495-250ah-prismatic-v1,PHYSICS_REFERENCE,NEAR_BOUNDARY,12.666666666666666,3800.0,3386.2033889051086,0.8118983938429568
dod_90,dod-90-v1,blast-lite-lfp-gr-250ah-prismatic-2019-v1,blast-lite-b093495-250ah-prismatic-v1,PHYSICS_REFERENCE,NEAR_BOUNDARY,12.75,3825.0,3406.5008487511823,0.8110461176423225
dod_90,dod-90-v1,blast-lite-lfp-gr-250ah-prismatic-2019-v1,blast-lite-b093495-250ah-prismatic-v1,PHYSICS_REFERENCE,NEAR_BOUNDARY,12.833333333333334,3850.0,3426.7770016922404,0.8101961570503747
dod_90,dod-90-v1,blast-lite-lfp-gr-250ah-prismatic-2019-v1,blast-lite-b093495-250ah-prismatic-v1,PHYSICS_REFERENCE,NEAR_BOUNDARY,12.916666666666666,3875.0,3447.0319056185,0.8093484965238669
dod_90,dod-90-v1,blast-lite-lfp-gr-250ah-prismatic-2019-v1,blast-lite-b093495-250ah-prismatic-v1,PHYSICS_REFERENCE,NEAR_BOUNDARY,13.0,3900.0,3467.2656180315967,0.8085031207177389
dod_90,dod-90-v1,blast-lite-lfp-gr-250ah-prismatic-2019-v1,blast-lite-b093495-250ah-prismatic-v1,PHYSICS_REFERENCE,NEAR_BOUNDARY,13.083333333333334,3925.0,3487.47819604954,0.8076600144812656
dod_90,dod-90-v1,blast-lite-lfp-gr-250ah-prismatic-2019-v1,blast-lite-b093495-250ah-prismatic-v1,PHYSICS_REFERENCE,NEAR_BOUNDARY,13.166666666666666,3950.0,3507.6696964115717,0.8068191628543044
dod_90,dod-90-v1,blast-lite-lfp-gr-250ah-prismatic-2019-v1,blast-lite-b093495-250ah-prismatic-v1,PHYSICS_REFERENCE,NEAR_BOUNDARY,13.25,3975.0,3527.840175482929,0.8059805510636425
dod_90,dod-90-v1,blast-lite-lfp-gr-250ah-prismatic-2019-v1,blast-lite-b093495-250ah-prismatic-v1,PHYSICS_REFERENCE,NEAR_BOUNDARY,13.333333333333334,4000.0,3547.98968925952,0.8051441645194348
dod_90,dod-90-v1,blast-lite-lfp-gr-250ah-prismatic-2019-v1,blast-lite-b093495-250ah-prismatic-v1,PHYSICS_REFERENCE,NEAR_BOUNDARY,13.416666666666666,4025.0,3568.1182933725063,0.8043099888117349
dod_90,dod-90-v1,blast-lite-lfp-gr-250ah-prismatic-2019-v1,blast-lite-b093495-250ah-prismatic-v1,PHYSICS_REFERENCE,NEAR_BOUNDARY,13.5,4050.0,3588.2260430927995,0.8034780097071129
dod_90,dod-90-v1,blast-lite-lfp-gr-250ah-prismatic-2019-v1,blast-lite-b093495-250ah-prismatic-v1,PHYSICS_REFERENCE,NEAR_BOUNDARY,13.583333333333334,4075.0,3608.312993335477,0.8026482131453596
dod_90,dod-90-v1,blast-lite-lfp-gr-250ah-prismatic-2019-v1,blast-lite-b093495-250ah-prismatic-v1,PHYSICS_REFERENCE,NEAR_BOUNDARY,13.666666666666666,4100.0,3628.3791986641113,0.8018205852362715
dod_90,dod-90-v1,blast-lite-lfp-gr-250ah-prismatic-2019-v1,blast-lite-b093495-250ah-prismatic-v1,PHYSICS_REFERENCE,NEAR_BOUNDARY,13.75,4125.0,3648.424713295018,0.8009951122565175
dod_90,dod-90-v1,blast-lite-lfp-gr-250ah-prismatic-2019-v1,blast-lite-b093495-250ah-prismatic-v1,PHYSICS_REFERENCE,NEAR_BOUNDARY,13.833333333333334,4150.0,3668.449591101431,0.8001717806465815
dod_90,dod-90-v1,blast-lite-lfp-gr-250ah-prismatic-2019-v1,blast-lite-b093495-250ah-prismatic-v1,PHYSICS_REFERENCE,NEAR_BOUNDARY,13.916666666666666,4175.0,3688.4538856175955,0.7993505770077816
dod_90,dod-90-v1,blast-lite-lfp-gr-250ah-prismatic-2019-v1,blast-lite-b093495-250ah-prismatic-v1,PHYSICS_REFERENCE,NEAR_BOUNDARY,14.0,4200.0,3708.43765004279,0.7985314880993605
dod_90,dod-90-v1,blast-lite-lfp-gr-250ah-prismatic-2019-v1,blast-lite-b093495-250ah-prismatic-v1,PHYSICS_REFERENCE,NEAR_BOUNDARY,14.083333333333334,4225.0,3728.4009372452742,0.7977145008356483
dod_90,dod-90-v1,blast-lite-lfp-gr-250ah-prismatic-2019-v1,blast-lite-b093495-250ah-prismatic-v1,PHYSICS_REFERENCE,NEAR_BOUNDARY,14.166666666666666,4250.0,3748.3437997661654,0.7968996022832917
dod_90,dod-90-v1,blast-lite-lfp-gr-250ah-prismatic-2019-v1,blast-lite-b093495-250ah-prismatic-v1,PHYSICS_REFERENCE,NEAR_BOUNDARY,14.25,4275.0,3768.2662898232475,0.7960867796585511
dod_90,dod-90-v1,blast-lite-lfp-gr-250ah-prismatic-2019-v1,blast-lite-b093495-250ah-prismatic-v1,PHYSICS_REFERENCE,NEAR_BOUNDARY,14.333333333333334,4300.0,3788.168459314711,0.7952760203246614
dod_90,dod-90-v1,blast-lite-lfp-gr-250ah-prismatic-2019-v1,blast-lite-b093495-250ah-prismatic-v1,PHYSICS_REFERENCE,NEAR_BOUNDARY,14.416666666666666,4325.0,3808.0503598228274,0.7944673117892552
dod_90,dod-90-v1,blast-lite-lfp-gr-250ah-prismatic-2019-v1,blast-lite-b093495-250ah-prismatic-v1,PHYSICS_REFERENCE,NEAR_BOUNDARY,14.5,4350.0,3827.9120426175587,0.7936606417018475
dod_90,dod-90-v1,blast-lite-lfp-gr-250ah-prismatic-2019-v1,blast-lite-b093495-250ah-prismatic-v1,PHYSICS_REFERENCE,NEAR_BOUNDARY,14.583333333333334,4375.0,3847.7535586601048,0.7928559978513778
dod_90,dod-90-v1,blast-lite-lfp-gr-250ah-prismatic-2019-v1,blast-lite-b093495-250ah-prismatic-v1,PHYSICS_REFERENCE,NEAR_BOUNDARY,14.666666666666666,4400.0,3867.5749586063894,0.7920533681638107
dod_90,dod-90-v1,blast-lite-lfp-gr-250ah-prismatic-2019-v1,blast-lite-b093495-250ah-prismatic-v1,PHYSICS_REFERENCE,NEAR_BOUNDARY,14.75,4425.0,3887.3762928104848,0.791252740699791
dod_90,dod-90-v1,blast-lite-lfp-gr-250ah-prismatic-2019-v1,blast-lite-b093495-250ah-prismatic-v1,PHYSICS_REFERENCE,NEAR_BOUNDARY,14.833333333333334,4450.0,3907.1576113279793,0.7904541036523534
dod_90,dod-90-v1,blast-lite-lfp-gr-250ah-prismatic-2019-v1,blast-lite-b093495-250ah-prismatic-v1,PHYSICS_REFERENCE,NEAR_BOUNDARY,14.916666666666666,4475.0,3926.918963919288,0.7896574453446836
dod_90,dod-90-v1,blast-lite-lfp-gr-250ah-prismatic-2019-v1,blast-lite-b093495-250ah-prismatic-v1,PHYSICS_REFERENCE,NEAR_BOUNDARY,15.0,4500.0,3946.6604000529055,0.7888627542279317
dod_90,dod-90-v1,blast-lite-lfp-gr-250ah-prismatic-2019-v1,blast-lite-b093495-250ah-prismatic-v1,PHYSICS_REFERENCE,NEAR_BOUNDARY,15.083333333333334,4525.0,3966.381968908604,0.7880700188790732
dod_90,dod-90-v1,blast-lite-lfp-gr-250ah-prismatic-2019-v1,blast-lite-b093495-250ah-prismatic-v1,PHYSICS_REFERENCE,NEAR_BOUNDARY,15.166666666666666,4550.0,3986.083719380581,0.7872792279988196
dod_90,dod-90-v1,blast-lite-lfp-gr-250ah-prismatic-2019-v1,blast-lite-b093495-250ah-prismatic-v1,PHYSICS_REFERENCE,NEAR_BOUNDARY,15.25,4575.0,4005.7657000805516,0.7864903704095743
dod_90,dod-90-v1,blast-lite-lfp-gr-250ah-prismatic-2019-v1,blast-lite-b093495-250ah-prismatic-v1,PHYSICS_REFERENCE,NEAR_BOUNDARY,15.333333333333334,4600.0,4025.427959340791,0.7857034350534348
dod_90,dod-90-v1,blast-lite-lfp-gr-250ah-prismatic-2019-v1,blast-lite-b093495-250ah-prismatic-v1,PHYSICS_REFERENCE,NEAR_BOUNDARY,15.416666666666666,4625.0,4045.070545217127,0.7849184109902392
dod_90,dod-90-v1,blast-lite-lfp-gr-250ah-prismatic-2019-v1,blast-lite-b093495-250ah-prismatic-v1,PHYSICS_REFERENCE,NEAR_BOUNDARY,15.5,4650.0,4064.6935054918827,0.784135287395654
dod_90,dod-90-v1,blast-lite-lfp-gr-250ah-prismatic-2019-v1,blast-lite-b093495-250ah-prismatic-v1,PHYSICS_REFERENCE,NEAR_BOUNDARY,15.583333333333334,4675.0,4084.296887676774,0.7833540535593055
dod_90,dod-90-v1,blast-lite-lfp-gr-250ah-prismatic-2019-v1,blast-lite-b093495-250ah-prismatic-v1,PHYSICS_REFERENCE,NEAR_BOUNDARY,15.666666666666666,4700.0,4103.880739015756,0.7825746988829508
dod_90,dod-90-v1,blast-lite-lfp-gr-250ah-prismatic-2019-v1,blast-lite-b093495-250ah-prismatic-v1,PHYSICS_REFERENCE,NEAR_BOUNDARY,15.75,4725.0,4123.44510648783,0.781797212878688
dod_90,dod-90-v1,blast-lite-lfp-gr-250ah-prismatic-2019-v1,blast-lite-b093495-250ah-prismatic-v1,PHYSICS_REFERENCE,NEAR_BOUNDARY,15.833333333333334,4750.0,4142.990036809798,0.7810215851672055
dod_90,dod-90-v1,blast-lite-lfp-gr-250ah-prismatic-2019-v1,blast-lite-b093495-250ah-prismatic-v1,PHYSICS_REFERENCE,NEAR_BOUNDARY,15.916666666666666,4775.0,4162.515576438978,0.7802478054760684
dod_90,dod-90-v1,blast-lite-lfp-gr-250ah-prismatic-2019-v1,blast-lite-b093495-250ah-prismatic-v1,PHYSICS_REFERENCE,NEAR_BOUNDARY,16.0,4800.0,4182.02177157588,0.7794758636380411
dod_90,dod-90-v1,blast-lite-lfp-gr-250ah-prismatic-2019-v1,blast-lite-b093495-250ah-prismatic-v1,PHYSICS_REFERENCE,NEAR_BOUNDARY,16.083333333333332,4825.0,4201.508668166831,0.7787057495894456
dod_90,dod-90-v1,blast-lite-lfp-gr-250ah-prismatic-2019-v1,blast-lite-b093495-250ah-prismatic-v1,PHYSICS_REFERENCE,NEAR_BOUNDARY,16.166666666666668,4850.0,4220.976311906567,0.7779374533685536
dod_90,dod-90-v1,blast-lite-lfp-gr-250ah-prismatic-2019-v1,blast-lite-b093495-250ah-prismatic-v1,PHYSICS_REFERENCE,NEAR_BOUNDARY,16.25,4875.0,4240.424748240781,0.7771709651140135
dod_90,dod-90-v1,blast-lite-lfp-gr-250ah-prismatic-2019-v1,blast-lite-b093495-250ah-prismatic-v1,PHYSICS_REFERENCE,NEAR_BOUNDARY,16.333333333333332,4900.0,4259.854022368631,0.7764062750633088
dod_90,dod-90-v1,blast-lite-lfp-gr-250ah-prismatic-2019-v1,blast-lite-b093495-250ah-prismatic-v1,PHYSICS_REFERENCE,NEAR_BOUNDARY,16.416666666666668,4925.0,4279.264179245214,0.7756433735512489
dod_90,dod-90-v1,blast-lite-lfp-gr-250ah-prismatic-2019-v1,blast-lite-b093495-250ah-prismatic-v1,PHYSICS_REFERENCE,NEAR_BOUNDARY,16.5,4950.0,4298.655263583995,0.7748822510084907
dod_90,dod-90-v1,blast-lite-lfp-gr-250ah-prismatic-2019-v1,blast-lite-b093495-250ah-prismatic-v1,PHYSICS_REFERENCE,NEAR_BOUNDARY,16.583333333333332,4975.0,4318.027319859208,0.7741228979600906
dod_90,dod-90-v1,blast-lite-lfp-gr-250ah-prismatic-2019-v1,blast-lite-b093495-250ah-prismatic-v1,PHYSICS_REFERENCE,NEAR_BOUNDARY,16.666666666666668,5000.0,4337.38039230821,0.7733653050240861
dod_90,dod-90-v1,blast-lite-lfp-gr-250ah-prismatic-2019-v1,blast-lite-b093495-250ah-prismatic-v1,PHYSICS_REFERENCE,NEAR_BOUNDARY,16.75,5025.0,4356.714524933812,0.7726094629101057
dod_90,dod-90-v1,blast-lite-lfp-gr-250ah-prismatic-2019-v1,blast-lite-b093495-250ah-prismatic-v1,PHYSICS_REFERENCE,NEAR_BOUNDARY,16.833333333333332,5050.0,4376.029761506565,0.7718553624180071
dod_90,dod-90-v1,blast-lite-lfp-gr-250ah-prismatic-2019-v1,blast-lite-b093495-250ah-prismatic-v1,PHYSICS_REFERENCE,NEAR_BOUNDARY,16.916666666666668,5075.0,4395.3261455670145,0.7711029944365426
dod_90,dod-90-v1,blast-lite-lfp-gr-250ah-prismatic-2019-v1,blast-lite-b093495-250ah-prismatic-v1,PHYSICS_REFERENCE,NEAR_BOUNDARY,17.0,5100.0,4414.603720427928,0.7703523499420505
dod_90,dod-90-v1,blast-lite-lfp-gr-250ah-prismatic-2019-v1,blast-lite-b093495-250ah-prismatic-v1,PHYSICS_REFERENCE,NEAR_BOUNDARY,17.083333333333332,5125.0,4433.862529176479,0.7696034199971739
dod_90,dod-90-v1,blast-lite-lfp-gr-250ah-prismatic-2019-v1,blast-lite-b093495-250ah-prismatic-v1,PHYSICS_REFERENCE,NEAR_BOUNDARY,17.166666666666668,5150.0,4453.102614676409,0.7688561957496026
dod_90,dod-90-v1,blast-lite-lfp-gr-250ah-prismatic-2019-v1,blast-lite-b093495-250ah-prismatic-v1,PHYSICS_REFERENCE,NEAR_BOUNDARY,17.25,5175.0,4472.324019570149,0.7681106684308424
dod_90,dod-90-v1,blast-lite-lfp-gr-250ah-prismatic-2019-v1,blast-lite-b093495-250ah-prismatic-v1,PHYSICS_REFERENCE,NEAR_BOUNDARY,17.333333333333332,5200.0,4491.5267862809205,0.7673668293550053
dod_90,dod-90-v1,blast-lite-lfp-gr-250ah-prismatic-2019-v1,blast-lite-b093495-250ah-prismatic-v1,PHYSICS_REFERENCE,NEAR_BOUNDARY,17.416666666666668,5225.0,4510.710957014796,0.7666246699176263
dod_90,dod-90-v1,blast-lite-lfp-gr-250ah-prismatic-2019-v1,blast-lite-b093495-250ah-prismatic-v1,PHYSICS_REFERENCE,NEAR_BOUNDARY,17.5,5250.0,4529.876573762736,0.7658841815945003
dod_90,dod-90-v1,blast-lite-lfp-gr-250ah-prismatic-2019-v1,blast-lite-b093495-250ah-prismatic-v1,PHYSICS_REFERENCE,NEAR_BOUNDARY,17.583333333333332,5275.0,4549.0236783025985,0.7651453559405432
dod_90,dod-90-v1,blast-lite-lfp-gr-250ah-prismatic-2019-v1,blast-lite-b093495-250ah-prismatic-v1,PHYSICS_REFERENCE,NEAR_BOUNDARY,17.666666666666668,5300.0,4568.152312201112,0.7644081845886745
dod_90,dod-90-v1,blast-lite-lfp-gr-250ah-prismatic-2019-v1,blast-lite-b093495-250ah-prismatic-v1,PHYSICS_REFERENCE,NEAR_BOUNDARY,17.75,5325.0,4587.262516815829,0.7636726592487206
dod_90,dod-90-v1,blast-lite-lfp-gr-250ah-prismatic-2019-v1,blast-lite-b093495-250ah-prismatic-v1,PHYSICS_REFERENCE,NEAR_BOUNDARY,17.833333333333332,5350.0,4606.354333297048,0.7629387717063391
dod_90,dod-90-v1,blast-lite-lfp-gr-250ah-prismatic-2019-v1,blast-lite-b093495-250ah-prismatic-v1,PHYSICS_REFERENCE,NEAR_BOUNDARY,17.916666666666668,5375.0,4625.427802589706,0.762206513821963
dod_90,dod-90-v1,blast-lite-lfp-gr-250ah-prismatic-2019-v1,blast-lite-b093495-250ah-prismatic-v1,PHYSICS_REFERENCE,NEAR_BOUNDARY,18.0,5400.0,4644.482965435254,0.7614758775297663
dod_90,dod-90-v1,blast-lite-lfp-gr-250ah-prismatic-2019-v1,blast-lite-b093495-250ah-prismatic-v1,PHYSICS_REFERENCE,NEAR_BOUNDARY,18.083333333333332,5425.0,4663.519862373499,0.760746854836647
dod_90,dod-90-v1,blast-lite-lfp-gr-250ah-prismatic-2019-v1,blast-lite-b093495-250ah-prismatic-v1,PHYSICS_REFERENCE,NEAR_BOUNDARY,18.166666666666668,5450.0,4682.538533744415,0.7600194378212294
dod_90,dod-90-v1,blast-lite-lfp-gr-250ah-prismatic-2019-v1,blast-lite-b093495-250ah-prismatic-v1,PHYSICS_REFERENCE,NEAR_BOUNDARY,18.25,5475.0,4701.539019689946,0.7592936186328861
dod_90,dod-90-v1,blast-lite-lfp-gr-250ah-prismatic-2019-v1,blast-lite-b093495-250ah-prismatic-v1,PHYSICS_REFERENCE,NEAR_BOUNDARY,18.333333333333332,5500.0,4720.521360155768,0.7585693894907766
dod_90,dod-90-v1,blast-lite-lfp-gr-250ah-prismatic-2019-v1,blast-lite-b093495-250ah-prismatic-v1,PHYSICS_REFERENCE,NEAR_BOUNDARY,18.416666666666668,5525.0,4739.485594893037,0.7578467426829038
dod_90,dod-90-v1,blast-lite-lfp-gr-250ah-prismatic-2019-v1,blast-lite-b093495-250ah-prismatic-v1,PHYSICS_REFERENCE,NEAR_BOUNDARY,18.5,5550.0,4758.431763460109,0.7571256705651882
dod_90,dod-90-v1,blast-lite-lfp-gr-250ah-prismatic-2019-v1,blast-lite-b093495-250ah-prismatic-v1,PHYSICS_REFERENCE,NEAR_BOUNDARY,18.583333333333332,5575.0,4777.359905224239,0.7564061655605588
dod_90,dod-90-v1,blast-lite-lfp-gr-250ah-prismatic-2019-v1,blast-lite-b093495-250ah-prismatic-v1,PHYSICS_REFERENCE,NEAR_BOUNDARY,18.666666666666668,5600.0,4796.270059363253,0.7556882201580599
dod_90,dod-90-v1,blast-lite-lfp-gr-250ah-prismatic-2019-v1,blast-lite-b093495-250ah-prismatic-v1,PHYSICS_REFERENCE,NEAR_BOUNDARY,18.75,5625.0,4815.162264867204,0.7549718269119738
dod_90,dod-90-v1,blast-lite-lfp-gr-250ah-prismatic-2019-v1,blast-lite-b093495-250ah-prismatic-v1,PHYSICS_REFERENCE,NEAR_BOUNDARY,18.833333333333332,5650.0,4834.036560540003,0.754256978440961
dod_90,dod-90-v1,blast-lite-lfp-gr-250ah-prismatic-2019-v1,blast-lite-b093495-250ah-prismatic-v1,PHYSICS_REFERENCE,NEAR_BOUNDARY,18.916666666666668,5675.0,4852.892985001027,0.7535436674272128
dod_90,dod-90-v1,blast-lite-lfp-gr-250ah-prismatic-2019-v1,blast-lite-b093495-250ah-prismatic-v1,PHYSICS_REFERENCE,NEAR_BOUNDARY,19.0,5700.0,4871.731576686708,0.7528318866156215
dod_90,dod-90-v1,blast-lite-lfp-gr-250ah-prismatic-2019-v1,blast-lite-b093495-250ah-prismatic-v1,PHYSICS_REFERENCE,NEAR_BOUNDARY,19.083333333333332,5725.0,4890.552373852098,0.7521216288129641
dod_90,dod-90-v1,blast-lite-lfp-gr-250ah-prismatic-2019-v1,blast-lite-b093495-250ah-prismatic-v1,PHYSICS_REFERENCE,NEAR_BOUNDARY,19.166666666666668,5750.0,4909.355414572422,0.7514128868871
dod_90,dod-90-v1,blast-lite-lfp-gr-250ah-prismatic-2019-v1,blast-lite-b093495-250ah-prismatic-v1,PHYSICS_REFERENCE,NEAR_BOUNDARY,19.25,5775.0,4928.140736744599,0.7507056537661838
dod_90,dod-90-v1,blast-lite-lfp-gr-250ah-prismatic-2019-v1,blast-lite-b093495-250ah-prismatic-v1,PHYSICS_REFERENCE,NEAR_BOUNDARY,19.333333333333332,5800.0,4946.908378088754,0.7499999224378904
dod_90,dod-90-v1,blast-lite-lfp-gr-250ah-prismatic-2019-v1,blast-lite-b093495-250ah-prismatic-v1,PHYSICS_REFERENCE,NEAR_BOUNDARY,19.416666666666668,5825.0,4965.658376149701,0.7492956859486555
dod_90,dod-90-v1,blast-lite-lfp-gr-250ah-prismatic-2019-v1,blast-lite-b093495-250ah-prismatic-v1,PHYSICS_REFERENCE,NEAR_BOUNDARY,19.5,5850.0,4984.390768298418,0.7485929374029267
dod_90,dod-90-v1,blast-lite-lfp-gr-250ah-prismatic-2019-v1,blast-lite-b093495-250ah-prismatic-v1,PHYSICS_REFERENCE,NEAR_BOUNDARY,19.583333333333332,5875.0,5003.105591733492,0.7478916699624293
dod_90,dod-90-v1,blast-lite-lfp-gr-250ah-prismatic-2019-v1,blast-lite-b093495-250ah-prismatic-v1,PHYSICS_REFERENCE,NEAR_BOUNDARY,19.666666666666668,5900.0,5021.802883482553,0.7471918768454446
dod_90,dod-90-v1,blast-lite-lfp-gr-250ah-prismatic-2019-v1,blast-lite-b093495-250ah-prismatic-v1,PHYSICS_REFERENCE,NEAR_BOUNDARY,19.75,5925.0,5040.482680403688,0.7464935513260995
dod_90,dod-90-v1,blast-lite-lfp-gr-250ah-prismatic-2019-v1,blast-lite-b093495-250ah-prismatic-v1,PHYSICS_REFERENCE,NEAR_BOUNDARY,19.833333333333332,5950.0,5059.145019186841,0.7457966867336685
dod_90,dod-90-v1,blast-lite-lfp-gr-250ah-prismatic-2019-v1,blast-lite-b093495-250ah-prismatic-v1,PHYSICS_REFERENCE,NEAR_BOUNDARY,19.916666666666668,5975.0,5077.789936355182,0.7451012764518878
dod_90,dod-90-v1,blast-lite-lfp-gr-250ah-prismatic-2019-v1,blast-lite-b093495-250ah-prismatic-v1,PHYSICS_REFERENCE,NEAR_BOUNDARY,20.0,6000.0,5096.41746826648,0.744407313918281
dod_90,dod-90-v1,blast-lite-lfp-gr-250ah-prismatic-2019-v1,blast-lite-b093495-250ah-prismatic-v1,PHYSICS_REFERENCE,NEAR_BOUNDARY,20.083333333333332,6025.0,5115.027651114437,0.7437147926234952
dod_90,dod-90-v1,blast-lite-lfp-gr-250ah-prismatic-2019-v1,blast-lite-b093495-250ah-prismatic-v1,PHYSICS_REFERENCE,NEAR_BOUNDARY,20.166666666666668,6050.0,5133.620520930024,0.7430237061106495
dod_90,dod-90-v1,blast-lite-lfp-gr-250ah-prismatic-2019-v1,blast-lite-b093495-250ah-prismatic-v1,PHYSICS_REFERENCE,NEAR_BOUNDARY,20.25,6075.0,5152.1961135827905,0.7423340479746927
dod_90,dod-90-v1,blast-lite-lfp-gr-250ah-prismatic-2019-v1,blast-lite-b093495-250ah-prismatic-v1,PHYSICS_REFERENCE,NEAR_BOUNDARY,20.333333333333332,6100.0,5170.754464782158,0.7416458118617733
dod_90,dod-90-v1,blast-lite-lfp-gr-250ah-prismatic-2019-v1,blast-lite-b093495-250ah-prismatic-v1,PHYSICS_REFERENCE,NEAR_BOUNDARY,20.416666666666668,6125.0,5189.295610078702,0.7409589914686183
dod_90,dod-90-v1,blast-lite-lfp-gr-250ah-prismatic-2019-v1,blast-lite-b093495-250ah-prismatic-v1,PHYSICS_REFERENCE,NEAR_BOUNDARY,20.5,6150.0,5207.819584865418,0.7402735805419234
dod_90,dod-90-v1,blast-lite-lfp-gr-250ah-prismatic-2019-v1,blast-lite-b093495-250ah-prismatic-v1,PHYSICS_REFERENCE,NEAR_BOUNDARY,20.583333333333332,6175.0,5226.326424378965,0.7395895728777525
dod_90,dod-90-v1,blast-lite-lfp-gr-250ah-prismatic-2019-v1,blast-lite-b093495-250ah-prismatic-v1,PHYSICS_REFERENCE,NEAR_BOUNDARY,20.666666666666668,6200.0,5244.816163700909,0.7389069623209465
dod_90,dod-90-v1,blast-lite-lfp-gr-250ah-prismatic-2019-v1,blast-lite-b093495-250ah-prismatic-v1,PHYSICS_REFERENCE,NEAR_BOUNDARY,20.75,6225.0,5263.2888377589325,0.7382257427645431
dod_90,dod-90-v1,blast-lite-lfp-gr-250ah-prismatic-2019-v1,blast-lite-b093495-250ah-prismatic-v1,PHYSICS_REFERENCE,NEAR_BOUNDARY,20.833333333333332,6250.0,5281.744481328046,0.7375459081492044
dod_90,dod-90-v1,blast-lite-lfp-gr-250ah-prismatic-2019-v1,blast-lite-b093495-250ah-prismatic-v1,PHYSICS_REFERENCE,NEAR_BOUNDARY,20.916666666666668,6275.0,5300.183129031776,0.7368674524626544
dod_90,dod-90-v1,blast-lite-lfp-gr-250ah-prismatic-2019-v1,blast-lite-b093495-250ah-prismatic-v1,PHYSICS_REFERENCE,NEAR_BOUNDARY,21.0,6300.0,5318.604815343342,0.7361903697391257
dod_90,dod-90-v1,blast-lite-lfp-gr-250ah-prismatic-2019-v1,blast-lite-b093495-250ah-prismatic-v1,PHYSICS_REFERENCE,NEAR_BOUNDARY,21.083333333333332,6325.0,5337.00957458682,0.7355146540588142
dod_90,dod-90-v1,blast-lite-lfp-gr-250ah-prismatic-2019-v1,blast-lite-b093495-250ah-prismatic-v1,PHYSICS_REFERENCE,NEAR_BOUNDARY,21.166666666666668,6350.0,5355.397440938291,0.7348402995473433
dod_90,dod-90-v1,blast-lite-lfp-gr-250ah-prismatic-2019-v1,blast-lite-b093495-250ah-prismatic-v1,PHYSICS_REFERENCE,NEAR_BOUNDARY,21.25,6375.0,5373.768448426975,0.7341673003752363
dod_90,dod-90-v1,blast-lite-lfp-gr-250ah-prismatic-2019-v1,blast-lite-b093495-250ah-prismatic-v1,PHYSICS_REFERENCE,NEAR_BOUNDARY,21.333333333333332,6400.0,5392.122630936356,0.7334956507573958
dod_90,dod-90-v1,blast-lite-lfp-gr-250ah-prismatic-2019-v1,blast-lite-b093495-250ah-prismatic-v1,PHYSICS_REFERENCE,NEAR_BOUNDARY,21.416666666666668,6425.0,5410.46002220529,0.7328253449525941
dod_90,dod-90-v1,blast-lite-lfp-gr-250ah-prismatic-2019-v1,blast-lite-b093495-250ah-prismatic-v1,PHYSICS_REFERENCE,NEAR_BOUNDARY,21.5,6450.0,5428.780655829105,0.7321563772629683
dod_90,dod-90-v1,blast-lite-lfp-gr-250ah-prismatic-2019-v1,blast-lite-b093495-250ah-prismatic-v1,PHYSICS_REFERENCE,NEAR_BOUNDARY,21.583333333333332,6475.0,5447.0845652606795,0.7314887420335254
dod_90,dod-90-v1,blast-lite-lfp-gr-250ah-prismatic-2019-v1,blast-lite-b093495-250ah-prismatic-v1,PHYSICS_REFERENCE,NEAR_BOUNDARY,21.666666666666668,6500.0,5465.371783811518,0.7308224336516546
dod_90,dod-90-v1,blast-lite-lfp-gr-250ah-prismatic-2019-v1,blast-lite-b093495-250ah-prismatic-v1,PHYSICS_REFERENCE,NEAR_BOUNDARY,21.75,6525.0,5483.64234465281,0.7301574465466457
dod_90,dod-90-v1,blast-lite-lfp-gr-250ah-prismatic-2019-v1,blast-lite-b093495-250ah-prismatic-v1,PHYSICS_REFERENCE,NEAR_BOUNDARY,21.833333333333332,6550.0,5501.896280816476,0.7294937751892179
dod_90,dod-90-v1,blast-lite-lfp-gr-250ah-prismatic-2019-v1,blast-lite-b093495-250ah-prismatic-v1,PHYSICS_REFERENCE,NEAR_BOUNDARY,21.916666666666668,6575.0,5520.133625196207,0.7288314140910519
dod_90,dod-90-v1,blast-lite-lfp-gr-250ah-prismatic-2019-v1,blast-lite-b093495-250ah-prismatic-v1,PHYSICS_REFERENCE,NEAR_BOUNDARY,22.0,6600.0,5538.3544105484825,0.7281703578043328
dod_90,dod-90-v1,blast-lite-lfp-gr-250ah-prismatic-2019-v1,blast-lite-b093495-250ah-prismatic-v1,PHYSICS_REFERENCE,NEAR_BOUNDARY,22.083333333333332,6625.0,5556.558669493591,0.727510600921297
dod_90,dod-90-v1,blast-lite-lfp-gr-250ah-prismatic-2019-v1,blast-lite-b093495-250ah-prismatic-v1,PHYSICS_REFERENCE,NEAR_BOUNDARY,22.166666666666668,6650.0,5574.746434516624,0.7268521380737882
dod_90,dod-90-v1,blast-lite-lfp-gr-250ah-prismatic-2019-v1,blast-lite-b093495-250ah-prismatic-v1,PHYSICS_REFERENCE,NEAR_BOUNDARY,22.25,6675.0,5592.917737968468,0.7261949639328181
dod_90,dod-90-v1,blast-lite-lfp-gr-250ah-prismatic-2019-v1,blast-lite-b093495-250ah-prismatic-v1,PHYSICS_REFERENCE,NEAR_BOUNDARY,22.333333333333332,6700.0,5611.072612066789,0.7255390732081353
dod_90,dod-90-v1,blast-lite-lfp-gr-250ah-prismatic-2019-v1,blast-lite-b093495-250ah-prismatic-v1,PHYSICS_REFERENCE,NEAR_BOUNDARY,22.416666666666668,6725.0,5629.211088896992,0.7248844606477997
dod_90,dod-90-v1,blast-lite-lfp-gr-250ah-prismatic-2019-v1,blast-lite-b093495-250ah-prismatic-v1,PHYSICS_REFERENCE,NEAR_BOUNDARY,22.5,6750.0,5647.333200413187,0.7242311210377632
dod_90,dod-90-v1,blast-lite-lfp-gr-250ah-prismatic-2019-v1,blast-lite-b093495-250ah-prismatic-v1,PHYSICS_REFERENCE,NEAR_BOUNDARY,22.583333333333332,6775.0,5665.4389784391315,0.7235790492014578
dod_90,dod-90-v1,blast-lite-lfp-gr-250ah-prismatic-2019-v1,blast-lite-b093495-250ah-prismatic-v1,PHYSICS_REFERENCE,NEAR_BOUNDARY,22.666666666666668,6800.0,5683.528454669168,0.7229282399993869
dod_90,dod-90-v1,blast-lite-lfp-gr-250ah-prismatic-2019-v1,blast-lite-b093495-250ah-prismatic-v1,PHYSICS_REFERENCE,NEAR_BOUNDARY,22.75,6825.0,5701.601660669153,0.722278688328727
dod_90,dod-90-v1,blast-lite-lfp-gr-250ah-prismatic-2019-v1,blast-lite-b093495-250ah-prismatic-v1,PHYSICS_REFERENCE,NEAR_BOUNDARY,22.833333333333332,6850.0,5719.658627877371,0.7216303891229303
dod_90,dod-90-v1,blast-lite-lfp-gr-250ah-prismatic-2019-v1,blast-lite-b093495-250ah-prismatic-v1,PHYSICS_REFERENCE,NEAR_BOUNDARY,22.916666666666668,6875.0,5737.699387605445,0.7209833373513375
dod_90,dod-90-v1,blast-lite-lfp-gr-250ah-prismatic-2019-v1,blast-lite-b093495-250ah-prismatic-v1,PHYSICS_REFERENCE,NEAR_BOUNDARY,23.0,6900.0,5755.723971039229,0.7203375280187927
dod_90,dod-90-v1,blast-lite-lfp-gr-250ah-prismatic-2019-v1,blast-lite-b093495-250ah-prismatic-v1,PHYSICS_REFERENCE,NEAR_BOUNDARY,23.083333333333332,6925.0,5773.732409239698,0.7196929561652663
dod_90,dod-90-v1,blast-lite-lfp-gr-250ah-prismatic-2019-v1,blast-lite-b093495-250ah-prismatic-v1,PHYSICS_REFERENCE,NEAR_BOUNDARY,23.166666666666668,6950.0,5791.72473314383,0.7190496168654823
dod_90,dod-90-v1,blast-lite-lfp-gr-250ah-prismatic-2019-v1,blast-lite-b093495-250ah-prismatic-v1,PHYSICS_REFERENCE,NEAR_BOUNDARY,23.25,6975.0,5809.700973565467,0.7184075052285508
dod_90,dod-90-v1,blast-lite-lfp-gr-250ah-prismatic-2019-v1,blast-lite-b093495-250ah-prismatic-v1,PHYSICS_REFERENCE,NEAR_BOUNDARY,23.333333333333332,7000.0,5827.661161196181,0.7177666163976058
dod_90,dod-90-v1,blast-lite-lfp-gr-250ah-prismatic-2019-v1,blast-lite-b093495-250ah-prismatic-v1,PHYSICS_REFERENCE,NEAR_BOUNDARY,23.416666666666668,7025.0,5845.605326606121,0.7171269455494488
dod_90,dod-90-v1,blast-lite-lfp-gr-250ah-prismatic-2019-v1,blast-lite-b093495-250ah-prismatic-v1,PHYSICS_REFERENCE,NEAR_BOUNDARY,23.5,7050.0,5863.533500244857,0.7164884878941972
dod_90,dod-90-v1,blast-lite-lfp-gr-250ah-prismatic-2019-v1,blast-lite-b093495-250ah-prismatic-v1,PHYSICS_REFERENCE,NEAR_BOUNDARY,23.583333333333332,7075.0,5881.445712442212,0.7158512386749365
dod_90,dod-90-v1,blast-lite-lfp-gr-250ah-prismatic-2019-v1,blast-lite-b093495-250ah-prismatic-v1,PHYSICS_REFERENCE,NEAR_BOUNDARY,23.666666666666668,7100.0,5899.341993409086,0.7152151931673797
dod_90,dod-90-v1,blast-lite-lfp-gr-250ah-prismatic-2019-v1,blast-lite-b093495-250ah-prismatic-v1,PHYSICS_REFERENCE,NEAR_BOUNDARY,23.75,7125.0,5917.222373238271,0.7145803466795285
dod_90,dod-90-v1,blast-lite-lfp-gr-250ah-prismatic-2019-v1,blast-lite-b093495-250ah-prismatic-v1,PHYSICS_REFERENCE,NEAR_BOUNDARY,23.833333333333332,7150.0,5935.086881905259,0.7139466945513426
dod_90,dod-90-v1,blast-lite-lfp-gr-250ah-prismatic-2019-v1,blast-lite-b093495-250ah-prismatic-v1,PHYSICS_REFERENCE,NEAR_BOUNDARY,23.916666666666668,7175.0,5952.935549269043,0.7133142321544109
dod_90,dod-90-v1,blast-lite-lfp-gr-250ah-prismatic-2019-v1,blast-lite-b093495-250ah-prismatic-v1,PHYSICS_REFERENCE,NEAR_BOUNDARY,24.0,7200.0,5970.768405072903,0.7126829548916279
dod_90,dod-90-v1,blast-lite-lfp-gr-250ah-prismatic-2019-v1,blast-lite-b093495-250ah-prismatic-v1,PHYSICS_REFERENCE,NEAR_BOUNDARY,24.083333333333332,7225.0,5988.585478945194,0.7120528581968759
dod_90,dod-90-v1,blast-lite-lfp-gr-250ah-prismatic-2019-v1,blast-lite-b093495-250ah-prismatic-v1,PHYSICS_REFERENCE,NEAR_BOUNDARY,24.166666666666668,7250.0,6006.386800400116,0.7114239375347098
dod_90,dod-90-v1,blast-lite-lfp-gr-250ah-prismatic-2019-v1,blast-lite-b093495-250ah-prismatic-v1,PHYSICS_REFERENCE,NEAR_BOUNDARY,24.25,7275.0,6024.172398838484,0.7107961884000474
dod_90,dod-90-v1,blast-lite-lfp-gr-250ah-prismatic-2019-v1,blast-lite-b093495-250ah-prismatic-v1,PHYSICS_REFERENCE,NEAR_BOUNDARY,24.333333333333332,7300.0,6041.942303548485,0.7101696063178634
dod_90,dod-90-v1,blast-lite-lfp-gr-250ah-prismatic-2019-v1,blast-lite-b093495-250ah-prismatic-v1,PHYSICS_REFERENCE,NEAR_BOUNDARY,24.416666666666668,7325.0,6059.696543706432,0.7095441868428874
dod_90,dod-90-v1,blast-lite-lfp-gr-250ah-prismatic-2019-v1,blast-lite-b093495-250ah-prismatic-v1,PHYSICS_REFERENCE,NEAR_BOUNDARY,24.5,7350.0,6077.435148377504,0.7089199255593068
dod_90,dod-90-v1,blast-lite-lfp-gr-250ah-prismatic-2019-v1,blast-lite-b093495-250ah-prismatic-v1,PHYSICS_REFERENCE,NEAR_BOUNDARY,24.583333333333332,7375.0,6095.158146516487,0.7082968180804732
dod_90,dod-90-v1,blast-lite-lfp-gr-250ah-prismatic-2019-v1,blast-lite-b093495-250ah-prismatic-v1,PHYSICS_REFERENCE,NEAR_BOUNDARY,24.666666666666668,7400.0,6112.8655669684995,0.7076748600486118
dod_90,dod-90-v1,blast-lite-lfp-gr-250ah-prismatic-2019-v1,blast-lite-b093495-250ah-prismatic-v1,PHYSICS_REFERENCE,NEAR_BOUNDARY,24.75,7425.0,6130.557438469715,0.7070540471345372
dod_90,dod-90-v1,blast-lite-lfp-gr-250ah-prismatic-2019-v1,blast-lite-b093495-250ah-prismatic-v1,PHYSICS_REFERENCE,NEAR_BOUNDARY,24.833333333333332,7450.0,6148.2337896480785,0.7064343750373703
dod_90,dod-90-v1,blast-lite-lfp-gr-250ah-prismatic-2019-v1,blast-lite-b093495-250ah-prismatic-v1,PHYSICS_REFERENCE,NEAR_BOUNDARY,24.916666666666668,7475.0,6165.894649024013,0.7058158394842605
dod_90,dod-90-v1,blast-lite-lfp-gr-250ah-prismatic-2019-v1,blast-lite-b093495-250ah-prismatic-v1,PHYSICS_REFERENCE,NEAR_BOUNDARY,25.0,7500.0,6183.54004501112,0.7051984362301114
dod_100,dod-100-v1,blast-lite-lfp-gr-250ah-prismatic-2019-v1,blast-lite-b093495-250ah-prismatic-v1,PHYSICS_REFERENCE,NEAR_BOUNDARY,0.0,0.0,0.0,1.0
dod_100,dod-100-v1,blast-lite-lfp-gr-250ah-prismatic-2019-v1,blast-lite-b093495-250ah-prismatic-v1,PHYSICS_REFERENCE,NEAR_BOUNDARY,0.08333333333333333,25.0,25.0,0.9956331827716567
dod_100,dod-100-v1,blast-lite-lfp-gr-250ah-prismatic-2019-v1,blast-lite-b093495-250ah-prismatic-v1,PHYSICS_REFERENCE,NEAR_BOUNDARY,0.16666666666666666,50.0,49.89082956929141,0.9925145203062304
dod_100,dod-100-v1,blast-lite-lfp-gr-250ah-prismatic-2019-v1,blast-lite-b093495-250ah-prismatic-v1,PHYSICS_REFERENCE,NEAR_BOUNDARY,0.25,75.0,74.70369257694718,0.989841997116734
dod_100,dod-100-v1,blast-lite-lfp-gr-250ah-prismatic-2019-v1,blast-lite-b093495-250ah-prismatic-v1,PHYSICS_REFERENCE,NEAR_BOUNDARY,0.3333333333333333,100.0,99.44974250486553,0.9873937069516343
dod_100,dod-100-v1,blast-lite-lfp-gr-250ah-prismatic-2019-v1,blast-lite-b093495-250ah-prismatic-v1,PHYSICS_REFERENCE,NEAR_BOUNDARY,0.4166666666666667,125.0,124.13458517865638,0.985092949801908
dod_100,dod-100-v1,blast-lite-lfp-gr-250ah-prismatic-2019-v1,blast-lite-b093495-250ah-prismatic-v1,PHYSICS_REFERENCE,NEAR_BOUNDARY,0.5,150.0,148.76190892370408,0.9829009929233208
dod_100,dod-100-v1,blast-lite-lfp-gr-250ah-prismatic-2019-v1,blast-lite-b093495-250ah-prismatic-v1,PHYSICS_REFERENCE,NEAR_BOUNDARY,0.5833333333333334,175.0,173.3344337467871,0.9807946488627617
dod_100,dod-100-v1,blast-lite-lfp-gr-250ah-prismatic-2019-v1,blast-lite-b093495-250ah-prismatic-v1,PHYSICS_REFERENCE,NEAR_BOUNDARY,0.6666666666666666,200.0,197.85429996835614,0.9787585717096642
dod_100,dod-100-v1,blast-lite-lfp-gr-250ah-prismatic-2019-v1,blast-lite-b093495-250ah-prismatic-v1,PHYSICS_REFERENCE,NEAR_BOUNDARY,0.75,225.0,222.32326426109773,0.9767819025623392
dod_100,dod-100-v1,blast-lite-lfp-gr-250ah-prismatic-2019-v1,blast-lite-b093495-250ah-prismatic-v1,PHYSICS_REFERENCE,NEAR_BOUNDARY,0.8333333333333334,250.0,246.74281182515622,0.9748565795267429
dod_100,dod-100-v1,blast-lite-lfp-gr-250ah-prismatic-2019-v1,blast-lite-b093495-250ah-prismatic-v1,PHYSICS_REFERENCE,NEAR_BOUNDARY,0.9166666666666666,275.0,271.1142263133248,0.9729763963663778
dod_100,dod-100-v1,blast-lite-lfp-gr-250ah-prismatic-2019-v1,blast-lite-b093495-250ah-prismatic-v1,PHYSICS_REFERENCE,NEAR_BOUNDARY,1.0,300.0,295.43863622248426,0.9711364379329295
dod_100,dod-100-v1,blast-lite-lfp-gr-250ah-prismatic-2019-v1,blast-lite-b093495-250ah-prismatic-v1,PHYSICS_REFERENCE,NEAR_BOUNDARY,1.0833333333333333,325.0,319.7170471708075,0.9693327217383968
dod_100,dod-100-v1,blast-lite-lfp-gr-250ah-prismatic-2019-v1,blast-lite-b093495-250ah-prismatic-v1,PHYSICS_REFERENCE,NEAR_BOUNDARY,1.1666666666666667,350.0,343.95036521426744,0.9675619598587748
dod_100,dod-100-v1,blast-lite-lfp-gr-250ah-prismatic-2019-v1,blast-lite-b093495-250ah-prismatic-v1,PHYSICS_REFERENCE,NEAR_BOUNDARY,1.25,375.0,368.1394142107368,0.9658213948192814
dod_100,dod-100-v1,blast-lite-lfp-gr-250ah-prismatic-2019-v1,blast-lite-b093495-250ah-prismatic-v1,PHYSICS_REFERENCE,NEAR_BOUNDARY,1.3333333333333333,400.0,392.2849490812188,0.9641086829417699
dod_100,dod-100-v1,blast-lite-lfp-gr-250ah-prismatic-2019-v1,blast-lite-b093495-250ah-prismatic-v1,PHYSICS_REFERENCE,NEAR_BOUNDARY,1.4166666666666667,425.0,416.38766615476305,0.9624218092439366
dod_100,dod-100-v1,blast-lite-lfp-gr-250ah-prismatic-2019-v1,blast-lite-b093495-250ah-prismatic-v1,PHYSICS_REFERENCE,NEAR_BOUNDARY,1.5,450.0,440.44821138586144,0.9607590239569159
dod_100,dod-100-v1,blast-lite-lfp-gr-250ah-prismatic-2019-v1,blast-lite-b093495-250ah-prismatic-v1,PHYSICS_REFERENCE,NEAR_BOUNDARY,1.5833333333333333,475.0,464.46718698478435,0.9591187942453124
dod_100,dod-100-v1,blast-lite-lfp-gr-250ah-prismatic-2019-v1,blast-lite-b093495-250ah-prismatic-v1,PHYSICS_REFERENCE,NEAR_BOUNDARY,1.6666666666666667,500.0,488.44515684091715,0.9574997668623849
dod_100,dod-100-v1,blast-lite-lfp-gr-250ah-prismatic-2019-v1,blast-lite-b093495-250ah-prismatic-v1,PHYSICS_REFERENCE,NEAR_BOUNDARY,1.75,525.0,512.3826510124768,0.955900738828683
dod_100,dod-100-v1,blast-lite-lfp-gr-250ah-prismatic-2019-v1,blast-lite-b093495-250ah-prismatic-v1,PHYSICS_REFERENCE,NEAR_BOUNDARY,1.8333333333333333,550.0,536.2801694831938,0.9543206341021663
dod_100,dod-100-v1,blast-lite-lfp-gr-250ah-prismatic-2019-v1,blast-lite-b093495-250ah-prismatic-v1,PHYSICS_REFERENCE,NEAR_BOUNDARY,1.9166666666666667,575.0,560.138185335748,0.9527584847931505
dod_100,dod-100-v1,blast-lite-lfp-gr-250ah-prismatic-2019-v1,blast-lite-b093495-250ah-prismatic-v1,PHYSICS_REFERENCE,NEAR_BOUNDARY,2.0,600.0,583.9571474555767,0.9512134158755845
dod_100,dod-100-v1,blast-lite-lfp-gr-250ah-prismatic-2019-v1,blast-lite-b093495-250ah-prismatic-v1,PHYSICS_REFERENCE,NEAR_BOUNDARY,2.0833333333333335,625.0,607.7374828524663,0.9496846326224394
dod_100,dod-100-v1,blast-lite-lfp-gr-250ah-prismatic-2019-v1,blast-lite-b093495-250ah-prismatic-v1,PHYSICS_REFERENCE,NEAR_BOUNDARY,2.1666666666666665,650.0,631.4795986680273,0.9481714101881455
dod_100,dod-100-v1,blast-lite-lfp-gr-250ah-prismatic-2019-v1,blast-lite-b093495-250ah-prismatic-v1,PHYSICS_REFERENCE,NEAR_BOUNDARY,2.25,675.0,655.183883922731,0.9466730849011324
dod_100,dod-100-v1,blast-lite-lfp-gr-250ah-prismatic-2019-v1,blast-lite-b093495-250ah-prismatic-v1,PHYSICS_REFERENCE,NEAR_BOUNDARY,2.3333333333333335,700.0,678.8507110452592,0.9451890469316001
dod_100,dod-100-v1,blast-lite-lfp-gr-250ah-prismatic-2019-v1,blast-lite-b093495-250ah-prismatic-v1,PHYSICS_REFERENCE,NEAR_BOUNDARY,2.4166666666666665,725.0,702.4804372185492,0.9437187340750439
dod_100,dod-100-v1,blast-lite-lfp-gr-250ah-prismatic-2019-v1,blast-lite-b093495-250ah-prismatic-v1,PHYSICS_REFERENCE,NEAR_BOUNDARY,2.5,750.0,726.0734055704254,0.9422616264484102
dod_100,dod-100-v1,blast-lite-lfp-gr-250ah-prismatic-2019-v1,blast-lite-b093495-250ah-prismatic-v1,PHYSICS_REFERENCE,NEAR_BOUNDARY,2.5833333333333335,775.0,749.6299462316357,0.9408172419383874
dod_100,dod-100-v1,blast-lite-lfp-gr-250ah-prismatic-2019-v1,blast-lite-b093495-250ah-prismatic-v1,PHYSICS_REFERENCE,NEAR_BOUNDARY,2.6666666666666665,800.0,773.1503772800954,0.939385132273908
dod_100,dod-100-v1,blast-lite-lfp-gr-250ah-prismatic-2019-v1,blast-lite-b093495-250ah-prismatic-v1,PHYSICS_REFERENCE,NEAR_BOUNDARY,2.75,825.0,796.6350055869432,0.9379648796200691
dod_100,dod-100-v1,blast-lite-lfp-gr-250ah-prismatic-2019-v1,blast-lite-b093495-250ah-prismatic-v1,PHYSICS_REFERENCE,NEAR_BOUNDARY,2.8333333333333335,850.0,820.0841275774449,0.9365560936102653
dod_100,dod-100-v1,blast-lite-lfp-gr-250ah-prismatic-2019-v1,blast-lite-b093495-250ah-prismatic-v1,PHYSICS_REFERENCE,NEAR_BOUNDARY,2.9166666666666665,875.0,843.4980299177015,0.935158408748686
dod_100,dod-100-v1,blast-lite-lfp-gr-250ah-prismatic-2019-v1,blast-lite-b093495-250ah-prismatic-v1,PHYSICS_REFERENCE,NEAR_BOUNDARY,3.0,900.0,866.8769901364186,0.9337714821275147
dod_100,dod-100-v1,blast-lite-lfp-gr-250ah-prismatic-2019-v1,blast-lite-b093495-250ah-prismatic-v1,PHYSICS_REFERENCE,NEAR_BOUNDARY,3.0833333333333335,925.0,890.2212771896064,0.9323949914128579
dod_100,dod-100-v1,blast-lite-lfp-gr-250ah-prismatic-2019-v1,blast-lite-b093495-250ah-prismatic-v1,PHYSICS_REFERENCE,NEAR_BOUNDARY,3.1666666666666665,950.0,913.5311519749279,0.931028633061234
dod_100,dod-100-v1,blast-lite-lfp-gr-250ah-prismatic-2019-v1,blast-lite-b093495-250ah-prismatic-v1,PHYSICS_REFERENCE,NEAR_BOUNDARY,3.25,975.0,936.8068678014587,0.929672120734748
dod_100,dod-100-v1,blast-lite-lfp-gr-250ah-prismatic-2019-v1,blast-lite-b093495-250ah-prismatic-v1,PHYSICS_REFERENCE,NEAR_BOUNDARY,3.3333333333333335,1000.0,960.0486708198274,0.9283251838881987
dod_100,dod-100-v1,blast-lite-lfp-gr-250ah-prismatic-2019-v1,blast-lite-b093495-250ah-prismatic-v1,PHYSICS_REFERENCE,NEAR_BOUNDARY,3.4166666666666665,1025.0,983.2568004170324,0.9269875665055575
dod_100,dod-100-v1,blast-lite-lfp-gr-250ah-prismatic-2019-v1,blast-lite-b093495-250ah-prismatic-v1,PHYSICS_REFERENCE,NEAR_BOUNDARY,3.5,1050.0,1006.4314895796714,0.9256590259667051
dod_100,dod-100-v1,blast-lite-lfp-gr-250ah-prismatic-2019-v1,blast-lite-b093495-250ah-prismatic-v1,PHYSICS_REFERENCE,NEAR_BOUNDARY,3.5833333333333335,1075.0,1029.572965228839,0.92433933202816
dod_100,dod-100-v1,blast-lite-lfp-gr-250ah-prismatic-2019-v1,blast-lite-b093495-250ah-prismatic-v1,PHYSICS_REFERENCE,NEAR_BOUNDARY,3.6666666666666665,1100.0,1052.6814485295429,0.9230282659038987
dod_100,dod-100-v1,blast-lite-lfp-gr-250ah-prismatic-2019-v1,blast-lite-b093495-250ah-prismatic-v1,PHYSICS_REFERENCE,NEAR_BOUNDARY,3.75,1125.0,1075.7571551771402,0.9217256194343499
dod_100,dod-100-v1,blast-lite-lfp-gr-250ah-prismatic-2019-v1,blast-lite-b093495-250ah-prismatic-v1,PHYSICS_REFERENCE,NEAR_BOUNDARY,3.8333333333333335,1150.0,1098.800295662999,0.920431194333294
dod_100,dod-100-v1,blast-lite-lfp-gr-250ah-prismatic-2019-v1,blast-lite-b093495-250ah-prismatic-v1,PHYSICS_REFERENCE,NEAR_BOUNDARY,3.9166666666666665,1175.0,1121.8110755213313,0.9191448015038017
dod_100,dod-100-v1,blast-lite-lfp-gr-250ah-prismatic-2019-v1,blast-lite-b093495-250ah-prismatic-v1,PHYSICS_REFERENCE,NEAR_BOUNDARY,4.0,1200.0,1144.7896955589263,0.917866260415519
dod_100,dod-100-v1,blast-lite-lfp-gr-250ah-prismatic-2019-v1,blast-lite-b093495-250ah-prismatic-v1,PHYSICS_REFERENCE,NEAR_BOUNDARY,4.083333333333333,1225.0,1167.7363520693143,0.9165953985366126
dod_100,dod-100-v1,blast-lite-lfp-gr-250ah-prismatic-2019-v1,blast-lite-b093495-250ah-prismatic-v1,PHYSICS_REFERENCE,NEAR_BOUNDARY,4.166666666666667,1250.0,1190.6512370327296,0.9153320508145383
dod_100,dod-100-v1,blast-lite-lfp-gr-250ah-prismatic-2019-v1,blast-lite-b093495-250ah-prismatic-v1,PHYSICS_REFERENCE,NEAR_BOUNDARY,4.25,1275.0,1213.534538303093,0.9140760592005257
dod_100,dod-100-v1,blast-lite-lfp-gr-250ah-prismatic-2019-v1,blast-lite-b093495-250ah-prismatic-v1,PHYSICS_REFERENCE,NEAR_BOUNDARY,4.333333333333333,1300.0,1236.3864397831062,0.9128272722132974
dod_100,dod-100-v1,blast-lite-lfp-gr-250ah-prismatic-2019-v1,blast-lite-b093495-250ah-prismatic-v1,PHYSICS_REFERENCE,NEAR_BOUNDARY,4.416666666666667,1325.0,1259.2071215884387,0.9115855445380807
dod_100,dod-100-v1,blast-lite-lfp-gr-250ah-prismatic-2019-v1,blast-lite-b093495-250ah-prismatic-v1,PHYSICS_REFERENCE,NEAR_BOUNDARY,4.5,1350.0,1281.9967602018908,0.9103507366574297
dod_100,dod-100-v1,blast-lite-lfp-gr-250ah-prismatic-2019-v1,blast-lite-b093495-250ah-prismatic-v1,PHYSICS_REFERENCE,NEAR_BOUNDARY,4.583333333333333,1375.0,1304.7555286183265,0.909122714510783
dod_100,dod-100-v1,blast-lite-lfp-gr-250ah-prismatic-2019-v1,blast-lite-b093495-250ah-prismatic-v1,PHYSICS_REFERENCE,NEAR_BOUNDARY,4.666666666666667,1400.0,1327.4835964810961,0.907901349180027
dod_100,dod-100-v1,blast-lite-lfp-gr-250ah-prismatic-2019-v1,blast-lite-b093495-250ah-prismatic-v1,PHYSICS_REFERENCE,NEAR_BOUNDARY,4.75,1425.0,1350.1811302105968,0.9066865165986413
dod_100,dod-100-v1,blast-lite-lfp-gr-250ah-prismatic-2019-v1,blast-lite-b093495-250ah-prismatic-v1,PHYSICS_REFERENCE,NEAR_BOUNDARY,4.833333333333333,1450.0,1372.8482931255628,0.9054780972822685
dod_100,dod-100-v1,blast-lite-lfp-gr-250ah-prismatic-2019-v1,blast-lite-b093495-250ah-prismatic-v1,PHYSICS_REFERENCE,NEAR_BOUNDARY,4.916666666666667,1475.0,1395.4852455576195,0.9042759760787756
dod_100,dod-100-v1,blast-lite-lfp-gr-250ah-prismatic-2019-v1,blast-lite-b093495-250ah-prismatic-v1,PHYSICS_REFERENCE,NEAR_BOUNDARY,5.0,1500.0,1418.092144959589,0.9030800419360917
dod_100,dod-100-v1,blast-lite-lfp-gr-250ah-prismatic-2019-v1,blast-lite-b093495-250ah-prismatic-v1,PHYSICS_REFERENCE,NEAR_BOUNDARY,5.083333333333333,1525.0,1440.6691460079912,0.9018901876862694
dod_100,dod-100-v1,blast-lite-lfp-gr-250ah-prismatic-2019-v1,blast-lite-b093495-250ah-prismatic-v1,PHYSICS_REFERENCE,NEAR_BOUNDARY,5.166666666666667,1550.0,1463.216400700148,0.900706309844388
dod_100,dod-100-v1,blast-lite-lfp-gr-250ah-prismatic-2019-v1,blast-lite-b093495-250ah-prismatic-v1,PHYSICS_REFERENCE,NEAR_BOUNDARY,5.25,1575.0,1485.7340584462577,0.8995283084210497
dod_100,dod-100-v1,blast-lite-lfp-gr-250ah-prismatic-2019-v1,blast-lite-b093495-250ah-prismatic-v1,PHYSICS_REFERENCE,NEAR_BOUNDARY,5.333333333333333,1600.0,1508.222266156784,0.8983560867473432
dod_100,dod-100-v1,blast-lite-lfp-gr-250ah-prismatic-2019-v1,blast-lite-b093495-250ah-prismatic-v1,PHYSICS_REFERENCE,NEAR_BOUNDARY,5.416666666666667,1625.0,1530.6811683254675,0.8971895513112614
dod_100,dod-100-v1,blast-lite-lfp-gr-250ah-prismatic-2019-v1,blast-lite-b093495-250ah-prismatic-v1,PHYSICS_REFERENCE,NEAR_BOUNDARY,5.5,1650.0,1553.110907108249,0.8960286116046549
dod_100,dod-100-v1,blast-lite-lfp-gr-250ah-prismatic-2019-v1,blast-lite-b093495-250ah-prismatic-v1,PHYSICS_REFERENCE,NEAR_BOUNDARY,5.583333333333333,1675.0,1575.5116223983653,0.8948731799798894
dod_100,dod-100-v1,blast-lite-lfp-gr-250ah-prismatic-2019-v1,blast-lite-b093495-250ah-prismatic-v1,PHYSICS_REFERENCE,NEAR_BOUNDARY,5.666666666666667,1700.0,1597.8834518978624,0.8937231715154546
dod_100,dod-100-v1,blast-lite-lfp-gr-250ah-prismatic-2019-v1,blast-lite-b093495-250ah-prismatic-v1,PHYSICS_REFERENCE,NEAR_BOUNDARY,5.75,1725.0,1620.2265311857489,0.8925785038898377
dod_100,dod-100-v1,blast-lite-lfp-gr-250ah-prismatic-2019-v1,blast-lite-b093495-250ah-prismatic-v1,PHYSICS_REFERENCE,NEAR_BOUNDARY,5.833333333333333,1750.0,1642.5409937829947,0.8914390972630398
dod_100,dod-100-v1,blast-lite-lfp-gr-250ah-prismatic-2019-v1,blast-lite-b093495-250ah-prismatic-v1,PHYSICS_REFERENCE,NEAR_BOUNDARY,5.916666666666667,1775.0,1664.8269712145707,0.8903048741651657
dod_100,dod-100-v1,blast-lite-lfp-gr-250ah-prismatic-2019-v1,blast-lite-b093495-250ah-prismatic-v1,PHYSICS_REFERENCE,NEAR_BOUNDARY,6.0,1800.0,1687.0845930686999,0.8891757593915703
dod_100,dod-100-v1,blast-lite-lfp-gr-250ah-prismatic-2019-v1,blast-lite-b093495-250ah-prismatic-v1,PHYSICS_REFERENCE,NEAR_BOUNDARY,6.083333333333333,1825.0,1709.3139870534892,0.8880516799040885
dod_100,dod-100-v1,blast-lite-lfp-gr-250ah-prismatic-2019-v1,blast-lite-b093495-250ah-prismatic-v1,PHYSICS_REFERENCE,NEAR_BOUNDARY,6.166666666666667,1850.0,1731.5152790510915,0.8869325647379122
dod_100,dod-100-v1,blast-lite-lfp-gr-250ah-prismatic-2019-v1,blast-lite-b093495-250ah-prismatic-v1,PHYSICS_REFERENCE,NEAR_BOUNDARY,6.25,1875.0,1753.6885931695392,0.8858183449137221
dod_100,dod-100-v1,blast-lite-lfp-gr-250ah-prismatic-2019-v1,blast-lite-b093495-250ah-prismatic-v1,PHYSICS_REFERENCE,NEAR_BOUNDARY,6.333333333333333,1900.0,1775.8340517923823,0.8847089533547078
dod_100,dod-100-v1,blast-lite-lfp-gr-250ah-prismatic-2019-v1,blast-lite-b093495-250ah-prismatic-v1,PHYSICS_REFERENCE,NEAR_BOUNDARY,6.416666666666667,1925.0,1797.95177562625,0.8836043248081417
dod_100,dod-100-v1,blast-lite-lfp-gr-250ah-prismatic-2019-v1,blast-lite-b093495-250ah-prismatic-v1,PHYSICS_REFERENCE,NEAR_BOUNDARY,6.5,1950.0,1820.0418837464535,0.8825043957712008
dod_100,dod-100-v1,blast-lite-lfp-gr-250ah-prismatic-2019-v1,blast-lite-b093495-250ah-prismatic-v1,PHYSICS_REFERENCE,NEAR_BOUNDARY,6.583333333333333,1975.0,1842.1044936407336,0.8814091044207533
dod_100,dod-100-v1,blast-lite-lfp-gr-250ah-prismatic-2019-v1,blast-lite-b093495-250ah-prismatic-v1,PHYSICS_REFERENCE,NEAR_BOUNDARY,6.666666666666667,2000.0,1864.1397212512525,0.8803183905468487
dod_100,dod-100-v1,blast-lite-lfp-gr-250ah-prismatic-2019-v1,blast-lite-b093495-250ah-prismatic-v1,PHYSICS_REFERENCE,NEAR_BOUNDARY,6.75,2025.0,1886.1476810149236,0.8792321954896727
dod_100,dod-100-v1,blast-lite-lfp-gr-250ah-prismatic-2019-v1,blast-lite-b093495-250ah-prismatic-v1,PHYSICS_REFERENCE,NEAR_BOUNDARY,6.833333333333333,2050.0,1908.1284859021655,0.878150462079742
dod_100,dod-100-v1,blast-lite-lfp-gr-250ah-prismatic-2019-v1,blast-lite-b093495-250ah-prismatic-v1,PHYSICS_REFERENCE,NEAR_BOUNDARY,6.916666666666667,2075.0,1930.082247454159,0.8770731345811382
dod_100,dod-100-v1,blast-lite-lfp-gr-250ah-prismatic-2019-v1,blast-lite-b093495-250ah-prismatic-v1,PHYSICS_REFERENCE,NEAR_BOUNDARY,7.0,2100.0,1952.0090758186875,0.8760001586375867
dod_100,dod-100-v1,blast-lite-lfp-gr-250ah-prismatic-2019-v1,blast-lite-b093495-250ah-prismatic-v1,PHYSICS_REFERENCE,NEAR_BOUNDARY,7.083333333333333,2125.0,1973.9090797846272,0.8749314812212078
dod_100,dod-100-v1,blast-lite-lfp-gr-250ah-prismatic-2019-v1,blast-lite-b093495-250ah-prismatic-v1,PHYSICS_REFERENCE,NEAR_BOUNDARY,7.166666666666667,2150.0,1995.7823668151575,0.8738670505837756
dod_100,dod-100-v1,blast-lite-lfp-gr-250ah-prismatic-2019-v1,blast-lite-b093495-250ah-prismatic-v1,PHYSICS_REFERENCE,NEAR_BOUNDARY,7.25,2175.0,2017.629043079752,0.8728068162103336
dod_100,dod-100-v1,blast-lite-lfp-gr-250ah-prismatic-2019-v1,blast-lite-b093495-250ah-prismatic-v1,PHYSICS_REFERENCE,NEAR_BOUNDARY,7.333333333333333,2200.0,2039.4492134850102,0.8717507287750287
dod_100,dod-100-v1,blast-lite-lfp-gr-250ah-prismatic-2019-v1,blast-lite-b093495-250ah-prismatic-v1,PHYSICS_REFERENCE,NEAR_BOUNDARY,7.416666666666667,2225.0,2061.242981704386,0.8706987400990281
dod_100,dod-100-v1,blast-lite-lfp-gr-250ah-prismatic-2019-v1,blast-lite-b093495-250ah-prismatic-v1,PHYSICS_REFERENCE,NEAR_BOUNDARY,7.5,2250.0,2083.0104502068616,0.8696508031104042
dod_100,dod-100-v1,blast-lite-lfp-gr-250ah-prismatic-2019-v1,blast-lite-b093495-250ah-prismatic-v1,PHYSICS_REFERENCE,NEAR_BOUNDARY,7.583333333333333,2275.0,2104.7517202846216,0.8686068718058686
dod_100,dod-100-v1,blast-lite-lfp-gr-250ah-prismatic-2019-v1,blast-lite-b093495-250ah-prismatic-v1,PHYSICS_REFERENCE,NEAR_BOUNDARY,7.666666666666667,2300.0,2126.4668920797685,0.8675669012142534
dod_100,dod-100-v1,blast-lite-lfp-gr-250ah-prismatic-2019-v1,blast-lite-b093495-250ah-prismatic-v1,PHYSICS_REFERENCE,NEAR_BOUNDARY,7.75,2325.0,2148.1560646101248,0.8665308473616407
dod_100,dod-100-v1,blast-lite-lfp-gr-250ah-prismatic-2019-v1,blast-lite-b093495-250ah-prismatic-v1,PHYSICS_REFERENCE,NEAR_BOUNDARY,7.833333333333333,2350.0,2169.819335794166,0.8654986672380471
dod_100,dod-100-v1,blast-lite-lfp-gr-250ah-prismatic-2019-v1,blast-lite-b093495-250ah-prismatic-v1,PHYSICS_REFERENCE,NEAR_BOUNDARY,7.916666666666667,2375.0,2191.456802475117,0.8644703187655803
dod_100,dod-100-v1,blast-lite-lfp-gr-250ah-prismatic-2019-v1,blast-lite-b093495-250ah-prismatic-v1,PHYSICS_REFERENCE,NEAR_BOUNDARY,8.0,2400.0,2213.0685604442565,0.8634457607679843
dod_100,dod-100-v1,blast-lite-lfp-gr-250ah-prismatic-2019-v1,blast-lite-b093495-250ah-prismatic-v1,PHYSICS_REFERENCE,NEAR_BOUNDARY,8.083333333333334,2425.0,2234.6547044634563,0.8624249529415018
dod_100,dod-100-v1,blast-lite-lfp-gr-250ah-prismatic-2019-v1,blast-lite-b093495-250ah-prismatic-v1,PHYSICS_REFERENCE,NEAR_BOUNDARY,8.166666666666666,2450.0,2256.215328286994,0.861407855826981
dod_100,dod-100-v1,blast-lite-lfp-gr-250ah-prismatic-2019-v1,blast-lite-b093495-250ah-prismatic-v1,PHYSICS_REFERENCE,NEAR_BOUNDARY,8.25,2475.0,2277.7505246826686,0.8603944307831617
dod_100,dod-100-v1,blast-lite-lfp-gr-250ah-prismatic-2019-v1,blast-lite-b093495-250ah-prismatic-v1,PHYSICS_REFERENCE,NEAR_BOUNDARY,8.333333333333334,2500.0,2299.2603854522476,0.85938463996108
dod_100,dod-100-v1,blast-lite-lfp-gr-250ah-prismatic-2019-v1,blast-lite-b093495-250ah-prismatic-v1,PHYSICS_REFERENCE,NEAR_BOUNDARY,8.416666666666666,2525.0,2320.7450014512747,0.8583784462795339
dod_100,dod-100-v1,blast-lite-lfp-gr-250ah-prismatic-2019-v1,blast-lite-b093495-250ah-prismatic-v1,PHYSICS_REFERENCE,NEAR_BOUNDARY,8.5,2550.0,2342.204462608263,0.8573758134015521
dod_100,dod-100-v1,blast-lite-lfp-gr-250ah-prismatic-2019-v1,blast-lite-b093495-250ah-prismatic-v1,PHYSICS_REFERENCE,NEAR_BOUNDARY,8.583333333333334,2575.0,2363.638857943302,0.8563767057118215
dod_100,dod-100-v1,blast-lite-lfp-gr-250ah-prismatic-2019-v1,blast-lite-b093495-250ah-prismatic-v1,PHYSICS_REFERENCE,NEAR_BOUNDARY,8.666666666666666,2600.0,2385.0482755860976,0.8553810882950188
dod_100,dod-100-v1,blast-lite-lfp-gr-250ah-prismatic-2019-v1,blast-lite-b093495-250ah-prismatic-v1,PHYSICS_REFERENCE,NEAR_BOUNDARY,8.75,2625.0,2406.432802793473,0.8543889269150057
dod_100,dod-100-v1,blast-lite-lfp-gr-250ah-prismatic-2019-v1,blast-lite-b093495-250ah-prismatic-v1,PHYSICS_REFERENCE,NEAR_BOUNDARY,8.833333333333334,2650.0,2427.792525966348,0.8534001879948427
dod_100,dod-100-v1,blast-lite-lfp-gr-250ah-prismatic-2019-v1,blast-lite-b093495-250ah-prismatic-v1,PHYSICS_REFERENCE,NEAR_BOUNDARY,8.916666666666666,2675.0,2449.127530666219,0.8524148385975835
dod_100,dod-100-v1,blast-lite-lfp-gr-250ah-prismatic-2019-v1,blast-lite-b093495-250ah-prismatic-v1,PHYSICS_REFERENCE,NEAR_BOUNDARY,9.0,2700.0,2470.4379016311586,0.8514328464078109
dod_100,dod-100-v1,blast-lite-lfp-gr-250ah-prismatic-2019-v1,blast-lite-b093495-250ah-prismatic-v1,PHYSICS_REFERENCE,NEAR_BOUNDARY,9.083333333333334,2725.0,2491.723722791354,0.8504541797138793
dod_100,dod-100-v1,blast-lite-lfp-gr-250ah-prismatic-2019-v1,blast-lite-b093495-250ah-prismatic-v1,PHYSICS_REFERENCE,NEAR_BOUNDARY,9.166666666666666,2750.0,2512.985077284201,0.8494788073908306
dod_100,dod-100-v1,blast-lite-lfp-gr-250ah-prismatic-2019-v1,blast-lite-b093495-250ah-prismatic-v1,PHYSICS_REFERENCE,NEAR_BOUNDARY,9.25,2775.0,2534.2220474689716,0.8485066988839512
dod_100,dod-100-v1,blast-lite-lfp-gr-250ah-prismatic-2019-v1,blast-lite-b093495-250ah-prismatic-v1,PHYSICS_REFERENCE,NEAR_BOUNDARY,9.333333333333334,2800.0,2555.4347149410705,0.8475378241929415
dod_100,dod-100-v1,blast-lite-lfp-gr-250ah-prismatic-2019-v1,blast-lite-b093495-250ah-prismatic-v1,PHYSICS_REFERENCE,NEAR_BOUNDARY,9.416666666666666,2825.0,2576.6231605458943,0.8465721538566681
dod_100,dod-100-v1,blast-lite-lfp-gr-250ah-prismatic-2019-v1,blast-lite-b093495-250ah-prismatic-v1,PHYSICS_REFERENCE,NEAR_BOUNDARY,9.5,2850.0,2597.787464392311,0.8456096589384731
dod_100,dod-100-v1,blast-lite-lfp-gr-250ah-prismatic-2019-v1,blast-lite-b093495-250ah-prismatic-v1,PHYSICS_REFERENCE,NEAR_BOUNDARY,9.583333333333334,2875.0,2618.9277058657726,0.8446503110120158
dod_100,dod-100-v1,blast-lite-lfp-gr-250ah-prismatic-2019-v1,blast-lite-b093495-250ah-prismatic-v1,PHYSICS_REFERENCE,NEAR_BOUNDARY,9.666666666666666,2900.0,2640.043963641073,0.8436940821476218
dod_100,dod-100-v1,blast-lite-lfp-gr-250ah-prismatic-2019-v1,blast-lite-b093495-250ah-prismatic-v1,PHYSICS_REFERENCE,NEAR_BOUNDARY,9.75,2925.0,2661.136315694763,0.8427409448991168
dod_100,dod-100-v1,blast-lite-lfp-gr-250ah-prismatic-2019-v1,blast-lite-b093495-250ah-prismatic-v1,PHYSICS_REFERENCE,NEAR_BOUNDARY,9.833333333333334,2950.0,2682.2048393172413,0.8417908722911257
dod_100,dod-100-v1,blast-lite-lfp-gr-250ah-prismatic-2019-v1,blast-lite-b093495-250ah-prismatic-v1,PHYSICS_REFERENCE,NEAR_BOUNDARY,9.916666666666666,2975.0,2703.2496111245196,0.8408438378068144
dod_100,dod-100-v1,blast-lite-lfp-gr-250ah-prismatic-2019-v1,blast-lite-b093495-250ah-prismatic-v1,PHYSICS_REFERENCE,NEAR_BOUNDARY,10.0,3000.0,2724.2707070696897,0.8398998153760561
dod_100,dod-100-v1,blast-lite-lfp-gr-250ah-prismatic-2019-v1,blast-lite-b093495-250ah-prismatic-v1,PHYSICS_REFERENCE,NEAR_BOUNDARY,10.083333333333334,3025.0,2745.268202454091,0.8389587793640045
dod_100,dod-100-v1,blast-lite-lfp-gr-250ah-prismatic-2019-v1,blast-lite-b093495-250ah-prismatic-v1,PHYSICS_REFERENCE,NEAR_BOUNDARY,10.166666666666666,3050.0,2766.242171938191,0.8380207045600554
dod_100,dod-100-v1,blast-lite-lfp-gr-250ah-prismatic-2019-v1,blast-lite-b093495-250ah-prismatic-v1,PHYSICS_REFERENCE,NEAR_BOUNDARY,10.25,3075.0,2787.1926895521924,0.8370855661671809
dod_100,dod-100-v1,blast-lite-lfp-gr-250ah-prismatic-2019-v1,blast-lite-b093495-250ah-prismatic-v1,PHYSICS_REFERENCE,NEAR_BOUNDARY,10.333333333333334,3100.0,2808.119828706372,0.8361533397916204
dod_100,dod-100-v1,blast-lite-lfp-gr-250ah-prismatic-2019-v1,blast-lite-b093495-250ah-prismatic-v1,PHYSICS_REFERENCE,NEAR_BOUNDARY,10.416666666666666,3125.0,2829.0236622011626,0.8352240014329149
dod_100,dod-100-v1,blast-lite-lfp-gr-250ah-prismatic-2019-v1,blast-lite-b093495-250ah-prismatic-v1,PHYSICS_REFERENCE,NEAR_BOUNDARY,10.5,3150.0,2849.9042622369852,0.8342975274742674
dod_100,dod-100-v1,blast-lite-lfp-gr-250ah-prismatic-2019-v1,blast-lite-b093495-250ah-prismatic-v1,PHYSICS_REFERENCE,NEAR_BOUNDARY,10.583333333333334,3175.0,2870.761700423842,0.8333738946732199
dod_100,dod-100-v1,blast-lite-lfp-gr-250ah-prismatic-2019-v1,blast-lite-b093495-250ah-prismatic-v1,PHYSICS_REFERENCE,NEAR_BOUNDARY,10.666666666666666,3200.0,2891.5960477906724,0.8324530801526303
dod_100,dod-100-v1,blast-lite-lfp-gr-250ah-prismatic-2019-v1,blast-lite-b093495-250ah-prismatic-v1,PHYSICS_REFERENCE,NEAR_BOUNDARY,10.75,3225.0,2912.407374794488,0.8315350613919412
dod_100,dod-100-v1,blast-lite-lfp-gr-250ah-prismatic-2019-v1,blast-lite-b093495-250ah-prismatic-v1,PHYSICS_REFERENCE,NEAR_BOUNDARY,10.833333333333334,3250.0,2933.1957513292864,0.8306198162187257
dod_100,dod-100-v1,blast-lite-lfp-gr-250ah-prismatic-2019-v1,blast-lite-b093495-250ah-prismatic-v1,PHYSICS_REFERENCE,NEAR_BOUNDARY,10.916666666666666,3275.0,2953.9612467347547,0.8297073228004996
dod_100,dod-100-v1,blast-lite-lfp-gr-250ah-prismatic-2019-v1,blast-lite-b093495-250ah-prismatic-v1,PHYSICS_REFERENCE,NEAR_BOUNDARY,11.0,3300.0,2974.703929804767,0.8287975596367929
dod_100,dod-100-v1,blast-lite-lfp-gr-250ah-prismatic-2019-v1,blast-lite-b093495-250ah-prismatic-v1,PHYSICS_REFERENCE,NEAR_BOUNDARY,11.083333333333334,3325.0,2995.4238687956868,0.8278905055514653
dod_100,dod-100-v1,blast-lite-lfp-gr-250ah-prismatic-2019-v1,blast-lite-b093495-250ah-prismatic-v1,PHYSICS_REFERENCE,NEAR_BOUNDARY,11.166666666666666,3350.0,3016.121131434473,0.8269861396852602
dod_100,dod-100-v1,blast-lite-lfp-gr-250ah-prismatic-2019-v1,blast-lite-b093495-250ah-prismatic-v1,PHYSICS_REFERENCE,NEAR_BOUNDARY,11.25,3375.0,3036.795784926605,0.8260844414885875
dod_100,dod-100-v1,blast-lite-lfp-gr-250ah-prismatic-2019-v1,blast-lite-b093495-250ah-prismatic-v1,PHYSICS_REFERENCE,NEAR_BOUNDARY,11.333333333333334,3400.0,3057.4478959638195,0.8251853907145233
dod_100,dod-100-v1,blast-lite-lfp-gr-250ah-prismatic-2019-v1,blast-lite-b093495-250ah-prismatic-v1,PHYSICS_REFERENCE,NEAR_BOUNDARY,11.416666666666666,3425.0,3078.0775307316826,0.8242889674120245
dod_100,dod-100-v1,blast-lite-lfp-gr-250ah-prismatic-2019-v1,blast-lite-b093495-250ah-prismatic-v1,PHYSICS_REFERENCE,NEAR_BOUNDARY,11.5,3450.0,3098.6847549169834,0.8233951519193424
dod_100,dod-100-v1,blast-lite-lfp-gr-250ah-prismatic-2019-v1,blast-lite-b093495-250ah-prismatic-v1,PHYSICS_REFERENCE,NEAR_BOUNDARY,11.583333333333334,3475.0,3119.269633714967,0.8225039248576359
dod_100,dod-100-v1,blast-lite-lfp-gr-250ah-prismatic-2019-v1,blast-lite-b093495-250ah-prismatic-v1,PHYSICS_REFERENCE,NEAR_BOUNDARY,11.666666666666666,3500.0,3139.8322318364076,0.82161526712477
dod_100,dod-100-v1,blast-lite-lfp-gr-250ah-prismatic-2019-v1,blast-lite-b093495-250ah-prismatic-v1,PHYSICS_REFERENCE,NEAR_BOUNDARY,11.75,3525.0,3160.3726135145266,0.8207291598892974
dod_100,dod-100-v1,blast-lite-lfp-gr-250ah-prismatic-2019-v1,blast-lite-b093495-250ah-prismatic-v1,PHYSICS_REFERENCE,NEAR_BOUNDARY,11.833333333333334,3550.0,3180.8908425117593,0.8198455845846154
dod_100,dod-100-v1,blast-lite-lfp-gr-250ah-prismatic-2019-v1,blast-lite-b093495-250ah-prismatic-v1,PHYSICS_REFERENCE,NEAR_BOUNDARY,11.916666666666666,3575.0,3201.3869821263747,0.8189645229032898
dod_100,dod-100-v1,blast-lite-lfp-gr-250ah-prismatic-2019-v1,blast-lite-b093495-250ah-prismatic-v1,PHYSICS_REFERENCE,NEAR_BOUNDARY,12.0,3600.0,3221.861095198957,0.8180859567915428
dod_100,dod-100-v1,blast-lite-lfp-gr-250ah-prismatic-2019-v1,blast-lite-b093495-250ah-prismatic-v1,PHYSICS_REFERENCE,NEAR_BOUNDARY,12.083333333333334,3625.0,3242.313244118746,0.8172098684438966
dod_100,dod-100-v1,blast-lite-lfp-gr-250ah-prismatic-2019-v1,blast-lite-b093495-250ah-prismatic-v1,PHYSICS_REFERENCE,NEAR_BOUNDARY,12.166666666666666,3650.0,3262.7434908298433,0.8163362402979693
dod_100,dod-100-v1,blast-lite-lfp-gr-250ah-prismatic-2019-v1,blast-lite-b093495-250ah-prismatic-v1,PHYSICS_REFERENCE,NEAR_BOUNDARY,12.25,3675.0,3283.1518968372925,0.8154650550294156
dod_100,dod-100-v1,blast-lite-lfp-gr-250ah-prismatic-2019-v1,blast-lite-b093495-250ah-prismatic-v1,PHYSICS_REFERENCE,NEAR_BOUNDARY,12.333333333333334,3700.0,3303.538523213028,0.814596295547009
dod_100,dod-100-v1,blast-lite-lfp-gr-250ah-prismatic-2019-v1,blast-lite-b093495-250ah-prismatic-v1,PHYSICS_REFERENCE,NEAR_BOUNDARY,12.416666666666666,3725.0,3323.9034306017033,0.8137299449878594
dod_100,dod-100-v1,blast-lite-lfp-gr-250ah-prismatic-2019-v1,blast-lite-b093495-250ah-prismatic-v1,PHYSICS_REFERENCE,NEAR_BOUNDARY,12.5,3750.0,3344.2466792264,0.8128659867127634
dod_100,dod-100-v1,blast-lite-lfp-gr-250ah-prismatic-2019-v1,blast-lite-b093495-250ah-prismatic-v1,PHYSICS_REFERENCE,NEAR_BOUNDARY,12.583333333333334,3775.0,3364.568328894219,0.8120044043016785
dod_100,dod-100-v1,blast-lite-lfp-gr-250ah-prismatic-2019-v1,blast-lite-b093495-250ah-prismatic-v1,PHYSICS_REFERENCE,NEAR_BOUNDARY,12.666666666666666,3800.0,3384.868439001761,0.8111451815493226
dod_100,dod-100-v1,blast-lite-lfp-gr-250ah-prismatic-2019-v1,blast-lite-b093495-250ah-prismatic-v1,PHYSICS_REFERENCE,NEAR_BOUNDARY,12.75,3825.0,3405.1470685404943,0.8102883024608906
dod_100,dod-100-v1,blast-lite-lfp-gr-250ah-prismatic-2019-v1,blast-lite-b093495-250ah-prismatic-v1,PHYSICS_REFERENCE,NEAR_BOUNDARY,12.833333333333334,3850.0,3425.4042761020164,0.8094337512478853
dod_100,dod-100-v1,blast-lite-lfp-gr-250ah-prismatic-2019-v1,blast-lite-b093495-250ah-prismatic-v1,PHYSICS_REFERENCE,NEAR_BOUNDARY,12.916666666666666,3875.0,3445.6401198832136,0.8085815123240593
dod_100,dod-100-v1,blast-lite-lfp-gr-250ah-prismatic-2019-v1,blast-lite-b093495-250ah-prismatic-v1,PHYSICS_REFERENCE,NEAR_BOUNDARY,13.0,3900.0,3465.854657691315,0.8077315703014633
dod_100,dod-100-v1,blast-lite-lfp-gr-250ah-prismatic-2019-v1,blast-lite-b093495-250ah-prismatic-v1,PHYSICS_REFERENCE,NEAR_BOUNDARY,13.083333333333334,3925.0,3486.0479469488514,0.8068839099865983
dod_100,dod-100-v1,blast-lite-lfp-gr-250ah-prismatic-2019-v1,blast-lite-b093495-250ah-prismatic-v1,PHYSICS_REFERENCE,NEAR_BOUNDARY,13.166666666666666,3950.0,3506.220044698516,0.8060385163766679
dod_100,dod-100-v1,blast-lite-lfp-gr-250ah-prismatic-2019-v1,blast-lite-b093495-250ah-prismatic-v1,PHYSICS_REFERENCE,NEAR_BOUNDARY,13.25,3975.0,3526.371007607933,0.8051953746559263
dod_100,dod-100-v1,blast-lite-lfp-gr-250ah-prismatic-2019-v1,blast-lite-b093495-250ah-prismatic-v1,PHYSICS_REFERENCE,NEAR_BOUNDARY,13.333333333333334,4000.0,3546.500891974331,0.8043544701921217
dod_100,dod-100-v1,blast-lite-lfp-gr-250ah-prismatic-2019-v1,blast-lite-b093495-250ah-prismatic-v1,PHYSICS_REFERENCE,NEAR_BOUNDARY,13.416666666666666,4025.0,3566.609753729134,0.803515788533029
dod_100,dod-100-v1,blast-lite-lfp-gr-250ah-prismatic-2019-v1,blast-lite-b093495-250ah-prismatic-v1,PHYSICS_REFERENCE,NEAR_BOUNDARY,13.5,4050.0,3586.6976484424595,0.8026793154030712
dod_100,dod-100-v1,blast-lite-lfp-gr-250ah-prismatic-2019-v1,blast-lite-b093495-250ah-prismatic-v1,PHYSICS_REFERENCE,NEAR_BOUNDARY,13.583333333333334,4075.0,3606.7646313275363,0.8018450367000249
dod_100,dod-100-v1,blast-lite-lfp-gr-250ah-prismatic-2019-v1,blast-lite-b093495-250ah-prismatic-v1,PHYSICS_REFERENCE,NEAR_BOUNDARY,13.666666666666666,4100.0,3626.810757245037,0.8010129384918093
dod_100,dod-100-v1,blast-lite-lfp-gr-250ah-prismatic-2019-v1,blast-lite-b093495-250ah-prismatic-v1,PHYSICS_REFERENCE,NEAR_BOUNDARY,13.75,4125.0,3646.8360807073323,0.8001830070133535
dod_100,dod-100-v1,blast-lite-lfp-gr-250ah-prismatic-2019-v1,blast-lite-b093495-250ah-prismatic-v1,PHYSICS_REFERENCE,NEAR_BOUNDARY,13.833333333333334,4150.0,3666.840655882666,0.7993552286635432
dod_100,dod-100-v1,blast-lite-lfp-gr-250ah-prismatic-2019-v1,blast-lite-b093495-250ah-prismatic-v1,PHYSICS_REFERENCE,NEAR_BOUNDARY,13.916666666666666,4175.0,3686.8245365992543,0.7985295900022403
dod_100,dod-100-v1,blast-lite-lfp-gr-250ah-prismatic-2019-v1,blast-lite-b093495-250ah-prismatic-v1,PHYSICS_REFERENCE,NEAR_BOUNDARY,14.0,4200.0,3706.78777634931,0.797706077747376
dod_100,dod-100-v1,blast-lite-lfp-gr-250ah-prismatic-2019-v1,blast-lite-b093495-250ah-prismatic-v1,PHYSICS_REFERENCE,NEAR_BOUNDARY,14.083333333333334,4225.0,3726.7304282929945,0.7968846787721149
dod_100,dod-100-v1,blast-lite-lfp-gr-250ah-prismatic-2019-v1,blast-lite-b093495-250ah-prismatic-v1,PHYSICS_REFERENCE,NEAR_BOUNDARY,14.166666666666666,4250.0,3746.6525452622973,0.7960653801020864
dod_100,dod-100-v1,blast-lite-lfp-gr-250ah-prismatic-2019-v1,blast-lite-b093495-250ah-prismatic-v1,PHYSICS_REFERENCE,NEAR_BOUNDARY,14.25,4275.0,3766.5541797648493,0.795248168912683
dod_100,dod-100-v1,blast-lite-lfp-gr-250ah-prismatic-2019-v1,blast-lite-b093495-250ah-prismatic-v1,PHYSICS_REFERENCE,NEAR_BOUNDARY,14.333333333333334,4300.0,3786.4353839876662,0.7944330325264226
dod_100,dod-100-v1,blast-lite-lfp-gr-250ah-prismatic-2019-v1,blast-lite-b093495-250ah-prismatic-v1,PHYSICS_REFERENCE,NEAR_BOUNDARY,14.416666666666666,4325.0,3806.296209800827,0.7936199584103729
dod_100,dod-100-v1,blast-lite-lfp-gr-250ah-prismatic-2019-v1,blast-lite-b093495-250ah-prismatic-v1,PHYSICS_REFERENCE,NEAR_BOUNDARY,14.5,4350.0,3826.1367087610865,0.7928089341736377
dod_100,dod-100-v1,blast-lite-lfp-gr-250ah-prismatic-2019-v1,blast-lite-b093495-250ah-prismatic-v1,PHYSICS_REFERENCE,NEAR_BOUNDARY,14.583333333333334,4375.0,3845.9569321154277,0.7919999475648999
dod_100,dod-100-v1,blast-lite-lfp-gr-250ah-prismatic-2019-v1,blast-lite-b093495-250ah-prismatic-v1,PHYSICS_REFERENCE,NEAR_BOUNDARY,14.666666666666666,4400.0,3865.75693080455,0.7911929864700229
dod_100,dod-100-v1,blast-lite-lfp-gr-250ah-prismatic-2019-v1,blast-lite-b093495-250ah-prismatic-v1,PHYSICS_REFERENCE,NEAR_BOUNDARY,14.75,4425.0,3885.5367554663003,0.7903880389097071
dod_100,dod-100-v1,blast-lite-lfp-gr-250ah-prismatic-2019-v1,blast-lite-b093495-250ah-prismatic-v1,PHYSICS_REFERENCE,NEAR_BOUNDARY,14.833333333333334,4450.0,3905.296456439043,0.7895850930372
dod_100,dod-100-v1,blast-lite-lfp-gr-250ah-prismatic-2019-v1,blast-lite-b093495-250ah-prismatic-v1,PHYSICS_REFERENCE,NEAR_BOUNDARY,14.916666666666666,4475.0,3925.0360837649732,0.7887841371360595
dod_100,dod-100-v1,blast-lite-lfp-gr-250ah-prismatic-2019-v1,blast-lite-b093495-250ah-prismatic-v1,PHYSICS_REFERENCE,NEAR_BOUNDARY,15.0,4500.0,3944.755687193375,0.7879851596179654
dod_100,dod-100-v1,blast-lite-lfp-gr-250ah-prismatic-2019-v1,blast-lite-b093495-250ah-prismatic-v1,PHYSICS_REFERENCE,NEAR_BOUNDARY,15.083333333333334,4525.0,3964.455316183824,0.7871881490205838
dod_100,dod-100-v1,blast-lite-lfp-gr-250ah-prismatic-2019-v1,blast-lite-b093495-250ah-prismatic-v1,PHYSICS_REFERENCE,NEAR_BOUNDARY,15.166666666666666,4550.0,3984.1350199093386,0.7863930940054765
dod_100,dod-100-v1,blast-lite-lfp-gr-250ah-prismatic-2019-v1,blast-lite-b093495-250ah-prismatic-v1,PHYSICS_REFERENCE,NEAR_BOUNDARY,15.25,4575.0,4003.7948472594753,0.7855999833560582
dod_100,dod-100-v1,blast-lite-lfp-gr-250ah-prismatic-2019-v1,blast-lite-b093495-250ah-prismatic-v1,PHYSICS_REFERENCE,NEAR_BOUNDARY,15.333333333333334,4600.0,4023.434846843377,0.7848088059755993
dod_100,dod-100-v1,blast-lite-lfp-gr-250ah-prismatic-2019-v1,blast-lite-b093495-250ah-prismatic-v1,PHYSICS_REFERENCE,NEAR_BOUNDARY,15.416666666666666,4625.0,4043.055066992767,0.7840195508852721
dod_100,dod-100-v1,blast-lite-lfp-gr-250ah-prismatic-2019-v1,blast-lite-b093495-250ah-prismatic-v1,PHYSICS_REFERENCE,NEAR_BOUNDARY,15.5,4650.0,4062.655555764899,0.7832322072222395
dod_100,dod-100-v1,blast-lite-lfp-gr-250ah-prismatic-2019-v1,blast-lite-b093495-250ah-prismatic-v1,PHYSICS_REFERENCE,NEAR_BOUNDARY,15.583333333333334,4675.0,4082.236360945455,0.7824467642377868
dod_100,dod-100-v1,blast-lite-lfp-gr-250ah-prismatic-2019-v1,blast-lite-b093495-250ah-prismatic-v1,PHYSICS_REFERENCE,NEAR_BOUNDARY,15.666666666666666,4700.0,4101.7975300514,0.781663211295492
dod_100,dod-100-v1,blast-lite-lfp-gr-250ah-prismatic-2019-v1,blast-lite-b093495-250ah-prismatic-v1,PHYSICS_REFERENCE,NEAR_BOUNDARY,15.75,4725.0,4121.339110333787,0.7808815378694378
dod_100,dod-100-v1,blast-lite-lfp-gr-250ah-prismatic-2019-v1,blast-lite-b093495-250ah-prismatic-v1,PHYSICS_REFERENCE,NEAR_BOUNDARY,15.833333333333334,4750.0,4140.861148780523,0.7801017335424596
dod_100,dod-100-v1,blast-lite-lfp-gr-250ah-prismatic-2019-v1,blast-lite-b093495-250ah-prismatic-v1,PHYSICS_REFERENCE,NEAR_BOUNDARY,15.916666666666666,4775.0,4160.363692119085,0.7793237880044328
dod_100,dod-100-v1,blast-lite-lfp-gr-250ah-prismatic-2019-v1,blast-lite-b093495-250ah-prismatic-v1,PHYSICS_REFERENCE,NEAR_BOUNDARY,16.0,4800.0,4179.846786819196,0.778547691050595
dod_100,dod-100-v1,blast-lite-lfp-gr-250ah-prismatic-2019-v1,blast-lite-b093495-250ah-prismatic-v1,PHYSICS_REFERENCE,NEAR_BOUNDARY,16.083333333333332,4825.0,4199.31047909546,0.7777734325799045
dod_100,dod-100-v1,blast-lite-lfp-gr-250ah-prismatic-2019-v1,blast-lite-b093495-250ah-prismatic-v1,PHYSICS_REFERENCE,NEAR_BOUNDARY,16.166666666666668,4850.0,4218.7548149099575,0.7770010025934331
dod_100,dod-100-v1,blast-lite-lfp-gr-250ah-prismatic-2019-v1,blast-lite-b093495-250ah-prismatic-v1,PHYSICS_REFERENCE,NEAR_BOUNDARY,16.25,4875.0,4238.179839974793,0.7762303911927916
dod_100,dod-100-v1,blast-lite-lfp-gr-250ah-prismatic-2019-v1,blast-lite-b093495-250ah-prismatic-v1,PHYSICS_REFERENCE,NEAR_BOUNDARY,16.333333333333332,4900.0,4257.585599754613,0.775461588578589
dod_100,dod-100-v1,blast-lite-lfp-gr-250ah-prismatic-2019-v1,blast-lite-b093495-250ah-prismatic-v1,PHYSICS_REFERENCE,NEAR_BOUNDARY,16.416666666666668,4925.0,4276.972139469078,0.7746945850489233
dod_100,dod-100-v1,blast-lite-lfp-gr-250ah-prismatic-2019-v1,blast-lite-b093495-250ah-prismatic-v1,PHYSICS_REFERENCE,NEAR_BOUNDARY,16.5,4950.0,4296.339504095301,0.7739293709979023
dod_100,dod-100-v1,blast-lite-lfp-gr-250ah-prismatic-2019-v1,blast-lite-b093495-250ah-prismatic-v1,PHYSICS_REFERENCE,NEAR_BOUNDARY,16.583333333333332,4975.0,4315.687738370249,0.7731659369141964
dod_100,dod-100-v1,blast-lite-lfp-gr-250ah-prismatic-2019-v1,blast-lite-b093495-250ah-prismatic-v1,PHYSICS_REFERENCE,NEAR_BOUNDARY,16.666666666666668,5000.0,4335.016886793103,0.772404273379619
dod_100,dod-100-v1,blast-lite-lfp-gr-250ah-prismatic-2019-v1,blast-lite-b093495-250ah-prismatic-v1,PHYSICS_REFERENCE,NEAR_BOUNDARY,16.75,5025.0,4354.326993627594,0.7716443710677364
dod_100,dod-100-v1,blast-lite-lfp-gr-250ah-prismatic-2019-v1,blast-lite-b093495-250ah-prismatic-v1,PHYSICS_REFERENCE,NEAR_BOUNDARY,16.833333333333332,5050.0,4373.618102904287,0.7708862207425062
dod_100,dod-100-v1,blast-lite-lfp-gr-250ah-prismatic-2019-v1,blast-lite-b093495-250ah-prismatic-v1,PHYSICS_REFERENCE,NEAR_BOUNDARY,16.916666666666668,5075.0,4392.89025842285,0.7701298132569419
dod_100,dod-100-v1,blast-lite-lfp-gr-250ah-prismatic-2019-v1,blast-lite-b093495-250ah-prismatic-v1,PHYSICS_REFERENCE,NEAR_BOUNDARY,17.0,5100.0,4412.143503754273,0.7693751395518043
dod_100,dod-100-v1,blast-lite-lfp-gr-250ah-prismatic-2019-v1,blast-lite-b093495-250ah-prismatic-v1,PHYSICS_REFERENCE,NEAR_BOUNDARY,17.083333333333332,5125.0,4431.377882243069,0.768622190654319
dod_100,dod-100-v1,blast-lite-lfp-gr-250ah-prismatic-2019-v1,blast-lite-b093495-250ah-prismatic-v1,PHYSICS_REFERENCE,NEAR_BOUNDARY,17.166666666666668,5150.0,4450.593437009426,0.7678709576769205
dod_100,dod-100-v1,blast-lite-lfp-gr-250ah-prismatic-2019-v1,blast-lite-b093495-250ah-prismatic-v1,PHYSICS_REFERENCE,NEAR_BOUNDARY,17.25,5175.0,4469.79021095135,0.7671214318160172
dod_100,dod-100-v1,blast-lite-lfp-gr-250ah-prismatic-2019-v1,blast-lite-b093495-250ah-prismatic-v1,PHYSICS_REFERENCE,NEAR_BOUNDARY,17.333333333333332,5200.0,4488.96824674675,0.766373604350785
dod_100,dod-100-v1,blast-lite-lfp-gr-250ah-prismatic-2019-v1,blast-lite-b093495-250ah-prismatic-v1,PHYSICS_REFERENCE,NEAR_BOUNDARY,17.416666666666668,5225.0,4508.127586855519,0.765627466641981
dod_100,dod-100-v1,blast-lite-lfp-gr-250ah-prismatic-2019-v1,blast-lite-b093495-250ah-prismatic-v1,PHYSICS_REFERENCE,NEAR_BOUNDARY,17.5,5250.0,4527.2682735215685,0.7648830101307814
dod_100,dod-100-v1,blast-lite-lfp-gr-250ah-prismatic-2019-v1,blast-lite-b093495-250ah-prismatic-v1,PHYSICS_REFERENCE,NEAR_BOUNDARY,17.583333333333332,5275.0,4546.3903487748385,0.7641402263376419
dod_100,dod-100-v1,blast-lite-lfp-gr-250ah-prismatic-2019-v1,blast-lite-b093495-250ah-prismatic-v1,PHYSICS_REFERENCE,NEAR_BOUNDARY,17.666666666666668,5300.0,4565.49385443328,0.7633991068611794
dod_100,dod-100-v1,blast-lite-lfp-gr-250ah-prismatic-2019-v1,blast-lite-b093495-250ah-prismatic-v1,PHYSICS_REFERENCE,NEAR_BOUNDARY,17.75,5325.0,4584.578832104809,0.7626596433770746
dod_100,dod-100-v1,blast-lite-lfp-gr-250ah-prismatic-2019-v1,blast-lite-b093495-250ah-prismatic-v1,PHYSICS_REFERENCE,NEAR_BOUNDARY,17.833333333333332,5350.0,4603.6453231892365,0.7619218276369967
dod_100,dod-100-v1,blast-lite-lfp-gr-250ah-prismatic-2019-v1,blast-lite-b093495-250ah-prismatic-v1,PHYSICS_REFERENCE,NEAR_BOUNDARY,17.916666666666668,5375.0,4622.693368880161,0.7611856514675469
dod_100,dod-100-v1,blast-lite-lfp-gr-250ah-prismatic-2019-v1,blast-lite-b093495-250ah-prismatic-v1,PHYSICS_REFERENCE,NEAR_BOUNDARY,18.0,5400.0,4641.723010166849,0.7604511067692226
dod_100,dod-100-v1,blast-lite-lfp-gr-250ah-prismatic-2019-v1,blast-lite-b093495-250ah-prismatic-v1,PHYSICS_REFERENCE,NEAR_BOUNDARY,18.083333333333332,5425.0,4660.73428783608,0.7597181855154005
dod_100,dod-100-v1,blast-lite-lfp-gr-250ah-prismatic-2019-v1,blast-lite-b093495-250ah-prismatic-v1,PHYSICS_REFERENCE,NEAR_BOUNDARY,18.166666666666668,5450.0,4679.727242473965,0.7589868797513386
dod_100,dod-100-v1,blast-lite-lfp-gr-250ah-prismatic-2019-v1,blast-lite-b093495-250ah-prismatic-v1,PHYSICS_REFERENCE,NEAR_BOUNDARY,18.25,5475.0,4698.701914467749,0.7582571815931971
dod_100,dod-100-v1,blast-lite-lfp-gr-250ah-prismatic-2019-v1,blast-lite-b093495-250ah-prismatic-v1,PHYSICS_REFERENCE,NEAR_BOUNDARY,18.333333333333332,5500.0,4717.658344007578,0.7575290832270762
dod_100,dod-100-v1,blast-lite-lfp-gr-250ah-prismatic-2019-v1,blast-lite-b093495-250ah-prismatic-v1,PHYSICS_REFERENCE,NEAR_BOUNDARY,18.416666666666668,5525.0,4736.596571088256,0.7568025769080735
dod_100,dod-100-v1,blast-lite-lfp-gr-250ah-prismatic-2019-v1,blast-lite-b093495-250ah-prismatic-v1,PHYSICS_REFERENCE,NEAR_BOUNDARY,18.5,5550.0,4755.516635510958,0.7560776549593555
dod_100,dod-100-v1,blast-lite-lfp-gr-250ah-prismatic-2019-v1,blast-lite-b093495-250ah-prismatic-v1,PHYSICS_REFERENCE,NEAR_BOUNDARY,18.583333333333332,5575.0,4774.418576884942,0.7553543097712495
dod_100,dod-100-v1,blast-lite-lfp-gr-250ah-prismatic-2019-v1,blast-lite-b093495-250ah-prismatic-v1,PHYSICS_REFERENCE,NEAR_BOUNDARY,18.666666666666668,5600.0,4793.302434629223,0.7546325338003486
dod_100,dod-100-v1,blast-lite-lfp-gr-250ah-prismatic-2019-v1,blast-lite-b093495-250ah-prismatic-v1,PHYSICS_REFERENCE,NEAR_BOUNDARY,18.75,5625.0,4812.168247974232,0.7539123195686352
dod_100,dod-100-v1,blast-lite-lfp-gr-250ah-prismatic-2019-v1,blast-lite-b093495-250ah-prismatic-v1,PHYSICS_REFERENCE,NEAR_BOUNDARY,18.833333333333332,5650.0,4831.016055963448,0.7531936596626192
dod_100,dod-100-v1,blast-lite-lfp-gr-250ah-prismatic-2019-v1,blast-lite-b093495-250ah-prismatic-v1,PHYSICS_REFERENCE,NEAR_BOUNDARY,18.916666666666668,5675.0,4849.845897455013,0.7524765467324909
dod_100,dod-100-v1,blast-lite-lfp-gr-250ah-prismatic-2019-v1,blast-lite-b093495-250ah-prismatic-v1,PHYSICS_REFERENCE,NEAR_BOUNDARY,19.0,5700.0,4868.657811123326,0.7517609734912898
dod_100,dod-100-v1,blast-lite-lfp-gr-250ah-prismatic-2019-v1,blast-lite-b093495-250ah-prismatic-v1,PHYSICS_REFERENCE,NEAR_BOUNDARY,19.083333333333332,5725.0,4887.451835460608,0.7510469327140884
dod_100,dod-100-v1,blast-lite-lfp-gr-250ah-prismatic-2019-v1,blast-lite-b093495-250ah-prismatic-v1,PHYSICS_REFERENCE,NEAR_BOUNDARY,19.166666666666668,5750.0,4906.22800877846,0.7503344172371885
dod_100,dod-100-v1,blast-lite-lfp-gr-250ah-prismatic-2019-v1,blast-lite-b093495-250ah-prismatic-v1,PHYSICS_REFERENCE,NEAR_BOUNDARY,19.25,5775.0,4924.9863692093895,0.7496234199573342
dod_100,dod-100-v1,blast-lite-lfp-gr-250ah-prismatic-2019-v1,blast-lite-b093495-250ah-prismatic-v1,PHYSICS_REFERENCE,NEAR_BOUNDARY,19.333333333333332,5800.0,4943.726954708323,0.7489139338309356
dod_100,dod-100-v1,blast-lite-lfp-gr-250ah-prismatic-2019-v1,blast-lite-b093495-250ah-prismatic-v1,PHYSICS_REFERENCE,NEAR_BOUNDARY,19.416666666666668,5825.0,4962.449803054096,0.7482059518733086
dod_100,dod-100-v1,blast-lite-lfp-gr-250ah-prismatic-2019-v1,blast-lite-b093495-250ah-prismatic-v1,PHYSICS_REFERENCE,NEAR_BOUNDARY,19.5,5850.0,4981.154951850929,0.7474994671579263
dod_100,dod-100-v1,blast-lite-lfp-gr-250ah-prismatic-2019-v1,blast-lite-b093495-250ah-prismatic-v1,PHYSICS_REFERENCE,NEAR_BOUNDARY,19.583333333333332,5875.0,4999.842438529878,0.746794472815683
dod_100,dod-100-v1,blast-lite-lfp-gr-250ah-prismatic-2019-v1,blast-lite-b093495-250ah-prismatic-v1,PHYSICS_REFERENCE,NEAR_BOUNDARY,19.666666666666668,5900.0,5018.5123003502695,0.7460909620341726
dod_100,dod-100-v1,blast-lite-lfp-gr-250ah-prismatic-2019-v1,blast-lite-b093495-250ah-prismatic-v1,PHYSICS_REFERENCE,NEAR_BOUNDARY,19.75,5925.0,5037.164574401124,0.7453889280569767
dod_100,dod-100-v1,blast-lite-lfp-gr-250ah-prismatic-2019-v1,blast-lite-b093495-250ah-prismatic-v1,PHYSICS_REFERENCE,NEAR_BOUNDARY,19.833333333333332,5950.0,5055.799297602548,0.7446883641829667
dod_100,dod-100-v1,blast-lite-lfp-gr-250ah-prismatic-2019-v1,blast-lite-b093495-250ah-prismatic-v1,PHYSICS_REFERENCE,NEAR_BOUNDARY,19.916666666666668,5975.0,5074.416506707123,0.7439892637656172
dod_100,dod-100-v1,blast-lite-lfp-gr-250ah-prismatic-2019-v1,blast-lite-b093495-250ah-prismatic-v1,PHYSICS_REFERENCE,NEAR_BOUNDARY,20.0,6000.0,5093.016238301263,0.7432916202123305
dod_100,dod-100-v1,blast-lite-lfp-gr-250ah-prismatic-2019-v1,blast-lite-b093495-250ah-prismatic-v1,PHYSICS_REFERENCE,NEAR_BOUNDARY,20.083333333333332,6025.0,5111.598528806571,0.7425954269837723
dod_100,dod-100-v1,blast-lite-lfp-gr-250ah-prismatic-2019-v1,blast-lite-b093495-250ah-prismatic-v1,PHYSICS_REFERENCE,NEAR_BOUNDARY,20.166666666666668,6050.0,5130.163414481166,0.7419006775932193
dod_100,dod-100-v1,blast-lite-lfp-gr-250ah-prismatic-2019-v1,blast-lite-b093495-250ah-prismatic-v1,PHYSICS_REFERENCE,NEAR_BOUNDARY,20.25,6075.0,5148.7109314209965,0.7412073656059168
dod_100,dod-100-v1,blast-lite-lfp-gr-250ah-prismatic-2019-v1,blast-lite-b093495-250ah-prismatic-v1,PHYSICS_REFERENCE,NEAR_BOUNDARY,20.333333333333332,6100.0,5167.241115561144,0.7405154846384472
dod_100,dod-100-v1,blast-lite-lfp-gr-250ah-prismatic-2019-v1,blast-lite-b093495-250ah-prismatic-v1,PHYSICS_REFERENCE,NEAR_BOUNDARY,20.416666666666668,6125.0,5185.754002677106,0.7398250283581089
dod_100,dod-100-v1,blast-lite-lfp-gr-250ah-prismatic-2019-v1,blast-lite-b093495-250ah-prismatic-v1,PHYSICS_REFERENCE,NEAR_BOUNDARY,20.5,6150.0,5204.249628386058,0.7391359904823048
dod_100,dod-100-v1,blast-lite-lfp-gr-250ah-prismatic-2019-v1,blast-lite-b093495-250ah-prismatic-v1,PHYSICS_REFERENCE,NEAR_BOUNDARY,20.583333333333332,6175.0,5222.728028148116,0.7384483647779422
dod_100,dod-100-v1,blast-lite-lfp-gr-250ah-prismatic-2019-v1,blast-lite-b093495-250ah-prismatic-v1,PHYSICS_REFERENCE,NEAR_BOUNDARY,20.666666666666668,6200.0,5241.189237267565,0.7377621450608405
dod_100,dod-100-v1,blast-lite-lfp-gr-250ah-prismatic-2019-v1,blast-lite-b093495-250ah-prismatic-v1,PHYSICS_REFERENCE,NEAR_BOUNDARY,20.75,6225.0,5259.633290894086,0.7370773251951499
dod_100,dod-100-v1,blast-lite-lfp-gr-250ah-prismatic-2019-v1,blast-lite-b093495-250ah-prismatic-v1,PHYSICS_REFERENCE,NEAR_BOUNDARY,20.833333333333332,6250.0,5278.060224023964,0.7363938990927786
dod_100,dod-100-v1,blast-lite-lfp-gr-250ah-prismatic-2019-v1,blast-lite-b093495-250ah-prismatic-v1,PHYSICS_REFERENCE,NEAR_BOUNDARY,20.916666666666668,6275.0,5296.470071501283,0.7357118607128301
dod_100,dod-100-v1,blast-lite-lfp-gr-250ah-prismatic-2019-v1,blast-lite-b093495-250ah-prismatic-v1,PHYSICS_REFERENCE,NEAR_BOUNDARY,21.0,6300.0,5314.862868019104,0.7350312040610485
dod_100,dod-100-v1,blast-lite-lfp-gr-250ah-prismatic-2019-v1,blast-lite-b093495-250ah-prismatic-v1,PHYSICS_REFERENCE,NEAR_BOUNDARY,21.083333333333332,6325.0,5333.23864812063,0.7343519231892724
dod_100,dod-100-v1,blast-lite-lfp-gr-250ah-prismatic-2019-v1,blast-lite-b093495-250ah-prismatic-v1,PHYSICS_REFERENCE,NEAR_BOUNDARY,21.166666666666668,6350.0,5351.597446200362,0.7336740121948996
dod_100,dod-100-v1,blast-lite-lfp-gr-250ah-prismatic-2019-v1,blast-lite-b093495-250ah-prismatic-v1,PHYSICS_REFERENCE,NEAR_BOUNDARY,21.25,6375.0,5369.939296505235,0.7329974652203569
dod_100,dod-100-v1,blast-lite-lfp-gr-250ah-prismatic-2019-v1,blast-lite-b093495-250ah-prismatic-v1,PHYSICS_REFERENCE,NEAR_BOUNDARY,21.333333333333332,6400.0,5388.264233135744,0.732322276452581
dod_100,dod-100-v1,blast-lite-lfp-gr-250ah-prismatic-2019-v1,blast-lite-b093495-250ah-prismatic-v1,PHYSICS_REFERENCE,NEAR_BOUNDARY,21.416666666666668,6425.0,5406.572290047058,0.7316484401225064
dod_100,dod-100-v1,blast-lite-lfp-gr-250ah-prismatic-2019-v1,blast-lite-b093495-250ah-prismatic-v1,PHYSICS_REFERENCE,NEAR_BOUNDARY,21.5,6450.0,5424.863501050121,0.7309759505045605
dod_100,dod-100-v1,blast-lite-lfp-gr-250ah-prismatic-2019-v1,blast-lite-b093495-250ah-prismatic-v1,PHYSICS_REFERENCE,NEAR_BOUNDARY,21.583333333333332,6475.0,5443.137899812735,0.7303048019161685
dod_100,dod-100-v1,blast-lite-lfp-gr-250ah-prismatic-2019-v1,blast-lite-b093495-250ah-prismatic-v1,PHYSICS_REFERENCE,NEAR_BOUNDARY,21.666666666666668,6500.0,5461.395519860639,0.729634988717264
dod_100,dod-100-v1,blast-lite-lfp-gr-250ah-prismatic-2019-v1,blast-lite-b093495-250ah-prismatic-v1,PHYSICS_REFERENCE,NEAR_BOUNDARY,21.75,6525.0,5479.636394578571,0.7289665053098079
dod_100,dod-100-v1,blast-lite-lfp-gr-250ah-prismatic-2019-v1,blast-lite-b093495-250ah-prismatic-v1,PHYSICS_REFERENCE,NEAR_BOUNDARY,21.833333333333332,6550.0,5497.860557211316,0.7282993461373151
dod_100,dod-100-v1,blast-lite-lfp-gr-250ah-prismatic-2019-v1,blast-lite-b093495-250ah-prismatic-v1,PHYSICS_REFERENCE,NEAR_BOUNDARY,21.916666666666668,6575.0,5516.068040864749,0.7276335056843874
dod_100,dod-100-v1,blast-lite-lfp-gr-250ah-prismatic-2019-v1,blast-lite-b093495-250ah-prismatic-v1,PHYSICS_REFERENCE,NEAR_BOUNDARY,22.0,6600.0,5534.258878506858,0.7269689784762544
dod_100,dod-100-v1,blast-lite-lfp-gr-250ah-prismatic-2019-v1,blast-lite-b093495-250ah-prismatic-v1,PHYSICS_REFERENCE,NEAR_BOUNDARY,22.083333333333332,6625.0,5552.433102968765,0.7263057590783212
dod_100,dod-100-v1,blast-lite-lfp-gr-250ah-prismatic-2019-v1,blast-lite-b093495-250ah-prismatic-v1,PHYSICS_REFERENCE,NEAR_BOUNDARY,22.166666666666668,6650.0,5570.5907469457225,0.725643842095722
dod_100,dod-100-v1,blast-lite-lfp-gr-250ah-prismatic-2019-v1,blast-lite-b093495-250ah-prismatic-v1,PHYSICS_REFERENCE,NEAR_BOUNDARY,22.25,6675.0,5588.731842998115,0.7249832221728814
dod_100,dod-100-v1,blast-lite-lfp-gr-250ah-prismatic-2019-v1,blast-lite-b093495-250ah-prismatic-v1,PHYSICS_REFERENCE,NEAR_BOUNDARY,22.333333333333332,6700.0,5606.856423552437,0.7243238939930823
dod_100,dod-100-v1,blast-lite-lfp-gr-250ah-prismatic-2019-v1,blast-lite-b093495-250ah-prismatic-v1,PHYSICS_REFERENCE,NEAR_BOUNDARY,22.416666666666668,6725.0,5624.964520902265,0.7236658522780395
dod_100,dod-100-v1,blast-lite-lfp-gr-250ah-prismatic-2019-v1,blast-lite-b093495-250ah-prismatic-v1,PHYSICS_REFERENCE,NEAR_BOUNDARY,22.5,6750.0,5643.056167209215,0.7230090917874801
dod_100,dod-100-v1,blast-lite-lfp-gr-250ah-prismatic-2019-v1,blast-lite-b093495-250ah-prismatic-v1,PHYSICS_REFERENCE,NEAR_BOUNDARY,22.583333333333332,6775.0,5661.131394503902,0.7223536073187296
dod_100,dod-100-v1,blast-lite-lfp-gr-250ah-prismatic-2019-v1,blast-lite-b093495-250ah-prismatic-v1,PHYSICS_REFERENCE,NEAR_BOUNDARY,22.666666666666668,6800.0,5679.19023468687,0.7216993937063052
dod_100,dod-100-v1,blast-lite-lfp-gr-250ah-prismatic-2019-v1,blast-lite-b093495-250ah-prismatic-v1,PHYSICS_REFERENCE,NEAR_BOUNDARY,22.75,6825.0,5697.2327195295275,0.7210464458215137
dod_100,dod-100-v1,blast-lite-lfp-gr-250ah-prismatic-2019-v1,blast-lite-b093495-250ah-prismatic-v1,PHYSICS_REFERENCE,NEAR_BOUNDARY,22.833333333333332,6850.0,5715.2588806750655,0.7203947585720561
dod_100,dod-100-v1,blast-lite-lfp-gr-250ah-prismatic-2019-v1,blast-lite-b093495-250ah-prismatic-v1,PHYSICS_REFERENCE,NEAR_BOUNDARY,22.916666666666668,6875.0,5733.268749639366,0.7197443269016379
dod_100,dod-100-v1,blast-lite-lfp-gr-250ah-prismatic-2019-v1,blast-lite-b093495-250ah-prismatic-v1,PHYSICS_REFERENCE,NEAR_BOUNDARY,23.0,6900.0,5751.262357811907,0.7190951457895847
dod_100,dod-100-v1,blast-lite-lfp-gr-250ah-prismatic-2019-v1,blast-lite-b093495-250ah-prismatic-v1,PHYSICS_REFERENCE,NEAR_BOUNDARY,23.083333333333332,6925.0,5769.239736456647,0.7184472102504633
dod_100,dod-100-v1,blast-lite-lfp-gr-250ah-prismatic-2019-v1,blast-lite-b093495-250ah-prismatic-v1,PHYSICS_REFERENCE,NEAR_BOUNDARY,23.166666666666668,6950.0,5787.200916712908,0.717800515333709
dod_100,dod-100-v1,blast-lite-lfp-gr-250ah-prismatic-2019-v1,blast-lite-b093495-250ah-prismatic-v1,PHYSICS_REFERENCE,NEAR_BOUNDARY,23.25,6975.0,5805.14592959625,0.7171550561232576
dod_100,dod-100-v1,blast-lite-lfp-gr-250ah-prismatic-2019-v1,blast-lite-b093495-250ah-prismatic-v1,PHYSICS_REFERENCE,NEAR_BOUNDARY,23.333333333333332,7000.0,5823.074805999332,0.716510827737182
dod_100,dod-100-v1,blast-lite-lfp-gr-250ah-prismatic-2019-v1,blast-lite-b093495-250ah-prismatic-v1,PHYSICS_REFERENCE,NEAR_BOUNDARY,23.416666666666668,7025.0,5840.987576692762,0.7158678253273361
dod_100,dod-100-v1,blast-lite-lfp-gr-250ah-prismatic-2019-v1,blast-lite-b093495-250ah-prismatic-v1,PHYSICS_REFERENCE,NEAR_BOUNDARY,23.5,7050.0,5858.884272325945,0.7152260440790009
dod_100,dod-100-v1,blast-lite-lfp-gr-250ah-prismatic-2019-v1,blast-lite-b093495-250ah-prismatic-v1,PHYSICS_REFERENCE,NEAR_BOUNDARY,23.583333333333332,7075.0,5876.76492342792,0.7145854792105382
dod_100,dod-100-v1,blast-lite-lfp-gr-250ah-prismatic-2019-v1,blast-lite-b093495-250ah-prismatic-v1,PHYSICS_REFERENCE,NEAR_BOUNDARY,23.666666666666668,7100.0,5894.629560408183,0.7139461259730473
dod_100,dod-100-v1,blast-lite-lfp-gr-250ah-prismatic-2019-v1,blast-lite-b093495-250ah-prismatic-v1,PHYSICS_REFERENCE,NEAR_BOUNDARY,23.75,7125.0,5912.47821355751,0.7133079796500276
dod_100,dod-100-v1,blast-lite-lfp-gr-250ah-prismatic-2019-v1,blast-lite-b093495-250ah-prismatic-v1,PHYSICS_REFERENCE,NEAR_BOUNDARY,23.833333333333332,7150.0,5930.31091304876,0.7126710355570454
dod_100,dod-100-v1,blast-lite-lfp-gr-250ah-prismatic-2019-v1,blast-lite-b093495-250ah-prismatic-v1,PHYSICS_REFERENCE,NEAR_BOUNDARY,23.916666666666668,7175.0,5948.127688937686,0.7120352890414057
dod_100,dod-100-v1,blast-lite-lfp-gr-250ah-prismatic-2019-v1,blast-lite-b093495-250ah-prismatic-v1,PHYSICS_REFERENCE,NEAR_BOUNDARY,24.0,7200.0,5965.928571163721,0.7114007354818279
dod_100,dod-100-v1,blast-lite-lfp-gr-250ah-prismatic-2019-v1,blast-lite-b093495-250ah-prismatic-v1,PHYSICS_REFERENCE,NEAR_BOUNDARY,24.083333333333332,7225.0,5983.713589550767,0.7107673702881264
dod_100,dod-100-v1,blast-lite-lfp-gr-250ah-prismatic-2019-v1,blast-lite-b093495-250ah-prismatic-v1,PHYSICS_REFERENCE,NEAR_BOUNDARY,24.166666666666668,7250.0,6001.48277380797,0.7101351889008962
dod_100,dod-100-v1,blast-lite-lfp-gr-250ah-prismatic-2019-v1,blast-lite-b093495-250ah-prismatic-v1,PHYSICS_REFERENCE,NEAR_BOUNDARY,24.25,7275.0,6019.236153530493,0.7095041867912015
dod_100,dod-100-v1,blast-lite-lfp-gr-250ah-prismatic-2019-v1,blast-lite-b093495-250ah-prismatic-v1,PHYSICS_REFERENCE,NEAR_BOUNDARY,24.333333333333332,7300.0,6036.973758200273,0.7088743594602696
dod_100,dod-100-v1,blast-lite-lfp-gr-250ah-prismatic-2019-v1,blast-lite-b093495-250ah-prismatic-v1,PHYSICS_REFERENCE,NEAR_BOUNDARY,24.416666666666668,7325.0,6054.69561718678,0.7082457024391884
dod_100,dod-100-v1,blast-lite-lfp-gr-250ah-prismatic-2019-v1,blast-lite-b093495-250ah-prismatic-v1,PHYSICS_REFERENCE,NEAR_BOUNDARY,24.5,7350.0,6072.40175974776,0.7076182112886082
dod_100,dod-100-v1,blast-lite-lfp-gr-250ah-prismatic-2019-v1,blast-lite-b093495-250ah-prismatic-v1,PHYSICS_REFERENCE,NEAR_BOUNDARY,24.583333333333332,7375.0,6090.092215029975,0.7069918815984477
dod_100,dod-100-v1,blast-lite-lfp-gr-250ah-prismatic-2019-v1,blast-lite-b093495-250ah-prismatic-v1,PHYSICS_REFERENCE,NEAR_BOUNDARY,24.666666666666668,7400.0,6107.767012069936,0.7063667089876038
dod_100,dod-100-v1,blast-lite-lfp-gr-250ah-prismatic-2019-v1,blast-lite-b093495-250ah-prismatic-v1,PHYSICS_REFERENCE,NEAR_BOUNDARY,24.75,7425.0,6125.426179794626,0.7057426891036649
dod_100,dod-100-v1,blast-lite-lfp-gr-250ah-prismatic-2019-v1,blast-lite-b093495-250ah-prismatic-v1,PHYSICS_REFERENCE,NEAR_BOUNDARY,24.833333333333332,7450.0,6143.069747022218,0.7051198176226288
dod_100,dod-100-v1,blast-lite-lfp-gr-250ah-prismatic-2019-v1,blast-lite-b093495-250ah-prismatic-v1,PHYSICS_REFERENCE,NEAR_BOUNDARY,24.916666666666668,7475.0,6160.697742462783,0.7044980902486235
dod_100,dod-100-v1,blast-lite-lfp-gr-250ah-prismatic-2019-v1,blast-lite-b093495-250ah-prismatic-v1,PHYSICS_REFERENCE,NEAR_BOUNDARY,25.0,7500.0,6178.310194718999,0.7038775027136328
rate_low,rate-low-v1,blast-lite-lfp-gr-250ah-prismatic-2019-v1,blast-lite-b093495-250ah-prismatic-v1,PHYSICS_REFERENCE,NEAR_BOUNDARY,0.0,0.0,0.0,1.0
rate_low,rate-low-v1,blast-lite-lfp-gr-250ah-prismatic-2019-v1,blast-lite-b093495-250ah-prismatic-v1,PHYSICS_REFERENCE,NEAR_BOUNDARY,0.08333333333333333,25.0,24.999999999999996,0.9960277360891354
rate_low,rate-low-v1,blast-lite-lfp-gr-250ah-prismatic-2019-v1,blast-lite-b093495-250ah-prismatic-v1,PHYSICS_REFERENCE,NEAR_BOUNDARY,0.16666666666666666,50.0,49.90069340222838,0.9934093740551833
rate_low,rate-low-v1,blast-lite-lfp-gr-250ah-prismatic-2019-v1,blast-lite-b093495-250ah-prismatic-v1,PHYSICS_REFERENCE,NEAR_BOUNDARY,0.25,75.0,74.73592775360795,0.991220862045687
rate_low,rate-low-v1,blast-lite-lfp-gr-250ah-prismatic-2019-v1,blast-lite-b093495-250ah-prismatic-v1,PHYSICS_REFERENCE,NEAR_BOUNDARY,0.3333333333333333,100.0,99.51644930475013,0.9892409951738403
rate_low,rate-low-v1,blast-lite-lfp-gr-250ah-prismatic-2019-v1,blast-lite-b093495-250ah-prismatic-v1,PHYSICS_REFERENCE,NEAR_BOUNDARY,0.4166666666666667,125.0,124.24747418409613,0.9873956862961966
rate_low,rate-low-v1,blast-lite-lfp-gr-250ah-prismatic-2019-v1,blast-lite-b093495-250ah-prismatic-v1,PHYSICS_REFERENCE,NEAR_BOUNDARY,0.5,150.0,148.93236634150105,0.9856480876746642
rate_low,rate-low-v1,blast-lite-lfp-gr-250ah-prismatic-2019-v1,blast-lite-b093495-250ah-prismatic-v1,PHYSICS_REFERENCE,NEAR_BOUNDARY,0.5833333333333334,175.0,173.57356853336765,0.9839763883317199
rate_low,rate-low-v1,blast-lite-lfp-gr-250ah-prismatic-2019-v1,blast-lite-b093495-250ah-prismatic-v1,PHYSICS_REFERENCE,NEAR_BOUNDARY,0.6666666666666666,200.0,198.17297824166064,0.9823662881917412
rate_low,rate-low-v1,blast-lite-lfp-gr-250ah-prismatic-2019-v1,blast-lite-b093495-250ah-prismatic-v1,PHYSICS_REFERENCE,NEAR_BOUNDARY,0.75,225.0,222.73213544645418,0.9808077507541888
rate_low,rate-low-v1,blast-lite-lfp-gr-250ah-prismatic-2019-v1,blast-lite-b093495-250ah-prismatic-v1,PHYSICS_REFERENCE,NEAR_BOUNDARY,0.8333333333333334,250.0,247.2523292153089,0.9792933789326125
rate_low,rate-low-v1,blast-lite-lfp-gr-250ah-prismatic-2019-v1,blast-lite-b093495-250ah-prismatic-v1,PHYSICS_REFERENCE,NEAR_BOUNDARY,0.9166666666666666,275.0,271.7346636886242,0.9778175159783338
rate_low,rate-low-v1,blast-lite-lfp-gr-250ah-prismatic-2019-v1,blast-lite-b093495-250ah-prismatic-v1,PHYSICS_REFERENCE,NEAR_BOUNDARY,1.0,300.0,296.18010158808255,0.9763757092299237
rate_low,rate-low-v1,blast-lite-lfp-gr-250ah-prismatic-2019-v1,blast-lite-b093495-250ah-prismatic-v1,PHYSICS_REFERENCE,NEAR_BOUNDARY,1.0833333333333333,325.0,320.58949431883065,0.9749643713640604
rate_low,rate-low-v1,blast-lite-lfp-gr-250ah-prismatic-2019-v1,blast-lite-b093495-250ah-prismatic-v1,PHYSICS_REFERENCE,NEAR_BOUNDARY,1.1666666666666667,350.0,344.96360360293215,0.9735805564060518
rate_low,rate-low-v1,blast-lite-lfp-gr-250ah-prismatic-2019-v1,blast-lite-b093495-250ah-prismatic-v1,PHYSICS_REFERENCE,NEAR_BOUNDARY,1.25,375.0,369.30311751308346,0.9722218059987848
rate_low,rate-low-v1,blast-lite-lfp-gr-250ah-prismatic-2019-v1,blast-lite-b093495-250ah-prismatic-v1,PHYSICS_REFERENCE,NEAR_BOUNDARY,1.3333333333333333,400.0,393.6086626630531,0.9708860405686034
rate_low,rate-low-v1,blast-lite-lfp-gr-250ah-prismatic-2019-v1,blast-lite-b093495-250ah-prismatic-v1,PHYSICS_REFERENCE,NEAR_BOUNDARY,1.4166666666666667,425.0,417.8808136772682,0.9695714802279437
rate_low,rate-low-v1,blast-lite-lfp-gr-250ah-prismatic-2019-v1,blast-lite-b093495-250ah-prismatic-v1,PHYSICS_REFERENCE,NEAR_BOUNDARY,1.5,450.0,442.1201006829668,0.9682765859821072
rate_low,rate-low-v1,blast-lite-lfp-gr-250ah-prismatic-2019-v1,blast-lite-b093495-250ah-prismatic-v1,PHYSICS_REFERENCE,NEAR_BOUNDARY,1.5833333333333333,475.0,466.32701533251947,0.9670000151673465
rate_low,rate-low-v1,blast-lite-lfp-gr-250ah-prismatic-2019-v1,blast-lite-b093495-250ah-prismatic-v1,PHYSICS_REFERENCE,NEAR_BOUNDARY,1.6666666666666667,500.0,490.5020157117031,0.965740587093571
rate_low,rate-low-v1,blast-lite-lfp-gr-250ah-prismatic-2019-v1,blast-lite-b093495-250ah-prismatic-v1,PHYSICS_REFERENCE,NEAR_BOUNDARY,1.75,525.0,514.6455303890424,0.9644972561521438
rate_low,rate-low-v1,blast-lite-lfp-gr-250ah-prismatic-2019-v1,blast-lite-b093495-250ah-prismatic-v1,PHYSICS_REFERENCE,NEAR_BOUNDARY,1.8333333333333333,550.0,538.757961792846,0.9632690904822842
rate_low,rate-low-v1,blast-lite-lfp-gr-250ah-prismatic-2019-v1,blast-lite-b093495-250ah-prismatic-v1,PHYSICS_REFERENCE,NEAR_BOUNDARY,1.9166666666666667,575.0,562.8396890549031,0.9620552548423791
rate_low,rate-low-v1,blast-lite-lfp-gr-250ah-prismatic-2019-v1,blast-lite-b093495-250ah-prismatic-v1,PHYSICS_REFERENCE,NEAR_BOUNDARY,2.0,600.0,586.8910704259627,0.9608549967076025
rate_low,rate-low-v1,blast-lite-lfp-gr-250ah-prismatic-2019-v1,blast-lite-b093495-250ah-prismatic-v1,PHYSICS_REFERENCE,NEAR_BOUNDARY,2.0833333333333335,625.0,610.9124453436527,0.959667634874874
rate_low,rate-low-v1,blast-lite-lfp-gr-250ah-prismatic-2019-v1,blast-lite-b093495-250ah-prismatic-v1,PHYSICS_REFERENCE,NEAR_BOUNDARY,2.1666666666666665,650.0,634.9041362155245,0.9584925500391746
rate_low,rate-low-v1,blast-lite-lfp-gr-250ah-prismatic-2019-v1,blast-lite-b093495-250ah-prismatic-v1,PHYSICS_REFERENCE,NEAR_BOUNDARY,2.25,675.0,658.8664499665039,0.9573291769363012
rate_low,rate-low-v1,blast-lite-lfp-gr-250ah-prismatic-2019-v1,blast-lite-b093495-250ah-prismatic-v1,PHYSICS_REFERENCE,NEAR_BOUNDARY,2.3333333333333335,700.0,682.7996793899114,0.9561769977424406
rate_low,rate-low-v1,blast-lite-lfp-gr-250ah-prismatic-2019-v1,blast-lite-b093495-250ah-prismatic-v1,PHYSICS_REFERENCE,NEAR_BOUNDARY,2.4166666666666665,725.0,706.7041043334724,0.955035536491151
rate_low,rate-low-v1,blast-lite-lfp-gr-250ah-prismatic-2019-v1,blast-lite-b093495-250ah-prismatic-v1,PHYSICS_REFERENCE,NEAR_BOUNDARY,2.5,750.0,730.5799927457512,0.9539043543207432
rate_low,rate-low-v1,blast-lite-lfp-gr-250ah-prismatic-2019-v1,blast-lite-b093495-250ah-prismatic-v1,PHYSICS_REFERENCE,NEAR_BOUNDARY,2.5833333333333335,775.0,754.4276016037697,0.9527830454045887
rate_low,rate-low-v1,blast-lite-lfp-gr-250ah-prismatic-2019-v1,blast-lite-b093495-250ah-prismatic-v1,PHYSICS_REFERENCE,NEAR_BOUNDARY,2.6666666666666665,800.0,778.2471777388845,0.951671233447048
rate_low,rate-low-v1,blast-lite-lfp-gr-250ah-prismatic-2019-v1,blast-lite-b093495-250ah-prismatic-v1,PHYSICS_REFERENCE,NEAR_BOUNDARY,2.75,825.0,802.0389585750606,0.9505685686509369
rate_low,rate-low-v1,blast-lite-lfp-gr-250ah-prismatic-2019-v1,blast-lite-b093495-250ah-prismatic-v1,PHYSICS_REFERENCE,NEAR_BOUNDARY,2.8333333333333335,850.0,825.8031727913341,0.9494747250805162
rate_low,rate-low-v1,blast-lite-lfp-gr-250ah-prismatic-2019-v1,blast-lite-b093495-250ah-prismatic-v1,PHYSICS_REFERENCE,NEAR_BOUNDARY,2.9166666666666665,875.0,849.540040918347,0.9483893983581404
rate_low,rate-low-v1,blast-lite-lfp-gr-250ah-prismatic-2019-v1,blast-lite-b093495-250ah-prismatic-v1,PHYSICS_REFERENCE,NEAR_BOUNDARY,3.0,900.0,873.2497758773005,0.9473123036438916
rate_low,rate-low-v1,blast-lite-lfp-gr-250ah-prismatic-2019-v1,blast-lite-b093495-250ah-prismatic-v1,PHYSICS_REFERENCE,NEAR_BOUNDARY,3.0833333333333335,925.0,896.9325834683978,0.9462431738564294
rate_low,rate-low-v1,blast-lite-lfp-gr-250ah-prismatic-2019-v1,blast-lite-b093495-250ah-prismatic-v1,PHYSICS_REFERENCE,NEAR_BOUNDARY,3.1666666666666665,950.0,920.5886628148085,0.9451817581004303
rate_low,rate-low-v1,blast-lite-lfp-gr-250ah-prismatic-2019-v1,blast-lite-b093495-250ah-prismatic-v1,PHYSICS_REFERENCE,NEAR_BOUNDARY,3.25,975.0,944.2182067673192,0.9441278202717481
rate_low,rate-low-v1,blast-lite-lfp-gr-250ah-prismatic-2019-v1,blast-lite-b093495-250ah-prismatic-v1,PHYSICS_REFERENCE,NEAR_BOUNDARY,3.3333333333333335,1000.0,967.8214022741129,0.9430811378161101
rate_low,rate-low-v1,blast-lite-lfp-gr-250ah-prismatic-2019-v1,blast-lite-b093495-250ah-prismatic-v1,PHYSICS_REFERENCE,NEAR_BOUNDARY,3.4166666666666665,1025.0,991.3984307195157,0.942041500620979
rate_low,rate-low-v1,blast-lite-lfp-gr-250ah-prismatic-2019-v1,blast-lite-b093495-250ah-prismatic-v1,PHYSICS_REFERENCE,NEAR_BOUNDARY,3.5,1050.0,1014.9494682350402,0.9410087100233534
rate_low,rate-low-v1,blast-lite-lfp-gr-250ah-prismatic-2019-v1,blast-lite-b093495-250ah-prismatic-v1,PHYSICS_REFERENCE,NEAR_BOUNDARY,3.5833333333333335,1075.0,1038.474685985624,0.9399825779188709
rate_low,rate-low-v1,blast-lite-lfp-gr-250ah-prismatic-2019-v1,blast-lite-b093495-250ah-prismatic-v1,PHYSICS_REFERENCE,NEAR_BOUNDARY,3.6666666666666665,1100.0,1061.974250433596,0.938962925959719
rate_low,rate-low-v1,blast-lite-lfp-gr-250ah-prismatic-2019-v1,blast-lite-b093495-250ah-prismatic-v1,PHYSICS_REFERENCE,NEAR_BOUNDARY,3.75,1125.0,1085.448323582589,0.9379495848306643
rate_low,rate-low-v1,blast-lite-lfp-gr-250ah-prismatic-2019-v1,blast-lite-b093495-250ah-prismatic-v1,PHYSICS_REFERENCE,NEAR_BOUNDARY,3.8333333333333335,1150.0,1108.8970632033556,0.9369423935939951
rate_low,rate-low-v1,blast-lite-lfp-gr-250ah-prismatic-2019-v1,blast-lite-b093495-250ah-prismatic-v1,PHYSICS_REFERENCE,NEAR_BOUNDARY,3.9166666666666665,1175.0,1132.3206230432056,0.9359411990954483
rate_low,rate-low-v1,blast-lite-lfp-gr-250ah-prismatic-2019-v1,blast-lite-b093495-250ah-prismatic-v1,PHYSICS_REFERENCE,NEAR_BOUNDARY,4.0,1200.0,1155.7191530205919,0.9349458554242448
rate_low,rate-low-v1,blast-lite-lfp-gr-250ah-prismatic-2019-v1,blast-lite-b093495-250ah-prismatic-v1,PHYSICS_REFERENCE,NEAR_BOUNDARY,4.083333333333333,1225.0,1179.092799406198,0.9339562234212686
rate_low,rate-low-v1,blast-lite-lfp-gr-250ah-prismatic-2019-v1,blast-lite-b093495-250ah-prismatic-v1,PHYSICS_REFERENCE,NEAR_BOUNDARY,4.166666666666667,1250.0,1202.4417049917297,0.9329721702301873
rate_low,rate-low-v1,blast-lite-lfp-gr-250ah-prismatic-2019-v1,blast-lite-b093495-250ah-prismatic-v1,PHYSICS_REFERENCE,NEAR_BOUNDARY,4.25,1275.0,1225.7660092474844,0.9319935688869714
rate_low,rate-low-v1,blast-lite-lfp-gr-250ah-prismatic-2019-v1,blast-lite-b093495-250ah-prismatic-v1,PHYSICS_REFERENCE,NEAR_BOUNDARY,4.333333333333333,1300.0,1249.0658484696587,0.931020297943826
rate_low,rate-low-v1,blast-lite-lfp-gr-250ah-prismatic-2019-v1,blast-lite-b093495-250ah-prismatic-v1,PHYSICS_REFERENCE,NEAR_BOUNDARY,4.416666666666667,1325.0,1272.3413559182543,0.9300522411240395
rate_low,rate-low-v1,blast-lite-lfp-gr-250ah-prismatic-2019-v1,blast-lite-b093495-250ah-prismatic-v1,PHYSICS_REFERENCE,NEAR_BOUNDARY,4.5,1350.0,1295.5926619463553,0.92908928700466
rate_low,rate-low-v1,blast-lite-lfp-gr-250ah-prismatic-2019-v1,blast-lite-b093495-250ah-prismatic-v1,PHYSICS_REFERENCE,NEAR_BOUNDARY,4.583333333333333,1375.0,1318.8198941214719,0.9281313287242771
rate_low,rate-low-v1,blast-lite-lfp-gr-250ah-prismatic-2019-v1,blast-lite-b093495-250ah-prismatic-v1,PHYSICS_REFERENCE,NEAR_BOUNDARY,4.666666666666667,1400.0,1342.0231773395788,0.9271782637134969
rate_low,rate-low-v1,blast-lite-lfp-gr-250ah-prismatic-2019-v1,blast-lite-b093495-250ah-prismatic-v1,PHYSICS_REFERENCE,NEAR_BOUNDARY,4.75,1425.0,1365.2026339324161,0.9262299934459678
rate_low,rate-low-v1,blast-lite-lfp-gr-250ah-prismatic-2019-v1,blast-lite-b093495-250ah-prismatic-v1,PHYSICS_REFERENCE,NEAR_BOUNDARY,4.833333333333333,1450.0,1388.3583837685653,0.925286423208052
rate_low,rate-low-v1,blast-lite-lfp-gr-250ah-prismatic-2019-v1,blast-lite-b093495-250ah-prismatic-v1,PHYSICS_REFERENCE,NEAR_BOUNDARY,4.916666666666667,1475.0,1411.4905443487667,0.9243474618854455
rate_low,rate-low-v1,blast-lite-lfp-gr-250ah-prismatic-2019-v1,blast-lite-b093495-250ah-prismatic-v1,PHYSICS_REFERENCE,NEAR_BOUNDARY,5.0,1500.0,1434.5992308959028,0.9234130217652284
rate_low,rate-low-v1,blast-lite-lfp-gr-250ah-prismatic-2019-v1,blast-lite-b093495-250ah-prismatic-v1,PHYSICS_REFERENCE,NEAR_BOUNDARY,5.083333333333333,1525.0,1457.6845564400335,0.9224830183519892
rate_low,rate-low-v1,blast-lite-lfp-gr-250ah-prismatic-2019-v1,blast-lite-b093495-250ah-prismatic-v1,PHYSICS_REFERENCE,NEAR_BOUNDARY,5.166666666666667,1550.0,1480.7466318988331,0.9215573701968022
rate_low,rate-low-v1,blast-lite-lfp-gr-250ah-prismatic-2019-v1,blast-lite-b093495-250ah-prismatic-v1,PHYSICS_REFERENCE,NEAR_BOUNDARY,5.25,1575.0,1503.7855661537533,0.9206359987379669
rate_low,rate-low-v1,blast-lite-lfp-gr-250ah-prismatic-2019-v1,blast-lite-b093495-250ah-prismatic-v1,PHYSICS_REFERENCE,NEAR_BOUNDARY,5.333333333333333,1600.0,1526.8014661222026,0.9197188281525228
rate_low,rate-low-v1,blast-lite-lfp-gr-250ah-prismatic-2019-v1,blast-lite-b093495-250ah-prismatic-v1,PHYSICS_REFERENCE,NEAR_BOUNDARY,5.416666666666667,1625.0,1549.7944368260157,0.9188057852176502
rate_low,rate-low-v1,blast-lite-lfp-gr-250ah-prismatic-2019-v1,blast-lite-b093495-250ah-prismatic-v1,PHYSICS_REFERENCE,NEAR_BOUNDARY,5.5,1650.0,1572.7645814564569,0.9178967991811561
rate_low,rate-low-v1,blast-lite-lfp-gr-250ah-prismatic-2019-v1,blast-lite-b093495-250ah-prismatic-v1,PHYSICS_REFERENCE,NEAR_BOUNDARY,5.583333333333333,1675.0,1595.7120014359857,0.9169918016403193
rate_low,rate-low-v1,blast-lite-lfp-gr-250ah-prismatic-2019-v1,blast-lite-b093495-250ah-prismatic-v1,PHYSICS_REFERENCE,NEAR_BOUNDARY,5.666666666666667,1700.0,1618.6367964769936,0.9160907264284349
rate_low,rate-low-v1,blast-lite-lfp-gr-250ah-prismatic-2019-v1,blast-lite-b093495-250ah-prismatic-v1,PHYSICS_REFERENCE,NEAR_BOUNDARY,5.75,1725.0,1641.5390646377045,0.9151935095084636
rate_low,rate-low-v1,blast-lite-lfp-gr-250ah-prismatic-2019-v1,blast-lite-b093495-250ah-prismatic-v1,PHYSICS_REFERENCE,NEAR_BOUNDARY,5.833333333333333,1750.0,1664.418902375416,0.9143000888732414
rate_low,rate-low-v1,blast-lite-lfp-gr-250ah-prismatic-2019-v1,blast-lite-b093495-250ah-prismatic-v1,PHYSICS_REFERENCE,NEAR_BOUNDARY,5.916666666666667,1775.0,1687.2764045972472,0.9134104044517554
rate_low,rate-low-v1,blast-lite-lfp-gr-250ah-prismatic-2019-v1,blast-lite-b093495-250ah-prismatic-v1,PHYSICS_REFERENCE,NEAR_BOUNDARY,6.0,1800.0,1710.111664708541,0.9125243980210374
rate_low,rate-low-v1,blast-lite-lfp-gr-250ah-prismatic-2019-v1,blast-lite-b093495-250ah-prismatic-v1,PHYSICS_REFERENCE,NEAR_BOUNDARY,6.083333333333333,1825.0,1732.924774659067,0.9116420131232617
rate_low,rate-low-v1,blast-lite-lfp-gr-250ah-prismatic-2019-v1,blast-lite-b093495-250ah-prismatic-v1,PHYSICS_REFERENCE,NEAR_BOUNDARY,6.166666666666667,1850.0,1755.7158249871486,0.9107631949876738
rate_low,rate-low-v1,blast-lite-lfp-gr-250ah-prismatic-2019-v1,blast-lite-b093495-250ah-prismatic-v1,PHYSICS_REFERENCE,NEAR_BOUNDARY,6.25,1875.0,1778.4849048618405,0.9098878904570045
rate_low,rate-low-v1,blast-lite-lfp-gr-250ah-prismatic-2019-v1,blast-lite-b093495-250ah-prismatic-v1,PHYSICS_REFERENCE,NEAR_BOUNDARY,6.333333333333333,1900.0,1801.2321021232656,0.9090160479180545
rate_low,rate-low-v1,blast-lite-lfp-gr-250ah-prismatic-2019-v1,blast-lite-b093495-250ah-prismatic-v1,PHYSICS_REFERENCE,NEAR_BOUNDARY,6.416666666666667,1925.0,1823.957503321217,0.9081476172361621
rate_low,rate-low-v1,blast-lite-lfp-gr-250ah-prismatic-2019-v1,blast-lite-b093495-250ah-prismatic-v1,PHYSICS_REFERENCE,NEAR_BOUNDARY,6.5,1950.0,1846.661193752121,0.9072825496932868
rate_low,rate-low-v1,blast-lite-lfp-gr-250ah-prismatic-2019-v1,blast-lite-b093495-250ah-prismatic-v1,PHYSICS_REFERENCE,NEAR_BOUNDARY,6.583333333333333,1975.0,1869.3432574944534,0.9064207979294653
rate_low,rate-low-v1,blast-lite-lfp-gr-250ah-prismatic-2019-v1,blast-lite-b093495-250ah-prismatic-v1,PHYSICS_REFERENCE,NEAR_BOUNDARY,6.666666666666667,2000.0,1892.00377744269,0.9055623158874148
rate_low,rate-low-v1,blast-lite-lfp-gr-250ah-prismatic-2019-v1,blast-lite-b093495-250ah-prismatic-v1,PHYSICS_REFERENCE,NEAR_BOUNDARY,6.75,2025.0,1914.6428353398755,0.9047070587600787
rate_low,rate-low-v1,blast-lite-lfp-gr-250ah-prismatic-2019-v1,blast-lite-b093495-250ah-prismatic-v1,PHYSICS_REFERENCE,NEAR_BOUNDARY,6.833333333333333,2050.0,1937.2605118088775,0.90385498294092
rate_low,rate-low-v1,blast-lite-lfp-gr-250ah-prismatic-2019-v1,blast-lite-b093495-250ah-prismatic-v1,PHYSICS_REFERENCE,NEAR_BOUNDARY,6.916666666666667,2075.0,1959.8568863824005,0.9030060459767888
rate_low,rate-low-v1,blast-lite-lfp-gr-250ah-prismatic-2019-v1,blast-lite-b093495-250ah-prismatic-v1,PHYSICS_REFERENCE,NEAR_BOUNDARY,7.0,2100.0,1982.4320375318202,0.9021602065232003
rate_low,rate-low-v1,blast-lite-lfp-gr-250ah-prismatic-2019-v1,blast-lite-b093495-250ah-prismatic-v1,PHYSICS_REFERENCE,NEAR_BOUNDARY,7.083333333333333,2125.0,2004.9860426949003,0.9013174243018713
rate_low,rate-low-v1,blast-lite-lfp-gr-250ah-prismatic-2019-v1,blast-lite-b093495-250ah-prismatic-v1,PHYSICS_REFERENCE,NEAR_BOUNDARY,7.166666666666667,2150.0,2027.518978302447,0.9004776600603763
rate_low,rate-low-v1,blast-lite-lfp-gr-250ah-prismatic-2019-v1,blast-lite-b093495-250ah-prismatic-v1,PHYSICS_REFERENCE,NEAR_BOUNDARY,7.25,2175.0,2050.0309198039563,0.8996408755337941
rate_low,rate-low-v1,blast-lite-lfp-gr-250ah-prismatic-2019-v1,blast-lite-b093495-250ah-prismatic-v1,PHYSICS_REFERENCE,NEAR_BOUNDARY,7.333333333333333,2200.0,2072.521941692301,0.8988070334082235
rate_low,rate-low-v1,blast-lite-lfp-gr-250ah-prismatic-2019-v1,blast-lite-b093495-250ah-prismatic-v1,PHYSICS_REFERENCE,NEAR_BOUNDARY,7.416666666666667,2225.0,2094.9921175275067,0.8979760972860569
rate_low,rate-low-v1,blast-lite-lfp-gr-250ah-prismatic-2019-v1,blast-lite-b093495-250ah-prismatic-v1,PHYSICS_REFERENCE,NEAR_BOUNDARY,7.5,2250.0,2117.4415199596583,0.8971480316529075
rate_low,rate-low-v1,blast-lite-lfp-gr-250ah-prismatic-2019-v1,blast-lite-b093495-250ah-prismatic-v1,PHYSICS_REFERENCE,NEAR_BOUNDARY,7.583333333333333,2275.0,2139.870220750981,0.896322801846096
rate_low,rate-low-v1,blast-lite-lfp-gr-250ah-prismatic-2019-v1,blast-lite-b093495-250ah-prismatic-v1,PHYSICS_REFERENCE,NEAR_BOUNDARY,7.666666666666667,2300.0,2162.278290797133,0.8955003740246026
rate_low,rate-low-v1,blast-lite-lfp-gr-250ah-prismatic-2019-v1,blast-lite-b093495-250ah-prismatic-v1,PHYSICS_REFERENCE,NEAR_BOUNDARY,7.75,2325.0,2184.665800147748,0.894680715140404
rate_low,rate-low-v1,blast-lite-lfp-gr-250ah-prismatic-2019-v1,blast-lite-b093495-250ah-prismatic-v1,PHYSICS_REFERENCE,NEAR_BOUNDARY,7.833333333333333,2350.0,2207.032818026258,0.8938637929111157
rate_low,rate-low-v1,blast-lite-lfp-gr-250ah-prismatic-2019-v1,blast-lite-b093495-250ah-prismatic-v1,PHYSICS_REFERENCE,NEAR_BOUNDARY,7.916666666666667,2375.0,2229.3794128490363,0.8930495757938675
rate_low,rate-low-v1,blast-lite-lfp-gr-250ah-prismatic-2019-v1,blast-lite-b093495-250ah-prismatic-v1,PHYSICS_REFERENCE,NEAR_BOUNDARY,8.0,2400.0,2251.705652243883,0.8922380329603419
rate_low,rate-low-v1,blast-lite-lfp-gr-250ah-prismatic-2019-v1,blast-lite-b093495-250ah-prismatic-v1,PHYSICS_REFERENCE,NEAR_BOUNDARY,8.083333333333334,2425.0,2274.0116030678914,0.8914291342729159
rate_low,rate-low-v1,blast-lite-lfp-gr-250ah-prismatic-2019-v1,blast-lite-b093495-250ah-prismatic-v1,PHYSICS_REFERENCE,NEAR_BOUNDARY,8.166666666666666,2450.0,2296.2973314247142,0.8906228502618418
rate_low,rate-low-v1,blast-lite-lfp-gr-250ah-prismatic-2019-v1,blast-lite-b093495-250ah-prismatic-v1,PHYSICS_REFERENCE,NEAR_BOUNDARY,8.25,2475.0,2318.5629026812603,0.8898191521034146
rate_low,rate-low-v1,blast-lite-lfp-gr-250ah-prismatic-2019-v1,blast-lite-b093495-250ah-prismatic-v1,PHYSICS_REFERENCE,NEAR_BOUNDARY,8.333333333333334,2500.0,2340.8083814838456,0.8890180115990717
rate_low,rate-low-v1,blast-lite-lfp-gr-250ah-prismatic-2019-v1,blast-lite-b093495-250ah-prismatic-v1,PHYSICS_REFERENCE,NEAR_BOUNDARY,8.416666666666666,2525.0,2363.0338317738224,0.8882194011553782
rate_low,rate-low-v1,blast-lite-lfp-gr-250ah-prismatic-2019-v1,blast-lite-b093495-250ah-prismatic-v1,PHYSICS_REFERENCE,NEAR_BOUNDARY,8.5,2550.0,2385.239316802707,0.8874232937648494
rate_low,rate-low-v1,blast-lite-lfp-gr-250ah-prismatic-2019-v1,blast-lite-b093495-250ah-prismatic-v1,PHYSICS_REFERENCE,NEAR_BOUNDARY,8.583333333333334,2575.0,2407.424899146828,0.8866296629875686
rate_low,rate-low-v1,blast-lite-lfp-gr-250ah-prismatic-2019-v1,blast-lite-b093495-250ah-prismatic-v1,PHYSICS_REFERENCE,NEAR_BOUNDARY,8.666666666666666,2600.0,2429.590640721517,0.8858384829335598
rate_low,rate-low-v1,blast-lite-lfp-gr-250ah-prismatic-2019-v1,blast-lite-b093495-250ah-prismatic-v1,PHYSICS_REFERENCE,NEAR_BOUNDARY,8.75,2625.0,2451.736602794856,0.8850497282458772
rate_low,rate-low-v1,blast-lite-lfp-gr-250ah-prismatic-2019-v1,blast-lite-b093495-250ah-prismatic-v1,PHYSICS_REFERENCE,NEAR_BOUNDARY,8.833333333333334,2650.0,2473.862846001003,0.8842633740843746
rate_low,rate-low-v1,blast-lite-lfp-gr-250ah-prismatic-2019-v1,blast-lite-b093495-250ah-prismatic-v1,PHYSICS_REFERENCE,NEAR_BOUNDARY,8.916666666666666,2675.0,2495.9694303531123,0.8834793961101235
rate_low,rate-low-v1,blast-lite-lfp-gr-250ah-prismatic-2019-v1,blast-lite-b093495-250ah-prismatic-v1,PHYSICS_REFERENCE,NEAR_BOUNDARY,9.0,2700.0,2518.0564152558654,0.8826977704704442
rate_low,rate-low-v1,blast-lite-lfp-gr-250ah-prismatic-2019-v1,blast-lite-b093495-250ah-prismatic-v1,PHYSICS_REFERENCE,NEAR_BOUNDARY,9.083333333333334,2725.0,2540.1238595176264,0.8819184737845256
rate_low,rate-low-v1,blast-lite-lfp-gr-250ah-prismatic-2019-v1,blast-lite-b093495-250ah-prismatic-v1,PHYSICS_REFERENCE,NEAR_BOUNDARY,9.166666666666666,2750.0,2562.1718213622394,0.8811414831295991
rate_low,rate-low-v1,blast-lite-lfp-gr-250ah-prismatic-2019-v1,blast-lite-b093495-250ah-prismatic-v1,PHYSICS_REFERENCE,NEAR_BOUNDARY,9.25,2775.0,2584.2003584404792,0.8803667760276453
rate_low,rate-low-v1,blast-lite-lfp-gr-250ah-prismatic-2019-v1,blast-lite-b093495-250ah-prismatic-v1,PHYSICS_REFERENCE,NEAR_BOUNDARY,9.333333333333334,2800.0,2606.2095278411703,0.8795943304326067
rate_low,rate-low-v1,blast-lite-lfp-gr-250ah-prismatic-2019-v1,blast-lite-b093495-250ah-prismatic-v1,PHYSICS_REFERENCE,NEAR_BOUNDARY,9.416666666666666,2825.0,2628.1993861019855,0.8788241247180804
rate_low,rate-low-v1,blast-lite-lfp-gr-250ah-prismatic-2019-v1,blast-lite-b093495-250ah-prismatic-v1,PHYSICS_REFERENCE,NEAR_BOUNDARY,9.5,2850.0,2650.1699892199376,0.8780561376654725
rate_low,rate-low-v1,blast-lite-lfp-gr-250ah-prismatic-2019-v1,blast-lite-b093495-250ah-prismatic-v1,PHYSICS_REFERENCE,NEAR_BOUNDARY,9.583333333333334,2875.0,2672.1213926615746,0.8772903484525908
rate_low,rate-low-v1,blast-lite-lfp-gr-250ah-prismatic-2019-v1,blast-lite-b093495-250ah-prismatic-v1,PHYSICS_REFERENCE,NEAR_BOUNDARY,9.666666666666666,2900.0,2694.0536513728894,0.8765267366426548
rate_low,rate-low-v1,blast-lite-lfp-gr-250ah-prismatic-2019-v1,blast-lite-b093495-250ah-prismatic-v1,PHYSICS_REFERENCE,NEAR_BOUNDARY,9.75,2925.0,2715.966819788956,0.8757652821737071
rate_low,rate-low-v1,blast-lite-lfp-gr-250ah-prismatic-2019-v1,blast-lite-b093495-250ah-prismatic-v1,PHYSICS_REFERENCE,NEAR_BOUNDARY,9.833333333333334,2950.0,2737.8609518432986,0.875005965348405
rate_low,rate-low-v1,blast-lite-lfp-gr-250ah-prismatic-2019-v1,blast-lite-b093495-250ah-prismatic-v1,PHYSICS_REFERENCE,NEAR_BOUNDARY,9.916666666666666,2975.0,2759.736100977009,0.874248766824179
rate_low,rate-low-v1,blast-lite-lfp-gr-250ah-prismatic-2019-v1,blast-lite-b093495-250ah-prismatic-v1,PHYSICS_REFERENCE,NEAR_BOUNDARY,10.0,3000.0,2781.5923201476135,0.8734936676037374
rate_low,rate-low-v1,blast-lite-lfp-gr-250ah-prismatic-2019-v1,blast-lite-b093495-250ah-prismatic-v1,PHYSICS_REFERENCE,NEAR_BOUNDARY,10.083333333333334,3025.0,2803.429661837707,0.8727406490259072
rate_low,rate-low-v1,blast-lite-lfp-gr-250ah-prismatic-2019-v1,blast-lite-b093495-250ah-prismatic-v1,PHYSICS_REFERENCE,NEAR_BOUNDARY,10.166666666666666,3050.0,2825.2481780633548,0.8719896927567922
rate_low,rate-low-v1,blast-lite-lfp-gr-250ah-prismatic-2019-v1,blast-lite-b093495-250ah-prismatic-v1,PHYSICS_REFERENCE,NEAR_BOUNDARY,10.25,3075.0,2847.0479203822747,0.8712407807812375
rate_low,rate-low-v1,blast-lite-lfp-gr-250ah-prismatic-2019-v1,blast-lite-b093495-250ah-prismatic-v1,PHYSICS_REFERENCE,NEAR_BOUNDARY,10.333333333333334,3100.0,2868.828939901806,0.8704938953945862
rate_low,rate-low-v1,blast-lite-lfp-gr-250ah-prismatic-2019-v1,blast-lite-b093495-250ah-prismatic-v1,PHYSICS_REFERENCE,NEAR_BOUNDARY,10.416666666666666,3125.0,2890.5912872866706,0.8697490191947166
rate_low,rate-low-v1,blast-lite-lfp-gr-250ah-prismatic-2019-v1,blast-lite-b093495-250ah-prismatic-v1,PHYSICS_REFERENCE,NEAR_BOUNDARY,10.5,3150.0,2912.3350127665385,0.8690061350743467
rate_low,rate-low-v1,blast-lite-lfp-gr-250ah-prismatic-2019-v1,blast-lite-b093495-250ah-prismatic-v1,PHYSICS_REFERENCE,NEAR_BOUNDARY,10.583333333333334,3175.0,2934.060166143397,0.8682652262135975
rate_low,rate-low-v1,blast-lite-lfp-gr-250ah-prismatic-2019-v1,blast-lite-b093495-250ah-prismatic-v1,PHYSICS_REFERENCE,NEAR_BOUNDARY,10.666666666666666,3200.0,2955.766796798737,0.8675262760728013
rate_low,rate-low-v1,blast-lite-lfp-gr-250ah-prismatic-2019-v1,blast-lite-b093495-250ah-prismatic-v1,PHYSICS_REFERENCE,NEAR_BOUNDARY,10.75,3225.0,2977.454953700557,0.8667892683855483
rate_low,rate-low-v1,blast-lite-lfp-gr-250ah-prismatic-2019-v1,blast-lite-b093495-250ah-prismatic-v1,PHYSICS_REFERENCE,NEAR_BOUNDARY,10.833333333333334,3250.0,2999.1246854101955,0.8660541871519584
rate_low,rate-low-v1,blast-lite-lfp-gr-250ah-prismatic-2019-v1,blast-lite-b093495-250ah-prismatic-v1,PHYSICS_REFERENCE,NEAR_BOUNDARY,10.916666666666666,3275.0,3020.7760400889947,0.8653210166321724
rate_low,rate-low-v1,blast-lite-lfp-gr-250ah-prismatic-2019-v1,blast-lite-b093495-250ah-prismatic-v1,PHYSICS_REFERENCE,NEAR_BOUNDARY,11.0,3300.0,3042.409065504799,0.8645897413400514
rate_low,rate-low-v1,blast-lite-lfp-gr-250ah-prismatic-2019-v1,blast-lite-b093495-250ah-prismatic-v1,PHYSICS_REFERENCE,NEAR_BOUNDARY,11.083333333333334,3325.0,3064.0238090383004,0.8638603460370768
rate_low,rate-low-v1,blast-lite-lfp-gr-250ah-prismatic-2019-v1,blast-lite-b093495-250ah-prismatic-v1,PHYSICS_REFERENCE,NEAR_BOUNDARY,11.166666666666666,3350.0,3085.6203176892272,0.863132815726445
rate_low,rate-low-v1,blast-lite-lfp-gr-250ah-prismatic-2019-v1,blast-lite-b093495-250ah-prismatic-v1,PHYSICS_REFERENCE,NEAR_BOUNDARY,11.25,3375.0,3107.1986380823882,0.8624071356473447
rate_low,rate-low-v1,blast-lite-lfp-gr-250ah-prismatic-2019-v1,blast-lite-b093495-250ah-prismatic-v1,PHYSICS_REFERENCE,NEAR_BOUNDARY,11.333333333333334,3400.0,3128.7588164735716,0.8616832912694159
rate_low,rate-low-v1,blast-lite-lfp-gr-250ah-prismatic-2019-v1,blast-lite-b093495-250ah-prismatic-v1,PHYSICS_REFERENCE,NEAR_BOUNDARY,11.416666666666666,3425.0,3150.300898755307,0.8609612682873768
rate_low,rate-low-v1,blast-lite-lfp-gr-250ah-prismatic-2019-v1,blast-lite-b093495-250ah-prismatic-v1,PHYSICS_REFERENCE,NEAR_BOUNDARY,11.5,3450.0,3171.8249304624915,0.8602410526158181
rate_low,rate-low-v1,blast-lite-lfp-gr-250ah-prismatic-2019-v1,blast-lite-b093495-250ah-prismatic-v1,PHYSICS_REFERENCE,NEAR_BOUNDARY,11.583333333333334,3475.0,3193.330956777887,0.8595226303841552
rate_low,rate-low-v1,blast-lite-lfp-gr-250ah-prismatic-2019-v1,blast-lite-b093495-250ah-prismatic-v1,PHYSICS_REFERENCE,NEAR_BOUNDARY,11.666666666666666,3500.0,3214.819022537491,0.8588059879317322
rate_low,rate-low-v1,blast-lite-lfp-gr-250ah-prismatic-2019-v1,blast-lite-b093495-250ah-prismatic-v1,PHYSICS_REFERENCE,NEAR_BOUNDARY,11.75,3525.0,3236.2891722357845,0.8580911118030743
rate_low,rate-low-v1,blast-lite-lfp-gr-250ah-prismatic-2019-v1,blast-lite-b093495-250ah-prismatic-v1,PHYSICS_REFERENCE,NEAR_BOUNDARY,11.833333333333334,3550.0,3257.7414500308614,0.8573779887432806
rate_low,rate-low-v1,blast-lite-lfp-gr-250ah-prismatic-2019-v1,blast-lite-b093495-250ah-prismatic-v1,PHYSICS_REFERENCE,NEAR_BOUNDARY,11.916666666666666,3575.0,3279.1758997494435,0.856666605693554
rate_low,rate-low-v1,blast-lite-lfp-gr-250ah-prismatic-2019-v1,blast-lite-b093495-250ah-prismatic-v1,PHYSICS_REFERENCE,NEAR_BOUNDARY,12.0,3600.0,3300.5925648917823,0.8559569497868611
rate_low,rate-low-v1,blast-lite-lfp-gr-250ah-prismatic-2019-v1,blast-lite-b093495-250ah-prismatic-v1,PHYSICS_REFERENCE,NEAR_BOUNDARY,12.083333333333334,3625.0,3321.991488636454,0.8552490083437212
rate_low,rate-low-v1,blast-lite-lfp-gr-250ah-prismatic-2019-v1,blast-lite-b093495-250ah-prismatic-v1,PHYSICS_REFERENCE,NEAR_BOUNDARY,12.166666666666666,3650.0,3343.372713845047,0.854542768868114
rate_low,rate-low-v1,blast-lite-lfp-gr-250ah-prismatic-2019-v1,blast-lite-b093495-250ah-prismatic-v1,PHYSICS_REFERENCE,NEAR_BOUNDARY,12.25,3675.0,3364.73628306675,0.853838219043508
rate_low,rate-low-v1,blast-lite-lfp-gr-250ah-prismatic-2019-v1,blast-lite-b093495-250ah-prismatic-v1,PHYSICS_REFERENCE,NEAR_BOUNDARY,12.333333333333334,3700.0,3386.0822385428373,0.8531353467290003
rate_low,rate-low-v1,blast-lite-lfp-gr-250ah-prismatic-2019-v1,blast-lite-b093495-250ah-prismatic-v1,PHYSICS_REFERENCE,NEAR_BOUNDARY,12.416666666666666,3725.0,3407.410622211062,0.8524341399555668
rate_low,rate-low-v1,blast-lite-lfp-gr-250ah-prismatic-2019-v1,blast-lite-b093495-250ah-prismatic-v1,PHYSICS_REFERENCE,NEAR_BOUNDARY,12.5,3750.0,3428.7214757099514,0.8517345869224182
rate_low,rate-low-v1,blast-lite-lfp-gr-250ah-prismatic-2019-v1,blast-lite-b093495-250ah-prismatic-v1,PHYSICS_REFERENCE,NEAR_BOUNDARY,12.583333333333334,3775.0,3450.0148403830117,0.8510366759934569
rate_low,rate-low-v1,blast-lite-lfp-gr-250ah-prismatic-2019-v1,blast-lite-b093495-250ah-prismatic-v1,PHYSICS_REFERENCE,NEAR_BOUNDARY,12.666666666666666,3800.0,3471.290757282848,0.850340395693834
rate_low,rate-low-v1,blast-lite-lfp-gr-250ah-prismatic-2019-v1,blast-lite-b093495-250ah-prismatic-v1,PHYSICS_REFERENCE,NEAR_BOUNDARY,12.75,3825.0,3492.549267175194,0.8496457347065993
rate_low,rate-low-v1,blast-lite-lfp-gr-250ah-prismatic-2019-v1,blast-lite-b093495-250ah-prismatic-v1,PHYSICS_REFERENCE,NEAR_BOUNDARY,12.833333333333334,3850.0,3513.790410542859,0.8489526818694448
rate_low,rate-low-v1,blast-lite-lfp-gr-250ah-prismatic-2019-v1,blast-lite-b093495-250ah-prismatic-v1,PHYSICS_REFERENCE,NEAR_BOUNDARY,12.916666666666666,3875.0,3535.014227589595,0.8482612261715368
rate_low,rate-low-v1,blast-lite-lfp-gr-250ah-prismatic-2019-v1,blast-lite-b093495-250ah-prismatic-v1,PHYSICS_REFERENCE,NEAR_BOUNDARY,13.0,3900.0,3556.2207582438837,0.8475713567504318
rate_low,rate-low-v1,blast-lite-lfp-gr-250ah-prismatic-2019-v1,blast-lite-b093495-250ah-prismatic-v1,PHYSICS_REFERENCE,NEAR_BOUNDARY,13.083333333333334,3925.0,3577.4100421626445,0.8468830628890784
rate_low,rate-low-v1,blast-lite-lfp-gr-250ah-prismatic-2019-v1,blast-lite-b093495-250ah-prismatic-v1,PHYSICS_REFERENCE,NEAR_BOUNDARY,13.166666666666666,3950.0,3598.5821187348715,0.8461963340128962
rate_low,rate-low-v1,blast-lite-lfp-gr-250ah-prismatic-2019-v1,blast-lite-b093495-250ah-prismatic-v1,PHYSICS_REFERENCE,NEAR_BOUNDARY,13.25,3975.0,3619.737027085194,0.8455111596869342
rate_low,rate-low-v1,blast-lite-lfp-gr-250ah-prismatic-2019-v1,blast-lite-b093495-250ah-prismatic-v1,PHYSICS_REFERENCE,NEAR_BOUNDARY,13.333333333333334,4000.0,3640.8748060773673,0.8448275296131037
rate_low,rate-low-v1,blast-lite-lfp-gr-250ah-prismatic-2019-v1,blast-lite-b093495-250ah-prismatic-v1,PHYSICS_REFERENCE,NEAR_BOUNDARY,13.416666666666666,4025.0,3661.995494317695,0.8441454336274822
rate_low,rate-low-v1,blast-lite-lfp-gr-250ah-prismatic-2019-v1,blast-lite-b093495-250ah-prismatic-v1,PHYSICS_REFERENCE,NEAR_BOUNDARY,13.5,4050.0,3683.099130158382,0.8434648616976904
rate_low,rate-low-v1,blast-lite-lfp-gr-250ah-prismatic-2019-v1,blast-lite-b093495-250ah-prismatic-v1,PHYSICS_REFERENCE,NEAR_BOUNDARY,13.583333333333334,4075.0,3704.1857517008243,0.8427858039203338
rate_low,rate-low-v1,blast-lite-lfp-gr-250ah-prismatic-2019-v1,blast-lite-b093495-250ah-prismatic-v1,PHYSICS_REFERENCE,NEAR_BOUNDARY,13.666666666666666,4100.0,3725.255396798833,0.8421082505185122
rate_low,rate-low-v1,blast-lite-lfp-gr-250ah-prismatic-2019-v1,blast-lite-b093495-250ah-prismatic-v1,PHYSICS_REFERENCE,NEAR_BOUNDARY,13.75,4125.0,3746.3081030617955,0.8414321918393924
rate_low,rate-low-v1,blast-lite-lfp-gr-250ah-prismatic-2019-v1,blast-lite-b093495-250ah-prismatic-v1,PHYSICS_REFERENCE,NEAR_BOUNDARY,13.833333333333334,4150.0,3767.3439078577803,0.8407576183518417
rate_low,rate-low-v1,blast-lite-lfp-gr-250ah-prismatic-2019-v1,blast-lite-b093495-250ah-prismatic-v1,PHYSICS_REFERENCE,NEAR_BOUNDARY,13.916666666666666,4175.0,3788.362848316576,0.8400845206441215
rate_low,rate-low-v1,blast-lite-lfp-gr-250ah-prismatic-2019-v1,blast-lite-b093495-250ah-prismatic-v1,PHYSICS_REFERENCE,NEAR_BOUNDARY,14.0,4200.0,3809.3649613326793,0.8394128894216396
rate_low,rate-low-v1,blast-lite-lfp-gr-250ah-prismatic-2019-v1,blast-lite-b093495-250ah-prismatic-v1,PHYSICS_REFERENCE,NEAR_BOUNDARY,14.083333333333334,4225.0,3830.35028356822,0.8387427155047571
rate_low,rate-low-v1,blast-lite-lfp-gr-250ah-prismatic-2019-v1,blast-lite-b093495-250ah-prismatic-v1,PHYSICS_REFERENCE,NEAR_BOUNDARY,14.166666666666666,4250.0,3851.318851455839,0.8380739898266498
rate_low,rate-low-v1,blast-lite-lfp-gr-250ah-prismatic-2019-v1,blast-lite-b093495-250ah-prismatic-v1,PHYSICS_REFERENCE,NEAR_BOUNDARY,14.25,4275.0,3872.2707012015053,0.8374067034312243
rate_low,rate-low-v1,blast-lite-lfp-gr-250ah-prismatic-2019-v1,blast-lite-b093495-250ah-prismatic-v1,PHYSICS_REFERENCE,NEAR_BOUNDARY,14.333333333333334,4300.0,3893.205868787286,0.8367408474710811
rate_low,rate-low-v1,blast-lite-lfp-gr-250ah-prismatic-2019-v1,blast-lite-b093495-250ah-prismatic-v1,PHYSICS_REFERENCE,NEAR_BOUNDARY,14.416666666666666,4325.0,3914.124389974063,0.8360764132055317
rate_low,rate-low-v1,blast-lite-lfp-gr-250ah-prismatic-2019-v1,blast-lite-b093495-250ah-prismatic-v1,PHYSICS_REFERENCE,NEAR_BOUNDARY,14.5,4350.0,3935.0263003042014,0.8354133919986604
rate_low,rate-low-v1,blast-lite-lfp-gr-250ah-prismatic-2019-v1,blast-lite-b093495-250ah-prismatic-v1,PHYSICS_REFERENCE,NEAR_BOUNDARY,14.583333333333334,4375.0,3955.911635104168,0.8347517753174337
rate_low,rate-low-v1,blast-lite-lfp-gr-250ah-prismatic-2019-v1,blast-lite-b093495-250ah-prismatic-v1,PHYSICS_REFERENCE,NEAR_BOUNDARY,14.666666666666666,4400.0,3976.780429487104,0.8340915547298556
rate_low,rate-low-v1,blast-lite-lfp-gr-250ah-prismatic-2019-v1,blast-lite-b093495-250ah-prismatic-v1,PHYSICS_REFERENCE,NEAR_BOUNDARY,14.75,4425.0,3997.6327183553503,0.8334327219031658
rate_low,rate-low-v1,blast-lite-lfp-gr-250ah-prismatic-2019-v1,blast-lite-b093495-250ah-prismatic-v1,PHYSICS_REFERENCE,NEAR_BOUNDARY,14.833333333333334,4450.0,4018.4685364029297,0.83277526860208
rate_low,rate-low-v1,blast-lite-lfp-gr-250ah-prismatic-2019-v1,blast-lite-b093495-250ah-prismatic-v1,PHYSICS_REFERENCE,NEAR_BOUNDARY,14.916666666666666,4475.0,4039.2879181179815,0.8321191866870736
rate_low,rate-low-v1,blast-lite-lfp-gr-250ah-prismatic-2019-v1,blast-lite-b093495-250ah-prismatic-v1,PHYSICS_REFERENCE,NEAR_BOUNDARY,15.0,4500.0,4060.090897785158,0.831464468112703
rate_low,rate-low-v1,blast-lite-lfp-gr-250ah-prismatic-2019-v1,blast-lite-b093495-250ah-prismatic-v1,PHYSICS_REFERENCE,NEAR_BOUNDARY,15.083333333333334,4525.0,4080.8775094879757,0.8308111049259674
rate_low,rate-low-v1,blast-lite-lfp-gr-250ah-prismatic-2019-v1,blast-lite-b093495-250ah-prismatic-v1,PHYSICS_REFERENCE,NEAR_BOUNDARY,15.166666666666666,4550.0,4101.647787111125,0.8301590892647083
rate_low,rate-low-v1,blast-lite-lfp-gr-250ah-prismatic-2019-v1,blast-lite-b093495-250ah-prismatic-v1,PHYSICS_REFERENCE,NEAR_BOUNDARY,15.25,4575.0,4122.401764342742,0.8295084133560441
rate_low,rate-low-v1,blast-lite-lfp-gr-250ah-prismatic-2019-v1,blast-lite-b093495-250ah-prismatic-v1,PHYSICS_REFERENCE,NEAR_BOUNDARY,15.333333333333334,4600.0,4143.139474676644,0.8288590695148436
rate_low,rate-low-v1,blast-lite-lfp-gr-250ah-prismatic-2019-v1,blast-lite-b093495-250ah-prismatic-v1,PHYSICS_REFERENCE,NEAR_BOUNDARY,15.416666666666666,4625.0,4163.860951414515,0.8282110501422305
rate_low,rate-low-v1,blast-lite-lfp-gr-250ah-prismatic-2019-v1,blast-lite-b093495-250ah-prismatic-v1,PHYSICS_REFERENCE,NEAR_BOUNDARY,15.5,4650.0,4184.5662276680705,0.8275643477241251
rate_low,rate-low-v1,blast-lite-lfp-gr-250ah-prismatic-2019-v1,blast-lite-b093495-250ah-prismatic-v1,PHYSICS_REFERENCE,NEAR_BOUNDARY,15.583333333333334,4675.0,4205.255336361173,0.8269189548298154
rate_low,rate-low-v1,blast-lite-lfp-gr-250ah-prismatic-2019-v1,blast-lite-b093495-250ah-prismatic-v1,PHYSICS_REFERENCE,NEAR_BOUNDARY,15.666666666666666,4700.0,4225.928310231919,0.8262748641105628
rate_low,rate-low-v1,blast-lite-lfp-gr-250ah-prismatic-2019-v1,blast-lite-b093495-250ah-prismatic-v1,PHYSICS_REFERENCE,NEAR_BOUNDARY,15.75,4725.0,4246.585181834683,0.8256320682982374
rate_low,rate-low-v1,blast-lite-lfp-gr-250ah-prismatic-2019-v1,blast-lite-b093495-250ah-prismatic-v1,PHYSICS_REFERENCE,NEAR_BOUNDARY,15.833333333333334,4750.0,4267.225983542139,0.8249905602039839
rate_low,rate-low-v1,blast-lite-lfp-gr-250ah-prismatic-2019-v1,blast-lite-b093495-250ah-prismatic-v1,PHYSICS_REFERENCE,NEAR_BOUNDARY,15.916666666666666,4775.0,4287.850747547239,0.8243503327169157
rate_low,rate-low-v1,blast-lite-lfp-gr-250ah-prismatic-2019-v1,blast-lite-b093495-250ah-prismatic-v1,PHYSICS_REFERENCE,NEAR_BOUNDARY,16.0,4800.0,4308.459505865162,0.8237113788028403
rate_low,rate-low-v1,blast-lite-lfp-gr-250ah-prismatic-2019-v1,blast-lite-b093495-250ah-prismatic-v1,PHYSICS_REFERENCE,NEAR_BOUNDARY,16.083333333333332,4825.0,4329.052290335233,0.8230736915030082
rate_low,rate-low-v1,blast-lite-lfp-gr-250ah-prismatic-2019-v1,blast-lite-b093495-250ah-prismatic-v1,PHYSICS_REFERENCE,NEAR_BOUNDARY,16.166666666666668,4850.0,4349.629132622808,0.8224372639328932
rate_low,rate-low-v1,blast-lite-lfp-gr-250ah-prismatic-2019-v1,blast-lite-b093495-250ah-prismatic-v1,PHYSICS_REFERENCE,NEAR_BOUNDARY,16.25,4875.0,4370.19006422113,0.8218020892809954
rate_low,rate-low-v1,blast-lite-lfp-gr-250ah-prismatic-2019-v1,blast-lite-b093495-250ah-prismatic-v1,PHYSICS_REFERENCE,NEAR_BOUNDARY,16.333333333333332,4900.0,4390.735116453156,0.8211681608076723
rate_low,rate-low-v1,blast-lite-lfp-gr-250ah-prismatic-2019-v1,blast-lite-b093495-250ah-prismatic-v1,PHYSICS_REFERENCE,NEAR_BOUNDARY,16.416666666666668,4925.0,4411.264320473348,0.820535471843993
rate_low,rate-low-v1,blast-lite-lfp-gr-250ah-prismatic-2019-v1,blast-lite-b093495-250ah-prismatic-v1,PHYSICS_REFERENCE,NEAR_BOUNDARY,16.5,4950.0,4431.777707269447,0.8199040157906177
rate_low,rate-low-v1,blast-lite-lfp-gr-250ah-prismatic-2019-v1,blast-lite-b093495-250ah-prismatic-v1,PHYSICS_REFERENCE,NEAR_BOUNDARY,16.583333333333332,4975.0,4452.275307664213,0.8192737861167003
rate_low,rate-low-v1,blast-lite-lfp-gr-250ah-prismatic-2019-v1,blast-lite-b093495-250ah-prismatic-v1,PHYSICS_REFERENCE,NEAR_BOUNDARY,16.666666666666668,5000.0,4472.75715231713,0.8186447763588144
rate_low,rate-low-v1,blast-lite-lfp-gr-250ah-prismatic-2019-v1,blast-lite-b093495-250ah-prismatic-v1,PHYSICS_REFERENCE,NEAR_BOUNDARY,16.75,5025.0,4493.2232717261,0.818016980119901
rate_low,rate-low-v1,blast-lite-lfp-gr-250ah-prismatic-2019-v1,blast-lite-b093495-250ah-prismatic-v1,PHYSICS_REFERENCE,NEAR_BOUNDARY,16.833333333333332,5050.0,4513.673696229098,0.8173903910682386
rate_low,rate-low-v1,blast-lite-lfp-gr-250ah-prismatic-2019-v1,blast-lite-b093495-250ah-prismatic-v1,PHYSICS_REFERENCE,NEAR_BOUNDARY,16.916666666666668,5075.0,4534.108456005804,0.8167650029364343
rate_low,rate-low-v1,blast-lite-lfp-gr-250ah-prismatic-2019-v1,blast-lite-b093495-250ah-prismatic-v1,PHYSICS_REFERENCE,NEAR_BOUNDARY,17.0,5100.0,4554.527581079215,0.8161408095204359
rate_low,rate-low-v1,blast-lite-lfp-gr-250ah-prismatic-2019-v1,blast-lite-b093495-250ah-prismatic-v1,PHYSICS_REFERENCE,NEAR_BOUNDARY,17.083333333333332,5125.0,4574.931101317226,0.8155178046785634
rate_low,rate-low-v1,blast-lite-lfp-gr-250ah-prismatic-2019-v1,blast-lite-b093495-250ah-prismatic-v1,PHYSICS_REFERENCE,NEAR_BOUNDARY,17.166666666666668,5150.0,4595.319046434191,0.814895982330561
rate_low,rate-low-v1,blast-lite-lfp-gr-250ah-prismatic-2019-v1,blast-lite-b093495-250ah-prismatic-v1,PHYSICS_REFERENCE,NEAR_BOUNDARY,17.25,5175.0,4615.691445992455,0.8142753364566679
rate_low,rate-low-v1,blast-lite-lfp-gr-250ah-prismatic-2019-v1,blast-lite-b093495-250ah-prismatic-v1,PHYSICS_REFERENCE,NEAR_BOUNDARY,17.333333333333332,5200.0,4636.048329403871,0.8136558610967075
rate_low,rate-low-v1,blast-lite-lfp-gr-250ah-prismatic-2019-v1,blast-lite-b093495-250ah-prismatic-v1,PHYSICS_REFERENCE,NEAR_BOUNDARY,17.416666666666668,5225.0,4656.389725931289,0.8130375503491958
rate_low,rate-low-v1,blast-lite-lfp-gr-250ah-prismatic-2019-v1,blast-lite-b093495-250ah-prismatic-v1,PHYSICS_REFERENCE,NEAR_BOUNDARY,17.5,5250.0,4676.7156646900185,0.8124203983704661
rate_low,rate-low-v1,blast-lite-lfp-gr-250ah-prismatic-2019-v1,blast-lite-b093495-250ah-prismatic-v1,PHYSICS_REFERENCE,NEAR_BOUNDARY,17.583333333333332,5275.0,4697.02617464928,0.8118043993738122
rate_low,rate-low-v1,blast-lite-lfp-gr-250ah-prismatic-2019-v1,blast-lite-b093495-250ah-prismatic-v1,PHYSICS_REFERENCE,NEAR_BOUNDARY,17.666666666666668,5300.0,4717.321284633625,0.8111895476286483
rate_low,rate-low-v1,blast-lite-lfp-gr-250ah-prismatic-2019-v1,blast-lite-b093495-250ah-prismatic-v1,PHYSICS_REFERENCE,NEAR_BOUNDARY,17.75,5325.0,4737.6010233243405,0.8105758374596849
rate_low,rate-low-v1,blast-lite-lfp-gr-250ah-prismatic-2019-v1,blast-lite-b093495-250ah-prismatic-v1,PHYSICS_REFERENCE,NEAR_BOUNDARY,17.833333333333332,5350.0,4757.865419260833,0.8099632632461208
rate_low,rate-low-v1,blast-lite-lfp-gr-250ah-prismatic-2019-v1,blast-lite-b093495-250ah-prismatic-v1,PHYSICS_REFERENCE,NEAR_BOUNDARY,17.916666666666668,5375.0,4778.114500841986,0.8093518194208521
rate_low,rate-low-v1,blast-lite-lfp-gr-250ah-prismatic-2019-v1,blast-lite-b093495-250ah-prismatic-v1,PHYSICS_REFERENCE,NEAR_BOUNDARY,18.0,5400.0,4798.348296327507,0.8087415004696942
rate_low,rate-low-v1,blast-lite-lfp-gr-250ah-prismatic-2019-v1,blast-lite-b093495-250ah-prismatic-v1,PHYSICS_REFERENCE,NEAR_BOUNDARY,18.083333333333332,5425.0,4818.56683383925,0.8081323009306208
rate_low,rate-low-v1,blast-lite-lfp-gr-250ah-prismatic-2019-v1,blast-lite-b093495-250ah-prismatic-v1,PHYSICS_REFERENCE,NEAR_BOUNDARY,18.166666666666668,5450.0,4838.7701413625155,0.8075242153930169
rate_low,rate-low-v1,blast-lite-lfp-gr-250ah-prismatic-2019-v1,blast-lite-b093495-250ah-prismatic-v1,PHYSICS_REFERENCE,NEAR_BOUNDARY,18.25,5475.0,4858.958246747341,0.8069172384969453
rate_low,rate-low-v1,blast-lite-lfp-gr-250ah-prismatic-2019-v1,blast-lite-b093495-250ah-prismatic-v1,PHYSICS_REFERENCE,NEAR_BOUNDARY,18.333333333333332,5500.0,4879.131177709764,0.8063113649324277
rate_low,rate-low-v1,blast-lite-lfp-gr-250ah-prismatic-2019-v1,blast-lite-b093495-250ah-prismatic-v1,PHYSICS_REFERENCE,NEAR_BOUNDARY,18.416666666666668,5525.0,4899.2889618330755,0.8057065894387396
rate_low,rate-low-v1,blast-lite-lfp-gr-250ah-prismatic-2019-v1,blast-lite-b093495-250ah-prismatic-v1,PHYSICS_REFERENCE,NEAR_BOUNDARY,18.5,5550.0,4919.431626569044,0.8051029068037181
rate_low,rate-low-v1,blast-lite-lfp-gr-250ah-prismatic-2019-v1,blast-lite-b093495-250ah-prismatic-v1,PHYSICS_REFERENCE,NEAR_BOUNDARY,18.583333333333332,5575.0,4939.559199239137,0.8045003118630819
rate_low,rate-low-v1,blast-lite-lfp-gr-250ah-prismatic-2019-v1,blast-lite-b093495-250ah-prismatic-v1,PHYSICS_REFERENCE,NEAR_BOUNDARY,18.666666666666668,5600.0,4959.6717070357145,0.8038987994997657
rate_low,rate-low-v1,blast-lite-lfp-gr-250ah-prismatic-2019-v1,blast-lite-b093495-250ah-prismatic-v1,PHYSICS_REFERENCE,NEAR_BOUNDARY,18.75,5625.0,4979.769177023209,0.8032983646432655
rate_low,rate-low-v1,blast-lite-lfp-gr-250ah-prismatic-2019-v1,blast-lite-b093495-250ah-prismatic-v1,PHYSICS_REFERENCE,NEAR_BOUNDARY,18.833333333333332,5650.0,4999.85163613929,0.8026990022689965
rate_low,rate-low-v1,blast-lite-lfp-gr-250ah-prismatic-2019-v1,blast-lite-b093495-250ah-prismatic-v1,PHYSICS_REFERENCE,NEAR_BOUNDARY,18.916666666666668,5675.0,5019.919111196015,0.8021007073976626
rate_low,rate-low-v1,blast-lite-lfp-gr-250ah-prismatic-2019-v1,blast-lite-b093495-250ah-prismatic-v1,PHYSICS_REFERENCE,NEAR_BOUNDARY,19.0,5700.0,5039.971628880957,0.8015034750946377
rate_low,rate-low-v1,blast-lite-lfp-gr-250ah-prismatic-2019-v1,blast-lite-b093495-250ah-prismatic-v1,PHYSICS_REFERENCE,NEAR_BOUNDARY,19.083333333333332,5725.0,5060.009215758323,0.8009073004693587
rate_low,rate-low-v1,blast-lite-lfp-gr-250ah-prismatic-2019-v1,blast-lite-b093495-250ah-prismatic-v1,PHYSICS_REFERENCE,NEAR_BOUNDARY,19.166666666666668,5750.0,5080.031898270057,0.8003121786747274
rate_low,rate-low-v1,blast-lite-lfp-gr-250ah-prismatic-2019-v1,blast-lite-b093495-250ah-prismatic-v1,PHYSICS_REFERENCE,NEAR_BOUNDARY,19.25,5775.0,5100.039702736925,0.7997181049065264
rate_low,rate-low-v1,blast-lite-lfp-gr-250ah-prismatic-2019-v1,blast-lite-b093495-250ah-prismatic-v1,PHYSICS_REFERENCE,NEAR_BOUNDARY,19.333333333333332,5800.0,5120.032655359589,0.7991250744028429
rate_low,rate-low-v1,blast-lite-lfp-gr-250ah-prismatic-2019-v1,blast-lite-b093495-250ah-prismatic-v1,PHYSICS_REFERENCE,NEAR_BOUNDARY,19.416666666666668,5825.0,5140.01078221966,0.798533082443504
rate_low,rate-low-v1,blast-lite-lfp-gr-250ah-prismatic-2019-v1,blast-lite-b093495-250ah-prismatic-v1,PHYSICS_REFERENCE,NEAR_BOUNDARY,19.5,5850.0,5159.974109280747,0.7979421243495214
rate_low,rate-low-v1,blast-lite-lfp-gr-250ah-prismatic-2019-v1,blast-lite-b093495-250ah-prismatic-v1,PHYSICS_REFERENCE,NEAR_BOUNDARY,19.583333333333332,5875.0,5179.922662389486,0.7973521954825468
rate_low,rate-low-v1,blast-lite-lfp-gr-250ah-prismatic-2019-v1,blast-lite-b093495-250ah-prismatic-v1,PHYSICS_REFERENCE,NEAR_BOUNDARY,19.666666666666668,5900.0,5199.85646727655,0.7967632912443361
rate_low,rate-low-v1,blast-lite-lfp-gr-250ah-prismatic-2019-v1,blast-lite-b093495-250ah-prismatic-v1,PHYSICS_REFERENCE,NEAR_BOUNDARY,19.75,5925.0,5219.775549557658,0.7961754070762235
rate_low,rate-low-v1,blast-lite-lfp-gr-250ah-prismatic-2019-v1,blast-lite-b093495-250ah-prismatic-v1,PHYSICS_REFERENCE,NEAR_BOUNDARY,19.833333333333332,5950.0,5239.679934734564,0.7955885384586041
rate_low,rate-low-v1,blast-lite-lfp-gr-250ah-prismatic-2019-v1,blast-lite-b093495-250ah-prismatic-v1,PHYSICS_REFERENCE,NEAR_BOUNDARY,19.916666666666668,5975.0,5259.569648196029,0.795002680910427
rate_low,rate-low-v1,blast-lite-lfp-gr-250ah-prismatic-2019-v1,blast-lite-b093495-250ah-prismatic-v1,PHYSICS_REFERENCE,NEAR_BOUNDARY,20.0,6000.0,5279.44471521879,0.7944178299886956
rate_low,rate-low-v1,blast-lite-lfp-gr-250ah-prismatic-2019-v1,blast-lite-b093495-250ah-prismatic-v1,PHYSICS_REFERENCE,NEAR_BOUNDARY,20.083333333333332,6025.0,5299.305160968508,0.7938339812879768
rate_low,rate-low-v1,blast-lite-lfp-gr-250ah-prismatic-2019-v1,blast-lite-b093495-250ah-prismatic-v1,PHYSICS_REFERENCE,NEAR_BOUNDARY,20.166666666666668,6050.0,5319.151010500707,0.7932511304399197
rate_low,rate-low-v1,blast-lite-lfp-gr-250ah-prismatic-2019-v1,blast-lite-b093495-250ah-prismatic-v1,PHYSICS_REFERENCE,NEAR_BOUNDARY,20.25,6075.0,5338.982288761706,0.7926692731127817
rate_low,rate-low-v1,blast-lite-lfp-gr-250ah-prismatic-2019-v1,blast-lite-b093495-250ah-prismatic-v1,PHYSICS_REFERENCE,NEAR_BOUNDARY,20.333333333333332,6100.0,5358.799020589525,0.7920884050109621
rate_low,rate-low-v1,blast-lite-lfp-gr-250ah-prismatic-2019-v1,blast-lite-b093495-250ah-prismatic-v1,PHYSICS_REFERENCE,NEAR_BOUNDARY,20.416666666666668,6125.0,5378.6012307147985,0.7915085218745452
rate_low,rate-low-v1,blast-lite-lfp-gr-250ah-prismatic-2019-v1,blast-lite-b093495-250ah-prismatic-v1,PHYSICS_REFERENCE,NEAR_BOUNDARY,20.5,6150.0,5398.388943761662,0.7909296194788499
rate_low,rate-low-v1,blast-lite-lfp-gr-250ah-prismatic-2019-v1,blast-lite-b093495-250ah-prismatic-v1,PHYSICS_REFERENCE,NEAR_BOUNDARY,20.583333333333332,6175.0,5418.162184248633,0.7903516936339869
rate_low,rate-low-v1,blast-lite-lfp-gr-250ah-prismatic-2019-v1,blast-lite-b093495-250ah-prismatic-v1,PHYSICS_REFERENCE,NEAR_BOUNDARY,20.666666666666668,6200.0,5437.920976589483,0.7897747401844244
rate_low,rate-low-v1,blast-lite-lfp-gr-250ah-prismatic-2019-v1,blast-lite-b093495-250ah-prismatic-v1,PHYSICS_REFERENCE,NEAR_BOUNDARY,20.75,6225.0,5457.665345094094,0.7891987550085593
rate_low,rate-low-v1,blast-lite-lfp-gr-250ah-prismatic-2019-v1,blast-lite-b093495-250ah-prismatic-v1,PHYSICS_REFERENCE,NEAR_BOUNDARY,20.833333333333332,6250.0,5477.395313969308,0.7886237340182973
rate_low,rate-low-v1,blast-lite-lfp-gr-250ah-prismatic-2019-v1,blast-lite-b093495-250ah-prismatic-v1,PHYSICS_REFERENCE,NEAR_BOUNDARY,20.916666666666668,6275.0,5497.110907319765,0.7880496731586389
rate_low,rate-low-v1,blast-lite-lfp-gr-250ah-prismatic-2019-v1,blast-lite-b093495-250ah-prismatic-v1,PHYSICS_REFERENCE,NEAR_BOUNDARY,21.0,6300.0,5516.812149148731,0.7874765684072724
rate_low,rate-low-v1,blast-lite-lfp-gr-250ah-prismatic-2019-v1,blast-lite-b093495-250ah-prismatic-v1,PHYSICS_REFERENCE,NEAR_BOUNDARY,21.083333333333332,6325.0,5536.499063358912,0.7869044157741738
rate_low,rate-low-v1,blast-lite-lfp-gr-250ah-prismatic-2019-v1,blast-lite-b093495-250ah-prismatic-v1,PHYSICS_REFERENCE,NEAR_BOUNDARY,21.166666666666668,6350.0,5556.171673753267,0.786333211301213
rate_low,rate-low-v1,blast-lite-lfp-gr-250ah-prismatic-2019-v1,blast-lite-b093495-250ah-prismatic-v1,PHYSICS_REFERENCE,NEAR_BOUNDARY,21.25,6375.0,5575.830004035797,0.7857629510617667
rate_low,rate-low-v1,blast-lite-lfp-gr-250ah-prismatic-2019-v1,blast-lite-b093495-250ah-prismatic-v1,PHYSICS_REFERENCE,NEAR_BOUNDARY,21.333333333333332,6400.0,5595.474077812341,0.7851936311603369
rate_low,rate-low-v1,blast-lite-lfp-gr-250ah-prismatic-2019-v1,blast-lite-b093495-250ah-prismatic-v1,PHYSICS_REFERENCE,NEAR_BOUNDARY,21.416666666666668,6425.0,5615.10391859135,0.7846252477321771
rate_low,rate-low-v1,blast-lite-lfp-gr-250ah-prismatic-2019-v1,blast-lite-b093495-250ah-prismatic-v1,PHYSICS_REFERENCE,NEAR_BOUNDARY,21.5,6450.0,5634.719549784654,0.7840577969429223
rate_low,rate-low-v1,blast-lite-lfp-gr-250ah-prismatic-2019-v1,blast-lite-b093495-250ah-prismatic-v1,PHYSICS_REFERENCE,NEAR_BOUNDARY,21.583333333333332,6475.0,5654.320994708227,0.7834912749882267
rate_low,rate-low-v1,blast-lite-lfp-gr-250ah-prismatic-2019-v1,blast-lite-b093495-250ah-prismatic-v1,PHYSICS_REFERENCE,NEAR_BOUNDARY,21.666666666666668,6500.0,5673.908276582933,0.7829256780934067
rate_low,rate-low-v1,blast-lite-lfp-gr-250ah-prismatic-2019-v1,blast-lite-b093495-250ah-prismatic-v1,PHYSICS_REFERENCE,NEAR_BOUNDARY,21.75,6525.0,5693.481418535268,0.7823610025130889
rate_low,rate-low-v1,blast-lite-lfp-gr-250ah-prismatic-2019-v1,blast-lite-b093495-250ah-prismatic-v1,PHYSICS_REFERENCE,NEAR_BOUNDARY,21.833333333333332,6550.0,5713.040443598095,0.7817972445308652
rate_low,rate-low-v1,blast-lite-lfp-gr-250ah-prismatic-2019-v1,blast-lite-b093495-250ah-prismatic-v1,PHYSICS_REFERENCE,NEAR_BOUNDARY,21.916666666666668,6575.0,5732.585374711367,0.7812344004589511
rate_low,rate-low-v1,blast-lite-lfp-gr-250ah-prismatic-2019-v1,blast-lite-b093495-250ah-prismatic-v1,PHYSICS_REFERENCE,NEAR_BOUNDARY,22.0,6600.0,5752.116234722841,0.7806724666378515
rate_low,rate-low-v1,blast-lite-lfp-gr-250ah-prismatic-2019-v1,blast-lite-b093495-250ah-prismatic-v1,PHYSICS_REFERENCE,NEAR_BOUNDARY,22.083333333333332,6625.0,5771.633046388787,0.7801114394360311
rate_low,rate-low-v1,blast-lite-lfp-gr-250ah-prismatic-2019-v1,blast-lite-b093495-250ah-prismatic-v1,PHYSICS_REFERENCE,NEAR_BOUNDARY,22.166666666666668,6650.0,5791.135832374688,0.7795513152495886
rate_low,rate-low-v1,blast-lite-lfp-gr-250ah-prismatic-2019-v1,blast-lite-b093495-250ah-prismatic-v1,PHYSICS_REFERENCE,NEAR_BOUNDARY,22.25,6675.0,5810.624615255928,0.7789920905019383
rate_low,rate-low-v1,blast-lite-lfp-gr-250ah-prismatic-2019-v1,blast-lite-b093495-250ah-prismatic-v1,PHYSICS_REFERENCE,NEAR_BOUNDARY,22.333333333333332,6700.0,5830.099417518476,0.7784337616434944
rate_low,rate-low-v1,blast-lite-lfp-gr-250ah-prismatic-2019-v1,blast-lite-b093495-250ah-prismatic-v1,PHYSICS_REFERENCE,NEAR_BOUNDARY,22.416666666666668,6725.0,5849.5602615595635,0.7778763251513618
rate_low,rate-low-v1,blast-lite-lfp-gr-250ah-prismatic-2019-v1,blast-lite-b093495-250ah-prismatic-v1,PHYSICS_REFERENCE,NEAR_BOUNDARY,22.5,6750.0,5869.007169688348,0.7773197775290306
rate_low,rate-low-v1,blast-lite-lfp-gr-250ah-prismatic-2019-v1,blast-lite-b093495-250ah-prismatic-v1,PHYSICS_REFERENCE,NEAR_BOUNDARY,22.583333333333332,6775.0,5888.440164126574,0.7767641153060758
rate_low,rate-low-v1,blast-lite-lfp-gr-250ah-prismatic-2019-v1,blast-lite-b093495-250ah-prismatic-v1,PHYSICS_REFERENCE,NEAR_BOUNDARY,22.666666666666668,6800.0,5907.859267009226,0.7762093350378616
rate_low,rate-low-v1,blast-lite-lfp-gr-250ah-prismatic-2019-v1,blast-lite-b093495-250ah-prismatic-v1,PHYSICS_REFERENCE,NEAR_BOUNDARY,22.75,6825.0,5927.264500385172,0.7756554333052499
rate_low,rate-low-v1,blast-lite-lfp-gr-250ah-prismatic-2019-v1,blast-lite-b093495-250ah-prismatic-v1,PHYSICS_REFERENCE,NEAR_BOUNDARY,22.833333333333332,6850.0,5946.6558862178035,0.7751024067143129
rate_low,rate-low-v1,blast-lite-lfp-gr-250ah-prismatic-2019-v1,blast-lite-b093495-250ah-prismatic-v1,PHYSICS_REFERENCE,NEAR_BOUNDARY,22.916666666666668,6875.0,5966.033446385662,0.7745502518960513
rate_low,rate-low-v1,blast-lite-lfp-gr-250ah-prismatic-2019-v1,blast-lite-b093495-250ah-prismatic-v1,PHYSICS_REFERENCE,NEAR_BOUNDARY,23.0,6900.0,5985.3972026830625,0.7739989655061151
rate_low,rate-low-v1,blast-lite-lfp-gr-250ah-prismatic-2019-v1,blast-lite-b093495-250ah-prismatic-v1,PHYSICS_REFERENCE,NEAR_BOUNDARY,23.083333333333332,6925.0,6004.747176820715,0.7734485442245298
rate_low,rate-low-v1,blast-lite-lfp-gr-250ah-prismatic-2019-v1,blast-lite-b093495-250ah-prismatic-v1,PHYSICS_REFERENCE,NEAR_BOUNDARY,23.166666666666668,6950.0,6024.083390426328,0.7728989847554262
rate_low,rate-low-v1,blast-lite-lfp-gr-250ah-prismatic-2019-v1,blast-lite-b093495-250ah-prismatic-v1,PHYSICS_REFERENCE,NEAR_BOUNDARY,23.25,6975.0,6043.405865045213,0.7723502838267737
rate_low,rate-low-v1,blast-lite-lfp-gr-250ah-prismatic-2019-v1,blast-lite-b093495-250ah-prismatic-v1,PHYSICS_REFERENCE,NEAR_BOUNDARY,23.333333333333332,7000.0,6062.714622140883,0.7718024381901191
rate_low,rate-low-v1,blast-lite-lfp-gr-250ah-prismatic-2019-v1,blast-lite-b093495-250ah-prismatic-v1,PHYSICS_REFERENCE,NEAR_BOUNDARY,23.416666666666668,7025.0,6082.009683095636,0.771255444620327
rate_low,rate-low-v1,blast-lite-lfp-gr-250ah-prismatic-2019-v1,blast-lite-b093495-250ah-prismatic-v1,PHYSICS_REFERENCE,NEAR_BOUNDARY,23.5,7050.0,6101.2910692111445,0.7707092999153264
rate_low,rate-low-v1,blast-lite-lfp-gr-250ah-prismatic-2019-v1,blast-lite-b093495-250ah-prismatic-v1,PHYSICS_REFERENCE,NEAR_BOUNDARY,23.583333333333332,7075.0,6120.558801709028,0.770164000895859
rate_low,rate-low-v1,blast-lite-lfp-gr-250ah-prismatic-2019-v1,blast-lite-b093495-250ah-prismatic-v1,PHYSICS_REFERENCE,NEAR_BOUNDARY,23.666666666666668,7100.0,6139.812901731424,0.7696195444052321
rate_low,rate-low-v1,blast-lite-lfp-gr-250ah-prismatic-2019-v1,blast-lite-b093495-250ah-prismatic-v1,PHYSICS_REFERENCE,NEAR_BOUNDARY,23.75,7125.0,6159.053390341555,0.7690759273090754
rate_low,rate-low-v1,blast-lite-lfp-gr-250ah-prismatic-2019-v1,blast-lite-b093495-250ah-prismatic-v1,PHYSICS_REFERENCE,NEAR_BOUNDARY,23.833333333333332,7150.0,6178.280288524282,0.7685331464951006
rate_low,rate-low-v1,blast-lite-lfp-gr-250ah-prismatic-2019-v1,blast-lite-b093495-250ah-prismatic-v1,PHYSICS_REFERENCE,NEAR_BOUNDARY,23.916666666666668,7175.0,6197.493617186659,0.7679911988728647
rate_low,rate-low-v1,blast-lite-lfp-gr-250ah-prismatic-2019-v1,blast-lite-b093495-250ah-prismatic-v1,PHYSICS_REFERENCE,NEAR_BOUNDARY,24.0,7200.0,6216.693397158481,0.7674500813735368
rate_low,rate-low-v1,blast-lite-lfp-gr-250ah-prismatic-2019-v1,blast-lite-b093495-250ah-prismatic-v1,PHYSICS_REFERENCE,NEAR_BOUNDARY,24.083333333333332,7225.0,6235.87964919282,0.7669097909496684
rate_low,rate-low-v1,blast-lite-lfp-gr-250ah-prismatic-2019-v1,blast-lite-b093495-250ah-prismatic-v1,PHYSICS_REFERENCE,NEAR_BOUNDARY,24.166666666666668,7250.0,6255.052393966562,0.7663703245749666
rate_low,rate-low-v1,blast-lite-lfp-gr-250ah-prismatic-2019-v1,blast-lite-b093495-250ah-prismatic-v1,PHYSICS_REFERENCE,NEAR_BOUNDARY,24.25,7275.0,6274.211652080936,0.7658316792440703
rate_low,rate-low-v1,blast-lite-lfp-gr-250ah-prismatic-2019-v1,blast-lite-b093495-250ah-prismatic-v1,PHYSICS_REFERENCE,NEAR_BOUNDARY,24.333333333333332,7300.0,6293.357444062038,0.7652938519723308
rate_low,rate-low-v1,blast-lite-lfp-gr-250ah-prismatic-2019-v1,blast-lite-b093495-250ah-prismatic-v1,PHYSICS_REFERENCE,NEAR_BOUNDARY,24.416666666666668,7325.0,6312.489790361346,0.7647568397955938
rate_low,rate-low-v1,blast-lite-lfp-gr-250ah-prismatic-2019-v1,blast-lite-b093495-250ah-prismatic-v1,PHYSICS_REFERENCE,NEAR_BOUNDARY,24.5,7350.0,6331.608711356236,0.764220639769986
rate_low,rate-low-v1,blast-lite-lfp-gr-250ah-prismatic-2019-v1,blast-lite-b093495-250ah-prismatic-v1,PHYSICS_REFERENCE,NEAR_BOUNDARY,24.583333333333332,7375.0,6350.714227350486,0.7636852489717032
rate_low,rate-low-v1,blast-lite-lfp-gr-250ah-prismatic-2019-v1,blast-lite-b093495-250ah-prismatic-v1,PHYSICS_REFERENCE,NEAR_BOUNDARY,24.666666666666668,7400.0,6369.806358574779,0.7631506644968025
rate_low,rate-low-v1,blast-lite-lfp-gr-250ah-prismatic-2019-v1,blast-lite-b093495-250ah-prismatic-v1,PHYSICS_REFERENCE,NEAR_BOUNDARY,24.75,7425.0,6388.885125187198,0.7626168834609979
rate_low,rate-low-v1,blast-lite-lfp-gr-250ah-prismatic-2019-v1,blast-lite-b093495-250ah-prismatic-v1,PHYSICS_REFERENCE,NEAR_BOUNDARY,24.833333333333332,7450.0,6407.950547273724,0.7620839029994559
rate_low,rate-low-v1,blast-lite-lfp-gr-250ah-prismatic-2019-v1,blast-lite-b093495-250ah-prismatic-v1,PHYSICS_REFERENCE,NEAR_BOUNDARY,24.916666666666668,7475.0,6427.00264484871,0.761551720266598
rate_low,rate-low-v1,blast-lite-lfp-gr-250ah-prismatic-2019-v1,blast-lite-b093495-250ah-prismatic-v1,PHYSICS_REFERENCE,NEAR_BOUNDARY,25.0,7500.0,6446.041437855374,0.7610203324359024
rate_high_supported,rate-high-supported-v1,blast-lite-lfp-gr-250ah-prismatic-2019-v1,blast-lite-b093495-250ah-prismatic-v1,PHYSICS_REFERENCE,NEAR_BOUNDARY,0.0,0.0,0.0,1.0
rate_high_supported,rate-high-supported-v1,blast-lite-lfp-gr-250ah-prismatic-2019-v1,blast-lite-b093495-250ah-prismatic-v1,PHYSICS_REFERENCE,NEAR_BOUNDARY,0.08333333333333333,25.0,24.999999999999996,0.9942178765723523
rate_high_supported,rate-high-supported-v1,blast-lite-lfp-gr-250ah-prismatic-2019-v1,blast-lite-b093495-250ah-prismatic-v1,PHYSICS_REFERENCE,NEAR_BOUNDARY,0.16666666666666666,50.0,49.8554469143088,0.9901012999272311
rate_high_supported,rate-high-supported-v1,blast-lite-lfp-gr-250ah-prismatic-2019-v1,blast-lite-b093495-250ah-prismatic-v1,PHYSICS_REFERENCE,NEAR_BOUNDARY,0.25,75.0,74.60797941248957,0.9865578673195606
rate_high_supported,rate-high-supported-v1,blast-lite-lfp-gr-250ah-prismatic-2019-v1,blast-lite-b093495-250ah-prismatic-v1,PHYSICS_REFERENCE,NEAR_BOUNDARY,0.3333333333333333,100.0,99.27192609547859,0.9833094769861668
rate_high_supported,rate-high-supported-v1,blast-lite-lfp-gr-250ah-prismatic-2019-v1,blast-lite-b093495-250ah-prismatic-v1,PHYSICS_REFERENCE,NEAR_BOUNDARY,0.4166666666666667,125.0,123.85466302013276,0.9802574691896503
rate_high_supported,rate-high-supported-v1,blast-lite-lfp-gr-250ah-prismatic-2019-v1,blast-lite-b093495-250ah-prismatic-v1,PHYSICS_REFERENCE,NEAR_BOUNDARY,0.5,150.0,148.36109974987403,0.9773514428438272
rate_high_supported,rate-high-supported-v1,blast-lite-lfp-gr-250ah-prismatic-2019-v1,blast-lite-b093495-250ah-prismatic-v1,PHYSICS_REFERENCE,NEAR_BOUNDARY,0.5833333333333334,175.0,172.7948858209697,0.9745610057617373
rate_high_supported,rate-high-supported-v1,blast-lite-lfp-gr-250ah-prismatic-2019-v1,blast-lite-b093495-250ah-prismatic-v1,PHYSICS_REFERENCE,NEAR_BOUNDARY,0.6666666666666666,200.0,197.15891096501315,0.9718659370399249
rate_high_supported,rate-high-supported-v1,blast-lite-lfp-gr-250ah-prismatic-2019-v1,blast-lite-b093495-250ah-prismatic-v1,PHYSICS_REFERENCE,NEAR_BOUNDARY,0.75,225.0,221.45555939101126,0.9692518676161238
rate_high_supported,rate-high-supported-v1,blast-lite-lfp-gr-250ah-prismatic-2019-v1,blast-lite-b093495-250ah-prismatic-v1,PHYSICS_REFERENCE,NEAR_BOUNDARY,0.8333333333333334,250.0,245.68685608141436,0.9667080914337586
rate_high_supported,rate-high-supported-v1,blast-lite-lfp-gr-250ah-prismatic-2019-v1,blast-lite-b093495-250ah-prismatic-v1,PHYSICS_REFERENCE,NEAR_BOUNDARY,0.9166666666666666,275.0,269.85455836725833,0.9642263408457703
rate_high_supported,rate-high-supported-v1,blast-lite-lfp-gr-250ah-prismatic-2019-v1,blast-lite-b093495-250ah-prismatic-v1,PHYSICS_REFERENCE,NEAR_BOUNDARY,1.0,300.0,293.9602168884026,0.9618000495821606
rate_high_supported,rate-high-supported-v1,blast-lite-lfp-gr-250ah-prismatic-2019-v1,blast-lite-b093495-250ah-prismatic-v1,PHYSICS_REFERENCE,NEAR_BOUNDARY,1.0833333333333333,325.0,318.0052181279566,0.9594238834649584
rate_high_supported,rate-high-supported-v1,blast-lite-lfp-gr-250ah-prismatic-2019-v1,blast-lite-b093495-250ah-prismatic-v1,PHYSICS_REFERENCE,NEAR_BOUNDARY,1.1666666666666667,350.0,341.99081521458055,0.9570934278956725
rate_high_supported,rate-high-supported-v1,blast-lite-lfp-gr-250ah-prismatic-2019-v1,blast-lite-b093495-250ah-prismatic-v1,PHYSICS_REFERENCE,NEAR_BOUNDARY,1.25,375.0,365.91815091197236,0.95480497197874
rate_high_supported,rate-high-supported-v1,blast-lite-lfp-gr-250ah-prismatic-2019-v1,blast-lite-b093495-250ah-prismatic-v1,PHYSICS_REFERENCE,NEAR_BOUNDARY,1.3333333333333333,400.0,389.78827521144086,0.9525553547799717
rate_high_supported,rate-high-supported-v1,blast-lite-lfp-gr-250ah-prismatic-2019-v1,blast-lite-b093495-250ah-prismatic-v1,PHYSICS_REFERENCE,NEAR_BOUNDARY,1.4166666666666667,425.0,413.60215908094017,0.950341852972501
rate_high_supported,rate-high-supported-v1,blast-lite-lfp-gr-250ah-prismatic-2019-v1,blast-lite-b093495-250ah-prismatic-v1,PHYSICS_REFERENCE,NEAR_BOUNDARY,1.5,450.0,437.3607054052527,0.9481620968903123
rate_high_supported,rate-high-supported-v1,blast-lite-lfp-gr-250ah-prismatic-2019-v1,blast-lite-b093495-250ah-prismatic-v1,PHYSICS_REFERENCE,NEAR_BOUNDARY,1.5833333333333333,475.0,461.0647578275105,0.9460140065903926
rate_high_supported,rate-high-supported-v1,blast-lite-lfp-gr-250ah-prismatic-2019-v1,blast-lite-b093495-250ah-prismatic-v1,PHYSICS_REFERENCE,NEAR_BOUNDARY,1.6666666666666667,500.0,484.7151079922703,0.9438957423281715
rate_high_supported,rate-high-supported-v1,blast-lite-lfp-gr-250ah-prismatic-2019-v1,blast-lite-b093495-250ah-prismatic-v1,PHYSICS_REFERENCE,NEAR_BOUNDARY,1.75,525.0,508.31250155047456,0.9418056656227005
rate_high_supported,rate-high-supported-v1,blast-lite-lfp-gr-250ah-prismatic-2019-v1,blast-lite-b093495-250ah-prismatic-v1,PHYSICS_REFERENCE,NEAR_BOUNDARY,1.8333333333333333,550.0,531.857643191042,0.9397423082396151
rate_high_supported,rate-high-supported-v1,blast-lite-lfp-gr-250ah-prismatic-2019-v1,blast-lite-b093495-250ah-prismatic-v1,PHYSICS_REFERENCE,NEAR_BOUNDARY,1.9166666666666667,575.0,555.3512008970324,0.9377043471871881
rate_high_supported,rate-high-supported-v1,blast-lite-lfp-gr-250ah-prismatic-2019-v1,blast-lite-b093495-250ah-prismatic-v1,PHYSICS_REFERENCE,NEAR_BOUNDARY,2.0,600.0,578.7938095767121,0.9356905843433861
rate_high_supported,rate-high-supported-v1,blast-lite-lfp-gr-250ah-prismatic-2019-v1,blast-lite-b093495-250ah-prismatic-v1,PHYSICS_REFERENCE,NEAR_BOUNDARY,2.0833333333333335,625.0,602.1860741852968,0.9336999296948999
rate_high_supported,rate-high-supported-v1,blast-lite-lfp-gr-250ah-prismatic-2019-v1,blast-lite-b093495-250ah-prismatic-v1,PHYSICS_REFERENCE,NEAR_BOUNDARY,2.1666666666666665,650.0,625.5285724276692,0.931731387425862
rate_high_supported,rate-high-supported-v1,blast-lite-lfp-gr-250ah-prismatic-2019-v1,blast-lite-b093495-250ah-prismatic-v1,PHYSICS_REFERENCE,NEAR_BOUNDARY,2.25,675.0,648.8218571133158,0.9297840442784863
rate_high_supported,rate-high-supported-v1,blast-lite-lfp-gr-250ah-prismatic-2019-v1,blast-lite-b093495-250ah-prismatic-v1,PHYSICS_REFERENCE,NEAR_BOUNDARY,2.3333333333333335,700.0,672.0664582202779,0.9278570597424323
rate_high_supported,rate-high-supported-v1,blast-lite-lfp-gr-250ah-prismatic-2019-v1,blast-lite-b093495-250ah-prismatic-v1,PHYSICS_REFERENCE,NEAR_BOUNDARY,2.4166666666666665,725.0,695.2628847138387,0.925949657729163
rate_high_supported,rate-high-supported-v1,blast-lite-lfp-gr-250ah-prismatic-2019-v1,blast-lite-b093495-250ah-prismatic-v1,PHYSICS_REFERENCE,NEAR_BOUNDARY,2.5,750.0,718.4116261570678,0.9240611194620001
rate_high_supported,rate-high-supported-v1,blast-lite-lfp-gr-250ah-prismatic-2019-v1,blast-lite-b093495-250ah-prismatic-v1,PHYSICS_REFERENCE,NEAR_BOUNDARY,2.5833333333333335,775.0,741.5131541436177,0.9221907773689114
rate_high_supported,rate-high-supported-v1,blast-lite-lfp-gr-250ah-prismatic-2019-v1,blast-lite-b093495-250ah-prismatic-v1,PHYSICS_REFERENCE,NEAR_BOUNDARY,2.6666666666666665,800.0,764.5679235778405,0.9203380098081576
rate_high_supported,rate-high-supported-v1,blast-lite-lfp-gr-250ah-prismatic-2019-v1,blast-lite-b093495-250ah-prismatic-v1,PHYSICS_REFERENCE,NEAR_BOUNDARY,2.75,825.0,787.5763738230444,0.9185022364901955
rate_high_supported,rate-high-supported-v1,blast-lite-lfp-gr-250ah-prismatic-2019-v1,blast-lite-b093495-250ah-prismatic-v1,PHYSICS_REFERENCE,NEAR_BOUNDARY,2.8333333333333335,850.0,810.5389297352992,0.9166829144851718
rate_high_supported,rate-high-supported-v1,blast-lite-lfp-gr-250ah-prismatic-2019-v1,blast-lite-b093495-250ah-prismatic-v1,PHYSICS_REFERENCE,NEAR_BOUNDARY,2.9166666666666665,875.0,833.4560025974286,0.9148795347257206
rate_high_supported,rate-high-supported-v1,blast-lite-lfp-gr-250ah-prismatic-2019-v1,blast-lite-b093495-250ah-prismatic-v1,PHYSICS_REFERENCE,NEAR_BOUNDARY,3.0,900.0,856.3279909655715,0.9130916189309234
rate_high_supported,rate-high-supported-v1,blast-lite-lfp-gr-250ah-prismatic-2019-v1,blast-lite-b093495-250ah-prismatic-v1,PHYSICS_REFERENCE,NEAR_BOUNDARY,3.0833333333333335,925.0,879.1552814388447,0.9113187168901721
rate_high_supported,rate-high-supported-v1,blast-lite-lfp-gr-250ah-prismatic-2019-v1,blast-lite-b093495-250ah-prismatic-v1,PHYSICS_REFERENCE,NEAR_BOUNDARY,3.1666666666666665,950.0,901.938249361099,0.9095604040560274
rate_high_supported,rate-high-supported-v1,blast-lite-lfp-gr-250ah-prismatic-2019-v1,blast-lite-b093495-250ah-prismatic-v1,PHYSICS_REFERENCE,NEAR_BOUNDARY,3.25,975.0,924.6772594624997,0.9078162794035418
rate_high_supported,rate-high-supported-v1,blast-lite-lfp-gr-250ah-prismatic-2019-v1,blast-lite-b093495-250ah-prismatic-v1,PHYSICS_REFERENCE,NEAR_BOUNDARY,3.3333333333333335,1000.0,947.3726664475882,0.9060859635203206
rate_high_supported,rate-high-supported-v1,blast-lite-lfp-gr-250ah-prismatic-2019-v1,blast-lite-b093495-250ah-prismatic-v1,PHYSICS_REFERENCE,NEAR_BOUNDARY,3.4166666666666665,1025.0,970.0248155355963,0.9043690968971826
rate_high_supported,rate-high-supported-v1,blast-lite-lfp-gr-250ah-prismatic-2019-v1,blast-lite-b093495-250ah-prismatic-v1,PHYSICS_REFERENCE,NEAR_BOUNDARY,3.5,1050.0,992.6340429580258,0.9026653383938609
rate_high_supported,rate-high-supported-v1,blast-lite-lfp-gr-250ah-prismatic-2019-v1,blast-lite-b093495-250ah-prismatic-v1,PHYSICS_REFERENCE,NEAR_BOUNDARY,3.5833333333333335,1075.0,1015.2006764178724,0.9009743638579869
rate_high_supported,rate-high-supported-v1,blast-lite-lfp-gr-250ah-prismatic-2019-v1,blast-lite-b093495-250ah-prismatic-v1,PHYSICS_REFERENCE,NEAR_BOUNDARY,3.6666666666666665,1100.0,1037.7250355143221,0.8992958648787565
rate_high_supported,rate-high-supported-v1,blast-lite-lfp-gr-250ah-prismatic-2019-v1,blast-lite-b093495-250ah-prismatic-v1,PHYSICS_REFERENCE,NEAR_BOUNDARY,3.75,1125.0,1060.2074321362911,0.8976295476593084
rate_high_supported,rate-high-supported-v1,blast-lite-lfp-gr-250ah-prismatic-2019-v1,blast-lite-b093495-250ah-prismatic-v1,PHYSICS_REFERENCE,NEAR_BOUNDARY,3.8333333333333335,1150.0,1082.6481708277738,0.8959751319940631
rate_high_supported,rate-high-supported-v1,blast-lite-lfp-gr-250ah-prismatic-2019-v1,blast-lite-b093495-250ah-prismatic-v1,PHYSICS_REFERENCE,NEAR_BOUNDARY,3.9166666666666665,1175.0,1105.0475491276254,0.8943323503391334
rate_high_supported,rate-high-supported-v1,blast-lite-lfp-gr-250ah-prismatic-2019-v1,blast-lite-b093495-250ah-prismatic-v1,PHYSICS_REFERENCE,NEAR_BOUNDARY,4.0,1200.0,1127.4058578861038,0.8927009469654793
rate_high_supported,rate-high-supported-v1,blast-lite-lfp-gr-250ah-prismatic-2019-v1,blast-lite-b093495-250ah-prismatic-v1,PHYSICS_REFERENCE,NEAR_BOUNDARY,4.083333333333333,1225.0,1149.7233815602408,0.891080677185843
rate_high_supported,rate-high-supported-v1,blast-lite-lfp-gr-250ah-prismatic-2019-v1,blast-lite-b093495-250ah-prismatic-v1,PHYSICS_REFERENCE,NEAR_BOUNDARY,4.166666666666667,1250.0,1172.000398489887,0.8894713066476183
rate_high_supported,rate-high-supported-v1,blast-lite-lfp-gr-250ah-prismatic-2019-v1,blast-lite-b093495-250ah-prismatic-v1,PHYSICS_REFERENCE,NEAR_BOUNDARY,4.25,1275.0,1194.2371811560774,0.8878726106847956
rate_high_supported,rate-high-supported-v1,blast-lite-lfp-gr-250ah-prismatic-2019-v1,blast-lite-b093495-250ah-prismatic-v1,PHYSICS_REFERENCE,NEAR_BOUNDARY,4.333333333333333,1300.0,1216.4339964231974,0.8862843737229593
rate_high_supported,rate-high-supported-v1,blast-lite-lfp-gr-250ah-prismatic-2019-v1,blast-lite-b093495-250ah-prismatic-v1,PHYSICS_REFERENCE,NEAR_BOUNDARY,4.416666666666667,1325.0,1238.5911057662713,0.8847063887320239
rate_high_supported,rate-high-supported-v1,blast-lite-lfp-gr-250ah-prismatic-2019-v1,blast-lite-b093495-250ah-prismatic-v1,PHYSICS_REFERENCE,NEAR_BOUNDARY,4.5,1350.0,1260.7087654845718,0.88313845672204
rate_high_supported,rate-high-supported-v1,blast-lite-lfp-gr-250ah-prismatic-2019-v1,blast-lite-b093495-250ah-prismatic-v1,PHYSICS_REFERENCE,NEAR_BOUNDARY,4.583333333333333,1375.0,1282.7872269026227,0.8815803862779202
rate_high_supported,rate-high-supported-v1,blast-lite-lfp-gr-250ah-prismatic-2019-v1,blast-lite-b093495-250ah-prismatic-v1,PHYSICS_REFERENCE,NEAR_BOUNDARY,4.666666666666667,1400.0,1304.8267365595707,0.8800319931294065
rate_high_supported,rate-high-supported-v1,blast-lite-lfp-gr-250ah-prismatic-2019-v1,blast-lite-b093495-250ah-prismatic-v1,PHYSICS_REFERENCE,NEAR_BOUNDARY,4.75,1425.0,1326.8275363878058,0.8784930997530167
rate_high_supported,rate-high-supported-v1,blast-lite-lfp-gr-250ah-prismatic-2019-v1,blast-lite-b093495-250ah-prismatic-v1,PHYSICS_REFERENCE,NEAR_BOUNDARY,4.833333333333333,1450.0,1348.7898638816312,0.8769635350030559
rate_high_supported,rate-high-supported-v1,blast-lite-lfp-gr-250ah-prismatic-2019-v1,blast-lite-b093495-250ah-prismatic-v1,PHYSICS_REFERENCE,NEAR_BOUNDARY,4.916666666666667,1475.0,1370.7139522567077,0.8754431337690936
rate_high_supported,rate-high-supported-v1,blast-lite-lfp-gr-250ah-prismatic-2019-v1,blast-lite-b093495-250ah-prismatic-v1,PHYSICS_REFERENCE,NEAR_BOUNDARY,5.0,1500.0,1392.600030600935,0.8739317366575802
rate_high_supported,rate-high-supported-v1,blast-lite-lfp-gr-250ah-prismatic-2019-v1,blast-lite-b093495-250ah-prismatic-v1,PHYSICS_REFERENCE,NEAR_BOUNDARY,5.083333333333333,1525.0,1414.4483240173745,0.8724291896955162
rate_high_supported,rate-high-supported-v1,blast-lite-lfp-gr-250ah-prismatic-2019-v1,blast-lite-b093495-250ah-prismatic-v1,PHYSICS_REFERENCE,NEAR_BOUNDARY,5.166666666666667,1550.0,1436.2590537597623,0.8709353440543015
rate_high_supported,rate-high-supported-v1,blast-lite-lfp-gr-250ah-prismatic-2019-v1,blast-lite-b093495-250ah-prismatic-v1,PHYSICS_REFERENCE,NEAR_BOUNDARY,5.25,1575.0,1458.03243736112,0.8694500557920773
rate_high_supported,rate-high-supported-v1,blast-lite-lfp-gr-250ah-prismatic-2019-v1,blast-lite-b093495-250ah-prismatic-v1,PHYSICS_REFERENCE,NEAR_BOUNDARY,5.333333333333333,1600.0,1479.7686887559219,0.867973185613041
rate_high_supported,rate-high-supported-v1,blast-lite-lfp-gr-250ah-prismatic-2019-v1,blast-lite-b093495-250ah-prismatic-v1,PHYSICS_REFERENCE,NEAR_BOUNDARY,5.416666666666667,1625.0,1501.4680183962478,0.8665045986423606
rate_high_supported,rate-high-supported-v1,blast-lite-lfp-gr-250ah-prismatic-2019-v1,blast-lite-b093495-250ah-prismatic-v1,PHYSICS_REFERENCE,NEAR_BOUNDARY,5.5,1650.0,1523.1306333623068,0.865044164215446
rate_high_supported,rate-high-supported-v1,blast-lite-lfp-gr-250ah-prismatic-2019-v1,blast-lite-b093495-250ah-prismatic-v1,PHYSICS_REFERENCE,NEAR_BOUNDARY,5.583333333333333,1675.0,1544.7567374676928,0.8635917556804533
rate_high_supported,rate-high-supported-v1,blast-lite-lfp-gr-250ah-prismatic-2019-v1,blast-lite-b093495-250ah-prismatic-v1,PHYSICS_REFERENCE,NEAR_BOUNDARY,5.666666666666667,1700.0,1566.3465313597042,0.8621472502129974
rate_high_supported,rate-high-supported-v1,blast-lite-lfp-gr-250ah-prismatic-2019-v1,blast-lite-b093495-250ah-prismatic-v1,PHYSICS_REFERENCE,NEAR_BOUNDARY,5.75,1725.0,1587.900212615029,0.8607105286421484
rate_high_supported,rate-high-supported-v1,blast-lite-lfp-gr-250ah-prismatic-2019-v1,blast-lite-b093495-250ah-prismatic-v1,PHYSICS_REFERENCE,NEAR_BOUNDARY,5.833333333333333,1750.0,1609.4179758310827,0.8592814752868616
rate_high_supported,rate-high-supported-v1,blast-lite-lfp-gr-250ah-prismatic-2019-v1,blast-lite-b093495-250ah-prismatic-v1,PHYSICS_REFERENCE,NEAR_BOUNDARY,5.916666666666667,1775.0,1630.9000127132542,0.857859977802077
rate_high_supported,rate-high-supported-v1,blast-lite-lfp-gr-250ah-prismatic-2019-v1,blast-lite-b093495-250ah-prismatic-v1,PHYSICS_REFERENCE,NEAR_BOUNDARY,6.0,1800.0,1652.346512158306,0.8564459270337779
rate_high_supported,rate-high-supported-v1,blast-lite-lfp-gr-250ah-prismatic-2019-v1,blast-lite-b093495-250ah-prismatic-v1,PHYSICS_REFERENCE,NEAR_BOUNDARY,6.083333333333333,1825.0,1673.7576603341504,0.8550392168823711
rate_high_supported,rate-high-supported-v1,blast-lite-lfp-gr-250ah-prismatic-2019-v1,blast-lite-b093495-250ah-prismatic-v1,PHYSICS_REFERENCE,NEAR_BOUNDARY,6.166666666666667,1850.0,1695.1336407562096,0.8536397441737983
rate_high_supported,rate-high-supported-v1,blast-lite-lfp-gr-250ah-prismatic-2019-v1,blast-lite-b093495-250ah-prismatic-v1,PHYSICS_REFERENCE,NEAR_BOUNDARY,6.25,1875.0,1716.4746343605545,0.8522474085378388
rate_high_supported,rate-high-supported-v1,blast-lite-lfp-gr-250ah-prismatic-2019-v1,blast-lite-b093495-250ah-prismatic-v1,PHYSICS_REFERENCE,NEAR_BOUNDARY,6.333333333333333,1900.0,1737.7808195740006,0.850862112293109
rate_high_supported,rate-high-supported-v1,blast-lite-lfp-gr-250ah-prismatic-2019-v1,blast-lite-b093495-250ah-prismatic-v1,PHYSICS_REFERENCE,NEAR_BOUNDARY,6.416666666666667,1925.0,1759.0523723813283,0.8494837603383065
rate_high_supported,rate-high-supported-v1,blast-lite-lfp-gr-250ah-prismatic-2019-v1,blast-lite-b093495-250ah-prismatic-v1,PHYSICS_REFERENCE,NEAR_BOUNDARY,6.5,1950.0,1780.289466389786,0.848112260049276
rate_high_supported,rate-high-supported-v1,blast-lite-lfp-gr-250ah-prismatic-2019-v1,blast-lite-b093495-250ah-prismatic-v1,PHYSICS_REFERENCE,NEAR_BOUNDARY,6.583333333333333,1975.0,1801.4922728910178,0.8467475211815165
rate_high_supported,rate-high-supported-v1,blast-lite-lfp-gr-250ah-prismatic-2019-v1,blast-lite-b093495-250ah-prismatic-v1,PHYSICS_REFERENCE,NEAR_BOUNDARY,6.666666666666667,2000.0,1822.6609609205557,0.845389455777773
rate_high_supported,rate-high-supported-v1,blast-lite-lfp-gr-250ah-prismatic-2019-v1,blast-lite-b093495-250ah-prismatic-v1,PHYSICS_REFERENCE,NEAR_BOUNDARY,6.75,2025.0,1843.795697315,0.8440379780803847
rate_high_supported,rate-high-supported-v1,blast-lite-lfp-gr-250ah-prismatic-2019-v1,blast-lite-b093495-250ah-prismatic-v1,PHYSICS_REFERENCE,NEAR_BOUNDARY,6.833333333333333,2050.0,1864.8966467670098,0.8426930044480885
rate_high_supported,rate-high-supported-v1,blast-lite-lfp-gr-250ah-prismatic-2019-v1,blast-lite-b093495-250ah-prismatic-v1,PHYSICS_REFERENCE,NEAR_BOUNDARY,6.916666666666667,2075.0,1885.963971878212,0.841354453276997
rate_high_supported,rate-high-supported-v1,blast-lite-lfp-gr-250ah-prismatic-2019-v1,blast-lite-b093495-250ah-prismatic-v1,PHYSICS_REFERENCE,NEAR_BOUNDARY,7.0,2100.0,1906.997833210137,0.8400222449254924
rate_high_supported,rate-high-supported-v1,blast-lite-lfp-gr-250ah-prismatic-2019-v1,blast-lite-b093495-250ah-prismatic-v1,PHYSICS_REFERENCE,NEAR_BOUNDARY,7.083333333333333,2125.0,1927.9983893332744,0.8386963016427974
rate_high_supported,rate-high-supported-v1,blast-lite-lfp-gr-250ah-prismatic-2019-v1,blast-lite-b093495-250ah-prismatic-v1,PHYSICS_REFERENCE,NEAR_BOUNDARY,7.166666666666667,2150.0,1948.9657968743443,0.8373765475009985
rate_high_supported,rate-high-supported-v1,blast-lite-lfp-gr-250ah-prismatic-2019-v1,blast-lite-b093495-250ah-prismatic-v1,PHYSICS_REFERENCE,NEAR_BOUNDARY,7.25,2175.0,1969.9002105618692,0.8360629083303168
rate_high_supported,rate-high-supported-v1,blast-lite-lfp-gr-250ah-prismatic-2019-v1,blast-lite-b093495-250ah-prismatic-v1,PHYSICS_REFERENCE,NEAR_BOUNDARY,7.333333333333333,2200.0,1990.801783270127,0.8347553116574338
rate_high_supported,rate-high-supported-v1,blast-lite-lfp-gr-250ah-prismatic-2019-v1,blast-lite-b093495-250ah-prismatic-v1,PHYSICS_REFERENCE,NEAR_BOUNDARY,7.416666666666667,2225.0,2011.670666061563,0.8334536866466938
rate_high_supported,rate-high-supported-v1,blast-lite-lfp-gr-250ah-prismatic-2019-v1,blast-lite-b093495-250ah-prismatic-v1,PHYSICS_REFERENCE,NEAR_BOUNDARY,7.5,2250.0,2032.5070082277302,0.8321579640440173
rate_high_supported,rate-high-supported-v1,blast-lite-lfp-gr-250ah-prismatic-2019-v1,blast-lite-b093495-250ah-prismatic-v1,PHYSICS_REFERENCE,NEAR_BOUNDARY,7.583333333333333,2275.0,2053.3109573288307,0.8308680761233695
rate_high_supported,rate-high-supported-v1,blast-lite-lfp-gr-250ah-prismatic-2019-v1,blast-lite-b093495-250ah-prismatic-v1,PHYSICS_REFERENCE,NEAR_BOUNDARY,7.666666666666667,2300.0,2074.082659231915,0.8295839566356402
rate_high_supported,rate-high-supported-v1,blast-lite-lfp-gr-250ah-prismatic-2019-v1,blast-lite-b093495-250ah-prismatic-v1,PHYSICS_REFERENCE,NEAR_BOUNDARY,7.75,2325.0,2094.8222581478058,0.8283055407598017
rate_high_supported,rate-high-supported-v1,blast-lite-lfp-gr-250ah-prismatic-2019-v1,blast-lite-b093495-250ah-prismatic-v1,PHYSICS_REFERENCE,NEAR_BOUNDARY,7.833333333333333,2350.0,2115.5298966668006,0.8270327650562166
rate_high_supported,rate-high-supported-v1,blast-lite-lfp-gr-250ah-prismatic-2019-v1,blast-lite-b093495-250ah-prismatic-v1,PHYSICS_REFERENCE,NEAR_BOUNDARY,7.916666666666667,2375.0,2136.205715793206,0.8257655674219805
rate_high_supported,rate-high-supported-v1,blast-lite-lfp-gr-250ah-prismatic-2019-v1,blast-lite-b093495-250ah-prismatic-v1,PHYSICS_REFERENCE,NEAR_BOUNDARY,8.0,2400.0,2156.8498549787555,0.8245038870481882
rate_high_supported,rate-high-supported-v1,blast-lite-lfp-gr-250ah-prismatic-2019-v1,blast-lite-b093495-250ah-prismatic-v1,PHYSICS_REFERENCE,NEAR_BOUNDARY,8.083333333333334,2425.0,2177.4624521549604,0.8232476643790211
rate_high_supported,rate-high-supported-v1,blast-lite-lfp-gr-250ah-prismatic-2019-v1,blast-lite-b093495-250ah-prismatic-v1,PHYSICS_REFERENCE,NEAR_BOUNDARY,8.166666666666666,2450.0,2198.0436437644357,0.8219968410725589
rate_high_supported,rate-high-supported-v1,blast-lite-lfp-gr-250ah-prismatic-2019-v1,blast-lite-b093495-250ah-prismatic-v1,PHYSICS_REFERENCE,NEAR_BOUNDARY,8.25,2475.0,2218.5935647912497,0.8207513599632268
rate_high_supported,rate-high-supported-v1,blast-lite-lfp-gr-250ah-prismatic-2019-v1,blast-lite-b093495-250ah-prismatic-v1,PHYSICS_REFERENCE,NEAR_BOUNDARY,8.333333333333334,2500.0,2239.1123487903305,0.8195111650257934
rate_high_supported,rate-high-supported-v1,blast-lite-lfp-gr-250ah-prismatic-2019-v1,blast-lite-b093495-250ah-prismatic-v1,PHYSICS_REFERENCE,NEAR_BOUNDARY,8.416666666666666,2525.0,2259.6001279159755,0.8182762013408362
rate_high_supported,rate-high-supported-v1,blast-lite-lfp-gr-250ah-prismatic-2019-v1,blast-lite-b093495-250ah-prismatic-v1,PHYSICS_REFERENCE,NEAR_BOUNDARY,8.5,2550.0,2280.0570329494963,0.8170464150616071
rate_high_supported,rate-high-supported-v1,blast-lite-lfp-gr-250ah-prismatic-2019-v1,blast-lite-b093495-250ah-prismatic-v1,PHYSICS_REFERENCE,NEAR_BOUNDARY,8.583333333333334,2575.0,2300.4831933260366,0.815821753382221
rate_high_supported,rate-high-supported-v1,blast-lite-lfp-gr-250ah-prismatic-2019-v1,blast-lite-b093495-250ah-prismatic-v1,PHYSICS_REFERENCE,NEAR_BOUNDARY,8.666666666666666,2600.0,2320.878737160592,0.8146021645071053
rate_high_supported,rate-high-supported-v1,blast-lite-lfp-gr-250ah-prismatic-2019-v1,blast-lite-b093495-250ah-prismatic-v1,PHYSICS_REFERENCE,NEAR_BOUNDARY,8.75,2625.0,2341.24379127327,0.8133875976216477
rate_high_supported,rate-high-supported-v1,blast-lite-lfp-gr-250ah-prismatic-2019-v1,blast-lite-b093495-250ah-prismatic-v1,PHYSICS_REFERENCE,NEAR_BOUNDARY,8.833333333333334,2650.0,2361.578481213811,0.812178002863983
rate_high_supported,rate-high-supported-v1,blast-lite-lfp-gr-250ah-prismatic-2019-v1,blast-lite-b093495-250ah-prismatic-v1,PHYSICS_REFERENCE,NEAR_BOUNDARY,8.916666666666666,2675.0,2381.8829312854105,0.8109733312978656
rate_high_supported,rate-high-supported-v1,blast-lite-lfp-gr-250ah-prismatic-2019-v1,blast-lite-b093495-250ah-prismatic-v1,PHYSICS_REFERENCE,NEAR_BOUNDARY,9.0,2700.0,2402.157264567857,0.8097735348865738
rate_high_supported,rate-high-supported-v1,blast-lite-lfp-gr-250ah-prismatic-2019-v1,blast-lite-b093495-250ah-prismatic-v1,PHYSICS_REFERENCE,NEAR_BOUNDARY,9.083333333333334,2725.0,2422.4016029400213,0.8085785664677978
rate_high_supported,rate-high-supported-v1,blast-lite-lfp-gr-250ah-prismatic-2019-v1,blast-lite-b093495-250ah-prismatic-v1,PHYSICS_REFERENCE,NEAR_BOUNDARY,9.166666666666666,2750.0,2442.6160671017165,0.8073883797294669
rate_high_supported,rate-high-supported-v1,blast-lite-lfp-gr-250ah-prismatic-2019-v1,blast-lite-b093495-250ah-prismatic-v1,PHYSICS_REFERENCE,NEAR_BOUNDARY,9.25,2775.0,2462.8007765949533,0.8062029291864692
rate_high_supported,rate-high-supported-v1,blast-lite-lfp-gr-250ah-prismatic-2019-v1,blast-lite-b093495-250ah-prismatic-v1,PHYSICS_REFERENCE,NEAR_BOUNDARY,9.333333333333334,2800.0,2482.955849824615,0.8050221701582261
rate_high_supported,rate-high-supported-v1,blast-lite-lfp-gr-250ah-prismatic-2019-v1,blast-lite-b093495-250ah-prismatic-v1,PHYSICS_REFERENCE,NEAR_BOUNDARY,9.416666666666666,2825.0,2503.081404078571,0.8038460587470785
rate_high_supported,rate-high-supported-v1,blast-lite-lfp-gr-250ah-prismatic-2019-v1,blast-lite-b093495-250ah-prismatic-v1,PHYSICS_REFERENCE,NEAR_BOUNDARY,9.5,2850.0,2523.1775555472477,0.8026745518174533
rate_high_supported,rate-high-supported-v1,blast-lite-lfp-gr-250ah-prismatic-2019-v1,blast-lite-b093495-250ah-prismatic-v1,PHYSICS_REFERENCE,NEAR_BOUNDARY,9.583333333333334,2875.0,2543.244419342684,0.8015076069757698
rate_high_supported,rate-high-supported-v1,blast-lite-lfp-gr-250ah-prismatic-2019-v1,blast-lite-b093495-250ah-prismatic-v1,PHYSICS_REFERENCE,NEAR_BOUNDARY,9.666666666666666,2900.0,2563.2821095170784,0.8003451825510578
rate_high_supported,rate-high-supported-v1,blast-lite-lfp-gr-250ah-prismatic-2019-v1,blast-lite-b093495-250ah-prismatic-v1,PHYSICS_REFERENCE,NEAR_BOUNDARY,9.75,2925.0,2583.290739080855,0.7991872375762525
rate_high_supported,rate-high-supported-v1,blast-lite-lfp-gr-250ah-prismatic-2019-v1,blast-lite-b093495-250ah-prismatic-v1,PHYSICS_REFERENCE,NEAR_BOUNDARY,9.833333333333334,2950.0,2603.2704200202616,0.798033731770139
rate_high_supported,rate-high-supported-v1,blast-lite-lfp-gr-250ah-prismatic-2019-v1,blast-lite-b093495-250ah-prismatic-v1,PHYSICS_REFERENCE,NEAR_BOUNDARY,9.916666666666666,2975.0,2623.221263314515,0.7968846255199173
rate_high_supported,rate-high-supported-v1,blast-lite-lfp-gr-250ah-prismatic-2019-v1,blast-lite-b093495-250ah-prismatic-v1,PHYSICS_REFERENCE,NEAR_BOUNDARY,10.0,3000.0,2643.143378952513,0.7957398798643616
rate_high_supported,rate-high-supported-v1,blast-lite-lfp-gr-250ah-prismatic-2019-v1,blast-lite-b093495-250ah-prismatic-v1,PHYSICS_REFERENCE,NEAR_BOUNDARY,10.083333333333334,3025.0,2663.036875949122,0.7945994564775487
rate_high_supported,rate-high-supported-v1,blast-lite-lfp-gr-250ah-prismatic-2019-v1,blast-lite-b093495-250ah-prismatic-v1,PHYSICS_REFERENCE,NEAR_BOUNDARY,10.166666666666666,3050.0,2682.901862361061,0.7934633176531306
rate_high_supported,rate-high-supported-v1,blast-lite-lfp-gr-250ah-prismatic-2019-v1,blast-lite-b093495-250ah-prismatic-v1,PHYSICS_REFERENCE,NEAR_BOUNDARY,10.25,3075.0,2702.738445302389,0.7923314262891303
rate_high_supported,rate-high-supported-v1,blast-lite-lfp-gr-250ah-prismatic-2019-v1,blast-lite-b093495-250ah-prismatic-v1,PHYSICS_REFERENCE,NEAR_BOUNDARY,10.333333333333334,3100.0,2722.5467309596174,0.7912037458732379
rate_high_supported,rate-high-supported-v1,blast-lite-lfp-gr-250ah-prismatic-2019-v1,blast-lite-b093495-250ah-prismatic-v1,PHYSICS_REFERENCE,NEAR_BOUNDARY,10.416666666666666,3125.0,2742.3268246064486,0.7900802404685858
rate_high_supported,rate-high-supported-v1,blast-lite-lfp-gr-250ah-prismatic-2019-v1,blast-lite-b093495-250ah-prismatic-v1,PHYSICS_REFERENCE,NEAR_BOUNDARY,10.5,3150.0,2762.078830618163,0.7889608746999857
rate_high_supported,rate-high-supported-v1,blast-lite-lfp-gr-250ah-prismatic-2019-v1,blast-lite-b093495-250ah-prismatic-v1,PHYSICS_REFERENCE,NEAR_BOUNDARY,10.583333333333334,3175.0,2781.8028524856627,0.7878456137406067
rate_high_supported,rate-high-supported-v1,blast-lite-lfp-gr-250ah-prismatic-2019-v1,blast-lite-b093495-250ah-prismatic-v1,PHYSICS_REFERENCE,NEAR_BOUNDARY,10.666666666666666,3200.0,2801.498992829178,0.7867344232990783
rate_high_supported,rate-high-supported-v1,blast-lite-lfp-gr-250ah-prismatic-2019-v1,blast-lite-b093495-250ah-prismatic-v1,PHYSICS_REFERENCE,NEAR_BOUNDARY,10.75,3225.0,2821.167353411655,0.7856272696069994
rate_high_supported,rate-high-supported-v1,blast-lite-lfp-gr-250ah-prismatic-2019-v1,blast-lite-b093495-250ah-prismatic-v1,PHYSICS_REFERENCE,NEAR_BOUNDARY,10.833333333333334,3250.0,2840.8080351518297,0.7845241194068401
rate_high_supported,rate-high-supported-v1,blast-lite-lfp-gr-250ah-prismatic-2019-v1,blast-lite-b093495-250ah-prismatic-v1,PHYSICS_REFERENCE,NEAR_BOUNDARY,10.916666666666666,3275.0,2860.4211381370005,0.7834249399402181
rate_high_supported,rate-high-supported-v1,blast-lite-lfp-gr-250ah-prismatic-2019-v1,blast-lite-b093495-250ah-prismatic-v1,PHYSICS_REFERENCE,NEAR_BOUNDARY,11.0,3300.0,2880.006761635506,0.7823296989365376
rate_high_supported,rate-high-supported-v1,blast-lite-lfp-gr-250ah-prismatic-2019-v1,blast-lite-b093495-250ah-prismatic-v1,PHYSICS_REFERENCE,NEAR_BOUNDARY,11.083333333333334,3325.0,2899.5650041089193,0.7812383646019749
rate_high_supported,rate-high-supported-v1,blast-lite-lfp-gr-250ah-prismatic-2019-v1,blast-lite-b093495-250ah-prismatic-v1,PHYSICS_REFERENCE,NEAR_BOUNDARY,11.166666666666666,3350.0,2919.0959632239687,0.7801509056087985
rate_high_supported,rate-high-supported-v1,blast-lite-lfp-gr-250ah-prismatic-2019-v1,blast-lite-b093495-250ah-prismatic-v1,PHYSICS_REFERENCE,NEAR_BOUNDARY,11.25,3375.0,2938.599735864189,0.7790672910850109
rate_high_supported,rate-high-supported-v1,blast-lite-lfp-gr-250ah-prismatic-2019-v1,blast-lite-b093495-250ah-prismatic-v1,PHYSICS_REFERENCE,NEAR_BOUNDARY,11.333333333333334,3400.0,2958.076418141314,0.777987490604299
rate_high_supported,rate-high-supported-v1,blast-lite-lfp-gr-250ah-prismatic-2019-v1,blast-lite-b093495-250ah-prismatic-v1,PHYSICS_REFERENCE,NEAR_BOUNDARY,11.416666666666666,3425.0,2977.5261054064217,0.7769114741762833
rate_high_supported,rate-high-supported-v1,blast-lite-lfp-gr-250ah-prismatic-2019-v1,blast-lite-b093495-250ah-prismatic-v1,PHYSICS_REFERENCE,NEAR_BOUNDARY,11.5,3450.0,2996.948892260829,0.7758392122370538
rate_high_supported,rate-high-supported-v1,blast-lite-lfp-gr-250ah-prismatic-2019-v1,blast-lite-b093495-250ah-prismatic-v1,PHYSICS_REFERENCE,NEAR_BOUNDARY,11.583333333333334,3475.0,3016.3448725667554,0.7747706756399817
rate_high_supported,rate-high-supported-v1,blast-lite-lfp-gr-250ah-prismatic-2019-v1,blast-lite-b093495-250ah-prismatic-v1,PHYSICS_REFERENCE,NEAR_BOUNDARY,11.666666666666666,3500.0,3035.7141394577548,0.7737058356467975
rate_high_supported,rate-high-supported-v1,blast-lite-lfp-gr-250ah-prismatic-2019-v1,blast-lite-b093495-250ah-prismatic-v1,PHYSICS_REFERENCE,NEAR_BOUNDARY,11.75,3525.0,3055.0567853489247,0.7726446639189262
rate_high_supported,rate-high-supported-v1,blast-lite-lfp-gr-250ah-prismatic-2019-v1,blast-lite-b093495-250ah-prismatic-v1,PHYSICS_REFERENCE,NEAR_BOUNDARY,11.833333333333334,3550.0,3074.372901946898,0.7715871325090685
rate_high_supported,rate-high-supported-v1,blast-lite-lfp-gr-250ah-prismatic-2019-v1,blast-lite-b093495-250ah-prismatic-v1,PHYSICS_REFERENCE,NEAR_BOUNDARY,11.916666666666666,3575.0,3093.6625802596245,0.7705332138530223
rate_high_supported,rate-high-supported-v1,blast-lite-lfp-gr-250ah-prismatic-2019-v1,blast-lite-b093495-250ah-prismatic-v1,PHYSICS_REFERENCE,NEAR_BOUNDARY,12.0,3600.0,3112.92591060595,0.7694828807617329
rate_high_supported,rate-high-supported-v1,blast-lite-lfp-gr-250ah-prismatic-2019-v1,blast-lite-b093495-250ah-prismatic-v1,PHYSICS_REFERENCE,NEAR_BOUNDARY,12.083333333333334,3625.0,3132.162982624993,0.7684361064135656
rate_high_supported,rate-high-supported-v1,blast-lite-lfp-gr-250ah-prismatic-2019-v1,blast-lite-b093495-250ah-prismatic-v1,PHYSICS_REFERENCE,NEAR_BOUNDARY,12.166666666666666,3650.0,3151.3738852853326,0.7673928643467921
rate_high_supported,rate-high-supported-v1,blast-lite-lfp-gr-250ah-prismatic-2019-v1,blast-lite-b093495-250ah-prismatic-v1,PHYSICS_REFERENCE,NEAR_BOUNDARY,12.25,3675.0,3170.558706894002,0.7663531284522851
rate_high_supported,rate-high-supported-v1,blast-lite-lfp-gr-250ah-prismatic-2019-v1,blast-lite-b093495-250ah-prismatic-v1,PHYSICS_REFERENCE,NEAR_BOUNDARY,12.333333333333334,3700.0,3189.7175351053093,0.7653168729664103
rate_high_supported,rate-high-supported-v1,blast-lite-lfp-gr-250ah-prismatic-2019-v1,blast-lite-b093495-250ah-prismatic-v1,PHYSICS_REFERENCE,NEAR_BOUNDARY,12.416666666666666,3725.0,3208.8504569294696,0.7642840724641129
rate_high_supported,rate-high-supported-v1,blast-lite-lfp-gr-250ah-prismatic-2019-v1,blast-lite-b093495-250ah-prismatic-v1,PHYSICS_REFERENCE,NEAR_BOUNDARY,12.5,3750.0,3227.9575587410723,0.7632547018521905
rate_high_supported,rate-high-supported-v1,blast-lite-lfp-gr-250ah-prismatic-2019-v1,blast-lite-b093495-250ah-prismatic-v1,PHYSICS_REFERENCE,NEAR_BOUNDARY,12.583333333333334,3775.0,3247.038926287377,0.7622287363627437
rate_high_supported,rate-high-supported-v1,blast-lite-lfp-gr-250ah-prismatic-2019-v1,blast-lite-b093495-250ah-prismatic-v1,PHYSICS_REFERENCE,NEAR_BOUNDARY,12.666666666666666,3800.0,3266.0946446964454,0.7612061515468044
rate_high_supported,rate-high-supported-v1,blast-lite-lfp-gr-250ah-prismatic-2019-v1,blast-lite-b093495-250ah-prismatic-v1,PHYSICS_REFERENCE,NEAR_BOUNDARY,12.75,3825.0,3285.1247984851157,0.7601869232681284
rate_high_supported,rate-high-supported-v1,blast-lite-lfp-gr-250ah-prismatic-2019-v1,blast-lite-b093495-250ah-prismatic-v1,PHYSICS_REFERENCE,NEAR_BOUNDARY,12.833333333333334,3850.0,3304.1294715668187,0.7591710276971537
rate_high_supported,rate-high-supported-v1,blast-lite-lfp-gr-250ah-prismatic-2019-v1,blast-lite-b093495-250ah-prismatic-v1,PHYSICS_REFERENCE,NEAR_BOUNDARY,12.916666666666666,3875.0,3323.1087472592476,0.7581584413051138
rate_high_supported,rate-high-supported-v1,blast-lite-lfp-gr-250ah-prismatic-2019-v1,blast-lite-b093495-250ah-prismatic-v1,PHYSICS_REFERENCE,NEAR_BOUNDARY,13.0,3900.0,3342.0627082918754,0.7571491408583045
rate_high_supported,rate-high-supported-v1,blast-lite-lfp-gr-250ah-prismatic-2019-v1,blast-lite-b093495-250ah-prismatic-v1,PHYSICS_REFERENCE,NEAR_BOUNDARY,13.083333333333334,3925.0,3360.991436813333,0.7561431034124976
rate_high_supported,rate-high-supported-v1,blast-lite-lfp-gr-250ah-prismatic-2019-v1,blast-lite-b093495-250ah-prismatic-v1,PHYSICS_REFERENCE,NEAR_BOUNDARY,13.166666666666666,3950.0,3379.895014398646,0.7551403063074968
rate_high_supported,rate-high-supported-v1,blast-lite-lfp-gr-250ah-prismatic-2019-v1,blast-lite-b093495-250ah-prismatic-v1,PHYSICS_REFERENCE,NEAR_BOUNDARY,13.25,3975.0,3398.773522056333,0.7541407271618319
rate_high_supported,rate-high-supported-v1,blast-lite-lfp-gr-250ah-prismatic-2019-v1,blast-lite-b093495-250ah-prismatic-v1,PHYSICS_REFERENCE,NEAR_BOUNDARY,13.333333333333334,4000.0,3417.627040235379,0.753144343867586
rate_high_supported,rate-high-supported-v1,blast-lite-lfp-gr-250ah-prismatic-2019-v1,blast-lite-b093495-250ah-prismatic-v1,PHYSICS_REFERENCE,NEAR_BOUNDARY,13.416666666666666,4025.0,3436.4556488320686,0.7521511345853529
rate_high_supported,rate-high-supported-v1,blast-lite-lfp-gr-250ah-prismatic-2019-v1,blast-lite-b093495-250ah-prismatic-v1,PHYSICS_REFERENCE,NEAR_BOUNDARY,13.5,4050.0,3455.2594271967023,0.7511610777393187
rate_high_supported,rate-high-supported-v1,blast-lite-lfp-gr-250ah-prismatic-2019-v1,blast-lite-b093495-250ah-prismatic-v1,PHYSICS_REFERENCE,NEAR_BOUNDARY,13.583333333333334,4075.0,3474.0384541401854,0.750174152012466
rate_high_supported,rate-high-supported-v1,blast-lite-lfp-gr-250ah-prismatic-2019-v1,blast-lite-b093495-250ah-prismatic-v1,PHYSICS_REFERENCE,NEAR_BOUNDARY,13.666666666666666,4100.0,3492.792807940497,0.7491903363418941
rate_high_supported,rate-high-supported-v1,blast-lite-lfp-gr-250ah-prismatic-2019-v1,blast-lite-b093495-250ah-prismatic-v1,PHYSICS_REFERENCE,NEAR_BOUNDARY,13.75,4125.0,3511.522566349044,0.7482096099142552
rate_high_supported,rate-high-supported-v1,blast-lite-lfp-gr-250ah-prismatic-2019-v1,blast-lite-b093495-250ah-prismatic-v1,PHYSICS_REFERENCE,NEAR_BOUNDARY,13.833333333333334,4150.0,3530.2278065969003,0.7472319521612993
rate_high_supported,rate-high-supported-v1,blast-lite-lfp-gr-250ah-prismatic-2019-v1,blast-lite-b093495-250ah-prismatic-v1,PHYSICS_REFERENCE,NEAR_BOUNDARY,13.916666666666666,4175.0,3548.9086054009326,0.7462573427555274
rate_high_supported,rate-high-supported-v1,blast-lite-lfp-gr-250ah-prismatic-2019-v1,blast-lite-b093495-250ah-prismatic-v1,PHYSICS_REFERENCE,NEAR_BOUNDARY,14.0,4200.0,3567.5650389698208,0.7452857616059476
rate_high_supported,rate-high-supported-v1,blast-lite-lfp-gr-250ah-prismatic-2019-v1,blast-lite-b093495-250ah-prismatic-v1,PHYSICS_REFERENCE,NEAR_BOUNDARY,14.083333333333334,4225.0,3586.1971830099696,0.7443171888539339
rate_high_supported,rate-high-supported-v1,blast-lite-lfp-gr-250ah-prismatic-2019-v1,blast-lite-b093495-250ah-prismatic-v1,PHYSICS_REFERENCE,NEAR_BOUNDARY,14.166666666666666,4250.0,3604.805112731318,0.7433516048691802
rate_high_supported,rate-high-supported-v1,blast-lite-lfp-gr-250ah-prismatic-2019-v1,blast-lite-b093495-250ah-prismatic-v1,PHYSICS_REFERENCE,NEAR_BOUNDARY,14.25,4275.0,3623.3889028530475,0.7423889902457514
rate_high_supported,rate-high-supported-v1,blast-lite-lfp-gr-250ah-prismatic-2019-v1,blast-lite-b093495-250ah-prismatic-v1,PHYSICS_REFERENCE,NEAR_BOUNDARY,14.333333333333334,4300.0,3641.948627609191,0.7414293257982256
rate_high_supported,rate-high-supported-v1,blast-lite-lfp-gr-250ah-prismatic-2019-v1,blast-lite-b093495-250ah-prismatic-v1,PHYSICS_REFERENCE,NEAR_BOUNDARY,14.416666666666666,4325.0,3660.4843607541466,0.7404725925579253
rate_high_supported,rate-high-supported-v1,blast-lite-lfp-gr-250ah-prismatic-2019-v1,blast-lite-b093495-250ah-prismatic-v1,PHYSICS_REFERENCE,NEAR_BOUNDARY,14.5,4350.0,3678.9961755680947,0.739518771769237
rate_high_supported,rate-high-supported-v1,blast-lite-lfp-gr-250ah-prismatic-2019-v1,blast-lite-b093495-250ah-prismatic-v1,PHYSICS_REFERENCE,NEAR_BOUNDARY,14.583333333333334,4375.0,3697.4841448623256,0.7385678448860131
rate_high_supported,rate-high-supported-v1,blast-lite-lfp-gr-250ah-prismatic-2019-v1,blast-lite-b093495-250ah-prismatic-v1,PHYSICS_REFERENCE,NEAR_BOUNDARY,14.666666666666666,4400.0,3715.948340984476,0.7376197935680573
rate_high_supported,rate-high-supported-v1,blast-lite-lfp-gr-250ah-prismatic-2019-v1,blast-lite-b093495-250ah-prismatic-v1,PHYSICS_REFERENCE,NEAR_BOUNDARY,14.75,4425.0,3734.3888358236777,0.7366745996776884
rate_high_supported,rate-high-supported-v1,blast-lite-lfp-gr-250ah-prismatic-2019-v1,blast-lite-b093495-250ah-prismatic-v1,PHYSICS_REFERENCE,NEAR_BOUNDARY,14.833333333333334,4450.0,3752.8057008156197,0.7357322452763826
rate_high_supported,rate-high-supported-v1,blast-lite-lfp-gr-250ah-prismatic-2019-v1,blast-lite-b093495-250ah-prismatic-v1,PHYSICS_REFERENCE,NEAR_BOUNDARY,14.916666666666666,4475.0,3771.199006947529,0.734792712621489
rate_high_supported,rate-high-supported-v1,blast-lite-lfp-gr-250ah-prismatic-2019-v1,blast-lite-b093495-250ah-prismatic-v1,PHYSICS_REFERENCE,NEAR_BOUNDARY,15.0,4500.0,3789.5688247630665,0.7338559841630209
rate_high_supported,rate-high-supported-v1,blast-lite-lfp-gr-250ah-prismatic-2019-v1,blast-lite-b093495-250ah-prismatic-v1,PHYSICS_REFERENCE,NEAR_BOUNDARY,15.083333333333334,4525.0,3807.915224367142,0.7329220425405136
rate_high_supported,rate-high-supported-v1,blast-lite-lfp-gr-250ah-prismatic-2019-v1,blast-lite-b093495-250ah-prismatic-v1,PHYSICS_REFERENCE,NEAR_BOUNDARY,15.166666666666666,4550.0,3826.238275430655,0.731990870579958
rate_high_supported,rate-high-supported-v1,blast-lite-lfp-gr-250ah-prismatic-2019-v1,blast-lite-b093495-250ah-prismatic-v1,PHYSICS_REFERENCE,NEAR_BOUNDARY,15.25,4575.0,3844.538047195154,0.731062451290794
rate_high_supported,rate-high-supported-v1,blast-lite-lfp-gr-250ah-prismatic-2019-v1,blast-lite-b093495-250ah-prismatic-v1,PHYSICS_REFERENCE,NEAR_BOUNDARY,15.333333333333334,4600.0,3862.814608477424,0.7301367678629734
rate_high_supported,rate-high-supported-v1,blast-lite-lfp-gr-250ah-prismatic-2019-v1,blast-lite-b093495-250ah-prismatic-v1,PHYSICS_REFERENCE,NEAR_BOUNDARY,15.416666666666666,4625.0,3881.068027673998,0.7292138036640855
rate_high_supported,rate-high-supported-v1,blast-lite-lfp-gr-250ah-prismatic-2019-v1,blast-lite-b093495-250ah-prismatic-v1,PHYSICS_REFERENCE,NEAR_BOUNDARY,15.5,4650.0,3899.2983727656,0.7282935422365434
rate_high_supported,rate-high-supported-v1,blast-lite-lfp-gr-250ah-prismatic-2019-v1,blast-lite-b093495-250ah-prismatic-v1,PHYSICS_REFERENCE,NEAR_BOUNDARY,15.583333333333334,4675.0,3917.505711321514,0.7273759672948321
rate_high_supported,rate-high-supported-v1,blast-lite-lfp-gr-250ah-prismatic-2019-v1,blast-lite-b093495-250ah-prismatic-v1,PHYSICS_REFERENCE,NEAR_BOUNDARY,15.666666666666666,4700.0,3935.6901105038846,0.7264610627228127
rate_high_supported,rate-high-supported-v1,blast-lite-lfp-gr-250ah-prismatic-2019-v1,blast-lite-b093495-250ah-prismatic-v1,PHYSICS_REFERENCE,NEAR_BOUNDARY,15.75,4725.0,3953.851637071955,0.7255488125710866
rate_high_supported,rate-high-supported-v1,blast-lite-lfp-gr-250ah-prismatic-2019-v1,blast-lite-b093495-250ah-prismatic-v1,PHYSICS_REFERENCE,NEAR_BOUNDARY,15.833333333333334,4750.0,3971.990357386232,0.724639201054412
rate_high_supported,rate-high-supported-v1,blast-lite-lfp-gr-250ah-prismatic-2019-v1,blast-lite-b093495-250ah-prismatic-v1,PHYSICS_REFERENCE,NEAR_BOUNDARY,15.916666666666666,4775.0,3990.1063374125924,0.7237322125491762
rate_high_supported,rate-high-supported-v1,blast-lite-lfp-gr-250ah-prismatic-2019-v1,blast-lite-b093495-250ah-prismatic-v1,PHYSICS_REFERENCE,NEAR_BOUNDARY,16.0,4800.0,4008.199642726322,0.7228278315909193
rate_high_supported,rate-high-supported-v1,blast-lite-lfp-gr-250ah-prismatic-2019-v1,blast-lite-b093495-250ah-prismatic-v1,PHYSICS_REFERENCE,NEAR_BOUNDARY,16.083333333333332,4825.0,4026.270338516095,0.7219260428719109
rate_high_supported,rate-high-supported-v1,blast-lite-lfp-gr-250ah-prismatic-2019-v1,blast-lite-b093495-250ah-prismatic-v1,PHYSICS_REFERENCE,NEAR_BOUNDARY,16.166666666666668,4850.0,4044.3184895878926,0.7210268312387735
rate_high_supported,rate-high-supported-v1,blast-lite-lfp-gr-250ah-prismatic-2019-v1,blast-lite-b093495-250ah-prismatic-v1,PHYSICS_REFERENCE,NEAR_BOUNDARY,16.25,4875.0,4062.344160368862,0.7201301816901577
rate_high_supported,rate-high-supported-v1,blast-lite-lfp-gr-250ah-prismatic-2019-v1,blast-lite-b093495-250ah-prismatic-v1,PHYSICS_REFERENCE,NEAR_BOUNDARY,16.333333333333332,4900.0,4080.347414911116,0.7192360793744624
rate_high_supported,rate-high-supported-v1,blast-lite-lfp-gr-250ah-prismatic-2019-v1,blast-lite-b093495-250ah-prismatic-v1,PHYSICS_REFERENCE,NEAR_BOUNDARY,16.416666666666668,4925.0,4098.328316895478,0.7183445095876022
rate_high_supported,rate-high-supported-v1,blast-lite-lfp-gr-250ah-prismatic-2019-v1,blast-lite-b093495-250ah-prismatic-v1,PHYSICS_REFERENCE,NEAR_BOUNDARY,16.5,4950.0,4116.286929635167,0.7174554577708192
rate_high_supported,rate-high-supported-v1,blast-lite-lfp-gr-250ah-prismatic-2019-v1,blast-lite-b093495-250ah-prismatic-v1,PHYSICS_REFERENCE,NEAR_BOUNDARY,16.583333333333332,4975.0,4134.223316079438,0.7165689095085386
rate_high_supported,rate-high-supported-v1,blast-lite-lfp-gr-250ah-prismatic-2019-v1,blast-lite-b093495-250ah-prismatic-v1,PHYSICS_REFERENCE,NEAR_BOUNDARY,16.666666666666668,5000.0,4152.137538817151,0.715684850526267
rate_high_supported,rate-high-supported-v1,blast-lite-lfp-gr-250ah-prismatic-2019-v1,blast-lite-b093495-250ah-prismatic-v1,PHYSICS_REFERENCE,NEAR_BOUNDARY,16.75,5025.0,4170.029660080308,0.7148032666885327
rate_high_supported,rate-high-supported-v1,blast-lite-lfp-gr-250ah-prismatic-2019-v1,blast-lite-b093495-250ah-prismatic-v1,PHYSICS_REFERENCE,NEAR_BOUNDARY,16.833333333333332,5050.0,4187.899741747521,0.7139241439968664
rate_high_supported,rate-high-supported-v1,blast-lite-lfp-gr-250ah-prismatic-2019-v1,blast-lite-b093495-250ah-prismatic-v1,PHYSICS_REFERENCE,NEAR_BOUNDARY,16.916666666666668,5075.0,4205.747845347443,0.7130474685878201
rate_high_supported,rate-high-supported-v1,blast-lite-lfp-gr-250ah-prismatic-2019-v1,blast-lite-b093495-250ah-prismatic-v1,PHYSICS_REFERENCE,NEAR_BOUNDARY,17.0,5100.0,4223.574032062139,0.712173226731027
rate_high_supported,rate-high-supported-v1,blast-lite-lfp-gr-250ah-prismatic-2019-v1,blast-lite-b093495-250ah-prismatic-v1,PHYSICS_REFERENCE,NEAR_BOUNDARY,17.083333333333332,5125.0,4241.378362730415,0.711301404827297
rate_high_supported,rate-high-supported-v1,blast-lite-lfp-gr-250ah-prismatic-2019-v1,blast-lite-b093495-250ah-prismatic-v1,PHYSICS_REFERENCE,NEAR_BOUNDARY,17.166666666666668,5150.0,4259.160897851097,0.7104319894067472
rate_high_supported,rate-high-supported-v1,blast-lite-lfp-gr-250ah-prismatic-2019-v1,blast-lite-b093495-250ah-prismatic-v1,PHYSICS_REFERENCE,NEAR_BOUNDARY,17.25,5175.0,4276.9216975862655,0.7095649671269789
rate_high_supported,rate-high-supported-v1,blast-lite-lfp-gr-250ah-prismatic-2019-v1,blast-lite-b093495-250ah-prismatic-v1,PHYSICS_REFERENCE,NEAR_BOUNDARY,17.333333333333332,5200.0,4294.66082176444,0.7087003247712728
rate_high_supported,rate-high-supported-v1,blast-lite-lfp-gr-250ah-prismatic-2019-v1,blast-lite-b093495-250ah-prismatic-v1,PHYSICS_REFERENCE,NEAR_BOUNDARY,17.416666666666668,5225.0,4312.378329883722,0.7078380492468297
rate_high_supported,rate-high-supported-v1,blast-lite-lfp-gr-250ah-prismatic-2019-v1,blast-lite-b093495-250ah-prismatic-v1,PHYSICS_REFERENCE,NEAR_BOUNDARY,17.5,5250.0,4330.074281114892,0.7069781275830422
rate_high_supported,rate-high-supported-v1,blast-lite-lfp-gr-250ah-prismatic-2019-v1,blast-lite-b093495-250ah-prismatic-v1,PHYSICS_REFERENCE,NEAR_BOUNDARY,17.583333333333332,5275.0,4347.748734304468,0.706120546929798
rate_high_supported,rate-high-supported-v1,blast-lite-lfp-gr-250ah-prismatic-2019-v1,blast-lite-b093495-250ah-prismatic-v1,PHYSICS_REFERENCE,NEAR_BOUNDARY,17.666666666666668,5300.0,4365.401747977713,0.7052652945558147
rate_high_supported,rate-high-supported-v1,blast-lite-lfp-gr-250ah-prismatic-2019-v1,blast-lite-b093495-250ah-prismatic-v1,PHYSICS_REFERENCE,NEAR_BOUNDARY,17.75,5325.0,4383.033380341609,0.7044123578470071
rate_high_supported,rate-high-supported-v1,blast-lite-lfp-gr-250ah-prismatic-2019-v1,blast-lite-b093495-250ah-prismatic-v1,PHYSICS_REFERENCE,NEAR_BOUNDARY,17.833333333333332,5350.0,4400.643689287784,0.7035617243048834
rate_high_supported,rate-high-supported-v1,blast-lite-lfp-gr-250ah-prismatic-2019-v1,blast-lite-b093495-250ah-prismatic-v1,PHYSICS_REFERENCE,NEAR_BOUNDARY,17.916666666666668,5375.0,4418.232732395406,0.7027133815449715
rate_high_supported,rate-high-supported-v1,blast-lite-lfp-gr-250ah-prismatic-2019-v1,blast-lite-b093495-250ah-prismatic-v1,PHYSICS_REFERENCE,NEAR_BOUNDARY,18.0,5400.0,4435.80056693403,0.7018673172952741
rate_high_supported,rate-high-supported-v1,blast-lite-lfp-gr-250ah-prismatic-2019-v1,blast-lite-b093495-250ah-prismatic-v1,PHYSICS_REFERENCE,NEAR_BOUNDARY,18.083333333333332,5425.0,4453.347249866412,0.7010235193947518
rate_high_supported,rate-high-supported-v1,blast-lite-lfp-gr-250ah-prismatic-2019-v1,blast-lite-b093495-250ah-prismatic-v1,PHYSICS_REFERENCE,NEAR_BOUNDARY,18.166666666666668,5450.0,4470.8728378512815,0.7001819757918339
rate_high_supported,rate-high-supported-v1,blast-lite-lfp-gr-250ah-prismatic-2019-v1,blast-lite-b093495-250ah-prismatic-v1,PHYSICS_REFERENCE,NEAR_BOUNDARY,18.25,5475.0,4488.377387246077,0.6993426745429572
rate_high_supported,rate-high-supported-v1,blast-lite-lfp-gr-250ah-prismatic-2019-v1,blast-lite-b093495-250ah-prismatic-v1,PHYSICS_REFERENCE,NEAR_BOUNDARY,18.333333333333332,5500.0,4505.860954109651,0.698505603811128
rate_high_supported,rate-high-supported-v1,blast-lite-lfp-gr-250ah-prismatic-2019-v1,blast-lite-b093495-250ah-prismatic-v1,PHYSICS_REFERENCE,NEAR_BOUNDARY,18.416666666666668,5525.0,4523.32359420493,0.6976707518645142
rate_high_supported,rate-high-supported-v1,blast-lite-lfp-gr-250ah-prismatic-2019-v1,blast-lite-b093495-250ah-prismatic-v1,PHYSICS_REFERENCE,NEAR_BOUNDARY,18.5,5550.0,4540.765363001542,0.6968381070750584
rate_high_supported,rate-high-supported-v1,blast-lite-lfp-gr-250ah-prismatic-2019-v1,blast-lite-b093495-250ah-prismatic-v1,PHYSICS_REFERENCE,NEAR_BOUNDARY,18.583333333333332,5575.0,4558.186315678418,0.696007657917119
rate_high_supported,rate-high-supported-v1,blast-lite-lfp-gr-250ah-prismatic-2019-v1,blast-lite-b093495-250ah-prismatic-v1,PHYSICS_REFERENCE,NEAR_BOUNDARY,18.666666666666668,5600.0,4575.586507126346,0.6951793929661321
rate_high_supported,rate-high-supported-v1,blast-lite-lfp-gr-250ah-prismatic-2019-v1,blast-lite-b093495-250ah-prismatic-v1,PHYSICS_REFERENCE,NEAR_BOUNDARY,18.75,5625.0,4592.965991950499,0.6943533008972995
rate_high_supported,rate-high-supported-v1,blast-lite-lfp-gr-250ah-prismatic-2019-v1,blast-lite-b093495-250ah-prismatic-v1,PHYSICS_REFERENCE,NEAR_BOUNDARY,18.833333333333332,5650.0,4610.324824472932,0.6935293704842993
rate_high_supported,rate-high-supported-v1,blast-lite-lfp-gr-250ah-prismatic-2019-v1,blast-lite-b093495-250ah-prismatic-v1,PHYSICS_REFERENCE,NEAR_BOUNDARY,18.916666666666668,5675.0,4627.663058735039,0.6927075905980162
rate_high_supported,rate-high-supported-v1,blast-lite-lfp-gr-250ah-prismatic-2019-v1,blast-lite-b093495-250ah-prismatic-v1,PHYSICS_REFERENCE,NEAR_BOUNDARY,19.0,5700.0,4644.980748499989,0.6918879502052988
rate_high_supported,rate-high-supported-v1,blast-lite-lfp-gr-250ah-prismatic-2019-v1,blast-lite-b093495-250ah-prismatic-v1,PHYSICS_REFERENCE,NEAR_BOUNDARY,19.083333333333332,5725.0,4662.277947255122,0.6910704383677329
rate_high_supported,rate-high-supported-v1,blast-lite-lfp-gr-250ah-prismatic-2019-v1,blast-lite-b093495-250ah-prismatic-v1,PHYSICS_REFERENCE,NEAR_BOUNDARY,19.166666666666668,5750.0,4679.554708214315,0.6902550442404398
rate_high_supported,rate-high-supported-v1,blast-lite-lfp-gr-250ah-prismatic-2019-v1,blast-lite-b093495-250ah-prismatic-v1,PHYSICS_REFERENCE,NEAR_BOUNDARY,19.25,5775.0,4696.811084320326,0.6894417570708942
rate_high_supported,rate-high-supported-v1,blast-lite-lfp-gr-250ah-prismatic-2019-v1,blast-lite-b093495-250ah-prismatic-v1,PHYSICS_REFERENCE,NEAR_BOUNDARY,19.333333333333332,5800.0,4714.047128247098,0.6886305661977603
rate_high_supported,rate-high-supported-v1,blast-lite-lfp-gr-250ah-prismatic-2019-v1,blast-lite-b093495-250ah-prismatic-v1,PHYSICS_REFERENCE,NEAR_BOUNDARY,19.416666666666668,5825.0,4731.262892402042,0.6878214610497506
rate_high_supported,rate-high-supported-v1,blast-lite-lfp-gr-250ah-prismatic-2019-v1,blast-lite-b093495-250ah-prismatic-v1,PHYSICS_REFERENCE,NEAR_BOUNDARY,19.5,5850.0,4748.458428928286,0.6870144311445019
rate_high_supported,rate-high-supported-v1,blast-lite-lfp-gr-250ah-prismatic-2019-v1,blast-lite-b093495-250ah-prismatic-v1,PHYSICS_REFERENCE,NEAR_BOUNDARY,19.583333333333332,5875.0,4765.633789706898,0.6862094660874702
rate_high_supported,rate-high-supported-v1,blast-lite-lfp-gr-250ah-prismatic-2019-v1,blast-lite-b093495-250ah-prismatic-v1,PHYSICS_REFERENCE,NEAR_BOUNDARY,19.666666666666668,5900.0,4782.789026359084,0.6854065555708461
rate_high_supported,rate-high-supported-v1,blast-lite-lfp-gr-250ah-prismatic-2019-v1,blast-lite-b093495-250ah-prismatic-v1,PHYSICS_REFERENCE,NEAR_BOUNDARY,19.75,5925.0,4799.924190248355,0.6846056893724852
rate_high_supported,rate-high-supported-v1,blast-lite-lfp-gr-250ah-prismatic-2019-v1,blast-lite-b093495-250ah-prismatic-v1,PHYSICS_REFERENCE,NEAR_BOUNDARY,19.833333333333332,5950.0,4817.039332482667,0.683806857354859
rate_high_supported,rate-high-supported-v1,blast-lite-lfp-gr-250ah-prismatic-2019-v1,blast-lite-b093495-250ah-prismatic-v1,PHYSICS_REFERENCE,NEAR_BOUNDARY,19.916666666666668,5975.0,4834.134503916539,0.6830100494640212
rate_high_supported,rate-high-supported-v1,blast-lite-lfp-gr-250ah-prismatic-2019-v1,blast-lite-b093495-250ah-prismatic-v1,PHYSICS_REFERENCE,NEAR_BOUNDARY,20.0,6000.0,4851.20975515314,0.6822152557285919
rate_high_supported,rate-high-supported-v1,blast-lite-lfp-gr-250ah-prismatic-2019-v1,blast-lite-b093495-250ah-prismatic-v1,PHYSICS_REFERENCE,NEAR_BOUNDARY,20.083333333333332,6025.0,4868.265136546354,0.6814224662587585
rate_high_supported,rate-high-supported-v1,blast-lite-lfp-gr-250ah-prismatic-2019-v1,blast-lite-b093495-250ah-prismatic-v1,PHYSICS_REFERENCE,NEAR_BOUNDARY,20.166666666666668,6050.0,4885.300698202824,0.6806316712452922
rate_high_supported,rate-high-supported-v1,blast-lite-lfp-gr-250ah-prismatic-2019-v1,blast-lite-b093495-250ah-prismatic-v1,PHYSICS_REFERENCE,NEAR_BOUNDARY,20.25,6075.0,4902.316489983956,0.6798428609585809
rate_high_supported,rate-high-supported-v1,blast-lite-lfp-gr-250ah-prismatic-2019-v1,blast-lite-b093495-250ah-prismatic-v1,PHYSICS_REFERENCE,NEAR_BOUNDARY,20.333333333333332,6100.0,4919.312561507921,0.6790560257476778
rate_high_supported,rate-high-supported-v1,blast-lite-lfp-gr-250ah-prismatic-2019-v1,blast-lite-b093495-250ah-prismatic-v1,PHYSICS_REFERENCE,NEAR_BOUNDARY,20.416666666666668,6125.0,4936.288962151612,0.678271156039365
rate_high_supported,rate-high-supported-v1,blast-lite-lfp-gr-250ah-prismatic-2019-v1,blast-lite-b093495-250ah-prismatic-v1,PHYSICS_REFERENCE,NEAR_BOUNDARY,20.5,6150.0,4953.245741052597,0.6774882423372326
rate_high_supported,rate-high-supported-v1,blast-lite-lfp-gr-250ah-prismatic-2019-v1,blast-lite-b093495-250ah-prismatic-v1,PHYSICS_REFERENCE,NEAR_BOUNDARY,20.583333333333332,6175.0,4970.182947111028,0.676707275220771
rate_high_supported,rate-high-supported-v1,blast-lite-lfp-gr-250ah-prismatic-2019-v1,blast-lite-b093495-250ah-prismatic-v1,PHYSICS_REFERENCE,NEAR_BOUNDARY,20.666666666666668,6200.0,4987.100628991547,0.6759282453444805
rate_high_supported,rate-high-supported-v1,blast-lite-lfp-gr-250ah-prismatic-2019-v1,blast-lite-b093495-250ah-prismatic-v1,PHYSICS_REFERENCE,NEAR_BOUNDARY,20.75,6225.0,5003.998835125159,0.6751511434369912
rate_high_supported,rate-high-supported-v1,blast-lite-lfp-gr-250ah-prismatic-2019-v1,blast-lite-b093495-250ah-prismatic-v1,PHYSICS_REFERENCE,NEAR_BOUNDARY,20.833333333333332,6250.0,5020.8776137110835,0.6743759603002002
rate_high_supported,rate-high-supported-v1,blast-lite-lfp-gr-250ah-prismatic-2019-v1,blast-lite-b093495-250ah-prismatic-v1,PHYSICS_REFERENCE,NEAR_BOUNDARY,20.916666666666668,6275.0,5037.737012718589,0.6736026868084202
rate_high_supported,rate-high-supported-v1,blast-lite-lfp-gr-250ah-prismatic-2019-v1,blast-lite-b093495-250ah-prismatic-v1,PHYSICS_REFERENCE,NEAR_BOUNDARY,21.0,6300.0,5054.577079888799,0.6728313139075424
rate_high_supported,rate-high-supported-v1,blast-lite-lfp-gr-250ah-prismatic-2019-v1,blast-lite-b093495-250ah-prismatic-v1,PHYSICS_REFERENCE,NEAR_BOUNDARY,21.083333333333332,6325.0,5071.397862736488,0.6720618326142116
rate_high_supported,rate-high-supported-v1,blast-lite-lfp-gr-250ah-prismatic-2019-v1,blast-lite-b093495-250ah-prismatic-v1,PHYSICS_REFERENCE,NEAR_BOUNDARY,21.166666666666668,6350.0,5088.199408551843,0.6712942340150146
rate_high_supported,rate-high-supported-v1,blast-lite-lfp-gr-250ah-prismatic-2019-v1,blast-lite-b093495-250ah-prismatic-v1,PHYSICS_REFERENCE,NEAR_BOUNDARY,21.25,6375.0,5104.981764402218,0.6705285092656816
rate_high_supported,rate-high-supported-v1,blast-lite-lfp-gr-250ah-prismatic-2019-v1,blast-lite-b093495-250ah-prismatic-v1,PHYSICS_REFERENCE,NEAR_BOUNDARY,21.333333333333332,6400.0,5121.74497713386,0.6697646495902988
rate_high_supported,rate-high-supported-v1,blast-lite-lfp-gr-250ah-prismatic-2019-v1,blast-lite-b093495-250ah-prismatic-v1,PHYSICS_REFERENCE,NEAR_BOUNDARY,21.416666666666668,6425.0,5138.489093373617,0.6690026462805334
rate_high_supported,rate-high-supported-v1,blast-lite-lfp-gr-250ah-prismatic-2019-v1,blast-lite-b093495-250ah-prismatic-v1,PHYSICS_REFERENCE,NEAR_BOUNDARY,21.5,6450.0,5155.21415953063,0.6682424906948707
rate_high_supported,rate-high-supported-v1,blast-lite-lfp-gr-250ah-prismatic-2019-v1,blast-lite-b093495-250ah-prismatic-v1,PHYSICS_REFERENCE,NEAR_BOUNDARY,21.583333333333332,6475.0,5171.920221798002,0.6674841742578634
rate_high_supported,rate-high-supported-v1,blast-lite-lfp-gr-250ah-prismatic-2019-v1,blast-lite-b093495-250ah-prismatic-v1,PHYSICS_REFERENCE,NEAR_BOUNDARY,21.666666666666668,6500.0,5188.607326154449,0.6667276884593898
rate_high_supported,rate-high-supported-v1,blast-lite-lfp-gr-250ah-prismatic-2019-v1,blast-lite-b093495-250ah-prismatic-v1,PHYSICS_REFERENCE,NEAR_BOUNDARY,21.75,6525.0,5205.275518365934,0.6659730248539264
rate_high_supported,rate-high-supported-v1,blast-lite-lfp-gr-250ah-prismatic-2019-v1,blast-lite-b093495-250ah-prismatic-v1,PHYSICS_REFERENCE,NEAR_BOUNDARY,21.833333333333332,6550.0,5221.924843987282,0.6652201750598288
rate_high_supported,rate-high-supported-v1,blast-lite-lfp-gr-250ah-prismatic-2019-v1,blast-lite-b093495-250ah-prismatic-v1,PHYSICS_REFERENCE,NEAR_BOUNDARY,21.916666666666668,6575.0,5238.555348363778,0.6644691307586248
rate_high_supported,rate-high-supported-v1,blast-lite-lfp-gr-250ah-prismatic-2019-v1,blast-lite-b093495-250ah-prismatic-v1,PHYSICS_REFERENCE,NEAR_BOUNDARY,22.0,6600.0,5255.167076632743,0.6637198836943177
rate_high_supported,rate-high-supported-v1,blast-lite-lfp-gr-250ah-prismatic-2019-v1,blast-lite-b093495-250ah-prismatic-v1,PHYSICS_REFERENCE,NEAR_BOUNDARY,22.083333333333332,6625.0,5271.760073725101,0.6629724256726992
rate_high_supported,rate-high-supported-v1,blast-lite-lfp-gr-250ah-prismatic-2019-v1,blast-lite-b093495-250ah-prismatic-v1,PHYSICS_REFERENCE,NEAR_BOUNDARY,22.166666666666668,6650.0,5288.334384366919,0.6622267485606739
rate_high_supported,rate-high-supported-v1,blast-lite-lfp-gr-250ah-prismatic-2019-v1,blast-lite-b093495-250ah-prismatic-v1,PHYSICS_REFERENCE,NEAR_BOUNDARY,22.25,6675.0,5304.890053080936,0.6614828442855916
rate_high_supported,rate-high-supported-v1,blast-lite-lfp-gr-250ah-prismatic-2019-v1,blast-lite-b093495-250ah-prismatic-v1,PHYSICS_REFERENCE,NEAR_BOUNDARY,22.333333333333332,6700.0,5321.427124188076,0.6607407048345917
rate_high_supported,rate-high-supported-v1,blast-lite-lfp-gr-250ah-prismatic-2019-v1,blast-lite-b093495-250ah-prismatic-v1,PHYSICS_REFERENCE,NEAR_BOUNDARY,22.416666666666668,6725.0,5337.945641808941,0.6600003222539557
rate_high_supported,rate-high-supported-v1,blast-lite-lfp-gr-250ah-prismatic-2019-v1,blast-lite-b093495-250ah-prismatic-v1,PHYSICS_REFERENCE,NEAR_BOUNDARY,22.5,6750.0,5354.44564986529,0.6592616886484697
rate_high_supported,rate-high-supported-v1,blast-lite-lfp-gr-250ah-prismatic-2019-v1,blast-lite-b093495-250ah-prismatic-v1,PHYSICS_REFERENCE,NEAR_BOUNDARY,22.583333333333332,6775.0,5370.927192081502,0.6585247961807951
rate_high_supported,rate-high-supported-v1,blast-lite-lfp-gr-250ah-prismatic-2019-v1,blast-lite-b093495-250ah-prismatic-v1,PHYSICS_REFERENCE,NEAR_BOUNDARY,22.666666666666668,6800.0,5387.3903119860215,0.6577896370708503
rate_high_supported,rate-high-supported-v1,blast-lite-lfp-gr-250ah-prismatic-2019-v1,blast-lite-b093495-250ah-prismatic-v1,PHYSICS_REFERENCE,NEAR_BOUNDARY,22.75,6825.0,5403.835052912793,0.6570562035951991
rate_high_supported,rate-high-supported-v1,blast-lite-lfp-gr-250ah-prismatic-2019-v1,blast-lite-b093495-250ah-prismatic-v1,PHYSICS_REFERENCE,NEAR_BOUNDARY,22.833333333333332,6850.0,5420.261458002673,0.6563244880864498
rate_high_supported,rate-high-supported-v1,blast-lite-lfp-gr-250ah-prismatic-2019-v1,blast-lite-b093495-250ah-prismatic-v1,PHYSICS_REFERENCE,NEAR_BOUNDARY,22.916666666666668,6875.0,5436.669570204835,0.6555944829326616
rate_high_supported,rate-high-supported-v1,blast-lite-lfp-gr-250ah-prismatic-2019-v1,blast-lite-b093495-250ah-prismatic-v1,PHYSICS_REFERENCE,NEAR_BOUNDARY,23.0,6900.0,5453.059432278151,0.6548661805767593
rate_high_supported,rate-high-supported-v1,blast-lite-lfp-gr-250ah-prismatic-2019-v1,blast-lite-b093495-250ah-prismatic-v1,PHYSICS_REFERENCE,NEAR_BOUNDARY,23.083333333333332,6925.0,5469.43108679257,0.6541395735159576
rate_high_supported,rate-high-supported-v1,blast-lite-lfp-gr-250ah-prismatic-2019-v1,blast-lite-b093495-250ah-prismatic-v1,PHYSICS_REFERENCE,NEAR_BOUNDARY,23.166666666666668,6950.0,5485.784576130469,0.653414654301192
rate_high_supported,rate-high-supported-v1,blast-lite-lfp-gr-250ah-prismatic-2019-v1,blast-lite-b093495-250ah-prismatic-v1,PHYSICS_REFERENCE,NEAR_BOUNDARY,23.25,6975.0,5502.119942487999,0.6526914155365591
rate_high_supported,rate-high-supported-v1,blast-lite-lfp-gr-250ah-prismatic-2019-v1,blast-lite-b093495-250ah-prismatic-v1,PHYSICS_REFERENCE,NEAR_BOUNDARY,23.333333333333332,7000.0,5518.437227876413,0.6519698498787628
rate_high_supported,rate-high-supported-v1,blast-lite-lfp-gr-250ah-prismatic-2019-v1,blast-lite-b093495-250ah-prismatic-v1,PHYSICS_REFERENCE,NEAR_BOUNDARY,23.416666666666668,7025.0,5534.736474123382,0.6512499500365709
rate_high_supported,rate-high-supported-v1,blast-lite-lfp-gr-250ah-prismatic-2019-v1,blast-lite-b093495-250ah-prismatic-v1,PHYSICS_REFERENCE,NEAR_BOUNDARY,23.5,7050.0,5551.017722874297,0.6505317087702767
rate_high_supported,rate-high-supported-v1,blast-lite-lfp-gr-250ah-prismatic-2019-v1,blast-lite-b093495-250ah-prismatic-v1,PHYSICS_REFERENCE,NEAR_BOUNDARY,23.583333333333332,7075.0,5567.281015593554,0.6498151188911692
rate_high_supported,rate-high-supported-v1,blast-lite-lfp-gr-250ah-prismatic-2019-v1,blast-lite-b093495-250ah-prismatic-v1,PHYSICS_REFERENCE,NEAR_BOUNDARY,23.666666666666668,7100.0,5583.526393565833,0.6491001732610111
rate_high_supported,rate-high-supported-v1,blast-lite-lfp-gr-250ah-prismatic-2019-v1,blast-lite-b093495-250ah-prismatic-v1,PHYSICS_REFERENCE,NEAR_BOUNDARY,23.75,7125.0,5599.753897897358,0.6483868647915227
rate_high_supported,rate-high-supported-v1,blast-lite-lfp-gr-250ah-prismatic-2019-v1,blast-lite-b093495-250ah-prismatic-v1,PHYSICS_REFERENCE,NEAR_BOUNDARY,23.833333333333332,7150.0,5615.963569517146,0.6476751864438739
rate_high_supported,rate-high-supported-v1,blast-lite-lfp-gr-250ah-prismatic-2019-v1,blast-lite-b093495-250ah-prismatic-v1,PHYSICS_REFERENCE,NEAR_BOUNDARY,23.916666666666668,7175.0,5632.1554491782435,0.6469651312281828
rate_high_supported,rate-high-supported-v1,blast-lite-lfp-gr-250ah-prismatic-2019-v1,blast-lite-b093495-250ah-prismatic-v1,PHYSICS_REFERENCE,NEAR_BOUNDARY,24.0,7200.0,5648.329577458948,0.6462566922030204
rate_high_supported,rate-high-supported-v1,blast-lite-lfp-gr-250ah-prismatic-2019-v1,blast-lite-b093495-250ah-prismatic-v1,PHYSICS_REFERENCE,NEAR_BOUNDARY,24.083333333333332,7225.0,5664.485994764023,0.6455498624749239
rate_high_supported,rate-high-supported-v1,blast-lite-lfp-gr-250ah-prismatic-2019-v1,blast-lite-b093495-250ah-prismatic-v1,PHYSICS_REFERENCE,NEAR_BOUNDARY,24.166666666666668,7250.0,5680.624741325896,0.6448446351979142
rate_high_supported,rate-high-supported-v1,blast-lite-lfp-gr-250ah-prismatic-2019-v1,blast-lite-b093495-250ah-prismatic-v1,PHYSICS_REFERENCE,NEAR_BOUNDARY,24.25,7275.0,5696.745857205844,0.6441410035730215
rate_high_supported,rate-high-supported-v1,blast-lite-lfp-gr-250ah-prismatic-2019-v1,blast-lite-b093495-250ah-prismatic-v1,PHYSICS_REFERENCE,NEAR_BOUNDARY,24.333333333333332,7300.0,5712.84938229517,0.6434389608478168
rate_high_supported,rate-high-supported-v1,blast-lite-lfp-gr-250ah-prismatic-2019-v1,blast-lite-b093495-250ah-prismatic-v1,PHYSICS_REFERENCE,NEAR_BOUNDARY,24.416666666666668,7325.0,5728.935356316365,0.6427385003159494
rate_high_supported,rate-high-supported-v1,blast-lite-lfp-gr-250ah-prismatic-2019-v1,blast-lite-b093495-250ah-prismatic-v1,PHYSICS_REFERENCE,NEAR_BOUNDARY,24.5,7350.0,5745.003818824263,0.642039615316691
rate_high_supported,rate-high-supported-v1,blast-lite-lfp-gr-250ah-prismatic-2019-v1,blast-lite-b093495-250ah-prismatic-v1,PHYSICS_REFERENCE,NEAR_BOUNDARY,24.583333333333332,7375.0,5761.05480920718,0.6413422992344853
rate_high_supported,rate-high-supported-v1,blast-lite-lfp-gr-250ah-prismatic-2019-v1,blast-lite-b093495-250ah-prismatic-v1,PHYSICS_REFERENCE,NEAR_BOUNDARY,24.666666666666668,7400.0,5777.088366688043,0.6406465454985044
rate_high_supported,rate-high-supported-v1,blast-lite-lfp-gr-250ah-prismatic-2019-v1,blast-lite-b093495-250ah-prismatic-v1,PHYSICS_REFERENCE,NEAR_BOUNDARY,24.75,7425.0,5793.104530325505,0.63995234758221
rate_high_supported,rate-high-supported-v1,blast-lite-lfp-gr-250ah-prismatic-2019-v1,blast-lite-b093495-250ah-prismatic-v1,PHYSICS_REFERENCE,NEAR_BOUNDARY,24.833333333333332,7450.0,5809.103339015061,0.6392596990029207
rate_high_supported,rate-high-supported-v1,blast-lite-lfp-gr-250ah-prismatic-2019-v1,blast-lite-b093495-250ah-prismatic-v1,PHYSICS_REFERENCE,NEAR_BOUNDARY,24.916666666666668,7475.0,5825.084831490133,0.6385685933213858
rate_high_supported,rate-high-supported-v1,blast-lite-lfp-gr-250ah-prismatic-2019-v1,blast-lite-b093495-250ah-prismatic-v1,PHYSICS_REFERENCE,NEAR_BOUNDARY,25.0,7500.0,5841.049046323168,0.6378790241413633
high_frequency,high-frequency-v1,blast-lite-lfp-gr-250ah-prismatic-2019-v1,blast-lite-b093495-250ah-prismatic-v1,PHYSICS_REFERENCE,NEAR_BOUNDARY,0.0,0.0,0.0,1.0
high_frequency,high-frequency-v1,blast-lite-lfp-gr-250ah-prismatic-2019-v1,blast-lite-b093495-250ah-prismatic-v1,PHYSICS_REFERENCE,NEAR_BOUNDARY,0.08333333333333333,33.333333333333336,33.33333333333332,0.9943140524499272
high_frequency,high-frequency-v1,blast-lite-lfp-gr-250ah-prismatic-2019-v1,blast-lite-b093495-250ah-prismatic-v1,PHYSICS_REFERENCE,NEAR_BOUNDARY,0.16666666666666666,66.66666666666667,66.47713508166422,0.9903298080711029
high_frequency,high-frequency-v1,blast-lite-lfp-gr-250ah-prismatic-2019-v1,blast-lite-b093495-250ah-prismatic-v1,PHYSICS_REFERENCE,NEAR_BOUNDARY,0.25,100.0,99.48812868403431,0.986925043644564
high_frequency,high-frequency-v1,blast-lite-lfp-gr-250ah-prismatic-2019-v1,blast-lite-b093495-250ah-prismatic-v1,PHYSICS_REFERENCE,NEAR_BOUNDARY,0.3333333333333333,133.33333333333334,132.3856301388531,0.9838139653051317
high_frequency,high-frequency-v1,blast-lite-lfp-gr-250ah-prismatic-2019-v1,blast-lite-b093495-250ah-prismatic-v1,PHYSICS_REFERENCE,NEAR_BOUNDARY,0.4166666666666667,166.66666666666669,165.17942898235748,0.980896646765975
high_frequency,high-frequency-v1,blast-lite-lfp-gr-250ah-prismatic-2019-v1,blast-lite-b093495-250ah-prismatic-v1,PHYSICS_REFERENCE,NEAR_BOUNDARY,0.5,200.00000000000003,197.87598387455662,0.9781224319627182
high_frequency,high-frequency-v1,blast-lite-lfp-gr-250ah-prismatic-2019-v1,blast-lite-b093495-250ah-prismatic-v1,PHYSICS_REFERENCE,NEAR_BOUNDARY,0.5833333333333334,233.33333333333337,230.48006493998054,0.9754609405177531
high_frequency,high-frequency-v1,blast-lite-lfp-gr-250ah-prismatic-2019-v1,blast-lite-b093495-250ah-prismatic-v1,PHYSICS_REFERENCE,NEAR_BOUNDARY,0.6666666666666666,266.6666666666667,262.99542962390564,0.9728920458675072
high_frequency,high-frequency-v1,blast-lite-lfp-gr-250ah-prismatic-2019-v1,blast-lite-b093495-250ah-prismatic-v1,PHYSICS_REFERENCE,NEAR_BOUNDARY,0.75,300.0,295.42516448615584,0.9704014972789232
high_frequency,high-frequency-v1,blast-lite-lfp-gr-250ah-prismatic-2019-v1,blast-lite-b093495-250ah-prismatic-v1,PHYSICS_REFERENCE,NEAR_BOUNDARY,0.8333333333333334,333.3333333333333,327.7718810621199,0.9679787099830168
high_frequency,high-frequency-v1,blast-lite-lfp-gr-250ah-prismatic-2019-v1,blast-lite-b093495-250ah-prismatic-v1,PHYSICS_REFERENCE,NEAR_BOUNDARY,0.9166666666666666,366.66666666666663,360.03783806155377,0.9656155327385894
high_frequency,high-frequency-v1,blast-lite-lfp-gr-250ah-prismatic-2019-v1,blast-lite-b093495-250ah-prismatic-v1,PHYSICS_REFERENCE,NEAR_BOUNDARY,1.0,399.99999999999994,392.22502248617343,0.9633055080818012
high_frequency,high-frequency-v1,blast-lite-lfp-gr-250ah-prismatic-2019-v1,blast-lite-b093495-250ah-prismatic-v1,PHYSICS_REFERENCE,NEAR_BOUNDARY,1.0833333333333333,433.33333333333326,424.3352060889001,0.9610434024198259
high_frequency,high-frequency-v1,blast-lite-lfp-gr-250ah-prismatic-2019-v1,blast-lite-b093495-250ah-prismatic-v1,PHYSICS_REFERENCE,NEAR_BOUNDARY,1.1666666666666667,466.6666666666666,456.369986169561,0.9588248937610906
high_frequency,high-frequency-v1,blast-lite-lfp-gr-250ah-prismatic-2019-v1,blast-lite-b093495-250ah-prismatic-v1,PHYSICS_REFERENCE,NEAR_BOUNDARY,1.25,499.9999999999999,488.33081596159735,0.9566463564158132
high_frequency,high-frequency-v1,blast-lite-lfp-gr-250ah-prismatic-2019-v1,blast-lite-b093495-250ah-prismatic-v1,PHYSICS_REFERENCE,NEAR_BOUNDARY,1.3333333333333333,533.3333333333333,520.2190278421244,0.954504707931808
high_frequency,high-frequency-v1,blast-lite-lfp-gr-250ah-prismatic-2019-v1,blast-lite-b093495-250ah-prismatic-v1,PHYSICS_REFERENCE,NEAR_BOUNDARY,1.4166666666666667,566.6666666666666,552.0358514398514,0.9523972974150462
high_frequency,high-frequency-v1,blast-lite-lfp-gr-250ah-prismatic-2019-v1,blast-lite-b093495-250ah-prismatic-v1,PHYSICS_REFERENCE,NEAR_BOUNDARY,1.5,600.0,583.7824280203529,0.950321822212023
high_frequency,high-frequency-v1,blast-lite-lfp-gr-250ah-prismatic-2019-v1,blast-lite-b093495-250ah-prismatic-v1,PHYSICS_REFERENCE,NEAR_BOUNDARY,1.5833333333333333,633.3333333333334,615.4598220940869,0.9482762645398493
high_frequency,high-frequency-v1,blast-lite-lfp-gr-250ah-prismatic-2019-v1,blast-lite-b093495-250ah-prismatic-v1,PHYSICS_REFERENCE,NEAR_BOUNDARY,1.6666666666666667,666.6666666666667,647.0690309120819,0.9462588424664985
high_frequency,high-frequency-v1,blast-lite-lfp-gr-250ah-prismatic-2019-v1,blast-lite-b093495-250ah-prismatic-v1,PHYSICS_REFERENCE,NEAR_BOUNDARY,1.75,700.0000000000001,678.6109923276318,0.9442679714211167
high_frequency,high-frequency-v1,blast-lite-lfp-gr-250ah-prismatic-2019-v1,blast-lite-b093495-250ah-prismatic-v1,PHYSICS_REFERENCE,NEAR_BOUNDARY,1.8333333333333333,733.3333333333335,710.0865913750024,0.9423022335681236
high_frequency,high-frequency-v1,blast-lite-lfp-gr-250ah-prismatic-2019-v1,blast-lite-b093495-250ah-prismatic-v1,PHYSICS_REFERENCE,NEAR_BOUNDARY,1.9166666666666667,766.6666666666669,741.4966658272732,0.9403603531466544
high_frequency,high-frequency-v1,blast-lite-lfp-gr-250ah-prismatic-2019-v1,blast-lite-b093495-250ah-prismatic-v1,PHYSICS_REFERENCE,NEAR_BOUNDARY,2.0,800.0000000000002,772.8420109321617,0.9384411763992934
high_frequency,high-frequency-v1,blast-lite-lfp-gr-250ah-prismatic-2019-v1,blast-lite-b093495-250ah-prismatic-v1,PHYSICS_REFERENCE,NEAR_BOUNDARY,2.0833333333333335,833.3333333333336,804.1233834788047,0.936543655076567
high_frequency,high-frequency-v1,blast-lite-lfp-gr-250ah-prismatic-2019-v1,blast-lite-b093495-250ah-prismatic-v1,PHYSICS_REFERENCE,NEAR_BOUNDARY,2.1666666666666665,866.666666666667,835.3415053146903,0.934666832759782
high_frequency,high-frequency-v1,blast-lite-lfp-gr-250ah-prismatic-2019-v1,blast-lite-b093495-250ah-prismatic-v1,PHYSICS_REFERENCE,NEAR_BOUNDARY,2.25,900.0000000000003,866.497066406683,0.9328098334286711
high_frequency,high-frequency-v1,blast-lite-lfp-gr-250ah-prismatic-2019-v1,blast-lite-b093495-250ah-prismatic-v1,PHYSICS_REFERENCE,NEAR_BOUNDARY,2.3333333333333335,933.3333333333337,897.590727520972,0.9309718518342954
high_frequency,high-frequency-v1,blast-lite-lfp-gr-250ah-prismatic-2019-v1,blast-lite-b093495-250ah-prismatic-v1,PHYSICS_REFERENCE,NEAR_BOUNDARY,2.4166666666666665,966.6666666666671,928.6231225821151,0.9291521453365993
high_frequency,high-frequency-v1,blast-lite-lfp-gr-250ah-prismatic-2019-v1,blast-lite-b093495-250ah-prismatic-v1,PHYSICS_REFERENCE,NEAR_BOUNDARY,2.5,1000.0000000000005,959.5948607600018,0.9273500269399895
high_frequency,high-frequency-v1,blast-lite-lfp-gr-250ah-prismatic-2019-v1,blast-lite-b093495-250ah-prismatic-v1,PHYSICS_REFERENCE,NEAR_BOUNDARY,2.5833333333333335,1033.3333333333337,990.5065283246681,0.9255648593162628
high_frequency,high-frequency-v1,blast-lite-lfp-gr-250ah-prismatic-2019-v1,blast-lite-b093495-250ah-prismatic-v1,PHYSICS_REFERENCE,NEAR_BOUNDARY,2.6666666666666665,1066.666666666667,1021.3586903018769,0.9237960496469576
high_frequency,high-frequency-v1,blast-lite-lfp-gr-250ah-prismatic-2019-v1,blast-lite-b093495-250ah-prismatic-v1,PHYSICS_REFERENCE,NEAR_BOUNDARY,2.75,1100.0000000000002,1052.1518919567754,0.9220430451502045
high_frequency,high-frequency-v1,blast-lite-lfp-gr-250ah-prismatic-2019-v1,blast-lite-b093495-250ah-prismatic-v1,PHYSICS_REFERENCE,NEAR_BOUNDARY,2.8333333333333335,1133.3333333333335,1082.886660128449,0.920305329182843
high_frequency,high-frequency-v1,blast-lite-lfp-gr-250ah-prismatic-2019-v1,blast-lite-b093495-250ah-prismatic-v1,PHYSICS_REFERENCE,NEAR_BOUNDARY,2.9166666666666665,1166.6666666666667,1113.5635044345438,0.9185824178287556
high_frequency,high-frequency-v1,blast-lite-lfp-gr-250ah-prismatic-2019-v1,blast-lite-b093495-250ah-prismatic-v1,PHYSICS_REFERENCE,NEAR_BOUNDARY,3.0,1200.0,1144.182918362169,0.9168738569003398
high_frequency,high-frequency-v1,blast-lite-lfp-gr-250ah-prismatic-2019-v1,blast-lite-b093495-250ah-prismatic-v1,PHYSICS_REFERENCE,NEAR_BOUNDARY,3.0833333333333335,1233.3333333333333,1174.745380258847,0.9151792192927845
high_frequency,high-frequency-v1,blast-lite-lfp-gr-250ah-prismatic-2019-v1,blast-lite-b093495-250ah-prismatic-v1,PHYSICS_REFERENCE,NEAR_BOUNDARY,3.1666666666666665,1266.6666666666665,1205.251354235273,0.9134981026410361
high_frequency,high-frequency-v1,blast-lite-lfp-gr-250ah-prismatic-2019-v1,blast-lite-b093495-250ah-prismatic-v1,PHYSICS_REFERENCE,NEAR_BOUNDARY,3.25,1299.9999999999998,1235.7012909899743,0.9118301272376217
high_frequency,high-frequency-v1,blast-lite-lfp-gr-250ah-prismatic-2019-v1,blast-lite-b093495-250ah-prismatic-v1,PHYSICS_REFERENCE,NEAR_BOUNDARY,3.3333333333333335,1333.333333333333,1266.0956285645616,0.910174934176206
high_frequency,high-frequency-v1,blast-lite-lfp-gr-250ah-prismatic-2019-v1,blast-lite-b093495-250ah-prismatic-v1,PHYSICS_REFERENCE,NEAR_BOUNDARY,3.4166666666666665,1366.6666666666663,1296.4347930371018,0.908532183691272
high_frequency,high-frequency-v1,blast-lite-lfp-gr-250ah-prismatic-2019-v1,blast-lite-b093495-250ah-prismatic-v1,PHYSICS_REFERENCE,NEAR_BOUNDARY,3.5,1399.9999999999995,1326.7191991601442,0.9069015536688294
high_frequency,high-frequency-v1,blast-lite-lfp-gr-250ah-prismatic-2019-v1,blast-lite-b093495-250ah-prismatic-v1,PHYSICS_REFERENCE,NEAR_BOUNDARY,3.5833333333333335,1433.3333333333328,1356.9492509491051,0.9052827383068024
high_frequency,high-frequency-v1,blast-lite-lfp-gr-250ah-prismatic-2019-v1,blast-lite-b093495-250ah-prismatic-v1,PHYSICS_REFERENCE,NEAR_BOUNDARY,3.6666666666666665,1466.666666666666,1387.1253422259986,0.90367544690685
high_frequency,high-frequency-v1,blast-lite-lfp-gr-250ah-prismatic-2019-v1,blast-lite-b093495-250ah-prismatic-v1,PHYSICS_REFERENCE,NEAR_BOUNDARY,3.75,1499.9999999999993,1417.2478571228935,0.9020794027819713
high_frequency,high-frequency-v1,blast-lite-lfp-gr-250ah-prismatic-2019-v1,blast-lite-b093495-250ah-prismatic-v1,PHYSICS_REFERENCE,NEAR_BOUNDARY,3.8333333333333335,1533.3333333333326,1447.3171705489592,0.9004943422664199
high_frequency,high-frequency-v1,blast-lite-lfp-gr-250ah-prismatic-2019-v1,blast-lite-b093495-250ah-prismatic-v1,PHYSICS_REFERENCE,NEAR_BOUNDARY,3.9166666666666665,1566.6666666666658,1477.3336486245066,0.898920013816284
high_frequency,high-frequency-v1,blast-lite-lfp-gr-250ah-prismatic-2019-v1,blast-lite-b093495-250ah-prismatic-v1,PHYSICS_REFERENCE,NEAR_BOUNDARY,4.0,1599.999999999999,1507.2976490850494,0.8973561771906372
high_frequency,high-frequency-v1,blast-lite-lfp-gr-250ah-prismatic-2019-v1,blast-lite-b093495-250ah-prismatic-v1,PHYSICS_REFERENCE,NEAR_BOUNDARY,4.083333333333333,1633.3333333333323,1537.2095216580706,0.8958026027044808
high_frequency,high-frequency-v1,blast-lite-lfp-gr-250ah-prismatic-2019-v1,blast-lite-b093495-250ah-prismatic-v1,PHYSICS_REFERENCE,NEAR_BOUNDARY,4.166666666666667,1666.6666666666656,1567.0696084148865,0.8942590705458124
high_frequency,high-frequency-v1,blast-lite-lfp-gr-250ah-prismatic-2019-v1,blast-lite-b093495-250ah-prismatic-v1,PHYSICS_REFERENCE,NEAR_BOUNDARY,4.25,1699.9999999999989,1596.878244099747,0.8927253701501217
high_frequency,high-frequency-v1,blast-lite-lfp-gr-250ah-prismatic-2019-v1,blast-lite-b093495-250ah-prismatic-v1,PHYSICS_REFERENCE,NEAR_BOUNDARY,4.333333333333333,1733.3333333333321,1626.6357564380844,0.8912012996264238
high_frequency,high-frequency-v1,blast-lite-lfp-gr-250ah-prismatic-2019-v1,blast-lite-b093495-250ah-prismatic-v1,PHYSICS_REFERENCE,NEAR_BOUNDARY,4.416666666666667,1766.6666666666654,1656.3424664256318,0.8896866652296562
high_frequency,high-frequency-v1,blast-lite-lfp-gr-250ah-prismatic-2019-v1,blast-lite-b093495-250ah-prismatic-v1,PHYSICS_REFERENCE,NEAR_BOUNDARY,4.5,1799.9999999999986,1685.9986885999535,0.8881812808748708
high_frequency,high-frequency-v1,blast-lite-lfp-gr-250ah-prismatic-2019-v1,blast-lite-b093495-250ah-prismatic-v1,PHYSICS_REFERENCE,NEAR_BOUNDARY,4.583333333333333,1833.333333333332,1715.6047312957826,0.8866849676891787
high_frequency,high-frequency-v1,blast-lite-lfp-gr-250ah-prismatic-2019-v1,blast-lite-b093495-250ah-prismatic-v1,PHYSICS_REFERENCE,NEAR_BOUNDARY,4.666666666666667,1866.6666666666652,1745.1608968854218,0.8851975535978674
high_frequency,high-frequency-v1,blast-lite-lfp-gr-250ah-prismatic-2019-v1,blast-lite-b093495-250ah-prismatic-v1,PHYSICS_REFERENCE,NEAR_BOUNDARY,4.75,1899.9999999999984,1774.6674820053508,0.8837188729415066
high_frequency,high-frequency-v1,blast-lite-lfp-gr-250ah-prismatic-2019-v1,blast-lite-b093495-250ah-prismatic-v1,PHYSICS_REFERENCE,NEAR_BOUNDARY,4.833333333333333,1933.3333333333317,1804.1247777700678,0.8822487661212055
high_frequency,high-frequency-v1,blast-lite-lfp-gr-250ah-prismatic-2019-v1,blast-lite-b093495-250ah-prismatic-v1,PHYSICS_REFERENCE,NEAR_BOUNDARY,4.916666666666667,1966.666666666665,1833.533069974108,0.8807870792694935
high_frequency,high-frequency-v1,blast-lite-lfp-gr-250ah-prismatic-2019-v1,blast-lite-b093495-250ah-prismatic-v1,PHYSICS_REFERENCE,NEAR_BOUNDARY,5.0,1999.9999999999982,1862.892639283091,0.8793336639445589
high_frequency,high-frequency-v1,blast-lite-lfp-gr-250ah-prismatic-2019-v1,blast-lite-b093495-250ah-prismatic-v1,PHYSICS_REFERENCE,NEAR_BOUNDARY,5.083333333333333,2033.3333333333314,1892.2037614145763,0.8778883768458179
high_frequency,high-frequency-v1,blast-lite-lfp-gr-250ah-prismatic-2019-v1,blast-lite-b093495-250ah-prismatic-v1,PHYSICS_REFERENCE,NEAR_BOUNDARY,5.166666666666667,2066.6666666666647,1921.466707309437,0.8764510795489919
high_frequency,high-frequency-v1,blast-lite-lfp-gr-250ah-prismatic-2019-v1,blast-lite-b093495-250ah-prismatic-v1,PHYSICS_REFERENCE,NEAR_BOUNDARY,5.25,2099.999999999998,1950.6817432944033,0.8750216382590544
high_frequency,high-frequency-v1,blast-lite-lfp-gr-250ah-prismatic-2019-v1,blast-lite-b093495-250ah-prismatic-v1,PHYSICS_REFERENCE,NEAR_BOUNDARY,5.333333333333333,2133.3333333333317,1979.8491312363717,0.8735999235795731
high_frequency,high-frequency-v1,blast-lite-lfp-gr-250ah-prismatic-2019-v1,blast-lite-b093495-250ah-prismatic-v1,PHYSICS_REFERENCE,NEAR_BOUNDARY,5.416666666666667,2166.666666666665,2008.969128689024,0.8721858102971093
high_frequency,high-frequency-v1,blast-lite-lfp-gr-250ah-prismatic-2019-v1,blast-lite-b093495-250ah-prismatic-v1,PHYSICS_REFERENCE,NEAR_BOUNDARY,5.5,2199.9999999999986,2038.041989032261,0.8707791771794747
high_frequency,high-frequency-v1,blast-lite-lfp-gr-250ah-prismatic-2019-v1,blast-lite-b093495-250ah-prismatic-v1,PHYSICS_REFERENCE,NEAR_BOUNDARY,5.583333333333333,2233.333333333332,2067.06796160491,0.8693799067867495
high_frequency,high-frequency-v1,blast-lite-lfp-gr-250ah-prismatic-2019-v1,blast-lite-b093495-250ah-prismatic-v1,PHYSICS_REFERENCE,NEAR_BOUNDARY,5.666666666666667,2266.6666666666656,2096.047291831135,0.8679878852940731
high_frequency,high-frequency-v1,blast-lite-lfp-gr-250ah-prismatic-2019-v1,blast-lite-b093495-250ah-prismatic-v1,PHYSICS_REFERENCE,NEAR_BOUNDARY,5.75,2299.999999999999,2124.9802213409375,0.8666030023253073
high_frequency,high-frequency-v1,blast-lite-lfp-gr-250ah-prismatic-2019-v1,blast-lite-b093495-250ah-prismatic-v1,PHYSICS_REFERENCE,NEAR_BOUNDARY,5.833333333333333,2333.3333333333326,2153.8669880851144,0.8652251507967522
high_frequency,high-frequency-v1,blast-lite-lfp-gr-250ah-prismatic-2019-v1,blast-lite-b093495-250ah-prismatic-v1,PHYSICS_REFERENCE,NEAR_BOUNDARY,5.916666666666667,2366.666666666666,2182.707826445006,0.8638542267701699
high_frequency,high-frequency-v1,blast-lite-lfp-gr-250ah-prismatic-2019-v1,blast-lite-b093495-250ah-prismatic-v1,PHYSICS_REFERENCE,NEAR_BOUNDARY,6.0,2399.9999999999995,2211.502967337345,0.8624901293144341
high_frequency,high-frequency-v1,blast-lite-lfp-gr-250ah-prismatic-2019-v1,blast-lite-b093495-250ah-prismatic-v1,PHYSICS_REFERENCE,NEAR_BOUNDARY,6.083333333333333,2433.333333333333,2240.2526383144927,0.8611327603751842
high_frequency,high-frequency-v1,blast-lite-lfp-gr-250ah-prismatic-2019-v1,blast-lite-b093495-250ah-prismatic-v1,PHYSICS_REFERENCE,NEAR_BOUNDARY,6.166666666666667,2466.6666666666665,2268.957063660332,0.8597820246519128
high_frequency,high-frequency-v1,blast-lite-lfp-gr-250ah-prismatic-2019-v1,blast-lite-b093495-250ah-prismatic-v1,PHYSICS_REFERENCE,NEAR_BOUNDARY,6.25,2500.0,2297.6164644820624,0.8584378294819688
high_frequency,high-frequency-v1,blast-lite-lfp-gr-250ah-prismatic-2019-v1,blast-lite-b093495-250ah-prismatic-v1,PHYSICS_REFERENCE,NEAR_BOUNDARY,6.333333333333333,2533.3333333333335,2326.231058798128,0.857100084730993
high_frequency,high-frequency-v1,blast-lite-lfp-gr-250ah-prismatic-2019-v1,blast-lite-b093495-250ah-prismatic-v1,PHYSICS_REFERENCE,NEAR_BOUNDARY,6.416666666666667,2566.666666666667,2354.801061622494,0.8557687026893519
high_frequency,high-frequency-v1,blast-lite-lfp-gr-250ah-prismatic-2019-v1,blast-lite-b093495-250ah-prismatic-v1,PHYSICS_REFERENCE,NEAR_BOUNDARY,6.5,2600.0000000000005,2383.3266850454725,0.8544435979741625
high_frequency,high-frequency-v1,blast-lite-lfp-gr-250ah-prismatic-2019-v1,blast-lite-b093495-250ah-prismatic-v1,PHYSICS_REFERENCE,NEAR_BOUNDARY,6.583333333333333,2633.333333333334,2411.808138311278,0.8531246874365359
high_frequency,high-frequency-v1,blast-lite-lfp-gr-250ah-prismatic-2019-v1,blast-lite-b093495-250ah-prismatic-v1,PHYSICS_REFERENCE,NEAR_BOUNDARY,6.666666666666667,2666.6666666666674,2440.245627892496,0.8518118900737015
high_frequency,high-frequency-v1,blast-lite-lfp-gr-250ah-prismatic-2019-v1,blast-lite-b093495-250ah-prismatic-v1,PHYSICS_REFERENCE,NEAR_BOUNDARY,6.75,2700.000000000001,2468.6393575616194,0.8505051269456909
high_frequency,high-frequency-v1,blast-lite-lfp-gr-250ah-prismatic-2019-v1,blast-lite-b093495-250ah-prismatic-v1,PHYSICS_REFERENCE,NEAR_BOUNDARY,6.833333333333333,2733.3333333333344,2496.989528459809,0.8492043210962926
high_frequency,high-frequency-v1,blast-lite-lfp-gr-250ah-prismatic-2019-v1,blast-lite-b093495-250ah-prismatic-v1,PHYSICS_REFERENCE,NEAR_BOUNDARY,6.916666666666667,2766.666666666668,2525.2963391630187,0.8479093974780065
high_frequency,high-frequency-v1,blast-lite-lfp-gr-250ah-prismatic-2019-v1,blast-lite-b093495-250ah-prismatic-v1,PHYSICS_REFERENCE,NEAR_BOUNDARY,7.0,2800.0000000000014,2553.559985745619,0.8466202828807499
high_frequency,high-frequency-v1,blast-lite-lfp-gr-250ah-prismatic-2019-v1,blast-lite-b093495-250ah-prismatic-v1,PHYSICS_REFERENCE,NEAR_BOUNDARY,7.083333333333333,2833.333333333335,2581.780661841644,0.8453369058640814
high_frequency,high-frequency-v1,blast-lite-lfp-gr-250ah-prismatic-2019-v1,blast-lite-b093495-250ah-prismatic-v1,PHYSICS_REFERENCE,NEAR_BOUNDARY,7.166666666666667,2866.6666666666683,2609.95855870378,0.8440591966927333
high_frequency,high-frequency-v1,blast-lite-lfp-gr-250ah-prismatic-2019-v1,blast-lite-b093495-250ah-prismatic-v1,PHYSICS_REFERENCE,NEAR_BOUNDARY,7.25,2900.000000000002,2638.0938652602044,0.8427870872752461
high_frequency,high-frequency-v1,blast-lite-lfp-gr-250ah-prismatic-2019-v1,blast-lite-b093495-250ah-prismatic-v1,PHYSICS_REFERENCE,NEAR_BOUNDARY,7.333333333333333,2933.3333333333353,2666.1867681693793,0.841520511105528
high_frequency,high-frequency-v1,blast-lite-lfp-gr-250ah-prismatic-2019-v1,blast-lite-b093495-250ah-prismatic-v1,PHYSICS_REFERENCE,NEAR_BOUNDARY,7.416666666666667,2966.666666666669,2694.237451872897,0.840259403207163
high_frequency,high-frequency-v1,blast-lite-lfp-gr-250ah-prismatic-2019-v1,blast-lite-b093495-250ah-prismatic-v1,PHYSICS_REFERENCE,NEAR_BOUNDARY,7.5,3000.0000000000023,2722.2460986464694,0.8390037000803088
high_frequency,high-frequency-v1,blast-lite-lfp-gr-250ah-prismatic-2019-v1,blast-lite-b093495-250ah-prismatic-v1,PHYSICS_REFERENCE,NEAR_BOUNDARY,7.583333333333333,3033.3333333333358,2750.2128886491464,0.8377533396510377
high_frequency,high-frequency-v1,blast-lite-lfp-gr-250ah-prismatic-2019-v1,blast-lite-b093495-250ah-prismatic-v1,PHYSICS_REFERENCE,NEAR_BOUNDARY,7.666666666666667,3066.6666666666692,2778.1379999708474,0.8365082612229782
high_frequency,high-frequency-v1,blast-lite-lfp-gr-250ah-prismatic-2019-v1,blast-lite-b093495-250ah-prismatic-v1,PHYSICS_REFERENCE,NEAR_BOUNDARY,7.75,3100.0000000000027,2806.0216086782802,0.8352684054311315
high_frequency,high-frequency-v1,blast-lite-lfp-gr-250ah-prismatic-2019-v1,blast-lite-b093495-250ah-prismatic-v1,PHYSICS_REFERENCE,NEAR_BOUNDARY,7.833333333333333,3133.333333333336,2833.8638888593177,0.8340337141977398
high_frequency,high-frequency-v1,blast-lite-lfp-gr-250ah-prismatic-2019-v1,blast-lite-b093495-250ah-prismatic-v1,PHYSICS_REFERENCE,NEAR_BOUNDARY,7.916666666666667,3166.6666666666697,2861.665012665909,0.8328041306900952
high_frequency,high-frequency-v1,blast-lite-lfp-gr-250ah-prismatic-2019-v1,blast-lite-b093495-250ah-prismatic-v1,PHYSICS_REFERENCE,NEAR_BOUNDARY,8.0,3200.000000000003,2889.4251503555793,0.8315795992801833
high_frequency,high-frequency-v1,blast-lite-lfp-gr-250ah-prismatic-2019-v1,blast-lite-b093495-250ah-prismatic-v1,PHYSICS_REFERENCE,NEAR_BOUNDARY,8.083333333333334,3233.3333333333367,2917.1444703315856,0.830360065506061
high_frequency,high-frequency-v1,blast-lite-lfp-gr-250ah-prismatic-2019-v1,blast-lite-b093495-250ah-prismatic-v1,PHYSICS_REFERENCE,NEAR_BOUNDARY,8.166666666666666,3266.66666666667,2944.8231391817876,0.8291454760348799
high_frequency,high-frequency-v1,blast-lite-lfp-gr-250ah-prismatic-2019-v1,blast-lite-b093495-250ah-prismatic-v1,PHYSICS_REFERENCE,NEAR_BOUNDARY,8.25,3300.0000000000036,2972.4613217162837,0.8279357786274647
high_frequency,high-frequency-v1,blast-lite-lfp-gr-250ah-prismatic-2019-v1,blast-lite-b093495-250ah-prismatic-v1,PHYSICS_REFERENCE,NEAR_BOUNDARY,8.333333333333334,3333.333333333337,3000.059181003866,0.8267309221043695
high_frequency,high-frequency-v1,blast-lite-lfp-gr-250ah-prismatic-2019-v1,blast-lite-b093495-250ah-prismatic-v1,PHYSICS_REFERENCE,NEAR_BOUNDARY,8.416666666666666,3366.6666666666706,3027.6168784073448,0.8255308563133317
high_frequency,high-frequency-v1,blast-lite-lfp-gr-250ah-prismatic-2019-v1,blast-lite-b093495-250ah-prismatic-v1,PHYSICS_REFERENCE,NEAR_BOUNDARY,8.5,3400.000000000004,3055.134573617789,0.8243355320980555
high_frequency,high-frequency-v1,blast-lite-lfp-gr-250ah-prismatic-2019-v1,blast-lite-b093495-250ah-prismatic-v1,PHYSICS_REFERENCE,NEAR_BOUNDARY,8.583333333333334,3433.3333333333376,3082.6124246877243,0.8231449012682566
high_frequency,high-frequency-v1,blast-lite-lfp-gr-250ah-prismatic-2019-v1,blast-lite-b093495-250ah-prismatic-v1,PHYSICS_REFERENCE,NEAR_BOUNDARY,8.666666666666666,3466.666666666671,3110.0505880633327,0.8219589165709033
high_frequency,high-frequency-v1,blast-lite-lfp-gr-250ah-prismatic-2019-v1,blast-lite-b093495-250ah-prismatic-v1,PHYSICS_REFERENCE,NEAR_BOUNDARY,8.75,3500.0000000000045,3137.4492186156963,0.8207775316625987
high_frequency,high-frequency-v1,blast-lite-lfp-gr-250ah-prismatic-2019-v1,blast-lite-b093495-250ah-prismatic-v1,PHYSICS_REFERENCE,NEAR_BOUNDARY,8.833333333333334,3533.333333333338,3164.808469671116,0.8196007010830438
high_frequency,high-frequency-v1,blast-lite-lfp-gr-250ah-prismatic-2019-v1,blast-lite-b093495-250ah-prismatic-v1,PHYSICS_REFERENCE,NEAR_BOUNDARY,8.916666666666666,3566.6666666666715,3192.128493040551,0.8184283802295313
high_frequency,high-frequency-v1,blast-lite-lfp-gr-250ah-prismatic-2019-v1,blast-lite-b093495-250ah-prismatic-v1,PHYSICS_REFERENCE,NEAR_BOUNDARY,9.0,3600.000000000005,3219.409439048202,0.8172605253324207
high_frequency,high-frequency-v1,blast-lite-lfp-gr-250ah-prismatic-2019-v1,blast-lite-b093495-250ah-prismatic-v1,PHYSICS_REFERENCE,NEAR_BOUNDARY,9.083333333333334,3633.3333333333385,3246.6514565592825,0.816097093431546
high_frequency,high-frequency-v1,blast-lite-lfp-gr-250ah-prismatic-2019-v1,blast-lite-b093495-250ah-prismatic-v1,PHYSICS_REFERENCE,NEAR_BOUNDARY,9.166666666666666,3666.666666666672,3273.8546930070006,0.8149380423535143
high_frequency,high-frequency-v1,blast-lite-lfp-gr-250ah-prismatic-2019-v1,blast-lite-b093495-250ah-prismatic-v1,PHYSICS_REFERENCE,NEAR_BOUNDARY,9.25,3700.0000000000055,3301.0192944187843,0.8137833306898524
high_frequency,high-frequency-v1,blast-lite-lfp-gr-250ah-prismatic-2019-v1,blast-lite-b093495-250ah-prismatic-v1,PHYSICS_REFERENCE,NEAR_BOUNDARY,9.333333333333334,3733.333333333339,3328.1454054417795,0.8126329177759612
high_frequency,high-frequency-v1,blast-lite-lfp-gr-250ah-prismatic-2019-v1,blast-lite-b093495-250ah-prismatic-v1,PHYSICS_REFERENCE,NEAR_BOUNDARY,9.416666666666666,3766.6666666666724,3355.2331693676447,0.8114867636708436
high_frequency,high-frequency-v1,blast-lite-lfp-gr-250ah-prismatic-2019-v1,blast-lite-b093495-250ah-prismatic-v1,PHYSICS_REFERENCE,NEAR_BOUNDARY,9.5,3800.000000000006,3382.282728156673,0.8103448291375666
high_frequency,high-frequency-v1,blast-lite-lfp-gr-250ah-prismatic-2019-v1,blast-lite-b093495-250ah-prismatic-v1,PHYSICS_REFERENCE,NEAR_BOUNDARY,9.583333333333334,3833.3333333333394,3409.2942224612584,0.8092070756244294
high_frequency,high-frequency-v1,blast-lite-lfp-gr-250ah-prismatic-2019-v1,blast-lite-b093495-250ah-prismatic-v1,PHYSICS_REFERENCE,NEAR_BOUNDARY,9.666666666666666,3866.666666666673,3436.2677916487396,0.8080734652468018
high_frequency,high-frequency-v1,blast-lite-lfp-gr-250ah-prismatic-2019-v1,blast-lite-b093495-250ah-prismatic-v1,PHYSICS_REFERENCE,NEAR_BOUNDARY,9.75,3900.0000000000064,3463.203573823633,0.8069439607696044
high_frequency,high-frequency-v1,blast-lite-lfp-gr-250ah-prismatic-2019-v1,blast-lite-b093495-250ah-prismatic-v1,PHYSICS_REFERENCE,NEAR_BOUNDARY,9.833333333333334,3933.33333333334,3490.1017058492866,0.8058185255904046
high_frequency,high-frequency-v1,blast-lite-lfp-gr-250ah-prismatic-2019-v1,blast-lite-b093495-250ah-prismatic-v1,PHYSICS_REFERENCE,NEAR_BOUNDARY,9.916666666666666,3966.6666666666733,3516.9623233689667,0.8046971237230975
high_frequency,high-frequency-v1,blast-lite-lfp-gr-250ah-prismatic-2019-v1,blast-lite-b093495-250ah-prismatic-v1,PHYSICS_REFERENCE,NEAR_BOUNDARY,10.0,4000.000000000007,3543.7855608264035,0.803579719782151
high_frequency,high-frequency-v1,blast-lite-lfp-gr-250ah-prismatic-2019-v1,blast-lite-b093495-250ah-prismatic-v1,PHYSICS_REFERENCE,NEAR_BOUNDARY,10.083333333333334,4033.3333333333403,3570.5715514858084,0.8024662789673869
high_frequency,high-frequency-v1,blast-lite-lfp-gr-250ah-prismatic-2019-v1,blast-lite-b093495-250ah-prismatic-v1,PHYSICS_REFERENCE,NEAR_BOUNDARY,10.166666666666666,4066.666666666674,3597.320427451388,0.8013567670492778
high_frequency,high-frequency-v1,blast-lite-lfp-gr-250ah-prismatic-2019-v1,blast-lite-b093495-250ah-prismatic-v1,PHYSICS_REFERENCE,NEAR_BOUNDARY,10.25,4100.000000000007,3624.0323196863637,0.8002511503547378
high_frequency,high-frequency-v1,blast-lite-lfp-gr-250ah-prismatic-2019-v1,blast-lite-b093495-250ah-prismatic-v1,PHYSICS_REFERENCE,NEAR_BOUNDARY,10.333333333333334,4133.33333333334,3650.707358031522,0.7991493957533851
high_frequency,high-frequency-v1,blast-lite-lfp-gr-250ah-prismatic-2019-v1,blast-lite-b093495-250ah-prismatic-v1,PHYSICS_REFERENCE,NEAR_BOUNDARY,10.416666666666666,4166.666666666673,3677.3456712233015,0.7980514706442583
high_frequency,high-frequency-v1,blast-lite-lfp-gr-250ah-prismatic-2019-v1,blast-lite-b093495-250ah-prismatic-v1,PHYSICS_REFERENCE,NEAR_BOUNDARY,10.5,4200.000000000006,3703.9473869114436,0.7969573429429676
high_frequency,high-frequency-v1,blast-lite-lfp-gr-250ah-prismatic-2019-v1,blast-lite-b093495-250ah-prismatic-v1,PHYSICS_REFERENCE,NEAR_BOUNDARY,10.583333333333334,4233.333333333339,3730.5126316762094,0.795866981069262
high_frequency,high-frequency-v1,blast-lite-lfp-gr-250ah-prismatic-2019-v1,blast-lite-b093495-250ah-prismatic-v1,PHYSICS_REFERENCE,NEAR_BOUNDARY,10.666666666666666,4266.666666666672,3757.041531045185,0.7947803539349979
high_frequency,high-frequency-v1,blast-lite-lfp-gr-250ah-prismatic-2019-v1,blast-lite-b093495-250ah-prismatic-v1,PHYSICS_REFERENCE,NEAR_BOUNDARY,10.75,4300.0000000000055,3783.534209509685,0.7936974309324906
high_frequency,high-frequency-v1,blast-lite-lfp-gr-250ah-prismatic-2019-v1,blast-lite-b093495-250ah-prismatic-v1,PHYSICS_REFERENCE,NEAR_BOUNDARY,10.833333333333334,4333.3333333333385,3809.9907905407676,0.7926181819232352
high_frequency,high-frequency-v1,blast-lite-lfp-gr-250ah-prismatic-2019-v1,blast-lite-b093495-250ah-prismatic-v1,PHYSICS_REFERENCE,NEAR_BOUNDARY,10.916666666666666,4366.6666666666715,3836.4113966048753,0.7915425772269822
high_frequency,high-frequency-v1,blast-lite-lfp-gr-250ah-prismatic-2019-v1,blast-lite-b093495-250ah-prismatic-v1,PHYSICS_REFERENCE,NEAR_BOUNDARY,11.0,4400.000000000005,3862.796149179108,0.7904705876111525
high_frequency,high-frequency-v1,blast-lite-lfp-gr-250ah-prismatic-2019-v1,blast-lite-b093495-250ah-prismatic-v1,PHYSICS_REFERENCE,NEAR_BOUNDARY,11.083333333333334,4433.333333333338,3889.1451687661465,0.7894021842805805
high_frequency,high-frequency-v1,blast-lite-lfp-gr-250ah-prismatic-2019-v1,blast-lite-b093495-250ah-prismatic-v1,PHYSICS_REFERENCE,NEAR_BOUNDARY,11.166666666666666,4466.666666666671,3915.4585749088324,0.7883373388675715
high_frequency,high-frequency-v1,blast-lite-lfp-gr-250ah-prismatic-2019-v1,blast-lite-b093495-250ah-prismatic-v1,PHYSICS_REFERENCE,NEAR_BOUNDARY,11.25,4500.000000000004,3941.7364862044183,0.7872760234222616
high_frequency,high-frequency-v1,blast-lite-lfp-gr-250ah-prismatic-2019-v1,blast-lite-b093495-250ah-prismatic-v1,PHYSICS_REFERENCE,NEAR_BOUNDARY,11.333333333333334,4533.333333333337,3967.9790203184934,0.7862182104032691
high_frequency,high-frequency-v1,blast-lite-lfp-gr-250ah-prismatic-2019-v1,blast-lite-b093495-250ah-prismatic-v1,PHYSICS_REFERENCE,NEAR_BOUNDARY,11.416666666666666,4566.66666666667,3994.186293998602,0.7851638726686261
high_frequency,high-frequency-v1,blast-lite-lfp-gr-250ah-prismatic-2019-v1,blast-lite-b093495-250ah-prismatic-v1,PHYSICS_REFERENCE,NEAR_BOUNDARY,11.5,4600.000000000003,4020.3584230875563,0.7841129834669789
high_frequency,high-frequency-v1,blast-lite-lfp-gr-250ah-prismatic-2019-v1,blast-lite-b093495-250ah-prismatic-v1,PHYSICS_REFERENCE,NEAR_BOUNDARY,11.583333333333334,4633.333333333336,4046.4955225364556,0.7830655164290494
high_frequency,high-frequency-v1,blast-lite-lfp-gr-250ah-prismatic-2019-v1,blast-lite-b093495-250ah-prismatic-v1,PHYSICS_REFERENCE,NEAR_BOUNDARY,11.666666666666666,4666.666666666669,4072.597706417424,0.7820214455593462
high_frequency,high-frequency-v1,blast-lite-lfp-gr-250ah-prismatic-2019-v1,blast-lite-b093495-250ah-prismatic-v1,PHYSICS_REFERENCE,NEAR_BOUNDARY,11.75,4700.000000000002,4098.665087936069,0.7809807452281161
high_frequency,high-frequency-v1,blast-lite-lfp-gr-250ah-prismatic-2019-v1,blast-lite-b093495-250ah-prismatic-v1,PHYSICS_REFERENCE,NEAR_BOUNDARY,11.833333333333334,4733.333333333335,4124.6977794436725,0.7799433901635291
high_frequency,high-frequency-v1,blast-lite-lfp-gr-250ah-prismatic-2019-v1,blast-lite-b093495-250ah-prismatic-v1,PHYSICS_REFERENCE,NEAR_BOUNDARY,11.916666666666666,4766.666666666668,4150.695892449124,0.7789093554440861
high_frequency,high-frequency-v1,blast-lite-lfp-gr-250ah-prismatic-2019-v1,blast-lite-b093495-250ah-prismatic-v1,PHYSICS_REFERENCE,NEAR_BOUNDARY,12.0,4800.000000000001,4176.659537630593,0.7778786164912435
high_frequency,high-frequency-v1,blast-lite-lfp-gr-250ah-prismatic-2019-v1,blast-lite-b093495-250ah-prismatic-v1,PHYSICS_REFERENCE,NEAR_BOUNDARY,12.083333333333334,4833.333333333334,4202.588824846968,0.7768511490622455
high_frequency,high-frequency-v1,blast-lite-lfp-gr-250ah-prismatic-2019-v1,blast-lite-b093495-250ah-prismatic-v1,PHYSICS_REFERENCE,NEAR_BOUNDARY,12.166666666666666,4866.666666666667,4228.483863149043,0.7758269292431579
high_frequency,high-frequency-v1,blast-lite-lfp-gr-250ah-prismatic-2019-v1,blast-lite-b093495-250ah-prismatic-v1,PHYSICS_REFERENCE,NEAR_BOUNDARY,12.25,4900.0,4254.344760790482,0.7748059334420945
high_frequency,high-frequency-v1,blast-lite-lfp-gr-250ah-prismatic-2019-v1,blast-lite-b093495-250ah-prismatic-v1,PHYSICS_REFERENCE,NEAR_BOUNDARY,12.333333333333334,4933.333333333333,4280.171625238551,0.7737881383826328
high_frequency,high-frequency-v1,blast-lite-lfp-gr-250ah-prismatic-2019-v1,blast-lite-b093495-250ah-prismatic-v1,PHYSICS_REFERENCE,NEAR_BOUNDARY,12.416666666666666,4966.666666666666,4305.964563184639,0.7727735210974089
high_frequency,high-frequency-v1,blast-lite-lfp-gr-250ah-prismatic-2019-v1,blast-lite-b093495-250ah-prismatic-v1,PHYSICS_REFERENCE,NEAR_BOUNDARY,12.5,4999.999999999999,4331.723680554553,0.7717620589218867
high_frequency,high-frequency-v1,blast-lite-lfp-gr-250ah-prismatic-2019-v1,blast-lite-b093495-250ah-prismatic-v1,PHYSICS_REFERENCE,NEAR_BOUNDARY,12.583333333333334,5033.333333333332,4357.449082518616,0.7707537294882965
high_frequency,high-frequency-v1,blast-lite-lfp-gr-250ah-prismatic-2019-v1,blast-lite-b093495-250ah-prismatic-v1,PHYSICS_REFERENCE,NEAR_BOUNDARY,12.666666666666666,5066.666666666665,4383.140873501559,0.7697485107197368
high_frequency,high-frequency-v1,blast-lite-lfp-gr-250ah-prismatic-2019-v1,blast-lite-b093495-250ah-prismatic-v1,PHYSICS_REFERENCE,NEAR_BOUNDARY,12.75,5099.999999999998,4408.7991571922175,0.7687463808244327
high_frequency,high-frequency-v1,blast-lite-lfp-gr-250ah-prismatic-2019-v1,blast-lite-b093495-250ah-prismatic-v1,PHYSICS_REFERENCE,NEAR_BOUNDARY,12.833333333333334,5133.333333333331,4434.424036553032,0.7677473182901464
high_frequency,high-frequency-v1,blast-lite-lfp-gr-250ah-prismatic-2019-v1,blast-lite-b093495-250ah-prismatic-v1,PHYSICS_REFERENCE,NEAR_BOUNDARY,12.916666666666666,5166.666666666664,4460.0156138293705,0.7667513018787355
high_frequency,high-frequency-v1,blast-lite-lfp-gr-250ah-prismatic-2019-v1,blast-lite-b093495-250ah-prismatic-v1,PHYSICS_REFERENCE,NEAR_BOUNDARY,13.0,5199.999999999997,4485.5739905586615,0.7657583106208541
high_frequency,high-frequency-v1,blast-lite-lfp-gr-250ah-prismatic-2019-v1,blast-lite-b093495-250ah-prismatic-v1,PHYSICS_REFERENCE,NEAR_BOUNDARY,13.083333333333334,5233.33333333333,4511.099267579357,0.7647683238107891
high_frequency,high-frequency-v1,blast-lite-lfp-gr-250ah-prismatic-2019-v1,blast-lite-b093495-250ah-prismatic-v1,PHYSICS_REFERENCE,NEAR_BOUNDARY,13.166666666666666,5266.666666666663,4536.591545039716,0.763781321001433
high_frequency,high-frequency-v1,blast-lite-lfp-gr-250ah-prismatic-2019-v1,blast-lite-b093495-250ah-prismatic-v1,PHYSICS_REFERENCE,NEAR_BOUNDARY,13.25,5299.999999999996,4562.050922406431,0.7627972819993835
high_frequency,high-frequency-v1,blast-lite-lfp-gr-250ah-prismatic-2019-v1,blast-lite-b093495-250ah-prismatic-v1,PHYSICS_REFERENCE,NEAR_BOUNDARY,13.333333333333334,5333.333333333329,4587.477498473077,0.7618161868601676
high_frequency,high-frequency-v1,blast-lite-lfp-gr-250ah-prismatic-2019-v1,blast-lite-b093495-250ah-prismatic-v1,PHYSICS_REFERENCE,NEAR_BOUNDARY,13.416666666666666,5366.666666666662,4612.871371368416,0.7608380158835887
high_frequency,high-frequency-v1,blast-lite-lfp-gr-250ah-prismatic-2019-v1,blast-lite-b093495-250ah-prismatic-v1,PHYSICS_REFERENCE,NEAR_BOUNDARY,13.5,5399.999999999995,4638.232638564536,0.7598627496091878
high_frequency,high-frequency-v1,blast-lite-lfp-gr-250ah-prismatic-2019-v1,blast-lite-b093495-250ah-prismatic-v1,PHYSICS_REFERENCE,NEAR_BOUNDARY,13.583333333333334,5433.3333333333285,4663.561396884842,0.7588903688118204
high_frequency,high-frequency-v1,blast-lite-lfp-gr-250ah-prismatic-2019-v1,blast-lite-b093495-250ah-prismatic-v1,PHYSICS_REFERENCE,NEAR_BOUNDARY,13.666666666666666,5466.6666666666615,4688.857742511903,0.7579208544973421
high_frequency,high-frequency-v1,blast-lite-lfp-gr-250ah-prismatic-2019-v1,blast-lite-b093495-250ah-prismatic-v1,PHYSICS_REFERENCE,NEAR_BOUNDARY,13.75,5499.9999999999945,4714.121770995148,0.7569541878984
high_frequency,high-frequency-v1,blast-lite-lfp-gr-250ah-prismatic-2019-v1,blast-lite-b093495-250ah-prismatic-v1,PHYSICS_REFERENCE,NEAR_BOUNDARY,13.833333333333334,5533.333333333328,4739.353577258428,0.7559903504703287
high_frequency,high-frequency-v1,blast-lite-lfp-gr-250ah-prismatic-2019-v1,blast-lite-b093495-250ah-prismatic-v1,PHYSICS_REFERENCE,NEAR_BOUNDARY,13.916666666666666,5566.666666666661,4764.5532556074395,0.7550293238871449
high_frequency,high-frequency-v1,blast-lite-lfp-gr-250ah-prismatic-2019-v1,blast-lite-b093495-250ah-prismatic-v1,PHYSICS_REFERENCE,NEAR_BOUNDARY,14.0,5599.999999999994,4789.720899737011,0.7540710900376395
high_frequency,high-frequency-v1,blast-lite-lfp-gr-250ah-prismatic-2019-v1,blast-lite-b093495-250ah-prismatic-v1,PHYSICS_REFERENCE,NEAR_BOUNDARY,14.083333333333334,5633.333333333327,4814.856602738266,0.7531156310215631
high_frequency,high-frequency-v1,blast-lite-lfp-gr-250ah-prismatic-2019-v1,blast-lite-b093495-250ah-prismatic-v1,PHYSICS_REFERENCE,NEAR_BOUNDARY,14.166666666666666,5666.66666666666,4839.960457105652,0.752162929145904
high_frequency,high-frequency-v1,blast-lite-lfp-gr-250ah-prismatic-2019-v1,blast-lite-b093495-250ah-prismatic-v1,PHYSICS_REFERENCE,NEAR_BOUNDARY,14.25,5699.999999999993,4865.032554743849,0.7512129669212525
high_frequency,high-frequency-v1,blast-lite-lfp-gr-250ah-prismatic-2019-v1,blast-lite-b093495-250ah-prismatic-v1,PHYSICS_REFERENCE,NEAR_BOUNDARY,14.333333333333334,5733.333333333326,4890.072986974557,0.7502657270582527
high_frequency,high-frequency-v1,blast-lite-lfp-gr-250ah-prismatic-2019-v1,blast-lite-b093495-250ah-prismatic-v1,PHYSICS_REFERENCE,NEAR_BOUNDARY,14.416666666666666,5766.666666666659,4915.081844543166,0.7493211924641372
high_frequency,high-frequency-v1,blast-lite-lfp-gr-250ah-prismatic-2019-v1,blast-lite-b093495-250ah-prismatic-v1,PHYSICS_REFERENCE,NEAR_BOUNDARY,14.5,5799.999999999992,4940.059217625304,0.7483793462393414
high_frequency,high-frequency-v1,blast-lite-lfp-gr-250ah-prismatic-2019-v1,blast-lite-b093495-250ah-prismatic-v1,PHYSICS_REFERENCE,NEAR_BOUNDARY,14.583333333333334,5833.333333333325,4965.005195833282,0.7474401716741982
high_frequency,high-frequency-v1,blast-lite-lfp-gr-250ah-prismatic-2019-v1,blast-lite-b093495-250ah-prismatic-v1,PHYSICS_REFERENCE,NEAR_BOUNDARY,14.666666666666666,5866.666666666658,4989.919868222422,0.7465036522457069
high_frequency,high-frequency-v1,blast-lite-lfp-gr-250ah-prismatic-2019-v1,blast-lite-b093495-250ah-prismatic-v1,PHYSICS_REFERENCE,NEAR_BOUNDARY,14.75,5899.999999999991,5014.803323297279,0.7455697716143779
high_frequency,high-frequency-v1,blast-lite-lfp-gr-250ah-prismatic-2019-v1,blast-lite-b093495-250ah-prismatic-v1,PHYSICS_REFERENCE,NEAR_BOUNDARY,14.833333333333334,5933.333333333324,5039.655649017758,0.7446385136211477
high_frequency,high-frequency-v1,blast-lite-lfp-gr-250ah-prismatic-2019-v1,blast-lite-b093495-250ah-prismatic-v1,PHYSICS_REFERENCE,NEAR_BOUNDARY,14.916666666666666,5966.666666666657,5064.47693280513,0.7437098622843644
high_frequency,high-frequency-v1,blast-lite-lfp-gr-250ah-prismatic-2019-v1,blast-lite-b093495-250ah-prismatic-v1,PHYSICS_REFERENCE,NEAR_BOUNDARY,15.0,5999.99999999999,5089.267261547942,0.7427838017968411
high_frequency,high-frequency-v1,blast-lite-lfp-gr-250ah-prismatic-2019-v1,blast-lite-b093495-250ah-prismatic-v1,PHYSICS_REFERENCE,NEAR_BOUNDARY,15.083333333333334,6033.333333333323,5114.026721607837,0.7418603165229753
high_frequency,high-frequency-v1,blast-lite-lfp-gr-250ah-prismatic-2019-v1,blast-lite-b093495-250ah-prismatic-v1,PHYSICS_REFERENCE,NEAR_BOUNDARY,15.166666666666666,6066.666666666656,5138.755398825269,0.7409393909959314
high_frequency,high-frequency-v1,blast-lite-lfp-gr-250ah-prismatic-2019-v1,blast-lite-b093495-250ah-prismatic-v1,PHYSICS_REFERENCE,NEAR_BOUNDARY,15.25,6099.999999999989,5163.453378525133,0.7400210099148867
high_frequency,high-frequency-v1,blast-lite-lfp-gr-250ah-prismatic-2019-v1,blast-lite-b093495-250ah-prismatic-v1,PHYSICS_REFERENCE,NEAR_BOUNDARY,15.333333333333334,6133.333333333322,5188.120745522297,0.7391051581423378
high_frequency,high-frequency-v1,blast-lite-lfp-gr-250ah-prismatic-2019-v1,blast-lite-b093495-250ah-prismatic-v1,PHYSICS_REFERENCE,NEAR_BOUNDARY,15.416666666666666,6166.666666666655,5212.757584127041,0.7381918207014645
high_frequency,high-frequency-v1,blast-lite-lfp-gr-250ah-prismatic-2019-v1,blast-lite-b093495-250ah-prismatic-v1,PHYSICS_REFERENCE,NEAR_BOUNDARY,15.5,6199.999999999988,5237.3639781504235,0.7372809827735528
high_frequency,high-frequency-v1,blast-lite-lfp-gr-250ah-prismatic-2019-v1,blast-lite-b093495-250ah-prismatic-v1,PHYSICS_REFERENCE,NEAR_BOUNDARY,15.583333333333334,6233.333333333321,5261.940010909542,0.7363726296954727
high_frequency,high-frequency-v1,blast-lite-lfp-gr-250ah-prismatic-2019-v1,blast-lite-b093495-250ah-prismatic-v1,PHYSICS_REFERENCE,NEAR_BOUNDARY,15.666666666666666,6266.666666666654,5286.485765232725,0.7354667469572098
high_frequency,high-frequency-v1,blast-lite-lfp-gr-250ah-prismatic-2019-v1,blast-lite-b093495-250ah-prismatic-v1,PHYSICS_REFERENCE,NEAR_BOUNDARY,15.75,6299.999999999987,5311.001323464631,0.734563320199451
high_frequency,high-frequency-v1,blast-lite-lfp-gr-250ah-prismatic-2019-v1,blast-lite-b093495-250ah-prismatic-v1,PHYSICS_REFERENCE,NEAR_BOUNDARY,15.833333333333334,6333.33333333332,5335.48676747128,0.7336623352112198
high_frequency,high-frequency-v1,blast-lite-lfp-gr-250ah-prismatic-2019-v1,blast-lite-b093495-250ah-prismatic-v1,PHYSICS_REFERENCE,NEAR_BOUNDARY,15.916666666666666,6366.666666666653,5359.942178644987,0.7327637779275629
high_frequency,high-frequency-v1,blast-lite-lfp-gr-250ah-prismatic-2019-v1,blast-lite-b093495-250ah-prismatic-v1,PHYSICS_REFERENCE,NEAR_BOUNDARY,16.0,6399.999999999986,5384.3676379092385,0.7318676344272849
high_frequency,high-frequency-v1,blast-lite-lfp-gr-250ah-prismatic-2019-v1,blast-lite-b093495-250ah-prismatic-v1,PHYSICS_REFERENCE,NEAR_BOUNDARY,16.083333333333332,6433.333333333319,5408.763225723481,0.7309738909307301
high_frequency,high-frequency-v1,blast-lite-lfp-gr-250ah-prismatic-2019-v1,blast-lite-b093495-250ah-prismatic-v1,PHYSICS_REFERENCE,NEAR_BOUNDARY,16.166666666666668,6466.666666666652,5433.129022087838,0.7300825337976115
high_frequency,high-frequency-v1,blast-lite-lfp-gr-250ah-prismatic-2019-v1,blast-lite-b093495-250ah-prismatic-v1,PHYSICS_REFERENCE,NEAR_BOUNDARY,16.25,6499.999999999985,5457.465106547758,0.729193549524883
high_frequency,high-frequency-v1,blast-lite-lfp-gr-250ah-prismatic-2019-v1,blast-lite-b093495-250ah-prismatic-v1,PHYSICS_REFERENCE,NEAR_BOUNDARY,16.333333333333332,6533.3333333333185,5481.771558198588,0.7283069247446569
high_frequency,high-frequency-v1,blast-lite-lfp-gr-250ah-prismatic-2019-v1,blast-lite-b093495-250ah-prismatic-v1,PHYSICS_REFERENCE,NEAR_BOUNDARY,16.416666666666668,6566.6666666666515,5506.0484556900765,0.7274226462221631
high_frequency,high-frequency-v1,blast-lite-lfp-gr-250ah-prismatic-2019-v1,blast-lite-b093495-250ah-prismatic-v1,PHYSICS_REFERENCE,NEAR_BOUNDARY,16.5,6599.9999999999845,5530.295877230816,0.7265407008537503
high_frequency,high-frequency-v1,blast-lite-lfp-gr-250ah-prismatic-2019-v1,blast-lite-b093495-250ah-prismatic-v1,PHYSICS_REFERENCE,NEAR_BOUNDARY,16.583333333333332,6633.333333333318,5554.513900592608,0.7256610756649275
high_frequency,high-frequency-v1,blast-lite-lfp-gr-250ah-prismatic-2019-v1,blast-lite-b093495-250ah-prismatic-v1,PHYSICS_REFERENCE,NEAR_BOUNDARY,16.666666666666668,6666.666666666651,5578.702603114772,0.7247837578084445
high_frequency,high-frequency-v1,blast-lite-lfp-gr-250ah-prismatic-2019-v1,blast-lite-b093495-250ah-prismatic-v1,PHYSICS_REFERENCE,NEAR_BOUNDARY,16.75,6699.999999999984,5602.862061708386,0.7239087345624119
high_frequency,high-frequency-v1,blast-lite-lfp-gr-250ah-prismatic-2019-v1,blast-lite-b093495-250ah-prismatic-v1,PHYSICS_REFERENCE,NEAR_BOUNDARY,16.833333333333332,6733.333333333317,5626.992352860467,0.7230359933284574
high_frequency,high-frequency-v1,blast-lite-lfp-gr-250ah-prismatic-2019-v1,blast-lite-b093495-250ah-prismatic-v1,PHYSICS_REFERENCE,NEAR_BOUNDARY,16.916666666666668,6766.66666666665,5651.093552638082,0.722165521629919
high_frequency,high-frequency-v1,blast-lite-lfp-gr-250ah-prismatic-2019-v1,blast-lite-b093495-250ah-prismatic-v1,PHYSICS_REFERENCE,NEAR_BOUNDARY,17.0,6799.999999999983,5675.165736692413,0.7212973071100752
high_frequency,high-frequency-v1,blast-lite-lfp-gr-250ah-prismatic-2019-v1,blast-lite-b093495-250ah-prismatic-v1,PHYSICS_REFERENCE,NEAR_BOUNDARY,17.083333333333332,6833.333333333316,5699.208980262749,0.7204313375304072
high_frequency,high-frequency-v1,blast-lite-lfp-gr-250ah-prismatic-2019-v1,blast-lite-b093495-250ah-prismatic-v1,PHYSICS_REFERENCE,NEAR_BOUNDARY,17.166666666666668,6866.666666666649,5723.223358180429,0.7195676007688969
high_frequency,high-frequency-v1,blast-lite-lfp-gr-250ah-prismatic-2019-v1,blast-lite-b093495-250ah-prismatic-v1,PHYSICS_REFERENCE,NEAR_BOUNDARY,17.25,6899.999999999982,5747.208944872726,0.7187060848183588
high_frequency,high-frequency-v1,blast-lite-lfp-gr-250ah-prismatic-2019-v1,blast-lite-b093495-250ah-prismatic-v1,PHYSICS_REFERENCE,NEAR_BOUNDARY,17.333333333333332,6933.333333333315,5771.165814366671,0.717846777784801
high_frequency,high-frequency-v1,blast-lite-lfp-gr-250ah-prismatic-2019-v1,blast-lite-b093495-250ah-prismatic-v1,PHYSICS_REFERENCE,NEAR_BOUNDARY,17.416666666666668,6966.666666666648,5795.094040292831,0.716989667885821
high_frequency,high-frequency-v1,blast-lite-lfp-gr-250ah-prismatic-2019-v1,blast-lite-b093495-250ah-prismatic-v1,PHYSICS_REFERENCE,NEAR_BOUNDARY,17.5,6999.999999999981,5818.993695889025,0.7161347434490302
high_frequency,high-frequency-v1,blast-lite-lfp-gr-250ah-prismatic-2019-v1,blast-lite-b093495-250ah-prismatic-v1,PHYSICS_REFERENCE,NEAR_BOUNDARY,17.583333333333332,7033.333333333314,5842.864854003992,0.7152819929105091
high_frequency,high-frequency-v1,blast-lite-lfp-gr-250ah-prismatic-2019-v1,blast-lite-b093495-250ah-prismatic-v1,PHYSICS_REFERENCE,NEAR_BOUNDARY,17.666666666666668,7066.666666666647,5866.707587101009,0.7144314048132918
high_frequency,high-frequency-v1,blast-lite-lfp-gr-250ah-prismatic-2019-v1,blast-lite-b093495-250ah-prismatic-v1,PHYSICS_REFERENCE,NEAR_BOUNDARY,17.75,7099.99999999998,5890.521967261452,0.7135829678058787
high_frequency,high-frequency-v1,blast-lite-lfp-gr-250ah-prismatic-2019-v1,blast-lite-b093495-250ah-prismatic-v1,PHYSICS_REFERENCE,NEAR_BOUNDARY,17.833333333333332,7133.333333333313,5914.308066188315,0.712736670640777
high_frequency,high-frequency-v1,blast-lite-lfp-gr-250ah-prismatic-2019-v1,blast-lite-b093495-250ah-prismatic-v1,PHYSICS_REFERENCE,NEAR_BOUNDARY,17.916666666666668,7166.666666666646,5938.065955209674,0.7118925021730693
high_frequency,high-frequency-v1,blast-lite-lfp-gr-250ah-prismatic-2019-v1,blast-lite-b093495-250ah-prismatic-v1,PHYSICS_REFERENCE,NEAR_BOUNDARY,18.0,7199.999999999979,5961.795705282109,0.7110504513590079
high_frequency,high-frequency-v1,blast-lite-lfp-gr-250ah-prismatic-2019-v1,blast-lite-b093495-250ah-prismatic-v1,PHYSICS_REFERENCE,NEAR_BOUNDARY,18.083333333333332,7233.333333333312,5985.497386994076,0.7102105072546352
high_frequency,high-frequency-v1,blast-lite-lfp-gr-250ah-prismatic-2019-v1,blast-lite-b093495-250ah-prismatic-v1,PHYSICS_REFERENCE,NEAR_BOUNDARY,18.166666666666668,7266.666666666645,6009.17107056923,0.7093726590144296
high_frequency,high-frequency-v1,blast-lite-lfp-gr-250ah-prismatic-2019-v1,blast-lite-b093495-250ah-prismatic-v1,PHYSICS_REFERENCE,NEAR_BOUNDARY,18.25,7299.999999999978,6032.8168258697115,0.7085368958899767
high_frequency,high-frequency-v1,blast-lite-lfp-gr-250ah-prismatic-2019-v1,blast-lite-b093495-250ah-prismatic-v1,PHYSICS_REFERENCE,NEAR_BOUNDARY,18.333333333333332,7333.333333333311,6056.434722399377,0.7077032072286635
high_frequency,high-frequency-v1,blast-lite-lfp-gr-250ah-prismatic-2019-v1,blast-lite-b093495-250ah-prismatic-v1,PHYSICS_REFERENCE,NEAR_BOUNDARY,18.416666666666668,7366.666666666644,6080.024829306999,0.7068715824723978
high_frequency,high-frequency-v1,blast-lite-lfp-gr-250ah-prismatic-2019-v1,blast-lite-b093495-250ah-prismatic-v1,PHYSICS_REFERENCE,NEAR_BOUNDARY,18.5,7399.999999999977,6103.587215389412,0.7060420111563488
high_frequency,high-frequency-v1,blast-lite-lfp-gr-250ah-prismatic-2019-v1,blast-lite-b093495-250ah-prismatic-v1,PHYSICS_REFERENCE,NEAR_BOUNDARY,18.583333333333332,7433.33333333331,6127.121949094624,0.7052144829077124
high_frequency,high-frequency-v1,blast-lite-lfp-gr-250ah-prismatic-2019-v1,blast-lite-b093495-250ah-prismatic-v1,PHYSICS_REFERENCE,NEAR_BOUNDARY,18.666666666666668,7466.666666666643,6150.629098524882,0.7043889874444969
high_frequency,high-frequency-v1,blast-lite-lfp-gr-250ah-prismatic-2019-v1,blast-lite-b093495-250ah-prismatic-v1,PHYSICS_REFERENCE,NEAR_BOUNDARY,18.75,7499.999999999976,6174.108731439698,0.7035655145743311
high_frequency,high-frequency-v1,blast-lite-lfp-gr-250ah-prismatic-2019-v1,blast-lite-b093495-250ah-prismatic-v1,PHYSICS_REFERENCE,NEAR_BOUNDARY,18.833333333333332,7533.333333333309,6197.560915258842,0.7027440541932937
high_frequency,high-frequency-v1,blast-lite-lfp-gr-250ah-prismatic-2019-v1,blast-lite-b093495-250ah-prismatic-v1,PHYSICS_REFERENCE,NEAR_BOUNDARY,18.916666666666668,7566.666666666642,6220.985717065285,0.7019245962847624
high_frequency,high-frequency-v1,blast-lite-lfp-gr-250ah-prismatic-2019-v1,blast-lite-b093495-250ah-prismatic-v1,PHYSICS_REFERENCE,NEAR_BOUNDARY,19.0,7599.999999999975,6244.38320360811,0.7011071309182844
high_frequency,high-frequency-v1,blast-lite-lfp-gr-250ah-prismatic-2019-v1,blast-lite-b093495-250ah-prismatic-v1,PHYSICS_REFERENCE,NEAR_BOUNDARY,19.083333333333332,7633.3333333333085,6267.753441305386,0.7002916482484649
high_frequency,high-frequency-v1,blast-lite-lfp-gr-250ah-prismatic-2019-v1,blast-lite-b093495-250ah-prismatic-v1,PHYSICS_REFERENCE,NEAR_BOUNDARY,19.166666666666668,7666.6666666666415,6291.096496247002,0.6994781385138774
high_frequency,high-frequency-v1,blast-lite-lfp-gr-250ah-prismatic-2019-v1,blast-lite-b093495-250ah-prismatic-v1,PHYSICS_REFERENCE,NEAR_BOUNDARY,19.25,7699.9999999999745,6314.412434197464,0.6986665920359905
high_frequency,high-frequency-v1,blast-lite-lfp-gr-250ah-prismatic-2019-v1,blast-lite-b093495-250ah-prismatic-v1,PHYSICS_REFERENCE,NEAR_BOUNDARY,19.333333333333332,7733.333333333308,6337.701320598663,0.6978569992181141
high_frequency,high-frequency-v1,blast-lite-lfp-gr-250ah-prismatic-2019-v1,blast-lite-b093495-250ah-prismatic-v1,PHYSICS_REFERENCE,NEAR_BOUNDARY,19.416666666666668,7766.666666666641,6360.9632205726,0.6970493505443645
high_frequency,high-frequency-v1,blast-lite-lfp-gr-250ah-prismatic-2019-v1,blast-lite-b093495-250ah-prismatic-v1,PHYSICS_REFERENCE,NEAR_BOUNDARY,19.5,7799.999999999974,6384.198198924079,0.6962436365786455
high_frequency,high-frequency-v1,blast-lite-lfp-gr-250ah-prismatic-2019-v1,blast-lite-b093495-250ah-prismatic-v1,PHYSICS_REFERENCE,NEAR_BOUNDARY,19.583333333333332,7833.333333333307,6407.406320143367,0.6954398479636481
high_frequency,high-frequency-v1,blast-lite-lfp-gr-250ah-prismatic-2019-v1,blast-lite-b093495-250ah-prismatic-v1,PHYSICS_REFERENCE,NEAR_BOUNDARY,19.666666666666668,7866.66666666664,6430.587648408822,0.6946379754198665
high_frequency,high-frequency-v1,blast-lite-lfp-gr-250ah-prismatic-2019-v1,blast-lite-b093495-250ah-prismatic-v1,PHYSICS_REFERENCE,NEAR_BOUNDARY,19.75,7899.999999999973,6453.742247589485,0.6938380097446311
high_frequency,high-frequency-v1,blast-lite-lfp-gr-250ah-prismatic-2019-v1,blast-lite-b093495-250ah-prismatic-v1,PHYSICS_REFERENCE,NEAR_BOUNDARY,19.833333333333332,7933.333333333306,6476.870181247639,0.693039941811157
high_frequency,high-frequency-v1,blast-lite-lfp-gr-250ah-prismatic-2019-v1,blast-lite-b093495-250ah-prismatic-v1,PHYSICS_REFERENCE,NEAR_BOUNDARY,19.916666666666668,7966.666666666639,6499.971512641345,0.6922437625676098
high_frequency,high-frequency-v1,blast-lite-lfp-gr-250ah-prismatic-2019-v1,blast-lite-b093495-250ah-prismatic-v1,PHYSICS_REFERENCE,NEAR_BOUNDARY,20.0,7999.999999999972,6523.046304726932,0.6914494630361847
high_frequency,high-frequency-v1,blast-lite-lfp-gr-250ah-prismatic-2019-v1,blast-lite-b093495-250ah-prismatic-v1,PHYSICS_REFERENCE,NEAR_BOUNDARY,20.083333333333332,8033.333333333305,6546.0946201614715,0.6906570343122033
high_frequency,high-frequency-v1,blast-lite-lfp-gr-250ah-prismatic-2019-v1,blast-lite-b093495-250ah-prismatic-v1,PHYSICS_REFERENCE,NEAR_BOUNDARY,20.166666666666668,8066.666666666638,6569.116521305212,0.6898664675632232
high_frequency,high-frequency-v1,blast-lite-lfp-gr-250ah-prismatic-2019-v1,blast-lite-b093495-250ah-prismatic-v1,PHYSICS_REFERENCE,NEAR_BOUNDARY,20.25,8099.999999999971,6592.112070223986,0.6890777540281636
high_frequency,high-frequency-v1,blast-lite-lfp-gr-250ah-prismatic-2019-v1,blast-lite-b093495-250ah-prismatic-v1,PHYSICS_REFERENCE,NEAR_BOUNDARY,20.333333333333332,8133.333333333304,6615.081328691592,0.6882908850164445
high_frequency,high-frequency-v1,blast-lite-lfp-gr-250ah-prismatic-2019-v1,blast-lite-b093495-250ah-prismatic-v1,PHYSICS_REFERENCE,NEAR_BOUNDARY,20.416666666666668,8166.666666666637,6638.0243581921395,0.6875058519071404
high_frequency,high-frequency-v1,blast-lite-lfp-gr-250ah-prismatic-2019-v1,blast-lite-b093495-250ah-prismatic-v1,PHYSICS_REFERENCE,NEAR_BOUNDARY,20.5,8199.99999999997,6660.941219922378,0.6867226461481469
high_frequency,high-frequency-v1,blast-lite-lfp-gr-250ah-prismatic-2019-v1,blast-lite-b093495-250ah-prismatic-v1,PHYSICS_REFERENCE,NEAR_BOUNDARY,20.583333333333332,8233.333333333305,6683.831974793983,0.6859412592553613
high_frequency,high-frequency-v1,blast-lite-lfp-gr-250ah-prismatic-2019-v1,blast-lite-b093495-250ah-prismatic-v1,PHYSICS_REFERENCE,NEAR_BOUNDARY,20.666666666666668,8266.666666666639,6706.696683435828,0.6851616828118765
high_frequency,high-frequency-v1,blast-lite-lfp-gr-250ah-prismatic-2019-v1,blast-lite-b093495-250ah-prismatic-v1,PHYSICS_REFERENCE,NEAR_BOUNDARY,20.75,8299.999999999973,6729.535406196224,0.6843839084671879
high_frequency,high-frequency-v1,blast-lite-lfp-gr-250ah-prismatic-2019-v1,blast-lite-b093495-250ah-prismatic-v1,PHYSICS_REFERENCE,NEAR_BOUNDARY,20.833333333333332,8333.333333333307,6752.34820314513,0.6836079279364115
high_frequency,high-frequency-v1,blast-lite-lfp-gr-250ah-prismatic-2019-v1,blast-lite-b093495-250ah-prismatic-v1,PHYSICS_REFERENCE,NEAR_BOUNDARY,20.916666666666668,8366.66666666664,6775.135134076344,0.6828337329995164
high_frequency,high-frequency-v1,blast-lite-lfp-gr-250ah-prismatic-2019-v1,blast-lite-b093495-250ah-prismatic-v1,PHYSICS_REFERENCE,NEAR_BOUNDARY,21.0,8399.999999999975,6797.8962585096615,0.6820613155005686
high_frequency,high-frequency-v1,blast-lite-lfp-gr-250ah-prismatic-2019-v1,blast-lite-b093495-250ah-prismatic-v1,PHYSICS_REFERENCE,NEAR_BOUNDARY,21.083333333333332,8433.333333333308,6820.631635693014,0.6812906673469858
high_frequency,high-frequency-v1,blast-lite-lfp-gr-250ah-prismatic-2019-v1,blast-lite-b093495-250ah-prismatic-v1,PHYSICS_REFERENCE,NEAR_BOUNDARY,21.166666666666668,8466.666666666642,6843.34132460458,0.6805217805088051
high_frequency,high-frequency-v1,blast-lite-lfp-gr-250ah-prismatic-2019-v1,blast-lite-b093495-250ah-prismatic-v1,PHYSICS_REFERENCE,NEAR_BOUNDARY,21.25,8499.999999999976,6866.025383954874,0.6797546470179621
high_frequency,high-frequency-v1,blast-lite-lfp-gr-250ah-prismatic-2019-v1,blast-lite-b093495-250ah-prismatic-v1,PHYSICS_REFERENCE,NEAR_BOUNDARY,21.333333333333332,8533.33333333331,6888.683872188806,0.6789892589675798
high_frequency,high-frequency-v1,blast-lite-lfp-gr-250ah-prismatic-2019-v1,blast-lite-b093495-250ah-prismatic-v1,PHYSICS_REFERENCE,NEAR_BOUNDARY,21.416666666666668,8566.666666666644,6911.316847487726,0.6782256085112705
high_frequency,high-frequency-v1,blast-lite-lfp-gr-250ah-prismatic-2019-v1,blast-lite-b093495-250ah-prismatic-v1,PHYSICS_REFERENCE,NEAR_BOUNDARY,21.5,8599.999999999978,6933.924367771435,0.6774636878624465
high_frequency,high-frequency-v1,blast-lite-lfp-gr-250ah-prismatic-2019-v1,blast-lite-b093495-250ah-prismatic-v1,PHYSICS_REFERENCE,NEAR_BOUNDARY,21.583333333333332,8633.333333333312,6956.506490700183,0.6767034892936431
high_frequency,high-frequency-v1,blast-lite-lfp-gr-250ah-prismatic-2019-v1,blast-lite-b093495-250ah-prismatic-v1,PHYSICS_REFERENCE,NEAR_BOUNDARY,21.666666666666668,8666.666666666646,6979.063273676638,0.6759450051358505
high_frequency,high-frequency-v1,blast-lite-lfp-gr-250ah-prismatic-2019-v1,blast-lite-b093495-250ah-prismatic-v1,PHYSICS_REFERENCE,NEAR_BOUNDARY,21.75,8699.99999999998,7001.5947738478335,0.6751882277778569
high_frequency,high-frequency-v1,blast-lite-lfp-gr-250ah-prismatic-2019-v1,blast-lite-b093495-250ah-prismatic-v1,PHYSICS_REFERENCE,NEAR_BOUNDARY,21.833333333333332,8733.333333333314,7024.101048107095,0.6744331496656009
high_frequency,high-frequency-v1,blast-lite-lfp-gr-250ah-prismatic-2019-v1,blast-lite-b093495-250ah-prismatic-v1,PHYSICS_REFERENCE,NEAR_BOUNDARY,21.916666666666668,8766.666666666648,7046.582153095948,0.6736797633015341
high_frequency,high-frequency-v1,blast-lite-lfp-gr-250ah-prismatic-2019-v1,blast-lite-b093495-250ah-prismatic-v1,PHYSICS_REFERENCE,NEAR_BOUNDARY,22.0,8799.999999999982,7069.038145205999,0.6729280612439934
high_frequency,high-frequency-v1,blast-lite-lfp-gr-250ah-prismatic-2019-v1,blast-lite-b093495-250ah-prismatic-v1,PHYSICS_REFERENCE,NEAR_BOUNDARY,22.083333333333332,8833.333333333316,7091.469080580799,0.6721780361065812
high_frequency,high-frequency-v1,blast-lite-lfp-gr-250ah-prismatic-2019-v1,blast-lite-b093495-250ah-prismatic-v1,PHYSICS_REFERENCE,NEAR_BOUNDARY,22.166666666666668,8866.66666666665,7113.875015117685,0.6714296805575578
high_frequency,high-frequency-v1,blast-lite-lfp-gr-250ah-prismatic-2019-v1,blast-lite-b093495-250ah-prismatic-v1,PHYSICS_REFERENCE,NEAR_BOUNDARY,22.25,8899.999999999984,7136.256004469603,0.6706829873192398
high_frequency,high-frequency-v1,blast-lite-lfp-gr-250ah-prismatic-2019-v1,blast-lite-b093495-250ah-prismatic-v1,PHYSICS_REFERENCE,NEAR_BOUNDARY,22.333333333333332,8933.333333333318,7158.612104046911,0.6699379491674092
high_frequency,high-frequency-v1,blast-lite-lfp-gr-250ah-prismatic-2019-v1,blast-lite-b093495-250ah-prismatic-v1,PHYSICS_REFERENCE,NEAR_BOUNDARY,22.416666666666668,8966.666666666652,7180.943369019157,0.6691945589307308
high_frequency,high-frequency-v1,blast-lite-lfp-gr-250ah-prismatic-2019-v1,blast-lite-b093495-250ah-prismatic-v1,PHYSICS_REFERENCE,NEAR_BOUNDARY,22.5,8999.999999999985,7203.2498543168485,0.6684528094901772
high_frequency,high-frequency-v1,blast-lite-lfp-gr-250ah-prismatic-2019-v1,blast-lite-b093495-250ah-prismatic-v1,PHYSICS_REFERENCE,NEAR_BOUNDARY,22.583333333333332,9033.33333333332,7225.531614633188,0.6677126937784645
high_frequency,high-frequency-v1,blast-lite-lfp-gr-250ah-prismatic-2019-v1,blast-lite-b093495-250ah-prismatic-v1,PHYSICS_REFERENCE,NEAR_BOUNDARY,22.666666666666668,9066.666666666653,7247.788704425803,0.6669742047794939
high_frequency,high-frequency-v1,blast-lite-lfp-gr-250ah-prismatic-2019-v1,blast-lite-b093495-250ah-prismatic-v1,PHYSICS_REFERENCE,NEAR_BOUNDARY,22.75,9099.999999999987,7270.021177918453,0.6662373355278016
high_frequency,high-frequency-v1,blast-lite-lfp-gr-250ah-prismatic-2019-v1,blast-lite-b093495-250ah-prismatic-v1,PHYSICS_REFERENCE,NEAR_BOUNDARY,22.833333333333332,9133.333333333321,7292.229089102713,0.6655020791080191
high_frequency,high-frequency-v1,blast-lite-lfp-gr-250ah-prismatic-2019-v1,blast-lite-b093495-250ah-prismatic-v1,PHYSICS_REFERENCE,NEAR_BOUNDARY,22.916666666666668,9166.666666666655,7314.4124917396475,0.664768428654338
high_frequency,high-frequency-v1,blast-lite-lfp-gr-250ah-prismatic-2019-v1,blast-lite-b093495-250ah-prismatic-v1,PHYSICS_REFERENCE,NEAR_BOUNDARY,23.0,9199.999999999989,7336.571439361459,0.6640363773499851
high_frequency,high-frequency-v1,blast-lite-lfp-gr-250ah-prismatic-2019-v1,blast-lite-b093495-250ah-prismatic-v1,PHYSICS_REFERENCE,NEAR_BOUNDARY,23.083333333333332,9233.333333333323,7358.705985273125,0.6633059184267025
high_frequency,high-frequency-v1,blast-lite-lfp-gr-250ah-prismatic-2019-v1,blast-lite-b093495-250ah-prismatic-v1,PHYSICS_REFERENCE,NEAR_BOUNDARY,23.166666666666668,9266.666666666657,7380.8161825540155,0.6625770451642383
high_frequency,high-frequency-v1,blast-lite-lfp-gr-250ah-prismatic-2019-v1,blast-lite-b093495-250ah-prismatic-v1,PHYSICS_REFERENCE,NEAR_BOUNDARY,23.25,9299.99999999999,7402.90208405949,0.661849750889841
high_frequency,high-frequency-v1,blast-lite-lfp-gr-250ah-prismatic-2019-v1,blast-lite-b093495-250ah-prismatic-v1,PHYSICS_REFERENCE,NEAR_BOUNDARY,23.333333333333332,9333.333333333325,7424.963742422485,0.661124028977764
high_frequency,high-frequency-v1,blast-lite-lfp-gr-250ah-prismatic-2019-v1,blast-lite-b093495-250ah-prismatic-v1,PHYSICS_REFERENCE,NEAR_BOUNDARY,23.416666666666668,9366.666666666659,7447.001210055077,0.6603998728487758
high_frequency,high-frequency-v1,blast-lite-lfp-gr-250ah-prismatic-2019-v1,blast-lite-b093495-250ah-prismatic-v1,PHYSICS_REFERENCE,NEAR_BOUNDARY,23.5,9399.999999999993,7469.0145391500355,0.6596772759696758
high_frequency,high-frequency-v1,blast-lite-lfp-gr-250ah-prismatic-2019-v1,blast-lite-b093495-250ah-prismatic-v1,PHYSICS_REFERENCE,NEAR_BOUNDARY,23.583333333333332,9433.333333333327,7491.003781682358,0.6589562318528202
high_frequency,high-frequency-v1,blast-lite-lfp-gr-250ah-prismatic-2019-v1,blast-lite-b093495-250ah-prismatic-v1,PHYSICS_REFERENCE,NEAR_BOUNDARY,23.666666666666668,9466.66666666666,7512.968989410785,0.6582367340556503
high_frequency,high-frequency-v1,blast-lite-lfp-gr-250ah-prismatic-2019-v1,blast-lite-b093495-250ah-prismatic-v1,PHYSICS_REFERENCE,NEAR_BOUNDARY,23.75,9499.999999999995,7534.910213879307,0.6575187761802319
high_frequency,high-frequency-v1,blast-lite-lfp-gr-250ah-prismatic-2019-v1,blast-lite-b093495-250ah-prismatic-v1,PHYSICS_REFERENCE,NEAR_BOUNDARY,23.833333333333332,9533.333333333328,7556.827506418648,0.6568023518727968
high_frequency,high-frequency-v1,blast-lite-lfp-gr-250ah-prismatic-2019-v1,blast-lite-b093495-250ah-prismatic-v1,PHYSICS_REFERENCE,NEAR_BOUNDARY,23.916666666666668,9566.666666666662,7578.720918147741,0.656087454823293
high_frequency,high-frequency-v1,blast-lite-lfp-gr-250ah-prismatic-2019-v1,blast-lite-b093495-250ah-prismatic-v1,PHYSICS_REFERENCE,NEAR_BOUNDARY,24.0,9599.999999999996,7600.590499975184,0.6553740787649416
high_frequency,high-frequency-v1,blast-lite-lfp-gr-250ah-prismatic-2019-v1,blast-lite-b093495-250ah-prismatic-v1,PHYSICS_REFERENCE,NEAR_BOUNDARY,24.083333333333332,9633.33333333333,7622.436302600682,0.6546622174737973
high_frequency,high-frequency-v1,blast-lite-lfp-gr-250ah-prismatic-2019-v1,blast-lite-b093495-250ah-prismatic-v1,PHYSICS_REFERENCE,NEAR_BOUNDARY,24.166666666666668,9666.666666666664,7644.258376516475,0.6539518647683171
high_frequency,high-frequency-v1,blast-lite-lfp-gr-250ah-prismatic-2019-v1,blast-lite-b093495-250ah-prismatic-v1,PHYSICS_REFERENCE,NEAR_BOUNDARY,24.25,9699.999999999998,7666.056772008753,0.6532430145089345
high_frequency,high-frequency-v1,blast-lite-lfp-gr-250ah-prismatic-2019-v1,blast-lite-b093495-250ah-prismatic-v1,PHYSICS_REFERENCE,NEAR_BOUNDARY,24.333333333333332,9733.333333333332,7687.83153915905,0.6525356605976381
high_frequency,high-frequency-v1,blast-lite-lfp-gr-250ah-prismatic-2019-v1,blast-lite-b093495-250ah-prismatic-v1,PHYSICS_REFERENCE,NEAR_BOUNDARY,24.416666666666668,9766.666666666666,7709.582727845638,0.6518297969775575
high_frequency,high-frequency-v1,blast-lite-lfp-gr-250ah-prismatic-2019-v1,blast-lite-b093495-250ah-prismatic-v1,PHYSICS_REFERENCE,NEAR_BOUNDARY,24.5,9800.0,7731.31038774489,0.6511254176325536
high_frequency,high-frequency-v1,blast-lite-lfp-gr-250ah-prismatic-2019-v1,blast-lite-b093495-250ah-prismatic-v1,PHYSICS_REFERENCE,NEAR_BOUNDARY,24.583333333333332,9833.333333333334,7753.014568332642,0.6504225165868156
high_frequency,high-frequency-v1,blast-lite-lfp-gr-250ah-prismatic-2019-v1,blast-lite-b093495-250ah-prismatic-v1,PHYSICS_REFERENCE,NEAR_BOUNDARY,24.666666666666668,9866.666666666668,7774.695318885536,0.6497210879044621
high_frequency,high-frequency-v1,blast-lite-lfp-gr-250ah-prismatic-2019-v1,blast-lite-b093495-250ah-prismatic-v1,PHYSICS_REFERENCE,NEAR_BOUNDARY,24.75,9900.000000000002,7796.352688482351,0.6490211256891483
high_frequency,high-frequency-v1,blast-lite-lfp-gr-250ah-prismatic-2019-v1,blast-lite-b093495-250ah-prismatic-v1,PHYSICS_REFERENCE,NEAR_BOUNDARY,24.833333333333332,9933.333333333336,7817.986726005323,0.6483226240836777
high_frequency,high-frequency-v1,blast-lite-lfp-gr-250ah-prismatic-2019-v1,blast-lite-b093495-250ah-prismatic-v1,PHYSICS_REFERENCE,NEAR_BOUNDARY,24.916666666666668,9966.66666666667,7839.597480141446,0.64762557726962
high_frequency,high-frequency-v1,blast-lite-lfp-gr-250ah-prismatic-2019-v1,blast-lite-b093495-250ah-prismatic-v1,PHYSICS_REFERENCE,NEAR_BOUNDARY,25.0,10000.000000000004,7861.184999383767,0.6469299794669332
staged_supported,staged-supported-v1,blast-lite-lfp-gr-250ah-prismatic-2019-v1,blast-lite-b093495-250ah-prismatic-v1,PHYSICS_REFERENCE,NEAR_BOUNDARY,0.0,0.0,0.0,1.0
staged_supported,staged-supported-v1,blast-lite-lfp-gr-250ah-prismatic-2019-v1,blast-lite-b093495-250ah-prismatic-v1,PHYSICS_REFERENCE,NEAR_BOUNDARY,0.08333333333333333,25.0,24.999999999999996,0.9953353589478184
staged_supported,staged-supported-v1,blast-lite-lfp-gr-250ah-prismatic-2019-v1,blast-lite-b093495-250ah-prismatic-v1,PHYSICS_REFERENCE,NEAR_BOUNDARY,0.16666666666666666,50.0,49.88338397369546,0.9921185777140046
staged_supported,staged-supported-v1,blast-lite-lfp-gr-250ah-prismatic-2019-v1,blast-lite-b093495-250ah-prismatic-v1,PHYSICS_REFERENCE,NEAR_BOUNDARY,0.25,75.0,74.68634841654557,0.9893728239965662
staged_supported,staged-supported-v1,blast-lite-lfp-gr-250ah-prismatic-2019-v1,blast-lite-b093495-250ah-prismatic-v1,PHYSICS_REFERENCE,NEAR_BOUNDARY,0.3333333333333333,100.0,99.42066901645973,0.9868655710691638
staged_supported,staged-supported-v1,blast-lite-lfp-gr-250ah-prismatic-2019-v1,blast-lite-b093495-250ah-prismatic-v1,PHYSICS_REFERENCE,NEAR_BOUNDARY,0.4166666666666667,125.0,124.09230829318882,0.9845151873161788
staged_supported,staged-supported-v1,blast-lite-lfp-gr-250ah-prismatic-2019-v1,blast-lite-b093495-250ah-prismatic-v1,PHYSICS_REFERENCE,NEAR_BOUNDARY,0.5,150.0,148.7051879760933,0.9822802898904411
staged_supported,staged-supported-v1,blast-lite-lfp-gr-250ah-prismatic-2019-v1,blast-lite-b093495-250ah-prismatic-v1,PHYSICS_REFERENCE,NEAR_BOUNDARY,0.5833333333333334,175.0,173.26219522335433,0.9801360829595658
staged_supported,staged-supported-v1,blast-lite-lfp-gr-250ah-prismatic-2019-v1,blast-lite-b093495-250ah-prismatic-v1,PHYSICS_REFERENCE,NEAR_BOUNDARY,0.6666666666666666,200.0,197.76559729734348,0.9780661601863301
staged_supported,staged-supported-v1,blast-lite-lfp-gr-250ah-prismatic-2019-v1,blast-lite-b093495-250ah-prismatic-v1,PHYSICS_REFERENCE,NEAR_BOUNDARY,0.75,225.0,222.21725130200173,0.9760589208488192
staged_supported,staged-supported-v1,blast-lite-lfp-gr-250ah-prismatic-2019-v1,blast-lite-b093495-250ah-prismatic-v1,PHYSICS_REFERENCE,NEAR_BOUNDARY,0.8333333333333334,250.0,246.6187243232222,0.9741057605621203
staged_supported,staged-supported-v1,blast-lite-lfp-gr-250ah-prismatic-2019-v1,blast-lite-b093495-250ah-prismatic-v1,PHYSICS_REFERENCE,NEAR_BOUNDARY,0.9166666666666666,275.0,270.97136833727524,0.9722000624471582
staged_supported,staged-supported-v1,blast-lite-lfp-gr-250ah-prismatic-2019-v1,blast-lite-b093495-250ah-prismatic-v1,PHYSICS_REFERENCE,NEAR_BOUNDARY,1.0,300.0,295.27636989845416,0.9703365918267383
staged_supported,staged-supported-v1,blast-lite-lfp-gr-250ah-prismatic-2019-v1,blast-lite-b093495-250ah-prismatic-v1,PHYSICS_REFERENCE,NEAR_BOUNDARY,1.0833333333333333,325.0,319.5347846941226,0.9685111119105568
staged_supported,staged-supported-v1,blast-lite-lfp-gr-250ah-prismatic-2019-v1,blast-lite-b093495-250ah-prismatic-v1,PHYSICS_REFERENCE,NEAR_BOUNDARY,1.1666666666666667,350.0,343.7475624918865,0.9667201285449637
staged_supported,staged-supported-v1,blast-lite-lfp-gr-250ah-prismatic-2019-v1,blast-lite-b093495-250ah-prismatic-v1,PHYSICS_REFERENCE,NEAR_BOUNDARY,1.25,375.0,367.91556570551063,0.9649607143302427
staged_supported,staged-supported-v1,blast-lite-lfp-gr-250ah-prismatic-2019-v1,blast-lite-b093495-250ah-prismatic-v1,PHYSICS_REFERENCE,NEAR_BOUNDARY,1.3333333333333333,400.0,392.0395835637667,0.9632303836555489
staged_supported,staged-supported-v1,blast-lite-lfp-gr-250ah-prismatic-2019-v1,blast-lite-b093495-250ah-prismatic-v1,PHYSICS_REFERENCE,NEAR_BOUNDARY,1.4166666666666667,425.0,416.1203431551554,0.9615270015779684
staged_supported,staged-supported-v1,blast-lite-lfp-gr-250ah-prismatic-2019-v1,blast-lite-b093495-250ah-prismatic-v1,PHYSICS_REFERENCE,NEAR_BOUNDARY,1.5,450.0,440.1585181946046,0.9598487158849589
staged_supported,staged-supported-v1,blast-lite-lfp-gr-250ah-prismatic-2019-v1,blast-lite-b093495-250ah-prismatic-v1,PHYSICS_REFERENCE,NEAR_BOUNDARY,1.5833333333333333,475.0,464.1547360917286,0.9581939054546055
staged_supported,staged-supported-v1,blast-lite-lfp-gr-250ah-prismatic-2019-v1,blast-lite-b093495-250ah-prismatic-v1,PHYSICS_REFERENCE,NEAR_BOUNDARY,1.6666666666666667,500.0,488.1095837280937,0.9565611403346311
staged_supported,staged-supported-v1,blast-lite-lfp-gr-250ah-prismatic-2019-v1,blast-lite-b093495-250ah-prismatic-v1,PHYSICS_REFERENCE,NEAR_BOUNDARY,1.75,525.0,512.0236122364595,0.9549491504163385
staged_supported,staged-supported-v1,blast-lite-lfp-gr-250ah-prismatic-2019-v1,blast-lite-b093495-250ah-prismatic-v1,PHYSICS_REFERENCE,NEAR_BOUNDARY,1.8333333333333333,550.0,535.8973409968679,0.9533568005240277
staged_supported,staged-supported-v1,blast-lite-lfp-gr-250ah-prismatic-2019-v1,blast-lite-b093495-250ah-prismatic-v1,PHYSICS_REFERENCE,NEAR_BOUNDARY,1.9166666666666667,575.0,559.7312610099686,0.9517830703686873
staged_supported,staged-supported-v1,blast-lite-lfp-gr-250ah-prismatic-2019-v1,blast-lite-b093495-250ah-prismatic-v1,PHYSICS_REFERENCE,NEAR_BOUNDARY,2.0,600.0,583.5258377691858,0.9502270382420523
staged_supported,staged-supported-v1,blast-lite-lfp-gr-250ah-prismatic-2019-v1,blast-lite-b093495-250ah-prismatic-v1,PHYSICS_REFERENCE,NEAR_BOUNDARY,2.0833333333333335,625.0,607.2815137252371,0.9486878676235591
staged_supported,staged-supported-v1,blast-lite-lfp-gr-250ah-prismatic-2019-v1,blast-lite-b093495-250ah-prismatic-v1,PHYSICS_REFERENCE,NEAR_BOUNDARY,2.1666666666666665,650.0,630.998710415826,0.9471647960820665
staged_supported,staged-supported-v1,blast-lite-lfp-gr-250ah-prismatic-2019-v1,blast-lite-b093495-250ah-prismatic-v1,PHYSICS_REFERENCE,NEAR_BOUNDARY,2.25,675.0,654.6778303178777,0.9456571260044817
staged_supported,staged-supported-v1,blast-lite-lfp-gr-250ah-prismatic-2019-v1,blast-lite-b093495-250ah-prismatic-v1,PHYSICS_REFERENCE,NEAR_BOUNDARY,2.3333333333333335,700.0,678.3192584679897,0.9441642167928626
staged_supported,staged-supported-v1,blast-lite-lfp-gr-250ah-prismatic-2019-v1,blast-lite-b093495-250ah-prismatic-v1,PHYSICS_REFERENCE,NEAR_BOUNDARY,2.4166666666666665,725.0,701.9233638878112,0.9426854782523701
staged_supported,staged-supported-v1,blast-lite-lfp-gr-250ah-prismatic-2019-v1,blast-lite-b093495-250ah-prismatic-v1,PHYSICS_REFERENCE,NEAR_BOUNDARY,2.5,750.0,725.4905008441204,0.9412203649528347
staged_supported,staged-supported-v1,blast-lite-lfp-gr-250ah-prismatic-2019-v1,blast-lite-b093495-250ah-prismatic-v1,PHYSICS_REFERENCE,NEAR_BOUNDARY,2.5833333333333335,775.0,749.0210099679413,0.9397683713923466
staged_supported,staged-supported-v1,blast-lite-lfp-gr-250ah-prismatic-2019-v1,blast-lite-b093495-250ah-prismatic-v1,PHYSICS_REFERENCE,NEAR_BOUNDARY,2.6666666666666665,800.0,772.51521925275,0.9383290278261638
staged_supported,staged-supported-v1,blast-lite-lfp-gr-250ah-prismatic-2019-v1,blast-lite-b093495-250ah-prismatic-v1,PHYSICS_REFERENCE,NEAR_BOUNDARY,2.75,825.0,795.973444948404,0.9369018966511337
staged_supported,staged-supported-v1,blast-lite-lfp-gr-250ah-prismatic-2019-v1,blast-lite-b093495-250ah-prismatic-v1,PHYSICS_REFERENCE,NEAR_BOUNDARY,2.8333333333333335,850.0,819.3959923646823,0.9354865692567705
staged_supported,staged-supported-v1,blast-lite-lfp-gr-250ah-prismatic-2019-v1,blast-lite-b093495-250ah-prismatic-v1,PHYSICS_REFERENCE,NEAR_BOUNDARY,2.9166666666666665,875.0,842.7831565961015,0.9340826632705754
staged_supported,staged-supported-v1,blast-lite-lfp-gr-250ah-prismatic-2019-v1,blast-lite-b093495-250ah-prismatic-v1,PHYSICS_REFERENCE,NEAR_BOUNDARY,3.0,900.0,866.1352231778659,0.9326898201381996
staged_supported,staged-supported-v1,blast-lite-lfp-gr-250ah-prismatic-2019-v1,blast-lite-b093495-250ah-prismatic-v1,PHYSICS_REFERENCE,NEAR_BOUNDARY,3.0833333333333335,925.0,889.4524686813209,0.9313077029894216
staged_supported,staged-supported-v1,blast-lite-lfp-gr-250ah-prismatic-2019-v1,blast-lite-b093495-250ah-prismatic-v1,PHYSICS_REFERENCE,NEAR_BOUNDARY,3.1666666666666665,950.0,912.7351612560564,0.9299359947492407
staged_supported,staged-supported-v1,blast-lite-lfp-gr-250ah-prismatic-2019-v1,blast-lite-b093495-250ah-prismatic-v1,PHYSICS_REFERENCE,NEAR_BOUNDARY,3.25,975.0,935.9835611247873,0.9285743964601137
staged_supported,staged-supported-v1,blast-lite-lfp-gr-250ah-prismatic-2019-v1,blast-lite-b093495-250ah-prismatic-v1,PHYSICS_REFERENCE,NEAR_BOUNDARY,3.3333333333333335,1000.0,959.1979210362902,0.927222625786834
staged_supported,staged-supported-v1,blast-lite-lfp-gr-250ah-prismatic-2019-v1,blast-lite-b093495-250ah-prismatic-v1,PHYSICS_REFERENCE,NEAR_BOUNDARY,3.4166666666666665,1025.0,982.378486680961,0.9258804156800251
staged_supported,staged-supported-v1,blast-lite-lfp-gr-250ah-prismatic-2019-v1,blast-lite-b093495-250ah-prismatic-v1,PHYSICS_REFERENCE,NEAR_BOUNDARY,3.5,1050.0,1005.5254970729617,0.9245475131778966
staged_supported,staged-supported-v1,blast-lite-lfp-gr-250ah-prismatic-2019-v1,blast-lite-b093495-250ah-prismatic-v1,PHYSICS_REFERENCE,NEAR_BOUNDARY,3.5833333333333335,1075.0,1028.6391849024092,0.923223678328956
staged_supported,staged-supported-v1,blast-lite-lfp-gr-250ah-prismatic-2019-v1,blast-lite-b093495-250ah-prismatic-v1,PHYSICS_REFERENCE,NEAR_BOUNDARY,3.6666666666666665,1100.0,1051.7197768606331,0.921908683220883
staged_supported,staged-supported-v1,blast-lite-lfp-gr-250ah-prismatic-2019-v1,blast-lite-b093495-250ah-prismatic-v1,PHYSICS_REFERENCE,NEAR_BOUNDARY,3.75,1125.0,1074.7674939411552,0.9206023111028958
staged_supported,staged-supported-v1,blast-lite-lfp-gr-250ah-prismatic-2019-v1,blast-lite-b093495-250ah-prismatic-v1,PHYSICS_REFERENCE,NEAR_BOUNDARY,3.8333333333333335,1150.0,1097.7825517187275,0.9193043555906896
staged_supported,staged-supported-v1,blast-lite-lfp-gr-250ah-prismatic-2019-v1,blast-lite-b093495-250ah-prismatic-v1,PHYSICS_REFERENCE,NEAR_BOUNDARY,3.9166666666666665,1175.0,1120.7651606084949,0.9180146199445245
staged_supported,staged-supported-v1,blast-lite-lfp-gr-250ah-prismatic-2019-v1,blast-lite-b093495-250ah-prismatic-v1,PHYSICS_REFERENCE,NEAR_BOUNDARY,4.0,1200.0,1143.715526107108,0.9167329164122916
staged_supported,staged-supported-v1,blast-lite-lfp-gr-250ah-prismatic-2019-v1,blast-lite-b093495-250ah-prismatic-v1,PHYSICS_REFERENCE,NEAR_BOUNDARY,4.083333333333333,1225.0,1166.6338490174153,0.9154590656304528
staged_supported,staged-supported-v1,blast-lite-lfp-gr-250ah-prismatic-2019-v1,blast-lite-b093495-250ah-prismatic-v1,PHYSICS_REFERENCE,NEAR_BOUNDARY,4.166666666666667,1250.0,1189.5203256581767,0.914192896076659
staged_supported,staged-supported-v1,blast-lite-lfp-gr-250ah-prismatic-2019-v1,blast-lite-b093495-250ah-prismatic-v1,PHYSICS_REFERENCE,NEAR_BOUNDARY,4.25,1275.0,1212.3751480600931,0.9129342435686247
staged_supported,staged-supported-v1,blast-lite-lfp-gr-250ah-prismatic-2019-v1,blast-lite-b093495-250ah-prismatic-v1,PHYSICS_REFERENCE,NEAR_BOUNDARY,4.333333333333333,1300.0,1235.1985041493087,0.9116829508045052
staged_supported,staged-supported-v1,blast-lite-lfp-gr-250ah-prismatic-2019-v1,blast-lite-b093495-250ah-prismatic-v1,PHYSICS_REFERENCE,NEAR_BOUNDARY,4.416666666666667,1325.0,1257.9905779194214,0.910438866940591
staged_supported,staged-supported-v1,blast-lite-lfp-gr-250ah-prismatic-2019-v1,blast-lite-b093495-250ah-prismatic-v1,PHYSICS_REFERENCE,NEAR_BOUNDARY,4.5,1350.0,1280.7515495929363,0.9092018472026311
staged_supported,staged-supported-v1,blast-lite-lfp-gr-250ah-prismatic-2019-v1,blast-lite-b093495-250ah-prismatic-v1,PHYSICS_REFERENCE,NEAR_BOUNDARY,4.583333333333333,1375.0,1303.481595773002,0.9079717525275235
staged_supported,staged-supported-v1,blast-lite-lfp-gr-250ah-prismatic-2019-v1,blast-lite-b093495-250ah-prismatic-v1,PHYSICS_REFERENCE,NEAR_BOUNDARY,4.666666666666667,1400.0,1326.18088958619,0.9067484492324793
staged_supported,staged-supported-v1,blast-lite-lfp-gr-250ah-prismatic-2019-v1,blast-lite-b093495-250ah-prismatic-v1,PHYSICS_REFERENCE,NEAR_BOUNDARY,4.75,1425.0,1348.849600817002,0.9055318087090931
staged_supported,staged-supported-v1,blast-lite-lfp-gr-250ah-prismatic-2019-v1,blast-lite-b093495-250ah-prismatic-v1,PHYSICS_REFERENCE,NEAR_BOUNDARY,4.833333333333333,1450.0,1371.4878960347294,0.904321707140032
staged_supported,staged-supported-v1,blast-lite-lfp-gr-250ah-prismatic-2019-v1,blast-lite-b093495-250ah-prismatic-v1,PHYSICS_REFERENCE,NEAR_BOUNDARY,4.916666666666667,1475.0,1394.0959387132302,0.9031180252363034
staged_supported,staged-supported-v1,blast-lite-lfp-gr-250ah-prismatic-2019-v1,blast-lite-b093495-250ah-prismatic-v1,PHYSICS_REFERENCE,NEAR_BOUNDARY,5.0,1500.0,1416.6738893441377,0.9019206479932745
staged_supported,staged-supported-v1,blast-lite-lfp-gr-250ah-prismatic-2019-v1,blast-lite-b093495-250ah-prismatic-v1,PHYSICS_REFERENCE,NEAR_BOUNDARY,5.083333333333333,1527.5,1441.4767071639528,0.9003936712710612
staged_supported,staged-supported-v1,blast-lite-lfp-gr-250ah-prismatic-2019-v1,blast-lite-b093495-250ah-prismatic-v1,PHYSICS_REFERENCE,NEAR_BOUNDARY,5.166666666666667,1555.0,1466.237533123907,0.8988768027413433
staged_supported,staged-supported-v1,blast-lite-lfp-gr-250ah-prismatic-2019-v1,blast-lite-b093495-250ah-prismatic-v1,PHYSICS_REFERENCE,NEAR_BOUNDARY,5.25,1582.5,1490.956645199294,0.8973698276324581
staged_supported,staged-supported-v1,blast-lite-lfp-gr-250ah-prismatic-2019-v1,blast-lite-b093495-250ah-prismatic-v1,PHYSICS_REFERENCE,NEAR_BOUNDARY,5.333333333333333,1610.0,1515.6343154591866,0.8958725401179461
staged_supported,staged-supported-v1,blast-lite-lfp-gr-250ah-prismatic-2019-v1,blast-lite-b093495-250ah-prismatic-v1,PHYSICS_REFERENCE,NEAR_BOUNDARY,5.416666666666667,1637.5,1540.27081031243,0.8943847427658179
staged_supported,staged-supported-v1,blast-lite-lfp-gr-250ah-prismatic-2019-v1,blast-lite-b093495-250ah-prismatic-v1,PHYSICS_REFERENCE,NEAR_BOUNDARY,5.5,1665.0,1564.86639073849,0.8929062460320207
staged_supported,staged-supported-v1,blast-lite-lfp-gr-250ah-prismatic-2019-v1,blast-lite-b093495-250ah-prismatic-v1,PHYSICS_REFERENCE,NEAR_BOUNDARY,5.583333333333333,1692.5,1589.4213125043707,0.8914368677937731
staged_supported,staged-supported-v1,blast-lite-lfp-gr-250ah-prismatic-2019-v1,blast-lite-b093495-250ah-prismatic-v1,PHYSICS_REFERENCE,NEAR_BOUNDARY,5.666666666666667,1720.0,1613.9358263686995,0.8899764329189319
staged_supported,staged-supported-v1,blast-lite-lfp-gr-250ah-prismatic-2019-v1,blast-lite-b093495-250ah-prismatic-v1,PHYSICS_REFERENCE,NEAR_BOUNDARY,5.75,1747.5,1638.4101782739701,0.8885247728679914
staged_supported,staged-supported-v1,blast-lite-lfp-gr-250ah-prismatic-2019-v1,blast-lite-b093495-250ah-prismatic-v1,PHYSICS_REFERENCE,NEAR_BOUNDARY,5.833333333333333,1775.0,1662.8446095278398,0.887081725325689
staged_supported,staged-supported-v1,blast-lite-lfp-gr-250ah-prismatic-2019-v1,blast-lite-b093495-250ah-prismatic-v1,PHYSICS_REFERENCE,NEAR_BOUNDARY,5.916666666666667,1802.5,1687.2393569742962,0.8856471338595243
staged_supported,staged-supported-v1,blast-lite-lfp-gr-250ah-prismatic-2019-v1,blast-lite-b093495-250ah-prismatic-v1,PHYSICS_REFERENCE,NEAR_BOUNDARY,6.0,1830.0,1711.5946531554332,0.8842208476027832
staged_supported,staged-supported-v1,blast-lite-lfp-gr-250ah-prismatic-2019-v1,blast-lite-b093495-250ah-prismatic-v1,PHYSICS_REFERENCE,NEAR_BOUNDARY,6.083333333333333,1857.5,1735.9107264645097,0.8828027209599145
staged_supported,staged-supported-v1,blast-lite-lfp-gr-250ah-prismatic-2019-v1,blast-lite-b093495-250ah-prismatic-v1,PHYSICS_REFERENCE,NEAR_BOUNDARY,6.166666666666667,1885.0,1760.1878012909074,0.8813926133323288
staged_supported,staged-supported-v1,blast-lite-lfp-gr-250ah-prismatic-2019-v1,blast-lite-b093495-250ah-prismatic-v1,PHYSICS_REFERENCE,NEAR_BOUNDARY,6.25,1912.5,1784.4260981575464,0.879990388862883
staged_supported,staged-supported-v1,blast-lite-lfp-gr-250ah-prismatic-2019-v1,blast-lite-b093495-250ah-prismatic-v1,PHYSICS_REFERENCE,NEAR_BOUNDARY,6.333333333333333,1940.0,1808.6258338512757,0.8785959161974929
staged_supported,staged-supported-v1,blast-lite-lfp-gr-250ah-prismatic-2019-v1,blast-lite-b093495-250ah-prismatic-v1,PHYSICS_REFERENCE,NEAR_BOUNDARY,6.416666666666667,1967.5,1832.7872215467069,0.8772090682624598
staged_supported,staged-supported-v1,blast-lite-lfp-gr-250ah-prismatic-2019-v1,blast-lite-b093495-250ah-prismatic-v1,PHYSICS_REFERENCE,NEAR_BOUNDARY,6.5,1995.0,1856.9104709239245,0.8758297220562485
staged_supported,staged-supported-v1,blast-lite-lfp-gr-250ah-prismatic-2019-v1,blast-lite-b093495-250ah-prismatic-v1,PHYSICS_REFERENCE,NEAR_BOUNDARY,6.583333333333333,2022.5,1880.9957882804713,0.8744577584545584
staged_supported,staged-supported-v1,blast-lite-lfp-gr-250ah-prismatic-2019-v1,blast-lite-b093495-250ah-prismatic-v1,PHYSICS_REFERENCE,NEAR_BOUNDARY,6.666666666666667,2050.0,1905.0433766379717,0.8730930620276501
staged_supported,staged-supported-v1,blast-lite-lfp-gr-250ah-prismatic-2019-v1,blast-lite-b093495-250ah-prismatic-v1,PHYSICS_REFERENCE,NEAR_BOUNDARY,6.75,2077.5,1929.0534358437321,0.8717355208689801
staged_supported,staged-supported-v1,blast-lite-lfp-gr-250ah-prismatic-2019-v1,blast-lite-b093495-250ah-prismatic-v1,PHYSICS_REFERENCE,NEAR_BOUNDARY,6.833333333333333,2105.0,1953.026162667629,0.8703850264342831
staged_supported,staged-supported-v1,blast-lite-lfp-gr-250ah-prismatic-2019-v1,blast-lite-b093495-250ah-prismatic-v1,PHYSICS_REFERENCE,NEAR_BOUNDARY,6.916666666666667,2132.5,1976.9617508945719,0.8690414733903207
staged_supported,staged-supported-v1,blast-lite-lfp-gr-250ah-prismatic-2019-v1,blast-lite-b093495-250ah-prismatic-v1,PHYSICS_REFERENCE,NEAR_BOUNDARY,7.0,2160.0,2000.8603914128057,0.8677047594725811
staged_supported,staged-supported-v1,blast-lite-lfp-gr-250ah-prismatic-2019-v1,blast-lite-b093495-250ah-prismatic-v1,PHYSICS_REFERENCE,NEAR_BOUNDARY,7.083333333333333,2187.5,2024.7222722983017,0.8663747853512797
staged_supported,staged-supported-v1,blast-lite-lfp-gr-250ah-prismatic-2019-v1,blast-lite-b093495-250ah-prismatic-v1,PHYSICS_REFERENCE,NEAR_BOUNDARY,7.166666666666667,2215.0,2048.547578895462,0.8650514545050645
staged_supported,staged-supported-v1,blast-lite-lfp-gr-250ah-prismatic-2019-v1,blast-lite-b093495-250ah-prismatic-v1,PHYSICS_REFERENCE,NEAR_BOUNDARY,7.25,2242.5,2072.336493894351,0.8637346731018808
staged_supported,staged-supported-v1,blast-lite-lfp-gr-250ah-prismatic-2019-v1,blast-lite-b093495-250ah-prismatic-v1,PHYSICS_REFERENCE,NEAR_BOUNDARY,7.333333333333333,2270.0,2096.0891974046526,0.8624243498864974
staged_supported,staged-supported-v1,blast-lite-lfp-gr-250ah-prismatic-2019-v1,blast-lite-b093495-250ah-prismatic-v1,PHYSICS_REFERENCE,NEAR_BOUNDARY,7.416666666666667,2297.5,2119.8058670265314,0.8611203960742331
staged_supported,staged-supported-v1,blast-lite-lfp-gr-250ah-prismatic-2019-v1,blast-lite-b093495-250ah-prismatic-v1,PHYSICS_REFERENCE,NEAR_BOUNDARY,7.5,2325.0,2143.4866779185727,0.8598227252504657
staged_supported,staged-supported-v1,blast-lite-lfp-gr-250ah-prismatic-2019-v1,blast-lite-b093495-250ah-prismatic-v1,PHYSICS_REFERENCE,NEAR_BOUNDARY,7.583333333333333,2352.5,2167.1318028629603,0.8585312532755335
staged_supported,staged-supported-v1,blast-lite-lfp-gr-250ah-prismatic-2019-v1,blast-lite-b093495-250ah-prismatic-v1,PHYSICS_REFERENCE,NEAR_BOUNDARY,7.666666666666667,2380.0,2190.7414123280373,0.857245898194673
staged_supported,staged-supported-v1,blast-lite-lfp-gr-250ah-prismatic-2019-v1,blast-lite-b093495-250ah-prismatic-v1,PHYSICS_REFERENCE,NEAR_BOUNDARY,7.75,2407.5,2214.315674528391,0.8559665801526671
staged_supported,staged-supported-v1,blast-lite-lfp-gr-250ah-prismatic-2019-v1,blast-lite-b093495-250ah-prismatic-v1,PHYSICS_REFERENCE,NEAR_BOUNDARY,7.833333333333333,2435.0,2237.854755482589,0.8546932213128948
staged_supported,staged-supported-v1,blast-lite-lfp-gr-250ah-prismatic-2019-v1,blast-lite-b093495-250ah-prismatic-v1,PHYSICS_REFERENCE,NEAR_BOUNDARY,7.916666666666667,2462.5,2261.3588190686937,0.8534257457805081
staged_supported,staged-supported-v1,blast-lite-lfp-gr-250ah-prismatic-2019-v1,blast-lite-b093495-250ah-prismatic-v1,PHYSICS_REFERENCE,NEAR_BOUNDARY,8.0,2490.0,2284.8280270776577,0.8521640795294719
staged_supported,staged-supported-v1,blast-lite-lfp-gr-250ah-prismatic-2019-v1,blast-lite-b093495-250ah-prismatic-v1,PHYSICS_REFERENCE,NEAR_BOUNDARY,8.083333333333334,2517.5,2308.2625392647183,0.8509081503332306
staged_supported,staged-supported-v1,blast-lite-lfp-gr-250ah-prismatic-2019-v1,blast-lite-b093495-250ah-prismatic-v1,PHYSICS_REFERENCE,NEAR_BOUNDARY,8.166666666666666,2545.0,2331.6625133988823,0.8496578876987774
staged_supported,staged-supported-v1,blast-lite-lfp-gr-250ah-prismatic-2019-v1,blast-lite-b093495-250ah-prismatic-v1,PHYSICS_REFERENCE,NEAR_BOUNDARY,8.25,2572.5,2355.0281053105987,0.8484132228039196
staged_supported,staged-supported-v1,blast-lite-lfp-gr-250ah-prismatic-2019-v1,blast-lite-b093495-250ah-prismatic-v1,PHYSICS_REFERENCE,NEAR_BOUNDARY,8.333333333333334,2600.0,2378.3594689377064,0.8471740884375509
staged_supported,staged-supported-v1,blast-lite-lfp-gr-250ah-prismatic-2019-v1,blast-lite-b093495-250ah-prismatic-v1,PHYSICS_REFERENCE,NEAR_BOUNDARY,8.416666666666666,2627.5,2401.656756369739,0.84594041894275
staged_supported,staged-supported-v1,blast-lite-lfp-gr-250ah-prismatic-2019-v1,blast-lite-b093495-250ah-prismatic-v1,PHYSICS_REFERENCE,NEAR_BOUNDARY,8.5,2655.0,2424.9201178906646,0.8447121501625412
staged_supported,staged-supported-v1,blast-lite-lfp-gr-250ah-prismatic-2019-v1,blast-lite-b093495-250ah-prismatic-v1,PHYSICS_REFERENCE,NEAR_BOUNDARY,8.583333333333334,2682.5,2448.1497020201346,0.8434892193881656
staged_supported,staged-supported-v1,blast-lite-lfp-gr-250ah-prismatic-2019-v1,blast-lite-b093495-250ah-prismatic-v1,PHYSICS_REFERENCE,NEAR_BOUNDARY,8.666666666666666,2710.0,2471.345655553309,0.8422715653097146
staged_supported,staged-supported-v1,blast-lite-lfp-gr-250ah-prismatic-2019-v1,blast-lite-b093495-250ah-prismatic-v1,PHYSICS_REFERENCE,NEAR_BOUNDARY,8.75,2737.5,2494.508123599326,0.8410591279689961
staged_supported,staged-supported-v1,blast-lite-lfp-gr-250ah-prismatic-2019-v1,blast-lite-b093495-250ah-prismatic-v1,PHYSICS_REFERENCE,NEAR_BOUNDARY,8.833333333333334,2765.0,2517.6372496184736,0.8398518487145082
staged_supported,staged-supported-v1,blast-lite-lfp-gr-250ah-prismatic-2019-v1,blast-lite-b093495-250ah-prismatic-v1,PHYSICS_REFERENCE,NEAR_BOUNDARY,8.916666666666666,2792.5,2540.7331754581223,0.8386496701584008
staged_supported,staged-supported-v1,blast-lite-lfp-gr-250ah-prismatic-2019-v1,blast-lite-b093495-250ah-prismatic-v1,PHYSICS_REFERENCE,NEAR_BOUNDARY,9.0,2820.0,2563.7960413874785,0.8374525361353207
staged_supported,staged-supported-v1,blast-lite-lfp-gr-250ah-prismatic-2019-v1,blast-lite-b093495-250ah-prismatic-v1,PHYSICS_REFERENCE,NEAR_BOUNDARY,9.083333333333334,2847.5,2586.8259861312,0.8362603916630353
staged_supported,staged-supported-v1,blast-lite-lfp-gr-250ah-prismatic-2019-v1,blast-lite-b093495-250ah-prismatic-v1,PHYSICS_REFERENCE,NEAR_BOUNDARY,9.166666666666666,2875.0,2609.8231469019333,0.8350731829047418
staged_supported,staged-supported-v1,blast-lite-lfp-gr-250ah-prismatic-2019-v1,blast-lite-b093495-250ah-prismatic-v1,PHYSICS_REFERENCE,NEAR_BOUNDARY,9.25,2902.5,2632.7876594318136,0.833890857132969
staged_supported,staged-supported-v1,blast-lite-lfp-gr-250ah-prismatic-2019-v1,blast-lite-b093495-250ah-prismatic-v1,PHYSICS_REFERENCE,NEAR_BOUNDARY,9.333333333333334,2930.0,2655.7196580029704,0.8327133626949942
staged_supported,staged-supported-v1,blast-lite-lfp-gr-250ah-prismatic-2019-v1,blast-lite-b093495-250ah-prismatic-v1,PHYSICS_REFERENCE,NEAR_BOUNDARY,9.416666666666666,2957.5,2678.6192754770827,0.8315406489796912
staged_supported,staged-supported-v1,blast-lite-lfp-gr-250ah-prismatic-2019-v1,blast-lite-b093495-250ah-prismatic-v1,PHYSICS_REFERENCE,NEAR_BOUNDARY,9.5,2985.0,2701.486643324024,0.830372666385738
staged_supported,staged-supported-v1,blast-lite-lfp-gr-250ah-prismatic-2019-v1,blast-lite-b093495-250ah-prismatic-v1,PHYSICS_REFERENCE,NEAR_BOUNDARY,9.583333333333334,3012.5,2724.3218916496317,0.8292093662911157
staged_supported,staged-supported-v1,blast-lite-lfp-gr-250ah-prismatic-2019-v1,blast-lite-b093495-250ah-prismatic-v1,PHYSICS_REFERENCE,NEAR_BOUNDARY,9.666666666666666,3040.0,2747.1251492226374,0.8280507010238338
staged_supported,staged-supported-v1,blast-lite-lfp-gr-250ah-prismatic-2019-v1,blast-lite-b093495-250ah-prismatic-v1,PHYSICS_REFERENCE,NEAR_BOUNDARY,9.75,3067.5,2769.896543500793,0.8268966238338175
staged_supported,staged-supported-v1,blast-lite-lfp-gr-250ah-prismatic-2019-v1,blast-lite-b093495-250ah-prismatic-v1,PHYSICS_REFERENCE,NEAR_BOUNDARY,9.833333333333334,3095.0,2792.636200656223,0.8257470888659053
staged_supported,staged-supported-v1,blast-lite-lfp-gr-250ah-prismatic-2019-v1,blast-lite-b093495-250ah-prismatic-v1,PHYSICS_REFERENCE,NEAR_BOUNDARY,9.916666666666666,3122.5,2815.3442456000353,0.8246020511338981
staged_supported,staged-supported-v1,blast-lite-lfp-gr-250ah-prismatic-2019-v1,blast-lite-b093495-250ah-prismatic-v1,PHYSICS_REFERENCE,NEAR_BOUNDARY,10.0,3150.0,2838.0208020062173,0.8234614664956101
staged_supported,staged-supported-v1,blast-lite-lfp-gr-250ah-prismatic-2019-v1,blast-lite-b093495-250ah-prismatic-v1,PHYSICS_REFERENCE,NEAR_BOUNDARY,10.083333333333334,3173.3333333333335,2857.234902891115,0.8227007113874897
staged_supported,staged-supported-v1,blast-lite-lfp-gr-250ah-prismatic-2019-v1,blast-lite-b093495-250ah-prismatic-v1,PHYSICS_REFERENCE,NEAR_BOUNDARY,10.166666666666666,3196.666666666667,2876.4312528234896,0.8219446239742487
staged_supported,staged-supported-v1,blast-lite-lfp-gr-250ah-prismatic-2019-v1,blast-lite-b093495-250ah-prismatic-v1,PHYSICS_REFERENCE,NEAR_BOUNDARY,10.25,3220.0000000000005,2895.609960716222,0.8211930530872299
staged_supported,staged-supported-v1,blast-lite-lfp-gr-250ah-prismatic-2019-v1,blast-lite-b093495-250ah-prismatic-v1,PHYSICS_REFERENCE,NEAR_BOUNDARY,10.333333333333334,3243.333333333334,2914.771131954924,0.8204458569487518
staged_supported,staged-supported-v1,blast-lite-lfp-gr-250ah-prismatic-2019-v1,blast-lite-b093495-250ah-prismatic-v1,PHYSICS_REFERENCE,NEAR_BOUNDARY,10.416666666666666,3266.6666666666674,2933.9148686170615,0.8197029023546485
staged_supported,staged-supported-v1,blast-lite-lfp-gr-250ah-prismatic-2019-v1,blast-lite-b093495-250ah-prismatic-v1,PHYSICS_REFERENCE,NEAR_BOUNDARY,10.5,3290.000000000001,2953.041269672003,0.818964063946636
staged_supported,staged-supported-v1,blast-lite-lfp-gr-250ah-prismatic-2019-v1,blast-lite-b093495-250ah-prismatic-v1,PHYSICS_REFERENCE,NEAR_BOUNDARY,10.583333333333334,3313.3333333333344,2972.1504311640915,0.8182292235626963
staged_supported,staged-supported-v1,blast-lite-lfp-gr-250ah-prismatic-2019-v1,blast-lite-b093495-250ah-prismatic-v1,PHYSICS_REFERENCE,NEAR_BOUNDARY,10.666666666666666,3336.666666666668,2991.2424463805546,0.8174982696554695
staged_supported,staged-supported-v1,blast-lite-lfp-gr-250ah-prismatic-2019-v1,blast-lite-b093495-250ah-prismatic-v1,PHYSICS_REFERENCE,NEAR_BOUNDARY,10.75,3360.0000000000014,3010.317406005849,0.8167710967701235
staged_supported,staged-supported-v1,blast-lite-lfp-gr-250ah-prismatic-2019-v1,blast-lite-b093495-250ah-prismatic-v1,PHYSICS_REFERENCE,NEAR_BOUNDARY,10.833333333333334,3383.333333333335,3029.3753982638186,0.8160476050744158
staged_supported,staged-supported-v1,blast-lite-lfp-gr-250ah-prismatic-2019-v1,blast-lite-b093495-250ah-prismatic-v1,PHYSICS_REFERENCE,NEAR_BOUNDARY,10.916666666666666,3406.6666666666683,3048.416509048888,0.8153276999346881
staged_supported,staged-supported-v1,blast-lite-lfp-gr-250ah-prismatic-2019-v1,blast-lite-b093495-250ah-prismatic-v1,PHYSICS_REFERENCE,NEAR_BOUNDARY,11.0,3430.000000000002,3067.4408220473642,0.8146112915324117
staged_supported,staged-supported-v1,blast-lite-lfp-gr-250ah-prismatic-2019-v1,blast-lite-b093495-250ah-prismatic-v1,PHYSICS_REFERENCE,NEAR_BOUNDARY,11.083333333333334,3453.3333333333353,3086.4484188497872,0.8138982945166258
staged_supported,staged-supported-v1,blast-lite-lfp-gr-250ah-prismatic-2019-v1,blast-lite-b093495-250ah-prismatic-v1,PHYSICS_REFERENCE,NEAR_BOUNDARY,11.166666666666666,3476.666666666669,3105.4393790551753,0.8131886276882344
staged_supported,staged-supported-v1,blast-lite-lfp-gr-250ah-prismatic-2019-v1,blast-lite-b093495-250ah-prismatic-v1,PHYSICS_REFERENCE,NEAR_BOUNDARY,11.25,3500.0000000000023,3124.413780367901,0.8124822137126553
staged_supported,staged-supported-v1,blast-lite-lfp-gr-250ah-prismatic-2019-v1,blast-lite-b093495-250ah-prismatic-v1,PHYSICS_REFERENCE,NEAR_BOUNDARY,11.333333333333334,3523.3333333333358,3143.371698687863,0.8117789788577565
staged_supported,staged-supported-v1,blast-lite-lfp-gr-250ah-prismatic-2019-v1,blast-lite-b093495-250ah-prismatic-v1,PHYSICS_REFERENCE,NEAR_BOUNDARY,11.416666666666666,3546.6666666666692,3162.313208194544,0.8110788527544086
staged_supported,staged-supported-v1,blast-lite-lfp-gr-250ah-prismatic-2019-v1,blast-lite-b093495-250ah-prismatic-v1,PHYSICS_REFERENCE,NEAR_BOUNDARY,11.5,3570.0000000000027,3181.2383814254804,0.8103817681773005
staged_supported,staged-supported-v1,blast-lite-lfp-gr-250ah-prismatic-2019-v1,blast-lite-b093495-250ah-prismatic-v1,PHYSICS_REFERENCE,NEAR_BOUNDARY,11.583333333333334,3593.333333333336,3200.1472893496175,0.8096876608439569
staged_supported,staged-supported-v1,blast-lite-lfp-gr-250ah-prismatic-2019-v1,blast-lite-b093495-250ah-prismatic-v1,PHYSICS_REFERENCE,NEAR_BOUNDARY,11.666666666666666,3616.6666666666697,3219.0400014359766,0.8089964692301375
staged_supported,staged-supported-v1,blast-lite-lfp-gr-250ah-prismatic-2019-v1,blast-lite-b093495-250ah-prismatic-v1,PHYSICS_REFERENCE,NEAR_BOUNDARY,11.75,3640.000000000003,3237.9165857180133,0.8083081344000067
staged_supported,staged-supported-v1,blast-lite-lfp-gr-250ah-prismatic-2019-v1,blast-lite-b093495-250ah-prismatic-v1,PHYSICS_REFERENCE,NEAR_BOUNDARY,11.833333333333334,3663.3333333333367,3256.7771088540135,0.807622599849654
staged_supported,staged-supported-v1,blast-lite-lfp-gr-250ah-prismatic-2019-v1,blast-lite-b093495-250ah-prismatic-v1,PHYSICS_REFERENCE,NEAR_BOUNDARY,11.916666666666666,3686.66666666667,3275.6216361838387,0.8069398113626947
staged_supported,staged-supported-v1,blast-lite-lfp-gr-250ah-prismatic-2019-v1,blast-lite-b093495-250ah-prismatic-v1,PHYSICS_REFERENCE,NEAR_BOUNDARY,12.0,3710.0000000000036,3294.4502317823017,0.8062597168768295
staged_supported,staged-supported-v1,blast-lite-lfp-gr-250ah-prismatic-2019-v1,blast-lite-b093495-250ah-prismatic-v1,PHYSICS_REFERENCE,NEAR_BOUNDARY,12.083333333333334,3733.333333333337,3313.262958509428,0.8055822663603591
staged_supported,staged-supported-v1,blast-lite-lfp-gr-250ah-prismatic-2019-v1,blast-lite-b093495-250ah-prismatic-v1,PHYSICS_REFERENCE,NEAR_BOUNDARY,12.166666666666666,3756.6666666666706,3332.059878057836,0.804907411697755
staged_supported,staged-supported-v1,blast-lite-lfp-gr-250ah-prismatic-2019-v1,blast-lite-b093495-250ah-prismatic-v1,PHYSICS_REFERENCE,NEAR_BOUNDARY,12.25,3780.000000000004,3350.8410509974506,0.8042351065834875
staged_supported,staged-supported-v1,blast-lite-lfp-gr-250ah-prismatic-2019-v1,blast-lite-b093495-250ah-prismatic-v1,PHYSICS_REFERENCE,NEAR_BOUNDARY,12.333333333333334,3803.3333333333376,3369.606536817732,0.8035653064233902
staged_supported,staged-supported-v1,blast-lite-lfp-gr-250ah-prismatic-2019-v1,blast-lite-b093495-250ah-prismatic-v1,PHYSICS_REFERENCE,NEAR_BOUNDARY,12.416666666666666,3826.666666666671,3388.356393967611,0.8028979682429126
staged_supported,staged-supported-v1,blast-lite-lfp-gr-250ah-prismatic-2019-v1,blast-lite-b093495-250ah-prismatic-v1,PHYSICS_REFERENCE,NEAR_BOUNDARY,12.5,3850.0000000000045,3407.090679893279,0.8022330506016829
staged_supported,staged-supported-v1,blast-lite-lfp-gr-250ah-prismatic-2019-v1,blast-lite-b093495-250ah-prismatic-v1,PHYSICS_REFERENCE,NEAR_BOUNDARY,12.583333333333334,3873.333333333338,3425.8094510739847,0.8015705135138536
staged_supported,staged-supported-v1,blast-lite-lfp-gr-250ah-prismatic-2019-v1,blast-lite-b093495-250ah-prismatic-v1,PHYSICS_REFERENCE,NEAR_BOUNDARY,12.666666666666666,3896.6666666666715,3444.5127630559746,0.8009103183737565
staged_supported,staged-supported-v1,blast-lite-lfp-gr-250ah-prismatic-2019-v1,blast-lite-b093495-250ah-prismatic-v1,PHYSICS_REFERENCE,NEAR_BOUNDARY,12.75,3920.000000000005,3463.2006704846954,0.800252427886441
staged_supported,staged-supported-v1,blast-lite-lfp-gr-250ah-prismatic-2019-v1,blast-lite-b093495-250ah-prismatic-v1,PHYSICS_REFERENCE,NEAR_BOUNDARY,12.833333333333334,3943.3333333333385,3481.873227135379,0.7995968060027056
staged_supported,staged-supported-v1,blast-lite-lfp-gr-250ah-prismatic-2019-v1,blast-lite-b093495-250ah-prismatic-v1,PHYSICS_REFERENCE,NEAR_BOUNDARY,12.916666666666666,3966.666666666672,3500.5304859421085,0.7989434178582699
staged_supported,staged-supported-v1,blast-lite-lfp-gr-250ah-prismatic-2019-v1,blast-lite-b093495-250ah-prismatic-v1,PHYSICS_REFERENCE,NEAR_BOUNDARY,13.0,3990.0000000000055,3519.172499025468,0.798292229716771
staged_supported,staged-supported-v1,blast-lite-lfp-gr-250ah-prismatic-2019-v1,blast-lite-b093495-250ah-prismatic-v1,PHYSICS_REFERENCE,NEAR_BOUNDARY,13.083333333333334,4013.333333333339,3537.799317718859,0.7976432089162895
staged_supported,staged-supported-v1,blast-lite-lfp-gr-250ah-prismatic-2019-v1,blast-lite-b093495-250ah-prismatic-v1,PHYSICS_REFERENCE,NEAR_BOUNDARY,13.166666666666666,4036.6666666666724,3556.4109925935727,0.7969963238191408
staged_supported,staged-supported-v1,blast-lite-lfp-gr-250ah-prismatic-2019-v1,blast-lite-b093495-250ah-prismatic-v1,PHYSICS_REFERENCE,NEAR_BOUNDARY,13.25,4060.000000000006,3575.007573482686,0.7963515437646926
staged_supported,staged-supported-v1,blast-lite-lfp-gr-250ah-prismatic-2019-v1,blast-lite-b093495-250ah-prismatic-v1,PHYSICS_REFERENCE,NEAR_BOUNDARY,13.333333333333334,4083.3333333333394,3593.5891095038623,0.7957088390249842
staged_supported,staged-supported-v1,blast-lite-lfp-gr-250ah-prismatic-2019-v1,blast-lite-b093495-250ah-prismatic-v1,PHYSICS_REFERENCE,NEAR_BOUNDARY,13.416666666666666,4106.666666666672,3612.155649081112,0.7950681807629468
staged_supported,staged-supported-v1,blast-lite-lfp-gr-250ah-prismatic-2019-v1,blast-lite-b093495-250ah-prismatic-v1,PHYSICS_REFERENCE,NEAR_BOUNDARY,13.5,4130.0000000000055,3630.707239965581,0.7944295409930415
staged_supported,staged-supported-v1,blast-lite-lfp-gr-250ah-prismatic-2019-v1,blast-lite-b093495-250ah-prismatic-v1,PHYSICS_REFERENCE,NEAR_BOUNDARY,13.583333333333334,4153.3333333333385,3649.2439292554186,0.7937928925441431
staged_supported,staged-supported-v1,blast-lite-lfp-gr-250ah-prismatic-2019-v1,blast-lite-b093495-250ah-prismatic-v1,PHYSICS_REFERENCE,NEAR_BOUNDARY,13.666666666666666,4176.6666666666715,3667.7657634147818,0.7931582090245135
staged_supported,staged-supported-v1,blast-lite-lfp-gr-250ah-prismatic-2019-v1,blast-lite-b093495-250ah-prismatic-v1,PHYSICS_REFERENCE,NEAR_BOUNDARY,13.75,4200.000000000005,3686.2727882920203,0.7925254647887265
staged_supported,staged-supported-v1,blast-lite-lfp-gr-250ah-prismatic-2019-v1,blast-lite-b093495-250ah-prismatic-v1,PHYSICS_REFERENCE,NEAR_BOUNDARY,13.833333333333334,4223.333333333338,3704.7650491370905,0.7918946349064052
staged_supported,staged-supported-v1,blast-lite-lfp-gr-250ah-prismatic-2019-v1,blast-lite-b093495-250ah-prismatic-v1,PHYSICS_REFERENCE,NEAR_BOUNDARY,13.916666666666666,4246.666666666671,3723.24259061824,0.7912656951326565
staged_supported,staged-supported-v1,blast-lite-lfp-gr-250ah-prismatic-2019-v1,blast-lite-b093495-250ah-prismatic-v1,PHYSICS_REFERENCE,NEAR_BOUNDARY,14.0,4270.000000000004,3741.7054568380017,0.7906386218800889
staged_supported,staged-supported-v1,blast-lite-lfp-gr-250ah-prismatic-2019-v1,blast-lite-b093495-250ah-prismatic-v1,PHYSICS_REFERENCE,NEAR_BOUNDARY,14.083333333333334,4293.333333333337,3760.153691348537,0.7900133921923103
staged_supported,staged-supported-v1,blast-lite-lfp-gr-250ah-prismatic-2019-v1,blast-lite-b093495-250ah-prismatic-v1,PHYSICS_REFERENCE,NEAR_BOUNDARY,14.166666666666666,4316.66666666667,3778.5873371663574,0.7893899837188098
staged_supported,staged-supported-v1,blast-lite-lfp-gr-250ah-prismatic-2019-v1,blast-lite-b093495-250ah-prismatic-v1,PHYSICS_REFERENCE,NEAR_BOUNDARY,14.25,4340.000000000003,3797.006436786463,0.7887683746911391
staged_supported,staged-supported-v1,blast-lite-lfp-gr-250ah-prismatic-2019-v1,blast-lite-b093495-250ah-prismatic-v1,PHYSICS_REFERENCE,NEAR_BOUNDARY,14.333333333333334,4363.333333333336,3815.411032195923,0.7881485439003071
staged_supported,staged-supported-v1,blast-lite-lfp-gr-250ah-prismatic-2019-v1,blast-lite-b093495-250ah-prismatic-v1,PHYSICS_REFERENCE,NEAR_BOUNDARY,14.416666666666666,4386.666666666669,3833.80116488693,0.7875304706753146
staged_supported,staged-supported-v1,blast-lite-lfp-gr-250ah-prismatic-2019-v1,blast-lite-b093495-250ah-prismatic-v1,PHYSICS_REFERENCE,NEAR_BOUNDARY,14.5,4410.000000000002,3852.1768758693543,0.786914134862761
staged_supported,staged-supported-v1,blast-lite-lfp-gr-250ah-prismatic-2019-v1,blast-lite-b093495-250ah-prismatic-v1,PHYSICS_REFERENCE,NEAR_BOUNDARY,14.583333333333334,4433.333333333335,3870.538205682819,0.7862995168074534
staged_supported,staged-supported-v1,blast-lite-lfp-gr-250ah-prismatic-2019-v1,blast-lite-b093495-250ah-prismatic-v1,PHYSICS_REFERENCE,NEAR_BOUNDARY,14.666666666666666,4456.666666666668,3888.8851944083262,0.7856865973339624
staged_supported,staged-supported-v1,blast-lite-lfp-gr-250ah-prismatic-2019-v1,blast-lite-b093495-250ah-prismatic-v1,PHYSICS_REFERENCE,NEAR_BOUNDARY,14.75,4480.000000000001,3907.217881679452,0.785075357729066
staged_supported,staged-supported-v1,blast-lite-lfp-gr-250ah-prismatic-2019-v1,blast-lite-b093495-250ah-prismatic-v1,PHYSICS_REFERENCE,NEAR_BOUNDARY,14.833333333333334,4503.333333333334,3925.5363066931304,0.784465779725029
staged_supported,staged-supported-v1,blast-lite-lfp-gr-250ah-prismatic-2019-v1,blast-lite-b093495-250ah-prismatic-v1,PHYSICS_REFERENCE,NEAR_BOUNDARY,14.916666666666666,4526.666666666667,3943.840508220048,0.7838578454836715
staged_supported,staged-supported-v1,blast-lite-lfp-gr-250ah-prismatic-2019-v1,blast-lite-b093495-250ah-prismatic-v1,PHYSICS_REFERENCE,NEAR_BOUNDARY,15.0,4550.0,3962.130524614667,0.7832515375811799
staged_supported,staged-supported-v1,blast-lite-lfp-gr-250ah-prismatic-2019-v1,blast-lite-b093495-250ah-prismatic-v1,PHYSICS_REFERENCE,NEAR_BOUNDARY,15.083333333333334,4575.0,3981.7118130541967,0.7824762556930818
staged_supported,staged-supported-v1,blast-lite-lfp-gr-250ah-prismatic-2019-v1,blast-lite-b093495-250ah-prismatic-v1,PHYSICS_REFERENCE,NEAR_BOUNDARY,15.166666666666666,4600.0,4001.2737194465235,0.7817028157863204
staged_supported,staged-supported-v1,blast-lite-lfp-gr-250ah-prismatic-2019-v1,blast-lite-b093495-250ah-prismatic-v1,PHYSICS_REFERENCE,NEAR_BOUNDARY,15.25,4625.0,4020.8162898411815,0.7809312076388818
staged_supported,staged-supported-v1,blast-lite-lfp-gr-250ah-prismatic-2019-v1,blast-lite-b093495-250ah-prismatic-v1,PHYSICS_REFERENCE,NEAR_BOUNDARY,15.333333333333334,4650.0,4040.3395700321535,0.7801614211354571
staged_supported,staged-supported-v1,blast-lite-lfp-gr-250ah-prismatic-2019-v1,blast-lite-b093495-250ah-prismatic-v1,PHYSICS_REFERENCE,NEAR_BOUNDARY,15.416666666666666,4675.0,4059.84360556054,0.7793934462657226
staged_supported,staged-supported-v1,blast-lite-lfp-gr-250ah-prismatic-2019-v1,blast-lite-b093495-250ah-prismatic-v1,PHYSICS_REFERENCE,NEAR_BOUNDARY,15.5,4700.0,4079.328441717183,0.7786272731226571
staged_supported,staged-supported-v1,blast-lite-lfp-gr-250ah-prismatic-2019-v1,blast-lite-b093495-250ah-prismatic-v1,PHYSICS_REFERENCE,NEAR_BOUNDARY,15.583333333333334,4725.0,4098.79412354525,0.7778628919008966
staged_supported,staged-supported-v1,blast-lite-lfp-gr-250ah-prismatic-2019-v1,blast-lite-b093495-250ah-prismatic-v1,PHYSICS_REFERENCE,NEAR_BOUNDARY,15.666666666666666,4750.0,4118.240695842773,0.7771002928951234
staged_supported,staged-supported-v1,blast-lite-lfp-gr-250ah-prismatic-2019-v1,blast-lite-b093495-250ah-prismatic-v1,PHYSICS_REFERENCE,NEAR_BOUNDARY,15.75,4775.0,4137.668203165151,0.7763394664984902
staged_supported,staged-supported-v1,blast-lite-lfp-gr-250ah-prismatic-2019-v1,blast-lite-b093495-250ah-prismatic-v1,PHYSICS_REFERENCE,NEAR_BOUNDARY,15.833333333333334,4800.0,4157.076689827613,0.7755804032010793
staged_supported,staged-supported-v1,blast-lite-lfp-gr-250ah-prismatic-2019-v1,blast-lite-b093495-250ah-prismatic-v1,PHYSICS_REFERENCE,NEAR_BOUNDARY,15.916666666666666,4825.0,4176.466199907641,0.774823093588392
staged_supported,staged-supported-v1,blast-lite-lfp-gr-250ah-prismatic-2019-v1,blast-lite-b093495-250ah-prismatic-v1,PHYSICS_REFERENCE,NEAR_BOUNDARY,16.0,4850.0,4195.83677724735,0.774067528339872
staged_supported,staged-supported-v1,blast-lite-lfp-gr-250ah-prismatic-2019-v1,blast-lite-b093495-250ah-prismatic-v1,PHYSICS_REFERENCE,NEAR_BOUNDARY,16.083333333333332,4875.0,4215.188465455847,0.7733136982274591
staged_supported,staged-supported-v1,blast-lite-lfp-gr-250ah-prismatic-2019-v1,blast-lite-b093495-250ah-prismatic-v1,PHYSICS_REFERENCE,NEAR_BOUNDARY,16.166666666666668,4900.0,4234.521307911534,0.7725615941141735
staged_supported,staged-supported-v1,blast-lite-lfp-gr-250ah-prismatic-2019-v1,blast-lite-b093495-250ah-prismatic-v1,PHYSICS_REFERENCE,NEAR_BOUNDARY,16.25,4925.0,4253.835347764388,0.7718112069527279
staged_supported,staged-supported-v1,blast-lite-lfp-gr-250ah-prismatic-2019-v1,blast-lite-b093495-250ah-prismatic-v1,PHYSICS_REFERENCE,NEAR_BOUNDARY,16.333333333333332,4950.0,4273.130627938206,0.7710625277841715
staged_supported,staged-supported-v1,blast-lite-lfp-gr-250ah-prismatic-2019-v1,blast-lite-b093495-250ah-prismatic-v1,PHYSICS_REFERENCE,NEAR_BOUNDARY,16.416666666666668,4975.0,4292.40719113281,0.7703155477365585
staged_supported,staged-supported-v1,blast-lite-lfp-gr-250ah-prismatic-2019-v1,blast-lite-b093495-250ah-prismatic-v1,PHYSICS_REFERENCE,NEAR_BOUNDARY,16.5,5000.0,4311.665079826224,0.7695702580236461
staged_supported,staged-supported-v1,blast-lite-lfp-gr-250ah-prismatic-2019-v1,blast-lite-b093495-250ah-prismatic-v1,PHYSICS_REFERENCE,NEAR_BOUNDARY,16.583333333333332,5025.0,4330.904336276815,0.7688266499436177
staged_supported,staged-supported-v1,blast-lite-lfp-gr-250ah-prismatic-2019-v1,blast-lite-b093495-250ah-prismatic-v1,PHYSICS_REFERENCE,NEAR_BOUNDARY,16.666666666666668,5050.0,4350.125002525406,0.768084714877833
staged_supported,staged-supported-v1,blast-lite-lfp-gr-250ah-prismatic-2019-v1,blast-lite-b093495-250ah-prismatic-v1,PHYSICS_REFERENCE,NEAR_BOUNDARY,16.75,5075.0,4369.327120397352,0.7673444442896024
staged_supported,staged-supported-v1,blast-lite-lfp-gr-250ah-prismatic-2019-v1,blast-lite-b093495-250ah-prismatic-v1,PHYSICS_REFERENCE,NEAR_BOUNDARY,16.833333333333332,5100.0,4388.510731504592,0.7666058297229856
staged_supported,staged-supported-v1,blast-lite-lfp-gr-250ah-prismatic-2019-v1,blast-lite-b093495-250ah-prismatic-v1,PHYSICS_REFERENCE,NEAR_BOUNDARY,16.916666666666668,5125.0,4407.675877247666,0.7658688628016164
staged_supported,staged-supported-v1,blast-lite-lfp-gr-250ah-prismatic-2019-v1,blast-lite-b093495-250ah-prismatic-v1,PHYSICS_REFERENCE,NEAR_BOUNDARY,17.0,5150.0,4426.822598817706,0.7651335352275473
staged_supported,staged-supported-v1,blast-lite-lfp-gr-250ah-prismatic-2019-v1,blast-lite-b093495-250ah-prismatic-v1,PHYSICS_REFERENCE,NEAR_BOUNDARY,17.083333333333332,5175.0,4445.950937198395,0.7643998387801199
staged_supported,staged-supported-v1,blast-lite-lfp-gr-250ah-prismatic-2019-v1,blast-lite-b093495-250ah-prismatic-v1,PHYSICS_REFERENCE,NEAR_BOUNDARY,17.166666666666668,5200.0,4465.060933167898,0.7636677653148555
staged_supported,staged-supported-v1,blast-lite-lfp-gr-250ah-prismatic-2019-v1,blast-lite-b093495-250ah-prismatic-v1,PHYSICS_REFERENCE,NEAR_BOUNDARY,17.25,5225.0,4484.152627300769,0.7629373067623686
staged_supported,staged-supported-v1,blast-lite-lfp-gr-250ah-prismatic-2019-v1,blast-lite-b093495-250ah-prismatic-v1,PHYSICS_REFERENCE,NEAR_BOUNDARY,17.333333333333332,5250.0,4503.226059969828,0.7622084551273008
staged_supported,staged-supported-v1,blast-lite-lfp-gr-250ah-prismatic-2019-v1,blast-lite-b093495-250ah-prismatic-v1,PHYSICS_REFERENCE,NEAR_BOUNDARY,17.416666666666668,5275.0,4522.281271348011,0.761481202487275
staged_supported,staged-supported-v1,blast-lite-lfp-gr-250ah-prismatic-2019-v1,blast-lite-b093495-250ah-prismatic-v1,PHYSICS_REFERENCE,NEAR_BOUNDARY,17.5,5300.0,4541.318301410192,0.7607555409918707
staged_supported,staged-supported-v1,blast-lite-lfp-gr-250ah-prismatic-2019-v1,blast-lite-b093495-250ah-prismatic-v1,PHYSICS_REFERENCE,NEAR_BOUNDARY,17.583333333333332,5325.0,4560.3371899349895,0.7600314628616179
staged_supported,staged-supported-v1,blast-lite-lfp-gr-250ah-prismatic-2019-v1,blast-lite-b093495-250ah-prismatic-v1,PHYSICS_REFERENCE,NEAR_BOUNDARY,17.666666666666668,5350.0,4579.33797650653,0.7593089603870102
staged_supported,staged-supported-v1,blast-lite-lfp-gr-250ah-prismatic-2019-v1,blast-lite-b093495-250ah-prismatic-v1,PHYSICS_REFERENCE,NEAR_BOUNDARY,17.75,5375.0,4598.320700516206,0.7585880259275377
staged_supported,staged-supported-v1,blast-lite-lfp-gr-250ah-prismatic-2019-v1,blast-lite-b093495-250ah-prismatic-v1,PHYSICS_REFERENCE,NEAR_BOUNDARY,17.833333333333332,5400.0,4617.285401164394,0.7578686519107364
staged_supported,staged-supported-v1,blast-lite-lfp-gr-250ah-prismatic-2019-v1,blast-lite-b093495-250ah-prismatic-v1,PHYSICS_REFERENCE,NEAR_BOUNDARY,17.916666666666668,5425.0,4636.232117462162,0.7571508308312564
staged_supported,staged-supported-v1,blast-lite-lfp-gr-250ah-prismatic-2019-v1,blast-lite-b093495-250ah-prismatic-v1,PHYSICS_REFERENCE,NEAR_BOUNDARY,18.0,5450.0,4655.160888232944,0.7564345552499481
staged_supported,staged-supported-v1,blast-lite-lfp-gr-250ah-prismatic-2019-v1,blast-lite-b093495-250ah-prismatic-v1,PHYSICS_REFERENCE,NEAR_BOUNDARY,18.083333333333332,5475.0,4674.071752114192,0.755719817792963
staged_supported,staged-supported-v1,blast-lite-lfp-gr-250ah-prismatic-2019-v1,blast-lite-b093495-250ah-prismatic-v1,PHYSICS_REFERENCE,NEAR_BOUNDARY,18.166666666666668,5500.0,4692.964747559016,0.7550066111508742
staged_supported,staged-supported-v1,blast-lite-lfp-gr-250ah-prismatic-2019-v1,blast-lite-b093495-250ah-prismatic-v1,PHYSICS_REFERENCE,NEAR_BOUNDARY,18.25,5525.0,4711.839912837788,0.7542949280778102
staged_supported,staged-supported-v1,blast-lite-lfp-gr-250ah-prismatic-2019-v1,blast-lite-b093495-250ah-prismatic-v1,PHYSICS_REFERENCE,NEAR_BOUNDARY,18.333333333333332,5550.0,4730.697286039733,0.7535847613906065
staged_supported,staged-supported-v1,blast-lite-lfp-gr-250ah-prismatic-2019-v1,blast-lite-b093495-250ah-prismatic-v1,PHYSICS_REFERENCE,NEAR_BOUNDARY,18.416666666666668,5575.0,4749.536905074498,0.7528761039679717
staged_supported,staged-supported-v1,blast-lite-lfp-gr-250ah-prismatic-2019-v1,blast-lite-b093495-250ah-prismatic-v1,PHYSICS_REFERENCE,NEAR_BOUNDARY,18.5,5600.0,4768.358807673697,0.7521689487496687
staged_supported,staged-supported-v1,blast-lite-lfp-gr-250ah-prismatic-2019-v1,blast-lite-b093495-250ah-prismatic-v1,PHYSICS_REFERENCE,NEAR_BOUNDARY,18.583333333333332,5625.0,4787.163031392439,0.7514632887357112
staged_supported,staged-supported-v1,blast-lite-lfp-gr-250ah-prismatic-2019-v1,blast-lite-b093495-250ah-prismatic-v1,PHYSICS_REFERENCE,NEAR_BOUNDARY,18.666666666666668,5650.0,4805.949613610832,0.7507591169855737
staged_supported,staged-supported-v1,blast-lite-lfp-gr-250ah-prismatic-2019-v1,blast-lite-b093495-250ah-prismatic-v1,PHYSICS_REFERENCE,NEAR_BOUNDARY,18.75,5675.0,4824.718591535471,0.7500564266174168
staged_supported,staged-supported-v1,blast-lite-lfp-gr-250ah-prismatic-2019-v1,blast-lite-b093495-250ah-prismatic-v1,PHYSICS_REFERENCE,NEAR_BOUNDARY,18.833333333333332,5700.0,4843.4700022009065,0.7493552108073241
staged_supported,staged-supported-v1,blast-lite-lfp-gr-250ah-prismatic-2019-v1,blast-lite-b093495-250ah-prismatic-v1,PHYSICS_REFERENCE,NEAR_BOUNDARY,18.916666666666668,5725.0,4862.20388247109,0.7486554627885564
staged_supported,staged-supported-v1,blast-lite-lfp-gr-250ah-prismatic-2019-v1,blast-lite-b093495-250ah-prismatic-v1,PHYSICS_REFERENCE,NEAR_BOUNDARY,19.0,5750.0,4880.920269040804,0.747957175850814
staged_supported,staged-supported-v1,blast-lite-lfp-gr-250ah-prismatic-2019-v1,blast-lite-b093495-250ah-prismatic-v1,PHYSICS_REFERENCE,NEAR_BOUNDARY,19.083333333333332,5775.0,4899.619198437074,0.7472603433395164
staged_supported,staged-supported-v1,blast-lite-lfp-gr-250ah-prismatic-2019-v1,blast-lite-b093495-250ah-prismatic-v1,PHYSICS_REFERENCE,NEAR_BOUNDARY,19.166666666666668,5800.0,4918.300707020562,0.7465649586550918
staged_supported,staged-supported-v1,blast-lite-lfp-gr-250ah-prismatic-2019-v1,blast-lite-b093495-250ah-prismatic-v1,PHYSICS_REFERENCE,NEAR_BOUNDARY,19.25,5825.0,4936.96483098694,0.74587101525228
staged_supported,staged-supported-v1,blast-lite-lfp-gr-250ah-prismatic-2019-v1,blast-lite-b093495-250ah-prismatic-v1,PHYSICS_REFERENCE,NEAR_BOUNDARY,19.333333333333332,5850.0,4955.611606368247,0.745178506639447
staged_supported,staged-supported-v1,blast-lite-lfp-gr-250ah-prismatic-2019-v1,blast-lite-b093495-250ah-prismatic-v1,PHYSICS_REFERENCE,NEAR_BOUNDARY,19.416666666666668,5875.0,4974.241069034233,0.7444874263779118
staged_supported,staged-supported-v1,blast-lite-lfp-gr-250ah-prismatic-2019-v1,blast-lite-b093495-250ah-prismatic-v1,PHYSICS_REFERENCE,NEAR_BOUNDARY,19.5,5900.0,4992.853254693681,0.7437977680812841
staged_supported,staged-supported-v1,blast-lite-lfp-gr-250ah-prismatic-2019-v1,blast-lite-b093495-250ah-prismatic-v1,PHYSICS_REFERENCE,NEAR_BOUNDARY,19.583333333333332,5925.0,5011.448198895713,0.7431095254148133
staged_supported,staged-supported-v1,blast-lite-lfp-gr-250ah-prismatic-2019-v1,blast-lite-b093495-250ah-prismatic-v1,PHYSICS_REFERENCE,NEAR_BOUNDARY,19.666666666666668,5950.0,5030.025937031083,0.7424226920947496
staged_supported,staged-supported-v1,blast-lite-lfp-gr-250ah-prismatic-2019-v1,blast-lite-b093495-250ah-prismatic-v1,PHYSICS_REFERENCE,NEAR_BOUNDARY,19.75,5975.0,5048.586504333452,0.7417372618877145
staged_supported,staged-supported-v1,blast-lite-lfp-gr-250ah-prismatic-2019-v1,blast-lite-b093495-250ah-prismatic-v1,PHYSICS_REFERENCE,NEAR_BOUNDARY,19.833333333333332,6000.0,5067.129935880645,0.7410532286100817
staged_supported,staged-supported-v1,blast-lite-lfp-gr-250ah-prismatic-2019-v1,blast-lite-b093495-250ah-prismatic-v1,PHYSICS_REFERENCE,NEAR_BOUNDARY,19.916666666666668,6025.0,5085.656266595896,0.7403705861273708
staged_supported,staged-supported-v1,blast-lite-lfp-gr-250ah-prismatic-2019-v1,blast-lite-b093495-250ah-prismatic-v1,PHYSICS_REFERENCE,NEAR_BOUNDARY,20.0,6050.0,5104.16553124908,0.739689328353648
staged_supported,staged-supported-v1,blast-lite-lfp-gr-250ah-prismatic-2019-v1,blast-lite-b093495-250ah-prismatic-v1,PHYSICS_REFERENCE,NEAR_BOUNDARY,20.083333333333332,6075.0,5122.657764457921,0.7390094492509384
staged_supported,staged-supported-v1,blast-lite-lfp-gr-250ah-prismatic-2019-v1,blast-lite-b093495-250ah-prismatic-v1,PHYSICS_REFERENCE,NEAR_BOUNDARY,20.166666666666668,6100.0,5141.133000689195,0.7383309428286479
staged_supported,staged-supported-v1,blast-lite-lfp-gr-250ah-prismatic-2019-v1,blast-lite-b093495-250ah-prismatic-v1,PHYSICS_REFERENCE,NEAR_BOUNDARY,20.25,6125.0,5159.591274259911,0.737653803142994
staged_supported,staged-supported-v1,blast-lite-lfp-gr-250ah-prismatic-2019-v1,blast-lite-b093495-250ah-prismatic-v1,PHYSICS_REFERENCE,NEAR_BOUNDARY,20.333333333333332,6150.0,5178.032619338486,0.7369780242964467
staged_supported,staged-supported-v1,blast-lite-lfp-gr-250ah-prismatic-2019-v1,blast-lite-b093495-250ah-prismatic-v1,PHYSICS_REFERENCE,NEAR_BOUNDARY,20.416666666666668,6175.0,5196.457069945897,0.7363036004371775
staged_supported,staged-supported-v1,blast-lite-lfp-gr-250ah-prismatic-2019-v1,blast-lite-b093495-250ah-prismatic-v1,PHYSICS_REFERENCE,NEAR_BOUNDARY,20.5,6200.0,5214.8646599568265,0.7356305257585187
staged_supported,staged-supported-v1,blast-lite-lfp-gr-250ah-prismatic-2019-v1,blast-lite-b093495-250ah-prismatic-v1,PHYSICS_REFERENCE,NEAR_BOUNDARY,20.583333333333332,6225.0,5233.25542310079,0.7349587944984296
staged_supported,staged-supported-v1,blast-lite-lfp-gr-250ah-prismatic-2019-v1,blast-lite-b093495-250ah-prismatic-v1,PHYSICS_REFERENCE,NEAR_BOUNDARY,20.666666666666668,6250.0,5251.62939296325,0.7342884009389732
staged_supported,staged-supported-v1,blast-lite-lfp-gr-250ah-prismatic-2019-v1,blast-lite-b093495-250ah-prismatic-v1,PHYSICS_REFERENCE,NEAR_BOUNDARY,20.75,6275.0,5269.986602986724,0.7336193394057995
staged_supported,staged-supported-v1,blast-lite-lfp-gr-250ah-prismatic-2019-v1,blast-lite-b093495-250ah-prismatic-v1,PHYSICS_REFERENCE,NEAR_BOUNDARY,20.833333333333332,6300.0,5288.32708647187,0.7329516042676387
staged_supported,staged-supported-v1,blast-lite-lfp-gr-250ah-prismatic-2019-v1,blast-lite-b093495-250ah-prismatic-v1,PHYSICS_REFERENCE,NEAR_BOUNDARY,20.916666666666668,6325.0,5306.650876578561,0.7322851899358013
staged_supported,staged-supported-v1,blast-lite-lfp-gr-250ah-prismatic-2019-v1,blast-lite-b093495-250ah-prismatic-v1,PHYSICS_REFERENCE,NEAR_BOUNDARY,21.0,6350.0,5324.958006326956,0.7316200908636858
staged_supported,staged-supported-v1,blast-lite-lfp-gr-250ah-prismatic-2019-v1,blast-lite-b093495-250ah-prismatic-v1,PHYSICS_REFERENCE,NEAR_BOUNDARY,21.083333333333332,6375.0,5343.248508598548,0.730956301546296
staged_supported,staged-supported-v1,blast-lite-lfp-gr-250ah-prismatic-2019-v1,blast-lite-b093495-250ah-prismatic-v1,PHYSICS_REFERENCE,NEAR_BOUNDARY,21.166666666666668,6400.0,5361.522416137205,0.7302938165197634
staged_supported,staged-supported-v1,blast-lite-lfp-gr-250ah-prismatic-2019-v1,blast-lite-b093495-250ah-prismatic-v1,PHYSICS_REFERENCE,NEAR_BOUNDARY,21.25,6425.0,5379.7797615501995,0.7296326303608789
staged_supported,staged-supported-v1,blast-lite-lfp-gr-250ah-prismatic-2019-v1,blast-lite-b093495-250ah-prismatic-v1,PHYSICS_REFERENCE,NEAR_BOUNDARY,21.333333333333332,6450.0,5398.020577309221,0.7289727376866311
staged_supported,staged-supported-v1,blast-lite-lfp-gr-250ah-prismatic-2019-v1,blast-lite-b093495-250ah-prismatic-v1,PHYSICS_REFERENCE,NEAR_BOUNDARY,21.416666666666668,6475.0,5416.244895751387,0.7283141331537513
staged_supported,staged-supported-v1,blast-lite-lfp-gr-250ah-prismatic-2019-v1,blast-lite-b093495-250ah-prismatic-v1,PHYSICS_REFERENCE,NEAR_BOUNDARY,21.5,6500.0,5434.452749080231,0.7276568114582664
staged_supported,staged-supported-v1,blast-lite-lfp-gr-250ah-prismatic-2019-v1,blast-lite-b093495-250ah-prismatic-v1,PHYSICS_REFERENCE,NEAR_BOUNDARY,21.583333333333332,6525.0,5452.6441693666875,0.7270007673350585
staged_supported,staged-supported-v1,blast-lite-lfp-gr-250ah-prismatic-2019-v1,blast-lite-b093495-250ah-prismatic-v1,PHYSICS_REFERENCE,NEAR_BOUNDARY,21.666666666666668,6550.0,5470.819188550064,0.72634599555743
staged_supported,staged-supported-v1,blast-lite-lfp-gr-250ah-prismatic-2019-v1,blast-lite-b093495-250ah-prismatic-v1,PHYSICS_REFERENCE,NEAR_BOUNDARY,21.75,6575.0,5488.977838438999,0.725692490936677
staged_supported,staged-supported-v1,blast-lite-lfp-gr-250ah-prismatic-2019-v1,blast-lite-b093495-250ah-prismatic-v1,PHYSICS_REFERENCE,NEAR_BOUNDARY,21.833333333333332,6600.0,5507.120150712416,0.7250402483216682
staged_supported,staged-supported-v1,blast-lite-lfp-gr-250ah-prismatic-2019-v1,blast-lite-b093495-250ah-prismatic-v1,PHYSICS_REFERENCE,NEAR_BOUNDARY,21.916666666666668,6625.0,5525.246156920458,0.7243892625984304
staged_supported,staged-supported-v1,blast-lite-lfp-gr-250ah-prismatic-2019-v1,blast-lite-b093495-250ah-prismatic-v1,PHYSICS_REFERENCE,NEAR_BOUNDARY,22.0,6650.0,5543.355888485418,0.7237395286897402
staged_supported,staged-supported-v1,blast-lite-lfp-gr-250ah-prismatic-2019-v1,blast-lite-b093495-250ah-prismatic-v1,PHYSICS_REFERENCE,NEAR_BOUNDARY,22.083333333333332,6675.0,5561.4493767026615,0.7230910415547216
staged_supported,staged-supported-v1,blast-lite-lfp-gr-250ah-prismatic-2019-v1,blast-lite-b093495-250ah-prismatic-v1,PHYSICS_REFERENCE,NEAR_BOUNDARY,22.166666666666668,6700.0,5579.52665274153,0.7224437961884502
staged_supported,staged-supported-v1,blast-lite-lfp-gr-250ah-prismatic-2019-v1,blast-lite-b093495-250ah-prismatic-v1,PHYSICS_REFERENCE,NEAR_BOUNDARY,22.25,6725.0,5597.587747646241,0.7217977876215625
staged_supported,staged-supported-v1,blast-lite-lfp-gr-250ah-prismatic-2019-v1,blast-lite-b093495-250ah-prismatic-v1,PHYSICS_REFERENCE,NEAR_BOUNDARY,22.333333333333332,6750.0,5615.63269233678,0.7211530109198716
staged_supported,staged-supported-v1,blast-lite-lfp-gr-250ah-prismatic-2019-v1,blast-lite-b093495-250ah-prismatic-v1,PHYSICS_REFERENCE,NEAR_BOUNDARY,22.416666666666668,6775.0,5633.661517609777,0.720509461183988
staged_supported,staged-supported-v1,blast-lite-lfp-gr-250ah-prismatic-2019-v1,blast-lite-b093495-250ah-prismatic-v1,PHYSICS_REFERENCE,NEAR_BOUNDARY,22.5,6800.0,5651.674254139376,0.7198671335489463
staged_supported,staged-supported-v1,blast-lite-lfp-gr-250ah-prismatic-2019-v1,blast-lite-b093495-250ah-prismatic-v1,PHYSICS_REFERENCE,NEAR_BOUNDARY,22.583333333333332,6825.0,5669.6709324780995,0.7192260231838381
staged_supported,staged-supported-v1,blast-lite-lfp-gr-250ah-prismatic-2019-v1,blast-lite-b093495-250ah-prismatic-v1,PHYSICS_REFERENCE,NEAR_BOUNDARY,22.666666666666668,6850.0,5687.6515830576955,0.7185861252914483
staged_supported,staged-supported-v1,blast-lite-lfp-gr-250ah-prismatic-2019-v1,blast-lite-b093495-250ah-prismatic-v1,PHYSICS_REFERENCE,NEAR_BOUNDARY,22.75,6875.0,5705.6162361899815,0.7179474351078985
staged_supported,staged-supported-v1,blast-lite-lfp-gr-250ah-prismatic-2019-v1,blast-lite-b093495-250ah-prismatic-v1,PHYSICS_REFERENCE,NEAR_BOUNDARY,22.833333333333332,6900.0,5723.564922067679,0.7173099479022949
staged_supported,staged-supported-v1,blast-lite-lfp-gr-250ah-prismatic-2019-v1,blast-lite-b093495-250ah-prismatic-v1,PHYSICS_REFERENCE,NEAR_BOUNDARY,22.916666666666668,6925.0,5741.497670765236,0.7166736589763805
staged_supported,staged-supported-v1,blast-lite-lfp-gr-250ah-prismatic-2019-v1,blast-lite-b093495-250ah-prismatic-v1,PHYSICS_REFERENCE,NEAR_BOUNDARY,23.0,6950.0,5759.414512239646,0.7160385636641944
staged_supported,staged-supported-v1,blast-lite-lfp-gr-250ah-prismatic-2019-v1,blast-lite-b093495-250ah-prismatic-v1,PHYSICS_REFERENCE,NEAR_BOUNDARY,23.083333333333332,6975.0,5777.3154763312505,0.7154046573317331
staged_supported,staged-supported-v1,blast-lite-lfp-gr-250ah-prismatic-2019-v1,blast-lite-b093495-250ah-prismatic-v1,PHYSICS_REFERENCE,NEAR_BOUNDARY,23.166666666666668,7000.0,5795.200592764544,0.7147719353766194
staged_supported,staged-supported-v1,blast-lite-lfp-gr-250ah-prismatic-2019-v1,blast-lite-b093495-250ah-prismatic-v1,PHYSICS_REFERENCE,NEAR_BOUNDARY,23.25,7025.0,5813.06989114896,0.7141403932277736
staged_supported,staged-supported-v1,blast-lite-lfp-gr-250ah-prismatic-2019-v1,blast-lite-b093495-250ah-prismatic-v1,PHYSICS_REFERENCE,NEAR_BOUNDARY,23.333333333333332,7050.0,5830.923400979655,0.7135100263450909
staged_supported,staged-supported-v1,blast-lite-lfp-gr-250ah-prismatic-2019-v1,blast-lite-b093495-250ah-prismatic-v1,PHYSICS_REFERENCE,NEAR_BOUNDARY,23.416666666666668,7075.0,5848.761151638282,0.7128808302191233
staged_supported,staged-supported-v1,blast-lite-lfp-gr-250ah-prismatic-2019-v1,blast-lite-b093495-250ah-prismatic-v1,PHYSICS_REFERENCE,NEAR_BOUNDARY,23.5,7100.0,5866.58317239376,0.7122528003707644
staged_supported,staged-supported-v1,blast-lite-lfp-gr-250ah-prismatic-2019-v1,blast-lite-b093495-250ah-prismatic-v1,PHYSICS_REFERENCE,NEAR_BOUNDARY,23.583333333333332,7125.0,5884.389492403029,0.7116259323509412
staged_supported,staged-supported-v1,blast-lite-lfp-gr-250ah-prismatic-2019-v1,blast-lite-b093495-250ah-prismatic-v1,PHYSICS_REFERENCE,NEAR_BOUNDARY,23.666666666666668,7150.0,5902.180140711803,0.711000221740307
staged_supported,staged-supported-v1,blast-lite-lfp-gr-250ah-prismatic-2019-v1,blast-lite-b093495-250ah-prismatic-v1,PHYSICS_REFERENCE,NEAR_BOUNDARY,23.75,7175.0,5919.955146255311,0.7103756641489416
staged_supported,staged-supported-v1,blast-lite-lfp-gr-250ah-prismatic-2019-v1,blast-lite-b093495-250ah-prismatic-v1,PHYSICS_REFERENCE,NEAR_BOUNDARY,23.833333333333332,7200.0,5937.714537859034,0.7097522552160538
staged_supported,staged-supported-v1,blast-lite-lfp-gr-250ah-prismatic-2019-v1,blast-lite-b093495-250ah-prismatic-v1,PHYSICS_REFERENCE,NEAR_BOUNDARY,23.916666666666668,7225.0,5955.458344239435,0.709129990609688
staged_supported,staged-supported-v1,blast-lite-lfp-gr-250ah-prismatic-2019-v1,blast-lite-b093495-250ah-prismatic-v1,PHYSICS_REFERENCE,NEAR_BOUNDARY,24.0,7250.0,5973.186594004677,0.7085088660264361
staged_supported,staged-supported-v1,blast-lite-lfp-gr-250ah-prismatic-2019-v1,blast-lite-b093495-250ah-prismatic-v1,PHYSICS_REFERENCE,NEAR_BOUNDARY,24.083333333333332,7275.0,5990.899315655338,0.7078888771911522
staged_supported,staged-supported-v1,blast-lite-lfp-gr-250ah-prismatic-2019-v1,blast-lite-b093495-250ah-prismatic-v1,PHYSICS_REFERENCE,NEAR_BOUNDARY,24.166666666666668,7300.0,6008.5965375851165,0.707270019856671
staged_supported,staged-supported-v1,blast-lite-lfp-gr-250ah-prismatic-2019-v1,blast-lite-b093495-250ah-prismatic-v1,PHYSICS_REFERENCE,NEAR_BOUNDARY,24.25,7325.0,6026.278288081533,0.7066522898035315
staged_supported,staged-supported-v1,blast-lite-lfp-gr-250ah-prismatic-2019-v1,blast-lite-b093495-250ah-prismatic-v1,PHYSICS_REFERENCE,NEAR_BOUNDARY,24.333333333333332,7350.0,6043.944595326621,0.7060356828397019
staged_supported,staged-supported-v1,blast-lite-lfp-gr-250ah-prismatic-2019-v1,blast-lite-b093495-250ah-prismatic-v1,PHYSICS_REFERENCE,NEAR_BOUNDARY,24.416666666666668,7375.0,6061.595487397614,0.7054201948003114
staged_supported,staged-supported-v1,blast-lite-lfp-gr-250ah-prismatic-2019-v1,blast-lite-b093495-250ah-prismatic-v1,PHYSICS_REFERENCE,NEAR_BOUNDARY,24.5,7400.0,6079.230992267622,0.7048058215473827
staged_supported,staged-supported-v1,blast-lite-lfp-gr-250ah-prismatic-2019-v1,blast-lite-b093495-250ah-prismatic-v1,PHYSICS_REFERENCE,NEAR_BOUNDARY,24.583333333333332,7425.0,6096.851137806307,0.7041925589695701
staged_supported,staged-supported-v1,blast-lite-lfp-gr-250ah-prismatic-2019-v1,blast-lite-b093495-250ah-prismatic-v1,PHYSICS_REFERENCE,NEAR_BOUNDARY,24.666666666666668,7450.0,6114.455951780546,0.7035804029818999
staged_supported,staged-supported-v1,blast-lite-lfp-gr-250ah-prismatic-2019-v1,blast-lite-b093495-250ah-prismatic-v1,PHYSICS_REFERENCE,NEAR_BOUNDARY,24.75,7475.0,6132.045461855093,0.7029693495255139
staged_supported,staged-supported-v1,blast-lite-lfp-gr-250ah-prismatic-2019-v1,blast-lite-b093495-250ah-prismatic-v1,PHYSICS_REFERENCE,NEAR_BOUNDARY,24.833333333333332,7500.0,6149.619695593231,0.7023593945674185
staged_supported,staged-supported-v1,blast-lite-lfp-gr-250ah-prismatic-2019-v1,blast-lite-b093495-250ah-prismatic-v1,PHYSICS_REFERENCE,NEAR_BOUNDARY,24.916666666666668,7525.0,6167.178680457417,0.7017505341002339
staged_supported,staged-supported-v1,blast-lite-lfp-gr-250ah-prismatic-2019-v1,blast-lite-b093495-250ah-prismatic-v1,PHYSICS_REFERENCE,NEAR_BOUNDARY,25.0,7550.0,6184.722443809923,0.7011427641419501
