scenario_id,scenario_version,route_id,route_version,evidence_level,support_status,natural_year,scheduled_efc,model_effective_efc,soh
baseline,baseline-v1,blast-lite-lfp-gr-250ah-prismatic-2019-v1,blast-lite-b093495-250ah-prismatic-v1,PHYSICS_REFERENCE,NEAR_BOUNDARY,0.0,0.0,0.0,1.0
baseline,baseline-v1,blast-lite-lfp-gr-250ah-prismatic-2019-v1,blast-lite-b093495-250ah-prismatic-v1,PHYSICS_REFERENCE,NEAR_BOUNDARY,0.08333333333333333,25.0,24.999999999999996,0.9953353589478184
baseline,baseline-v1,blast-lite-lfp-gr-250ah-prismatic-2019-v1,blast-lite-b093495-250ah-prismatic-v1,PHYSICS_REFERENCE,NEAR_BOUNDARY,0.16666666666666666,50.0,49.88338397369546,0.9921185777140046
baseline,baseline-v1,blast-lite-lfp-gr-250ah-prismatic-2019-v1,blast-lite-b093495-250ah-prismatic-v1,PHYSICS_REFERENCE,NEAR_BOUNDARY,0.25,75.0,74.68634841654557,0.9893728239965662
baseline,baseline-v1,blast-lite-lfp-gr-250ah-prismatic-2019-v1,blast-lite-b093495-250ah-prismatic-v1,PHYSICS_REFERENCE,NEAR_BOUNDARY,0.3333333333333333,100.0,99.42066901645973,0.9868655710691638
baseline,baseline-v1,blast-lite-lfp-gr-250ah-prismatic-2019-v1,blast-lite-b093495-250ah-prismatic-v1,PHYSICS_REFERENCE,NEAR_BOUNDARY,0.4166666666666667,125.0,124.09230829318882,0.9845151873161788
baseline,baseline-v1,blast-lite-lfp-gr-250ah-prismatic-2019-v1,blast-lite-b093495-250ah-prismatic-v1,PHYSICS_REFERENCE,NEAR_BOUNDARY,0.5,150.0,148.7051879760933,0.9822802898904411
baseline,baseline-v1,blast-lite-lfp-gr-250ah-prismatic-2019-v1,blast-lite-b093495-250ah-prismatic-v1,PHYSICS_REFERENCE,NEAR_BOUNDARY,0.5833333333333334,175.0,173.26219522335433,0.9801360829595658
baseline,baseline-v1,blast-lite-lfp-gr-250ah-prismatic-2019-v1,blast-lite-b093495-250ah-prismatic-v1,PHYSICS_REFERENCE,NEAR_BOUNDARY,0.6666666666666666,200.0,197.76559729734348,0.9780661601863301
baseline,baseline-v1,blast-lite-lfp-gr-250ah-prismatic-2019-v1,blast-lite-b093495-250ah-prismatic-v1,PHYSICS_REFERENCE,NEAR_BOUNDARY,0.75,225.0,222.21725130200173,0.9760589208488192
baseline,baseline-v1,blast-lite-lfp-gr-250ah-prismatic-2019-v1,blast-lite-b093495-250ah-prismatic-v1,PHYSICS_REFERENCE,NEAR_BOUNDARY,0.8333333333333334,250.0,246.6187243232222,0.9741057605621203
baseline,baseline-v1,blast-lite-lfp-gr-250ah-prismatic-2019-v1,blast-lite-b093495-250ah-prismatic-v1,PHYSICS_REFERENCE,NEAR_BOUNDARY,0.9166666666666666,275.0,270.97136833727524,0.9722000624471582
baseline,baseline-v1,blast-lite-lfp-gr-250ah-prismatic-2019-v1,blast-lite-b093495-250ah-prismatic-v1,PHYSICS_REFERENCE,NEAR_BOUNDARY,1.0,300.0,295.27636989845416,0.9703365918267383
baseline,baseline-v1,blast-lite-lfp-gr-250ah-prismatic-2019-v1,blast-lite-b093495-250ah-prismatic-v1,PHYSICS_REFERENCE,NEAR_BOUNDARY,1.0833333333333333,325.0,319.5347846941226,0.9685111119105568
baseline,baseline-v1,blast-lite-lfp-gr-250ah-prismatic-2019-v1,blast-lite-b093495-250ah-prismatic-v1,PHYSICS_REFERENCE,NEAR_BOUNDARY,1.1666666666666667,350.0,343.7475624918865,0.9667201285449637
baseline,baseline-v1,blast-lite-lfp-gr-250ah-prismatic-2019-v1,blast-lite-b093495-250ah-prismatic-v1,PHYSICS_REFERENCE,NEAR_BOUNDARY,1.25,375.0,367.91556570551063,0.9649607143302427
baseline,baseline-v1,blast-lite-lfp-gr-250ah-prismatic-2019-v1,blast-lite-b093495-250ah-prismatic-v1,PHYSICS_REFERENCE,NEAR_BOUNDARY,1.3333333333333333,400.0,392.0395835637667,0.9632303836555489
baseline,baseline-v1,blast-lite-lfp-gr-250ah-prismatic-2019-v1,blast-lite-b093495-250ah-prismatic-v1,PHYSICS_REFERENCE,NEAR_BOUNDARY,1.4166666666666667,425.0,416.1203431551554,0.9615270015779684
baseline,baseline-v1,blast-lite-lfp-gr-250ah-prismatic-2019-v1,blast-lite-b093495-250ah-prismatic-v1,PHYSICS_REFERENCE,NEAR_BOUNDARY,1.5,450.0,440.1585181946046,0.9598487158849589
baseline,baseline-v1,blast-lite-lfp-gr-250ah-prismatic-2019-v1,blast-lite-b093495-250ah-prismatic-v1,PHYSICS_REFERENCE,NEAR_BOUNDARY,1.5833333333333333,475.0,464.1547360917286,0.9581939054546055
baseline,baseline-v1,blast-lite-lfp-gr-250ah-prismatic-2019-v1,blast-lite-b093495-250ah-prismatic-v1,PHYSICS_REFERENCE,NEAR_BOUNDARY,1.6666666666666667,500.0,488.1095837280937,0.9565611403346311
baseline,baseline-v1,blast-lite-lfp-gr-250ah-prismatic-2019-v1,blast-lite-b093495-250ah-prismatic-v1,PHYSICS_REFERENCE,NEAR_BOUNDARY,1.75,525.0,512.0236122364595,0.9549491504163385
baseline,baseline-v1,blast-lite-lfp-gr-250ah-prismatic-2019-v1,blast-lite-b093495-250ah-prismatic-v1,PHYSICS_REFERENCE,NEAR_BOUNDARY,1.8333333333333333,550.0,535.8973409968679,0.9533568005240277
baseline,baseline-v1,blast-lite-lfp-gr-250ah-prismatic-2019-v1,blast-lite-b093495-250ah-prismatic-v1,PHYSICS_REFERENCE,NEAR_BOUNDARY,1.9166666666666667,575.0,559.7312610099686,0.9517830703686873
baseline,baseline-v1,blast-lite-lfp-gr-250ah-prismatic-2019-v1,blast-lite-b093495-250ah-prismatic-v1,PHYSICS_REFERENCE,NEAR_BOUNDARY,2.0,600.0,583.5258377691858,0.9502270382420523
baseline,baseline-v1,blast-lite-lfp-gr-250ah-prismatic-2019-v1,blast-lite-b093495-250ah-prismatic-v1,PHYSICS_REFERENCE,NEAR_BOUNDARY,2.0833333333333335,625.0,607.2815137252371,0.9486878676235591
baseline,baseline-v1,blast-lite-lfp-gr-250ah-prismatic-2019-v1,blast-lite-b093495-250ah-prismatic-v1,PHYSICS_REFERENCE,NEAR_BOUNDARY,2.1666666666666665,650.0,630.998710415826,0.9471647960820665
baseline,baseline-v1,blast-lite-lfp-gr-250ah-prismatic-2019-v1,blast-lite-b093495-250ah-prismatic-v1,PHYSICS_REFERENCE,NEAR_BOUNDARY,2.25,675.0,654.6778303178777,0.9456571260044817
baseline,baseline-v1,blast-lite-lfp-gr-250ah-prismatic-2019-v1,blast-lite-b093495-250ah-prismatic-v1,PHYSICS_REFERENCE,NEAR_BOUNDARY,2.3333333333333335,700.0,678.3192584679897,0.9441642167928626
baseline,baseline-v1,blast-lite-lfp-gr-250ah-prismatic-2019-v1,blast-lite-b093495-250ah-prismatic-v1,PHYSICS_REFERENCE,NEAR_BOUNDARY,2.4166666666666665,725.0,701.9233638878112,0.9426854782523701
baseline,baseline-v1,blast-lite-lfp-gr-250ah-prismatic-2019-v1,blast-lite-b093495-250ah-prismatic-v1,PHYSICS_REFERENCE,NEAR_BOUNDARY,2.5,750.0,725.4905008441204,0.9412203649528347
baseline,baseline-v1,blast-lite-lfp-gr-250ah-prismatic-2019-v1,blast-lite-b093495-250ah-prismatic-v1,PHYSICS_REFERENCE,NEAR_BOUNDARY,2.5833333333333335,775.0,749.0210099679413,0.9397683713923466
baseline,baseline-v1,blast-lite-lfp-gr-250ah-prismatic-2019-v1,blast-lite-b093495-250ah-prismatic-v1,PHYSICS_REFERENCE,NEAR_BOUNDARY,2.6666666666666665,800.0,772.51521925275,0.9383290278261638
baseline,baseline-v1,blast-lite-lfp-gr-250ah-prismatic-2019-v1,blast-lite-b093495-250ah-prismatic-v1,PHYSICS_REFERENCE,NEAR_BOUNDARY,2.75,825.0,795.973444948404,0.9369018966511337
baseline,baseline-v1,blast-lite-lfp-gr-250ah-prismatic-2019-v1,blast-lite-b093495-250ah-prismatic-v1,PHYSICS_REFERENCE,NEAR_BOUNDARY,2.8333333333333335,850.0,819.3959923646823,0.9354865692567705
baseline,baseline-v1,blast-lite-lfp-gr-250ah-prismatic-2019-v1,blast-lite-b093495-250ah-prismatic-v1,PHYSICS_REFERENCE,NEAR_BOUNDARY,2.9166666666666665,875.0,842.7831565961015,0.9340826632705754
baseline,baseline-v1,blast-lite-lfp-gr-250ah-prismatic-2019-v1,blast-lite-b093495-250ah-prismatic-v1,PHYSICS_REFERENCE,NEAR_BOUNDARY,3.0,900.0,866.1352231778659,0.9326898201381996
baseline,baseline-v1,blast-lite-lfp-gr-250ah-prismatic-2019-v1,blast-lite-b093495-250ah-prismatic-v1,PHYSICS_REFERENCE,NEAR_BOUNDARY,3.0833333333333335,925.0,889.4524686813209,0.9313077029894216
baseline,baseline-v1,blast-lite-lfp-gr-250ah-prismatic-2019-v1,blast-lite-b093495-250ah-prismatic-v1,PHYSICS_REFERENCE,NEAR_BOUNDARY,3.1666666666666665,950.0,912.7351612560564,0.9299359947492407
baseline,baseline-v1,blast-lite-lfp-gr-250ah-prismatic-2019-v1,blast-lite-b093495-250ah-prismatic-v1,PHYSICS_REFERENCE,NEAR_BOUNDARY,3.25,975.0,935.9835611247873,0.9285743964601137
baseline,baseline-v1,blast-lite-lfp-gr-250ah-prismatic-2019-v1,blast-lite-b093495-250ah-prismatic-v1,PHYSICS_REFERENCE,NEAR_BOUNDARY,3.3333333333333335,1000.0,959.1979210362902,0.927222625786834
baseline,baseline-v1,blast-lite-lfp-gr-250ah-prismatic-2019-v1,blast-lite-b093495-250ah-prismatic-v1,PHYSICS_REFERENCE,NEAR_BOUNDARY,3.4166666666666665,1025.0,982.378486680961,0.9258804156800251
baseline,baseline-v1,blast-lite-lfp-gr-250ah-prismatic-2019-v1,blast-lite-b093495-250ah-prismatic-v1,PHYSICS_REFERENCE,NEAR_BOUNDARY,3.5,1050.0,1005.5254970729617,0.9245475131778966
baseline,baseline-v1,blast-lite-lfp-gr-250ah-prismatic-2019-v1,blast-lite-b093495-250ah-prismatic-v1,PHYSICS_REFERENCE,NEAR_BOUNDARY,3.5833333333333335,1075.0,1028.6391849024092,0.923223678328956
baseline,baseline-v1,blast-lite-lfp-gr-250ah-prismatic-2019-v1,blast-lite-b093495-250ah-prismatic-v1,PHYSICS_REFERENCE,NEAR_BOUNDARY,3.6666666666666665,1100.0,1051.7197768606331,0.921908683220883
baseline,baseline-v1,blast-lite-lfp-gr-250ah-prismatic-2019-v1,blast-lite-b093495-250ah-prismatic-v1,PHYSICS_REFERENCE,NEAR_BOUNDARY,3.75,1125.0,1074.7674939411552,0.9206023111028958
baseline,baseline-v1,blast-lite-lfp-gr-250ah-prismatic-2019-v1,blast-lite-b093495-250ah-prismatic-v1,PHYSICS_REFERENCE,NEAR_BOUNDARY,3.8333333333333335,1150.0,1097.7825517187275,0.9193043555906896
baseline,baseline-v1,blast-lite-lfp-gr-250ah-prismatic-2019-v1,blast-lite-b093495-250ah-prismatic-v1,PHYSICS_REFERENCE,NEAR_BOUNDARY,3.9166666666666665,1175.0,1120.7651606084949,0.9180146199445245
baseline,baseline-v1,blast-lite-lfp-gr-250ah-prismatic-2019-v1,blast-lite-b093495-250ah-prismatic-v1,PHYSICS_REFERENCE,NEAR_BOUNDARY,4.0,1200.0,1143.715526107108,0.9167329164122916
baseline,baseline-v1,blast-lite-lfp-gr-250ah-prismatic-2019-v1,blast-lite-b093495-250ah-prismatic-v1,PHYSICS_REFERENCE,NEAR_BOUNDARY,4.083333333333333,1225.0,1166.6338490174153,0.9154590656304528
baseline,baseline-v1,blast-lite-lfp-gr-250ah-prismatic-2019-v1,blast-lite-b093495-250ah-prismatic-v1,PHYSICS_REFERENCE,NEAR_BOUNDARY,4.166666666666667,1250.0,1189.5203256581767,0.914192896076659
baseline,baseline-v1,blast-lite-lfp-gr-250ah-prismatic-2019-v1,blast-lite-b093495-250ah-prismatic-v1,PHYSICS_REFERENCE,NEAR_BOUNDARY,4.25,1275.0,1212.3751480600931,0.9129342435686247
baseline,baseline-v1,blast-lite-lfp-gr-250ah-prismatic-2019-v1,blast-lite-b093495-250ah-prismatic-v1,PHYSICS_REFERENCE,NEAR_BOUNDARY,4.333333333333333,1300.0,1235.1985041493087,0.9116829508045052
baseline,baseline-v1,blast-lite-lfp-gr-250ah-prismatic-2019-v1,blast-lite-b093495-250ah-prismatic-v1,PHYSICS_REFERENCE,NEAR_BOUNDARY,4.416666666666667,1325.0,1257.9905779194214,0.910438866940591
baseline,baseline-v1,blast-lite-lfp-gr-250ah-prismatic-2019-v1,blast-lite-b093495-250ah-prismatic-v1,PHYSICS_REFERENCE,NEAR_BOUNDARY,4.5,1350.0,1280.7515495929363,0.9092018472026311
baseline,baseline-v1,blast-lite-lfp-gr-250ah-prismatic-2019-v1,blast-lite-b093495-250ah-prismatic-v1,PHYSICS_REFERENCE,NEAR_BOUNDARY,4.583333333333333,1375.0,1303.481595773002,0.9079717525275235
baseline,baseline-v1,blast-lite-lfp-gr-250ah-prismatic-2019-v1,blast-lite-b093495-250ah-prismatic-v1,PHYSICS_REFERENCE,NEAR_BOUNDARY,4.666666666666667,1400.0,1326.18088958619,0.9067484492324793
baseline,baseline-v1,blast-lite-lfp-gr-250ah-prismatic-2019-v1,blast-lite-b093495-250ah-prismatic-v1,PHYSICS_REFERENCE,NEAR_BOUNDARY,4.75,1425.0,1348.849600817002,0.9055318087090931
baseline,baseline-v1,blast-lite-lfp-gr-250ah-prismatic-2019-v1,blast-lite-b093495-250ah-prismatic-v1,PHYSICS_REFERENCE,NEAR_BOUNDARY,4.833333333333333,1450.0,1371.4878960347294,0.904321707140032
baseline,baseline-v1,blast-lite-lfp-gr-250ah-prismatic-2019-v1,blast-lite-b093495-250ah-prismatic-v1,PHYSICS_REFERENCE,NEAR_BOUNDARY,4.916666666666667,1475.0,1394.0959387132302,0.9031180252363034
baseline,baseline-v1,blast-lite-lfp-gr-250ah-prismatic-2019-v1,blast-lite-b093495-250ah-prismatic-v1,PHYSICS_REFERENCE,NEAR_BOUNDARY,5.0,1500.0,1416.6738893441377,0.9019206479932745
baseline,baseline-v1,blast-lite-lfp-gr-250ah-prismatic-2019-v1,blast-lite-b093495-250ah-prismatic-v1,PHYSICS_REFERENCE,NEAR_BOUNDARY,5.083333333333333,1525.0,1439.2219055439696,0.9007294644638135
baseline,baseline-v1,blast-lite-lfp-gr-250ah-prismatic-2019-v1,blast-lite-b093495-250ah-prismatic-v1,PHYSICS_REFERENCE,NEAR_BOUNDARY,5.166666666666667,1550.0,1461.7401421555649,0.8995443675470777
baseline,baseline-v1,blast-lite-lfp-gr-250ah-prismatic-2019-v1,blast-lite-b093495-250ah-prismatic-v1,PHYSICS_REFERENCE,NEAR_BOUNDARY,5.25,1575.0,1484.2287513442418,0.8983652537916363
baseline,baseline-v1,blast-lite-lfp-gr-250ah-prismatic-2019-v1,blast-lite-b093495-250ah-prismatic-v1,PHYSICS_REFERENCE,NEAR_BOUNDARY,5.333333333333333,1600.0,1506.6878826890327,0.897192023211735
baseline,baseline-v1,blast-lite-lfp-gr-250ah-prismatic-2019-v1,blast-lite-b093495-250ah-prismatic-v1,PHYSICS_REFERENCE,NEAR_BOUNDARY,5.416666666666667,1625.0,1529.117683269326,0.8960245791156292
baseline,baseline-v1,blast-lite-lfp-gr-250ah-prismatic-2019-v1,blast-lite-b093495-250ah-prismatic-v1,PHYSICS_REFERENCE,NEAR_BOUNDARY,5.5,1650.0,1551.5182977472168,0.8948628279450173
baseline,baseline-v1,blast-lite-lfp-gr-250ah-prismatic-2019-v1,blast-lite-b093495-250ah-prismatic-v1,PHYSICS_REFERENCE,NEAR_BOUNDARY,5.583333333333333,1675.0,1573.8898684458422,0.8937066791246959
baseline,baseline-v1,blast-lite-lfp-gr-250ah-prismatic-2019-v1,blast-lite-b093495-250ah-prismatic-v1,PHYSICS_REFERENCE,NEAR_BOUNDARY,5.666666666666667,1700.0,1596.2325354239597,0.8925560449216383
baseline,baseline-v1,blast-lite-lfp-gr-250ah-prismatic-2019-v1,blast-lite-b093495-250ah-prismatic-v1,PHYSICS_REFERENCE,NEAR_BOUNDARY,5.75,1725.0,1618.5464365470007,0.8914108403127754
baseline,baseline-v1,blast-lite-lfp-gr-250ah-prismatic-2019-v1,blast-lite-b093495-250ah-prismatic-v1,PHYSICS_REFERENCE,NEAR_BOUNDARY,5.833333333333333,1750.0,1640.83170755482,0.8902709828608181
baseline,baseline-v1,blast-lite-lfp-gr-250ah-prismatic-2019-v1,blast-lite-b093495-250ah-prismatic-v1,PHYSICS_REFERENCE,NEAR_BOUNDARY,5.916666666666667,1775.0,1663.0884821263405,0.8891363925975251
baseline,baseline-v1,blast-lite-lfp-gr-250ah-prismatic-2019-v1,blast-lite-b093495-250ah-prismatic-v1,PHYSICS_REFERENCE,NEAR_BOUNDARY,6.0,1800.0,1685.3168919412788,0.8880069919138649
baseline,baseline-v1,blast-lite-lfp-gr-250ah-prismatic-2019-v1,blast-lite-b093495-250ah-prismatic-v1,PHYSICS_REFERENCE,NEAR_BOUNDARY,6.083333333333333,1825.0,1707.5170667391253,0.8868827054565773
baseline,baseline-v1,blast-lite-lfp-gr-250ah-prismatic-2019-v1,blast-lite-b093495-250ah-prismatic-v1,PHYSICS_REFERENCE,NEAR_BOUNDARY,6.166666666666667,1850.0,1729.6891343755397,0.8857634600306724
baseline,baseline-v1,blast-lite-lfp-gr-250ah-prismatic-2019-v1,blast-lite-b093495-250ah-prismatic-v1,PHYSICS_REFERENCE,NEAR_BOUNDARY,6.25,1875.0,1751.8332208763065,0.8846491845074528
baseline,baseline-v1,blast-lite-lfp-gr-250ah-prismatic-2019-v1,blast-lite-b093495-250ah-prismatic-v1,PHYSICS_REFERENCE,NEAR_BOUNDARY,6.333333333333333,1900.0,1773.9494504889929,0.8835398097376733
baseline,baseline-v1,blast-lite-lfp-gr-250ah-prismatic-2019-v1,blast-lite-b093495-250ah-prismatic-v1,PHYSICS_REFERENCE,NEAR_BOUNDARY,6.416666666666667,1925.0,1796.0379457324348,0.8824352684694856
baseline,baseline-v1,blast-lite-lfp-gr-250ah-prismatic-2019-v1,blast-lite-b093495-250ah-prismatic-v1,PHYSICS_REFERENCE,NEAR_BOUNDARY,6.5,1950.0,1818.098827444172,0.8813354952708454
baseline,baseline-v1,blast-lite-lfp-gr-250ah-prismatic-2019-v1,blast-lite-b093495-250ah-prismatic-v1,PHYSICS_REFERENCE,NEAR_BOUNDARY,6.583333333333333,1975.0,1840.132214825943,0.8802404264560829
baseline,baseline-v1,blast-lite-lfp-gr-250ah-prismatic-2019-v1,blast-lite-b093495-250ah-prismatic-v1,PHYSICS_REFERENCE,NEAR_BOUNDARY,6.666666666666667,2000.0,1862.1382254873452,0.8791500000163623
baseline,baseline-v1,blast-lite-lfp-gr-250ah-prismatic-2019-v1,blast-lite-b093495-250ah-prismatic-v1,PHYSICS_REFERENCE,NEAR_BOUNDARY,6.75,2025.0,1884.1169754877542,0.8780641555537783
baseline,baseline-v1,blast-lite-lfp-gr-250ah-prismatic-2019-v1,blast-lite-b093495-250ah-prismatic-v1,PHYSICS_REFERENCE,NEAR_BOUNDARY,6.833333333333333,2050.0,1906.0685793765986,0.8769828342188541
baseline,baseline-v1,blast-lite-lfp-gr-250ah-prismatic-2019-v1,blast-lite-b093495-250ah-prismatic-v1,PHYSICS_REFERENCE,NEAR_BOUNDARY,6.916666666666667,2075.0,1927.9931502320699,0.8759059786512274
baseline,baseline-v1,blast-lite-lfp-gr-250ah-prismatic-2019-v1,blast-lite-b093495-250ah-prismatic-v1,PHYSICS_REFERENCE,NEAR_BOUNDARY,7.0,2100.0,1949.8907996983505,0.8748335329233208
baseline,baseline-v1,blast-lite-lfp-gr-250ah-prismatic-2019-v1,blast-lite-b093495-250ah-prismatic-v1,PHYSICS_REFERENCE,NEAR_BOUNDARY,7.083333333333333,2125.0,1971.7616380214336,0.8737654424868164
baseline,baseline-v1,blast-lite-lfp-gr-250ah-prismatic-2019-v1,blast-lite-b093495-250ah-prismatic-v1,PHYSICS_REFERENCE,NEAR_BOUNDARY,7.166666666666667,2150.0,1993.605774083604,0.8727016541217595
baseline,baseline-v1,blast-lite-lfp-gr-250ah-prismatic-2019-v1,blast-lite-b093495-250ah-prismatic-v1,PHYSICS_REFERENCE,NEAR_BOUNDARY,7.25,2175.0,2015.423315436648,0.8716421158881329
baseline,baseline-v1,blast-lite-lfp-gr-250ah-prismatic-2019-v1,blast-lite-b093495-250ah-prismatic-v1,PHYSICS_REFERENCE,NEAR_BOUNDARY,7.333333333333333,2200.0,2037.2143683338513,0.8705867770797566
baseline,baseline-v1,blast-lite-lfp-gr-250ah-prismatic-2019-v1,blast-lite-b093495-250ah-prismatic-v1,PHYSICS_REFERENCE,NEAR_BOUNDARY,7.416666666666667,2225.0,2058.979037760845,0.8695355881803729
baseline,baseline-v1,blast-lite-lfp-gr-250ah-prismatic-2019-v1,blast-lite-b093495-250ah-prismatic-v1,PHYSICS_REFERENCE,NEAR_BOUNDARY,7.5,2250.0,2080.7174274653544,0.8684885008217891
baseline,baseline-v1,blast-lite-lfp-gr-250ah-prismatic-2019-v1,blast-lite-b093495-250ah-prismatic-v1,PHYSICS_REFERENCE,NEAR_BOUNDARY,7.583333333333333,2275.0,2102.429639985899,0.8674454677439615
baseline,baseline-v1,blast-lite-lfp-gr-250ah-prismatic-2019-v1,blast-lite-b093495-250ah-prismatic-v1,PHYSICS_REFERENCE,NEAR_BOUNDARY,7.666666666666667,2300.0,2124.115776679498,0.8664064427569081
baseline,baseline-v1,blast-lite-lfp-gr-250ah-prismatic-2019-v1,blast-lite-b093495-250ah-prismatic-v1,PHYSICS_REFERENCE,NEAR_BOUNDARY,7.75,2325.0,2145.775937748421,0.8653713807043465
baseline,baseline-v1,blast-lite-lfp-gr-250ah-prismatic-2019-v1,blast-lite-b093495-250ah-prismatic-v1,PHYSICS_REFERENCE,NEAR_BOUNDARY,7.833333333333333,2350.0,2167.4102222660295,0.864340237428962
baseline,baseline-v1,blast-lite-lfp-gr-250ah-prismatic-2019-v1,blast-lite-b093495-250ah-prismatic-v1,PHYSICS_REFERENCE,NEAR_BOUNDARY,7.916666666666667,2375.0,2189.0187282017537,0.8633129697392139
baseline,baseline-v1,blast-lite-lfp-gr-250ah-prismatic-2019-v1,blast-lite-b093495-250ah-prismatic-v1,PHYSICS_REFERENCE,NEAR_BOUNDARY,8.0,2400.0,2210.601552445234,0.8622895353775987
baseline,baseline-v1,blast-lite-lfp-gr-250ah-prismatic-2019-v1,blast-lite-b093495-250ah-prismatic-v1,PHYSICS_REFERENCE,NEAR_BOUNDARY,8.083333333333334,2425.0,2232.158790829674,0.8612698929902887
baseline,baseline-v1,blast-lite-lfp-gr-250ah-prismatic-2019-v1,blast-lite-b093495-250ah-prismatic-v1,PHYSICS_REFERENCE,NEAR_BOUNDARY,8.166666666666666,2450.0,2253.6905381544316,0.8602540020980735
baseline,baseline-v1,blast-lite-lfp-gr-250ah-prismatic-2019-v1,blast-lite-b093495-250ah-prismatic-v1,PHYSICS_REFERENCE,NEAR_BOUNDARY,8.25,2475.0,2275.1968882068836,0.8592418230685365
baseline,baseline-v1,blast-lite-lfp-gr-250ah-prismatic-2019-v1,blast-lite-b093495-250ah-prismatic-v1,PHYSICS_REFERENCE,NEAR_BOUNDARY,8.333333333333334,2500.0,2296.677933783597,0.8582333170893998
baseline,baseline-v1,blast-lite-lfp-gr-250ah-prismatic-2019-v1,blast-lite-b093495-250ah-prismatic-v1,PHYSICS_REFERENCE,NEAR_BOUNDARY,8.416666666666666,2525.0,2318.133766710832,0.8572284461429778
baseline,baseline-v1,blast-lite-lfp-gr-250ah-prismatic-2019-v1,blast-lite-b093495-250ah-prismatic-v1,PHYSICS_REFERENCE,NEAR_BOUNDARY,8.5,2550.0,2339.5644778644064,0.8562271729816833
baseline,baseline-v1,blast-lite-lfp-gr-250ah-prismatic-2019-v1,blast-lite-b093495-250ah-prismatic-v1,PHYSICS_REFERENCE,NEAR_BOUNDARY,8.583333333333334,2575.0,2360.9701571889486,0.8552294611045307
baseline,baseline-v1,blast-lite-lfp-gr-250ah-prismatic-2019-v1,blast-lite-b093495-250ah-prismatic-v1,PHYSICS_REFERENCE,NEAR_BOUNDARY,8.666666666666666,2600.0,2382.350893716562,0.8542352747345883
baseline,baseline-v1,blast-lite-lfp-gr-250ah-prismatic-2019-v1,blast-lite-b093495-250ah-prismatic-v1,PHYSICS_REFERENCE,NEAR_BOUNDARY,8.75,2625.0,2403.7067755849266,0.8532445787973312
baseline,baseline-v1,blast-lite-lfp-gr-250ah-prismatic-2019-v1,blast-lite-b093495-250ah-prismatic-v1,PHYSICS_REFERENCE,NEAR_BOUNDARY,8.833333333333334,2650.0,2425.03789005486,0.8522573388998498
baseline,baseline-v1,blast-lite-lfp-gr-250ah-prismatic-2019-v1,blast-lite-b093495-250ah-prismatic-v1,PHYSICS_REFERENCE,NEAR_BOUNDARY,8.916666666666666,2675.0,2446.344323527356,0.8512735213108737
baseline,baseline-v1,blast-lite-lfp-gr-250ah-prismatic-2019-v1,blast-lite-b093495-250ah-prismatic-v1,PHYSICS_REFERENCE,NEAR_BOUNDARY,9.0,2700.0,2467.626161560128,0.8502930929415705
baseline,baseline-v1,blast-lite-lfp-gr-250ah-prismatic-2019-v1,blast-lite-b093495-250ah-prismatic-v1,PHYSICS_REFERENCE,NEAR_BOUNDARY,9.083333333333334,2725.0,2488.8834888836673,0.8493160213270813
baseline,baseline-v1,blast-lite-lfp-gr-250ah-prismatic-2019-v1,blast-lite-b093495-250ah-prismatic-v1,PHYSICS_REFERENCE,NEAR_BOUNDARY,9.166666666666666,2750.0,2510.1163894168444,0.8483422746087612
baseline,baseline-v1,blast-lite-lfp-gr-250ah-prismatic-2019-v1,blast-lite-b093495-250ah-prismatic-v1,PHYSICS_REFERENCE,NEAR_BOUNDARY,9.25,2775.0,2531.3249462820636,0.847371821517088
baseline,baseline-v1,blast-lite-lfp-gr-250ah-prismatic-2019-v1,blast-lite-b093495-250ah-prismatic-v1,PHYSICS_REFERENCE,NEAR_BOUNDARY,9.333333333333334,2800.0,2552.5092418199906,0.8464046313552096
baseline,baseline-v1,blast-lite-lfp-gr-250ah-prismatic-2019-v1,blast-lite-b093495-250ah-prismatic-v1,PHYSICS_REFERENCE,NEAR_BOUNDARY,9.416666666666666,2825.0,2573.669357603871,0.8454406739831006
baseline,baseline-v1,blast-lite-lfp-gr-250ah-prismatic-2019-v1,blast-lite-b093495-250ah-prismatic-v1,PHYSICS_REFERENCE,NEAR_BOUNDARY,9.5,2850.0,2594.8053744534486,0.8444799198023004
baseline,baseline-v1,blast-lite-lfp-gr-250ah-prismatic-2019-v1,blast-lite-b093495-250ah-prismatic-v1,PHYSICS_REFERENCE,NEAR_BOUNDARY,9.583333333333334,2875.0,2615.9173724485063,0.8435223397412057
baseline,baseline-v1,blast-lite-lfp-gr-250ah-prismatic-2019-v1,blast-lite-b093495-250ah-prismatic-v1,PHYSICS_REFERENCE,NEAR_BOUNDARY,9.666666666666666,2900.0,2637.0054309420366,0.8425679052408925
baseline,baseline-v1,blast-lite-lfp-gr-250ah-prismatic-2019-v1,blast-lite-b093495-250ah-prismatic-v1,PHYSICS_REFERENCE,NEAR_BOUNDARY,9.75,2925.0,2658.0696285730587,0.8416165882414451
baseline,baseline-v1,blast-lite-lfp-gr-250ah-prismatic-2019-v1,blast-lite-b093495-250ah-prismatic-v1,PHYSICS_REFERENCE,NEAR_BOUNDARY,9.833333333333334,2950.0,2679.110043279095,0.8406683611687682
baseline,baseline-v1,blast-lite-lfp-gr-250ah-prismatic-2019-v1,blast-lite-b093495-250ah-prismatic-v1,PHYSICS_REFERENCE,NEAR_BOUNDARY,9.916666666666666,2975.0,2700.1267523083143,0.8397231969218618
baseline,baseline-v1,blast-lite-lfp-gr-250ah-prismatic-2019-v1,blast-lite-b093495-250ah-prismatic-v1,PHYSICS_REFERENCE,NEAR_BOUNDARY,10.0,3000.0,2721.1198322313608,0.838781068860539
baseline,baseline-v1,blast-lite-lfp-gr-250ah-prismatic-2019-v1,blast-lite-b093495-250ah-prismatic-v1,PHYSICS_REFERENCE,NEAR_BOUNDARY,10.083333333333334,3025.0,2742.089358952874,0.837841950793567
baseline,baseline-v1,blast-lite-lfp-gr-250ah-prismatic-2019-v1,blast-lite-b093495-250ah-prismatic-v1,PHYSICS_REFERENCE,NEAR_BOUNDARY,10.166666666666666,3050.0,2763.0354077227134,0.8369058169672128
baseline,baseline-v1,blast-lite-lfp-gr-250ah-prismatic-2019-v1,blast-lite-b093495-250ah-prismatic-v1,PHYSICS_REFERENCE,NEAR_BOUNDARY,10.25,3075.0,2783.9580531468937,0.8359726420541789
baseline,baseline-v1,blast-lite-lfp-gr-250ah-prismatic-2019-v1,blast-lite-b093495-250ah-prismatic-v1,PHYSICS_REFERENCE,NEAR_BOUNDARY,10.333333333333334,3100.0,2804.8573691982483,0.8350424011429087
baseline,baseline-v1,blast-lite-lfp-gr-250ah-prismatic-2019-v1,blast-lite-b093495-250ah-prismatic-v1,PHYSICS_REFERENCE,NEAR_BOUNDARY,10.416666666666666,3125.0,2825.733429226821,0.8341150697272502
baseline,baseline-v1,blast-lite-lfp-gr-250ah-prismatic-2019-v1,blast-lite-b093495-250ah-prismatic-v1,PHYSICS_REFERENCE,NEAR_BOUNDARY,10.5,3150.0,2846.5863059700023,0.8331906236964604
baseline,baseline-v1,blast-lite-lfp-gr-250ah-prismatic-2019-v1,blast-lite-b093495-250ah-prismatic-v1,PHYSICS_REFERENCE,NEAR_BOUNDARY,10.583333333333334,3175.0,2867.416071562414,0.8322690393255374
baseline,baseline-v1,blast-lite-lfp-gr-250ah-prismatic-2019-v1,blast-lite-b093495-250ah-prismatic-v1,PHYSICS_REFERENCE,NEAR_BOUNDARY,10.666666666666666,3200.0,2888.222797545552,0.8313502932658674
baseline,baseline-v1,blast-lite-lfp-gr-250ah-prismatic-2019-v1,blast-lite-b093495-250ah-prismatic-v1,PHYSICS_REFERENCE,NEAR_BOUNDARY,10.75,3225.0,2909.0065548771986,0.8304343625361728
baseline,baseline-v1,blast-lite-lfp-gr-250ah-prismatic-2019-v1,blast-lite-b093495-250ah-prismatic-v1,PHYSICS_REFERENCE,NEAR_BOUNDARY,10.833333333333334,3250.0,2929.767413940603,0.8295212245137511
baseline,baseline-v1,blast-lite-lfp-gr-250ah-prismatic-2019-v1,blast-lite-b093495-250ah-prismatic-v1,PHYSICS_REFERENCE,NEAR_BOUNDARY,10.916666666666666,3275.0,2950.505444553447,0.8286108569259898
baseline,baseline-v1,blast-lite-lfp-gr-250ah-prismatic-2019-v1,blast-lite-b093495-250ah-prismatic-v1,PHYSICS_REFERENCE,NEAR_BOUNDARY,11.0,3300.0,2971.2207159765967,0.8277032378421508
baseline,baseline-v1,blast-lite-lfp-gr-250ah-prismatic-2019-v1,blast-lite-b093495-250ah-prismatic-v1,PHYSICS_REFERENCE,NEAR_BOUNDARY,11.083333333333334,3325.0,2991.9132969226503,0.8267983456654102
baseline,baseline-v1,blast-lite-lfp-gr-250ah-prismatic-2019-v1,blast-lite-b093495-250ah-prismatic-v1,PHYSICS_REFERENCE,NEAR_BOUNDARY,11.166666666666666,3350.0,3012.5832555642855,0.8258961591251449
baseline,baseline-v1,blast-lite-lfp-gr-250ah-prismatic-2019-v1,blast-lite-b093495-250ah-prismatic-v1,PHYSICS_REFERENCE,NEAR_BOUNDARY,11.25,3375.0,3033.2306595424143,0.8249966572694578
baseline,baseline-v1,blast-lite-lfp-gr-250ah-prismatic-2019-v1,blast-lite-b093495-250ah-prismatic-v1,PHYSICS_REFERENCE,NEAR_BOUNDARY,11.333333333333334,3400.0,3053.8555759741507,0.8240998194579291
baseline,baseline-v1,blast-lite-lfp-gr-250ah-prismatic-2019-v1,blast-lite-b093495-250ah-prismatic-v1,PHYSICS_REFERENCE,NEAR_BOUNDARY,11.416666666666666,3425.0,3074.458071460599,0.8232056253545892
baseline,baseline-v1,blast-lite-lfp-gr-250ah-prismatic-2019-v1,blast-lite-b093495-250ah-prismatic-v1,PHYSICS_REFERENCE,NEAR_BOUNDARY,11.5,3450.0,3095.0382120944637,0.8223140549211014
baseline,baseline-v1,blast-lite-lfp-gr-250ah-prismatic-2019-v1,blast-lite-b093495-250ah-prismatic-v1,PHYSICS_REFERENCE,NEAR_BOUNDARY,11.583333333333334,3475.0,3115.596063467491,0.8214250884101497
baseline,baseline-v1,blast-lite-lfp-gr-250ah-prismatic-2019-v1,blast-lite-b093495-250ah-prismatic-v1,PHYSICS_REFERENCE,NEAR_BOUNDARY,11.666666666666666,3500.0,3136.1316906777447,0.8205387063590204
baseline,baseline-v1,blast-lite-lfp-gr-250ah-prismatic-2019-v1,blast-lite-b093495-250ah-prismatic-v1,PHYSICS_REFERENCE,NEAR_BOUNDARY,11.75,3525.0,3156.64515833672,0.8196548895833744
baseline,baseline-v1,blast-lite-lfp-gr-250ah-prismatic-2019-v1,blast-lite-b093495-250ah-prismatic-v1,PHYSICS_REFERENCE,NEAR_BOUNDARY,11.833333333333334,3550.0,3177.1365305763047,0.8187736191711998
baseline,baseline-v1,blast-lite-lfp-gr-250ah-prismatic-2019-v1,blast-lite-b093495-250ah-prismatic-v1,PHYSICS_REFERENCE,NEAR_BOUNDARY,11.916666666666666,3575.0,3197.605871055585,0.8178948764769409
baseline,baseline-v1,blast-lite-lfp-gr-250ah-prismatic-2019-v1,blast-lite-b093495-250ah-prismatic-v1,PHYSICS_REFERENCE,NEAR_BOUNDARY,12.0,3600.0,3218.0532429675086,0.8170186431157951
baseline,baseline-v1,blast-lite-lfp-gr-250ah-prismatic-2019-v1,blast-lite-b093495-250ah-prismatic-v1,PHYSICS_REFERENCE,NEAR_BOUNDARY,12.083333333333334,3625.0,3238.4787090454033,0.8161449009581727
baseline,baseline-v1,blast-lite-lfp-gr-250ah-prismatic-2019-v1,blast-lite-b093495-250ah-prismatic-v1,PHYSICS_REFERENCE,NEAR_BOUNDARY,12.166666666666666,3650.0,3258.8823315693576,0.8152736321243156
baseline,baseline-v1,blast-lite-lfp-gr-250ah-prismatic-2019-v1,blast-lite-b093495-250ah-prismatic-v1,PHYSICS_REFERENCE,NEAR_BOUNDARY,12.25,3675.0,3279.2641723724655,0.8144048189790646
baseline,baseline-v1,blast-lite-lfp-gr-250ah-prismatic-2019-v1,blast-lite-b093495-250ah-prismatic-v1,PHYSICS_REFERENCE,NEAR_BOUNDARY,12.333333333333334,3700.0,3299.624292846942,0.8135384441267748
baseline,baseline-v1,blast-lite-lfp-gr-250ah-prismatic-2019-v1,blast-lite-b093495-250ah-prismatic-v1,PHYSICS_REFERENCE,NEAR_BOUNDARY,12.416666666666666,3725.0,3319.962753950111,0.8126744904063727
baseline,baseline-v1,blast-lite-lfp-gr-250ah-prismatic-2019-v1,blast-lite-b093495-250ah-prismatic-v1,PHYSICS_REFERENCE,NEAR_BOUNDARY,12.5,3750.0,3340.2796162102704,0.8118129408865475
baseline,baseline-v1,blast-lite-lfp-gr-250ah-prismatic-2019-v1,blast-lite-b093495-250ah-prismatic-v1,PHYSICS_REFERENCE,NEAR_BOUNDARY,12.583333333333334,3775.0,3360.574939732434,0.8109537788610761
baseline,baseline-v1,blast-lite-lfp-gr-250ah-prismatic-2019-v1,blast-lite-b093495-250ah-prismatic-v1,PHYSICS_REFERENCE,NEAR_BOUNDARY,12.666666666666666,3800.0,3380.848784203961,0.8100969878442736
baseline,baseline-v1,blast-lite-lfp-gr-250ah-prismatic-2019-v1,blast-lite-b093495-250ah-prismatic-v1,PHYSICS_REFERENCE,NEAR_BOUNDARY,12.75,3825.0,3401.101208900068,0.8092425515665683
baseline,baseline-v1,blast-lite-lfp-gr-250ah-prismatic-2019-v1,blast-lite-b093495-250ah-prismatic-v1,PHYSICS_REFERENCE,NEAR_BOUNDARY,12.833333333333334,3850.0,3421.332272689232,0.8083904539701936
baseline,baseline-v1,blast-lite-lfp-gr-250ah-prismatic-2019-v1,blast-lite-b093495-250ah-prismatic-v1,PHYSICS_REFERENCE,NEAR_BOUNDARY,12.916666666666666,3875.0,3441.5420340384867,0.8075406792049955
baseline,baseline-v1,blast-lite-lfp-gr-250ah-prismatic-2019-v1,blast-lite-b093495-250ah-prismatic-v1,PHYSICS_REFERENCE,NEAR_BOUNDARY,13.0,3900.0,3461.7305510186115,0.8066932116243524
baseline,baseline-v1,blast-lite-lfp-gr-250ah-prismatic-2019-v1,blast-lite-b093495-250ah-prismatic-v1,PHYSICS_REFERENCE,NEAR_BOUNDARY,13.083333333333334,3925.0,3481.8978813092203,0.8058480357811991
baseline,baseline-v1,blast-lite-lfp-gr-250ah-prismatic-2019-v1,blast-lite-b093495-250ah-prismatic-v1,PHYSICS_REFERENCE,NEAR_BOUNDARY,13.166666666666666,3950.0,3502.0440822037503,0.8050051364241575
baseline,baseline-v1,blast-lite-lfp-gr-250ah-prismatic-2019-v1,blast-lite-b093495-250ah-prismatic-v1,PHYSICS_REFERENCE,NEAR_BOUNDARY,13.25,3975.0,3522.169210614354,0.8041644984937661
baseline,baseline-v1,blast-lite-lfp-gr-250ah-prismatic-2019-v1,blast-lite-b093495-250ah-prismatic-v1,PHYSICS_REFERENCE,NEAR_BOUNDARY,13.333333333333334,4000.0,3542.2733230766985,0.8033261071188071
baseline,baseline-v1,blast-lite-lfp-gr-250ah-prismatic-2019-v1,blast-lite-b093495-250ah-prismatic-v1,PHYSICS_REFERENCE,NEAR_BOUNDARY,13.416666666666666,4025.0,3562.3564757546687,0.802489947612728
baseline,baseline-v1,blast-lite-lfp-gr-250ah-prismatic-2019-v1,blast-lite-b093495-250ah-prismatic-v1,PHYSICS_REFERENCE,NEAR_BOUNDARY,13.5,4050.0,3582.4187244449868,0.8016560054701526
baseline,baseline-v1,blast-lite-lfp-gr-250ah-prismatic-2019-v1,blast-lite-b093495-250ah-prismatic-v1,PHYSICS_REFERENCE,NEAR_BOUNDARY,13.583333333333334,4075.0,3602.4601245817407,0.8008242663634828
baseline,baseline-v1,blast-lite-lfp-gr-250ah-prismatic-2019-v1,blast-lite-b093495-250ah-prismatic-v1,PHYSICS_REFERENCE,NEAR_BOUNDARY,13.666666666666666,4100.0,3622.480731240828,0.7999947161395838
baseline,baseline-v1,blast-lite-lfp-gr-250ah-prismatic-2019-v1,blast-lite-b093495-250ah-prismatic-v1,PHYSICS_REFERENCE,NEAR_BOUNDARY,13.75,4125.0,3642.4805991443177,0.7991673408165519
baseline,baseline-v1,blast-lite-lfp-gr-250ah-prismatic-2019-v1,blast-lite-b093495-250ah-prismatic-v1,PHYSICS_REFERENCE,NEAR_BOUNDARY,13.833333333333334,4150.0,3662.4597826647314,0.7983421265805641
baseline,baseline-v1,blast-lite-lfp-gr-250ah-prismatic-2019-v1,blast-lite-b093495-250ah-prismatic-v1,PHYSICS_REFERENCE,NEAR_BOUNDARY,13.916666666666666,4175.0,3682.4183358292453,0.7975190597828035
baseline,baseline-v1,blast-lite-lfp-gr-250ah-prismatic-2019-v1,blast-lite-b093495-250ah-prismatic-v1,PHYSICS_REFERENCE,NEAR_BOUNDARY,14.0,4200.0,3702.3563123238155,0.7966981269364617
baseline,baseline-v1,blast-lite-lfp-gr-250ah-prismatic-2019-v1,blast-lite-b093495-250ah-prismatic-v1,PHYSICS_REFERENCE,NEAR_BOUNDARY,14.083333333333334,4225.0,3722.273765497227,0.795879314713812
baseline,baseline-v1,blast-lite-lfp-gr-250ah-prismatic-2019-v1,blast-lite-b093495-250ah-prismatic-v1,PHYSICS_REFERENCE,NEAR_BOUNDARY,14.166666666666666,4250.0,3742.1707483650725,0.7950626099433566
baseline,baseline-v1,blast-lite-lfp-gr-250ah-prismatic-2019-v1,blast-lite-b093495-250ah-prismatic-v1,PHYSICS_REFERENCE,NEAR_BOUNDARY,14.25,4275.0,3762.0473136136566,0.7942479996070388
baseline,baseline-v1,blast-lite-lfp-gr-250ah-prismatic-2019-v1,blast-lite-b093495-250ah-prismatic-v1,PHYSICS_REFERENCE,NEAR_BOUNDARY,14.333333333333334,4300.0,3781.9035136038324,0.7934354708375242
baseline,baseline-v1,blast-lite-lfp-gr-250ah-prismatic-2019-v1,blast-lite-b093495-250ah-prismatic-v1,PHYSICS_REFERENCE,NEAR_BOUNDARY,14.416666666666666,4325.0,3801.7394003747704,0.7926250109155459
baseline,baseline-v1,blast-lite-lfp-gr-250ah-prismatic-2019-v1,blast-lite-b093495-250ah-prismatic-v1,PHYSICS_REFERENCE,NEAR_BOUNDARY,14.5,4350.0,3821.555025647659,0.7918166072673121
baseline,baseline-v1,blast-lite-lfp-gr-250ah-prismatic-2019-v1,blast-lite-b093495-250ah-prismatic-v1,PHYSICS_REFERENCE,NEAR_BOUNDARY,14.583333333333334,4375.0,3841.350440829342,0.7910102474619745
baseline,baseline-v1,blast-lite-lfp-gr-250ah-prismatic-2019-v1,blast-lite-b093495-250ah-prismatic-v1,PHYSICS_REFERENCE,NEAR_BOUNDARY,14.666666666666666,4400.0,3861.1256970158915,0.7902059192091565
baseline,baseline-v1,blast-lite-lfp-gr-250ah-prismatic-2019-v1,blast-lite-b093495-250ah-prismatic-v1,PHYSICS_REFERENCE,NEAR_BOUNDARY,14.75,4425.0,3880.8808449961202,0.7894036103565378
baseline,baseline-v1,blast-lite-lfp-gr-250ah-prismatic-2019-v1,blast-lite-b093495-250ah-prismatic-v1,PHYSICS_REFERENCE,NEAR_BOUNDARY,14.833333333333334,4450.0,3900.6159352550335,0.7886033088874954
baseline,baseline-v1,blast-lite-lfp-gr-250ah-prismatic-2019-v1,blast-lite-b093495-250ah-prismatic-v1,PHYSICS_REFERENCE,NEAR_BOUNDARY,14.916666666666666,4475.0,3920.3310179772207,0.7878050029187977
baseline,baseline-v1,blast-lite-lfp-gr-250ah-prismatic-2019-v1,blast-lite-b093495-250ah-prismatic-v1,PHYSICS_REFERENCE,NEAR_BOUNDARY,15.0,4500.0,3940.0261430501905,0.7870086806983525
baseline,baseline-v1,blast-lite-lfp-gr-250ah-prismatic-2019-v1,blast-lite-b093495-250ah-prismatic-v1,PHYSICS_REFERENCE,NEAR_BOUNDARY,15.083333333333334,4525.0,3959.701360067649,0.7862143306030052
baseline,baseline-v1,blast-lite-lfp-gr-250ah-prismatic-2019-v1,blast-lite-b093495-250ah-prismatic-v1,PHYSICS_REFERENCE,NEAR_BOUNDARY,15.166666666666666,4550.0,3979.356718332724,0.7854219411363862
baseline,baseline-v1,blast-lite-lfp-gr-250ah-prismatic-2019-v1,blast-lite-b093495-250ah-prismatic-v1,PHYSICS_REFERENCE,NEAR_BOUNDARY,15.25,4575.0,3998.992266861134,0.7846315009268078
baseline,baseline-v1,blast-lite-lfp-gr-250ah-prismatic-2019-v1,blast-lite-b093495-250ah-prismatic-v1,PHYSICS_REFERENCE,NEAR_BOUNDARY,15.333333333333334,4600.0,4018.608054384304,0.7838429987252064
baseline,baseline-v1,blast-lite-lfp-gr-250ah-prismatic-2019-v1,blast-lite-b093495-250ah-prismatic-v1,PHYSICS_REFERENCE,NEAR_BOUNDARY,15.416666666666666,4625.0,4038.2041293524344,0.7830564234031315
baseline,baseline-v1,blast-lite-lfp-gr-250ah-prismatic-2019-v1,blast-lite-b093495-250ah-prismatic-v1,PHYSICS_REFERENCE,NEAR_BOUNDARY,15.5,4650.0,4057.7805399375125,0.7822717639507787
baseline,baseline-v1,blast-lite-lfp-gr-250ah-prismatic-2019-v1,blast-lite-b093495-250ah-prismatic-v1,PHYSICS_REFERENCE,NEAR_BOUNDARY,15.583333333333334,4675.0,4077.337334036282,0.7814890094750646
baseline,baseline-v1,blast-lite-lfp-gr-250ah-prismatic-2019-v1,blast-lite-b093495-250ah-prismatic-v1,PHYSICS_REFERENCE,NEAR_BOUNDARY,15.666666666666666,4700.0,4096.874559273158,0.7807081491977461
baseline,baseline-v1,blast-lite-lfp-gr-250ah-prismatic-2019-v1,blast-lite-b093495-250ah-prismatic-v1,PHYSICS_REFERENCE,NEAR_BOUNDARY,15.75,4725.0,4116.392263003102,0.7799291724535771
baseline,baseline-v1,blast-lite-lfp-gr-250ah-prismatic-2019-v1,blast-lite-b093495-250ah-prismatic-v1,PHYSICS_REFERENCE,NEAR_BOUNDARY,15.833333333333334,4750.0,4135.890492314442,0.7791520686885085
baseline,baseline-v1,blast-lite-lfp-gr-250ah-prismatic-2019-v1,blast-lite-b093495-250ah-prismatic-v1,PHYSICS_REFERENCE,NEAR_BOUNDARY,15.916666666666666,4775.0,4155.369294031654,0.7783768274579235
baseline,baseline-v1,blast-lite-lfp-gr-250ah-prismatic-2019-v1,blast-lite-b093495-250ah-prismatic-v1,PHYSICS_REFERENCE,NEAR_BOUNDARY,16.0,4800.0,4174.828714718102,0.777603438424913
baseline,baseline-v1,blast-lite-lfp-gr-250ah-prismatic-2019-v1,blast-lite-b093495-250ah-prismatic-v1,PHYSICS_REFERENCE,NEAR_BOUNDARY,16.083333333333332,4825.0,4194.268800678725,0.7768318913585858
baseline,baseline-v1,blast-lite-lfp-gr-250ah-prismatic-2019-v1,blast-lite-b093495-250ah-prismatic-v1,PHYSICS_REFERENCE,NEAR_BOUNDARY,16.166666666666668,4850.0,4213.68959796269,0.7760621761324151
baseline,baseline-v1,blast-lite-lfp-gr-250ah-prismatic-2019-v1,blast-lite-b093495-250ah-prismatic-v1,PHYSICS_REFERENCE,NEAR_BOUNDARY,16.25,4875.0,4233.091152366,0.7752942827226204
baseline,baseline-v1,blast-lite-lfp-gr-250ah-prismatic-2019-v1,blast-lite-b093495-250ah-prismatic-v1,PHYSICS_REFERENCE,NEAR_BOUNDARY,16.333333333333332,4900.0,4252.473509434065,0.7745282012065811
baseline,baseline-v1,blast-lite-lfp-gr-250ah-prismatic-2019-v1,blast-lite-b093495-250ah-prismatic-v1,PHYSICS_REFERENCE,NEAR_BOUNDARY,16.416666666666668,4925.0,4271.83671446423,0.7737639217612853
baseline,baseline-v1,blast-lite-lfp-gr-250ah-prismatic-2019-v1,blast-lite-b093495-250ah-prismatic-v1,PHYSICS_REFERENCE,NEAR_BOUNDARY,16.5,4950.0,4291.180812508262,0.773001434661809
baseline,baseline-v1,blast-lite-lfp-gr-250ah-prismatic-2019-v1,blast-lite-b093495-250ah-prismatic-v1,PHYSICS_REFERENCE,NEAR_BOUNDARY,16.583333333333332,4975.0,4310.505848374807,0.7722407302798273
baseline,baseline-v1,blast-lite-lfp-gr-250ah-prismatic-2019-v1,blast-lite-b093495-250ah-prismatic-v1,PHYSICS_REFERENCE,NEAR_BOUNDARY,16.666666666666668,5000.0,4329.811866631802,0.7714817990821554
baseline,baseline-v1,blast-lite-lfp-gr-250ah-prismatic-2019-v1,blast-lite-b093495-250ah-prismatic-v1,PHYSICS_REFERENCE,NEAR_BOUNDARY,16.75,5025.0,4349.098911608856,0.7707246316293199
baseline,baseline-v1,blast-lite-lfp-gr-250ah-prismatic-2019-v1,blast-lite-b093495-250ah-prismatic-v1,PHYSICS_REFERENCE,NEAR_BOUNDARY,16.833333333333332,5050.0,4368.367027399589,0.769969218574158
baseline,baseline-v1,blast-lite-lfp-gr-250ah-prismatic-2019-v1,blast-lite-b093495-250ah-prismatic-v1,PHYSICS_REFERENCE,NEAR_BOUNDARY,16.916666666666668,5075.0,4387.616257863942,0.7692155506604464
baseline,baseline-v1,blast-lite-lfp-gr-250ah-prismatic-2019-v1,blast-lite-b093495-250ah-prismatic-v1,PHYSICS_REFERENCE,NEAR_BOUNDARY,17.0,5100.0,4406.8466466304535,0.7684636187215557
baseline,baseline-v1,blast-lite-lfp-gr-250ah-prismatic-2019-v1,blast-lite-b093495-250ah-prismatic-v1,PHYSICS_REFERENCE,NEAR_BOUNDARY,17.083333333333332,5125.0,4426.058237098492,0.7677134136791327
baseline,baseline-v1,blast-lite-lfp-gr-250ah-prismatic-2019-v1,blast-lite-b093495-250ah-prismatic-v1,PHYSICS_REFERENCE,NEAR_BOUNDARY,17.166666666666668,5150.0,4445.25107244047,0.7669649265418091
baseline,baseline-v1,blast-lite-lfp-gr-250ah-prismatic-2019-v1,blast-lite-b093495-250ah-prismatic-v1,PHYSICS_REFERENCE,NEAR_BOUNDARY,17.25,5175.0,4464.425195604015,0.7662181484039345
baseline,baseline-v1,blast-lite-lfp-gr-250ah-prismatic-2019-v1,blast-lite-b093495-250ah-prismatic-v1,PHYSICS_REFERENCE,NEAR_BOUNDARY,17.333333333333332,5200.0,4483.5806493141135,0.7654730704443347
baseline,baseline-v1,blast-lite-lfp-gr-250ah-prismatic-2019-v1,blast-lite-b093495-250ah-prismatic-v1,PHYSICS_REFERENCE,NEAR_BOUNDARY,17.416666666666668,5225.0,4502.717476075222,0.764729683925095
baseline,baseline-v1,blast-lite-lfp-gr-250ah-prismatic-2019-v1,blast-lite-b093495-250ah-prismatic-v1,PHYSICS_REFERENCE,NEAR_BOUNDARY,17.5,5250.0,4521.83571817335,0.7639879801903657
baseline,baseline-v1,blast-lite-lfp-gr-250ah-prismatic-2019-v1,blast-lite-b093495-250ah-prismatic-v1,PHYSICS_REFERENCE,NEAR_BOUNDARY,17.583333333333332,5275.0,4540.935417678109,0.7632479506651917
baseline,baseline-v1,blast-lite-lfp-gr-250ah-prismatic-2019-v1,blast-lite-b093495-250ah-prismatic-v1,PHYSICS_REFERENCE,NEAR_BOUNDARY,17.666666666666668,5300.0,4560.016616444739,0.7625095868543641
baseline,baseline-v1,blast-lite-lfp-gr-250ah-prismatic-2019-v1,blast-lite-b093495-250ah-prismatic-v1,PHYSICS_REFERENCE,NEAR_BOUNDARY,17.75,5325.0,4579.079356116098,0.7617728803412935
baseline,baseline-v1,blast-lite-lfp-gr-250ah-prismatic-2019-v1,blast-lite-b093495-250ah-prismatic-v1,PHYSICS_REFERENCE,NEAR_BOUNDARY,17.833333333333332,5350.0,4598.123678124631,0.7610378227869058
baseline,baseline-v1,blast-lite-lfp-gr-250ah-prismatic-2019-v1,blast-lite-b093495-250ah-prismatic-v1,PHYSICS_REFERENCE,NEAR_BOUNDARY,17.916666666666668,5375.0,4617.149623694303,0.7603044059285573
baseline,baseline-v1,blast-lite-lfp-gr-250ah-prismatic-2019-v1,blast-lite-b093495-250ah-prismatic-v1,PHYSICS_REFERENCE,NEAR_BOUNDARY,18.0,5400.0,4636.157233842517,0.7595726215789718
baseline,baseline-v1,blast-lite-lfp-gr-250ah-prismatic-2019-v1,blast-lite-b093495-250ah-prismatic-v1,PHYSICS_REFERENCE,NEAR_BOUNDARY,18.083333333333332,5425.0,4655.146549381991,0.7588424616251964
baseline,baseline-v1,blast-lite-lfp-gr-250ah-prismatic-2019-v1,blast-lite-b093495-250ah-prismatic-v1,PHYSICS_REFERENCE,NEAR_BOUNDARY,18.166666666666668,5450.0,4674.117610922621,0.7581139180275773
baseline,baseline-v1,blast-lite-lfp-gr-250ah-prismatic-2019-v1,blast-lite-b093495-250ah-prismatic-v1,PHYSICS_REFERENCE,NEAR_BOUNDARY,18.25,5475.0,4693.070458873311,0.7573869828187548
baseline,baseline-v1,blast-lite-lfp-gr-250ah-prismatic-2019-v1,blast-lite-b093495-250ah-prismatic-v1,PHYSICS_REFERENCE,NEAR_BOUNDARY,18.333333333333332,5500.0,4712.005133443779,0.7566616481026764
baseline,baseline-v1,blast-lite-lfp-gr-250ah-prismatic-2019-v1,blast-lite-b093495-250ah-prismatic-v1,PHYSICS_REFERENCE,NEAR_BOUNDARY,18.416666666666668,5525.0,4730.921674646346,0.7559379060536283
baseline,baseline-v1,blast-lite-lfp-gr-250ah-prismatic-2019-v1,blast-lite-b093495-250ah-prismatic-v1,PHYSICS_REFERENCE,NEAR_BOUNDARY,18.5,5550.0,4749.820122297687,0.7552157489152846
baseline,baseline-v1,blast-lite-lfp-gr-250ah-prismatic-2019-v1,blast-lite-b093495-250ah-prismatic-v1,PHYSICS_REFERENCE,NEAR_BOUNDARY,18.583333333333332,5575.0,4768.700516020569,0.7544951689997734
baseline,baseline-v1,blast-lite-lfp-gr-250ah-prismatic-2019-v1,blast-lite-b093495-250ah-prismatic-v1,PHYSICS_REFERENCE,NEAR_BOUNDARY,18.666666666666668,5600.0,4787.562895245564,0.753776158686761
baseline,baseline-v1,blast-lite-lfp-gr-250ah-prismatic-2019-v1,blast-lite-b093495-250ah-prismatic-v1,PHYSICS_REFERENCE,NEAR_BOUNDARY,18.75,5625.0,4806.407299212733,0.7530587104225509
baseline,baseline-v1,blast-lite-lfp-gr-250ah-prismatic-2019-v1,blast-lite-b093495-250ah-prismatic-v1,PHYSICS_REFERENCE,NEAR_BOUNDARY,18.833333333333332,5650.0,4825.233766973297,0.7523428167192006
baseline,baseline-v1,blast-lite-lfp-gr-250ah-prismatic-2019-v1,blast-lite-b093495-250ah-prismatic-v1,PHYSICS_REFERENCE,NEAR_BOUNDARY,18.916666666666668,5675.0,4844.042337391277,0.751628470153653
baseline,baseline-v1,blast-lite-lfp-gr-250ah-prismatic-2019-v1,blast-lite-b093495-250ah-prismatic-v1,PHYSICS_REFERENCE,NEAR_BOUNDARY,19.0,5700.0,4862.833049145119,0.7509156633668839
baseline,baseline-v1,blast-lite-lfp-gr-250ah-prismatic-2019-v1,blast-lite-b093495-250ah-prismatic-v1,PHYSICS_REFERENCE,NEAR_BOUNDARY,19.083333333333332,5725.0,4881.6059407292905,0.7502043890630645
baseline,baseline-v1,blast-lite-lfp-gr-250ah-prismatic-2019-v1,blast-lite-b093495-250ah-prismatic-v1,PHYSICS_REFERENCE,NEAR_BOUNDARY,19.166666666666668,5750.0,4900.361050455867,0.7494946400087386
baseline,baseline-v1,blast-lite-lfp-gr-250ah-prismatic-2019-v1,blast-lite-b093495-250ah-prismatic-v1,PHYSICS_REFERENCE,NEAR_BOUNDARY,19.25,5775.0,4919.098416456086,0.7487864090320135
baseline,baseline-v1,blast-lite-lfp-gr-250ah-prismatic-2019-v1,blast-lite-b093495-250ah-prismatic-v1,PHYSICS_REFERENCE,NEAR_BOUNDARY,19.333333333333332,5800.0,4937.818076681886,0.748079689021767
baseline,baseline-v1,blast-lite-lfp-gr-250ah-prismatic-2019-v1,blast-lite-b093495-250ah-prismatic-v1,PHYSICS_REFERENCE,NEAR_BOUNDARY,19.416666666666668,5825.0,4956.52006890743,0.7473744729268657
baseline,baseline-v1,blast-lite-lfp-gr-250ah-prismatic-2019-v1,blast-lite-b093495-250ah-prismatic-v1,PHYSICS_REFERENCE,NEAR_BOUNDARY,19.5,5850.0,4975.204430730601,0.7466707537553988
baseline,baseline-v1,blast-lite-lfp-gr-250ah-prismatic-2019-v1,blast-lite-b093495-250ah-prismatic-v1,PHYSICS_REFERENCE,NEAR_BOUNDARY,19.583333333333332,5875.0,4993.871199574486,0.7459685245739244
baseline,baseline-v1,blast-lite-lfp-gr-250ah-prismatic-2019-v1,blast-lite-b093495-250ah-prismatic-v1,PHYSICS_REFERENCE,NEAR_BOUNDARY,19.666666666666668,5900.0,5012.520412688834,0.7452677785067277
baseline,baseline-v1,blast-lite-lfp-gr-250ah-prismatic-2019-v1,blast-lite-b093495-250ah-prismatic-v1,PHYSICS_REFERENCE,NEAR_BOUNDARY,19.75,5925.0,5031.152107151502,0.7445685087350942
baseline,baseline-v1,blast-lite-lfp-gr-250ah-prismatic-2019-v1,blast-lite-b093495-250ah-prismatic-v1,PHYSICS_REFERENCE,NEAR_BOUNDARY,19.833333333333332,5950.0,5049.766319869879,0.743870708496593
baseline,baseline-v1,blast-lite-lfp-gr-250ah-prismatic-2019-v1,blast-lite-b093495-250ah-prismatic-v1,PHYSICS_REFERENCE,NEAR_BOUNDARY,19.916666666666668,5975.0,5068.363087582294,0.7431743710843737
baseline,baseline-v1,blast-lite-lfp-gr-250ah-prismatic-2019-v1,blast-lite-b093495-250ah-prismatic-v1,PHYSICS_REFERENCE,NEAR_BOUNDARY,20.0,6000.0,5086.942446859403,0.7424794898464737
baseline,baseline-v1,blast-lite-lfp-gr-250ah-prismatic-2019-v1,blast-lite-b093495-250ah-prismatic-v1,PHYSICS_REFERENCE,NEAR_BOUNDARY,20.083333333333332,6025.0,5105.504434105565,0.7417860581851393
baseline,baseline-v1,blast-lite-lfp-gr-250ah-prismatic-2019-v1,blast-lite-b093495-250ah-prismatic-v1,PHYSICS_REFERENCE,NEAR_BOUNDARY,20.166666666666668,6050.0,5124.049085560194,0.7410940695561561
baseline,baseline-v1,blast-lite-lfp-gr-250ah-prismatic-2019-v1,blast-lite-b093495-250ah-prismatic-v1,PHYSICS_REFERENCE,NEAR_BOUNDARY,20.25,6075.0,5142.576437299098,0.7404035174681907
baseline,baseline-v1,blast-lite-lfp-gr-250ah-prismatic-2019-v1,blast-lite-b093495-250ah-prismatic-v1,PHYSICS_REFERENCE,NEAR_BOUNDARY,20.333333333333332,6100.0,5161.086525235803,0.7397143954821452
baseline,baseline-v1,blast-lite-lfp-gr-250ah-prismatic-2019-v1,blast-lite-b093495-250ah-prismatic-v1,PHYSICS_REFERENCE,NEAR_BOUNDARY,20.416666666666668,6125.0,5179.579385122856,0.7390266972105203
baseline,baseline-v1,blast-lite-lfp-gr-250ah-prismatic-2019-v1,blast-lite-b093495-250ah-prismatic-v1,PHYSICS_REFERENCE,NEAR_BOUNDARY,20.5,6150.0,5198.05505255312,0.7383404163167898
baseline,baseline-v1,blast-lite-lfp-gr-250ah-prismatic-2019-v1,blast-lite-b093495-250ah-prismatic-v1,PHYSICS_REFERENCE,NEAR_BOUNDARY,20.583333333333332,6175.0,5216.5135629610395,0.7376555465147849
baseline,baseline-v1,blast-lite-lfp-gr-250ah-prismatic-2019-v1,blast-lite-b093495-250ah-prismatic-v1,PHYSICS_REFERENCE,NEAR_BOUNDARY,20.666666666666668,6200.0,5234.954951623909,0.7369720815680889
baseline,baseline-v1,blast-lite-lfp-gr-250ah-prismatic-2019-v1,blast-lite-b093495-250ah-prismatic-v1,PHYSICS_REFERENCE,NEAR_BOUNDARY,20.75,6225.0,5253.379253663112,0.7362900152894418
baseline,baseline-v1,blast-lite-lfp-gr-250ah-prismatic-2019-v1,blast-lite-b093495-250ah-prismatic-v1,PHYSICS_REFERENCE,NEAR_BOUNDARY,20.833333333333332,6250.0,5271.786504045348,0.7356093415401539
baseline,baseline-v1,blast-lite-lfp-gr-250ah-prismatic-2019-v1,blast-lite-b093495-250ah-prismatic-v1,PHYSICS_REFERENCE,NEAR_BOUNDARY,20.916666666666668,6275.0,5290.176737583852,0.7349300542295296
baseline,baseline-v1,blast-lite-lfp-gr-250ah-prismatic-2019-v1,blast-lite-b093495-250ah-prismatic-v1,PHYSICS_REFERENCE,NEAR_BOUNDARY,21.0,6300.0,5308.54998893959,0.7342521473142997
baseline,baseline-v1,blast-lite-lfp-gr-250ah-prismatic-2019-v1,blast-lite-b093495-250ah-prismatic-v1,PHYSICS_REFERENCE,NEAR_BOUNDARY,21.083333333333332,6325.0,5326.906292622447,0.733575614798063
baseline,baseline-v1,blast-lite-lfp-gr-250ah-prismatic-2019-v1,blast-lite-b093495-250ah-prismatic-v1,PHYSICS_REFERENCE,NEAR_BOUNDARY,21.166666666666668,6350.0,5345.2456829923985,0.7329004507307377
baseline,baseline-v1,blast-lite-lfp-gr-250ah-prismatic-2019-v1,blast-lite-b093495-250ah-prismatic-v1,PHYSICS_REFERENCE,NEAR_BOUNDARY,21.25,6375.0,5363.568194260667,0.7322266492080196
baseline,baseline-v1,blast-lite-lfp-gr-250ah-prismatic-2019-v1,blast-lite-b093495-250ah-prismatic-v1,PHYSICS_REFERENCE,NEAR_BOUNDARY,21.333333333333332,6400.0,5381.873860490868,0.7315542043708503
baseline,baseline-v1,blast-lite-lfp-gr-250ah-prismatic-2019-v1,blast-lite-b093495-250ah-prismatic-v1,PHYSICS_REFERENCE,NEAR_BOUNDARY,21.416666666666668,6425.0,5400.162715600139,0.7308831104048936
baseline,baseline-v1,blast-lite-lfp-gr-250ah-prismatic-2019-v1,blast-lite-b093495-250ah-prismatic-v1,PHYSICS_REFERENCE,NEAR_BOUNDARY,21.5,6450.0,5418.434793360261,0.7302133615400191
baseline,baseline-v1,blast-lite-lfp-gr-250ah-prismatic-2019-v1,blast-lite-b093495-250ah-prismatic-v1,PHYSICS_REFERENCE,NEAR_BOUNDARY,21.583333333333332,6475.0,5436.690127398761,0.7295449520497956
baseline,baseline-v1,blast-lite-lfp-gr-250ah-prismatic-2019-v1,blast-lite-b093495-250ah-prismatic-v1,PHYSICS_REFERENCE,NEAR_BOUNDARY,21.666666666666668,6500.0,5454.928751200006,0.7288778762509898
baseline,baseline-v1,blast-lite-lfp-gr-250ah-prismatic-2019-v1,blast-lite-b093495-250ah-prismatic-v1,PHYSICS_REFERENCE,NEAR_BOUNDARY,21.75,6525.0,5473.150698106281,0.7282121285030756
baseline,baseline-v1,blast-lite-lfp-gr-250ah-prismatic-2019-v1,blast-lite-b093495-250ah-prismatic-v1,PHYSICS_REFERENCE,NEAR_BOUNDARY,21.833333333333332,6550.0,5491.356001318858,0.7275477032077485
baseline,baseline-v1,blast-lite-lfp-gr-250ah-prismatic-2019-v1,blast-lite-b093495-250ah-prismatic-v1,PHYSICS_REFERENCE,NEAR_BOUNDARY,21.916666666666668,6575.0,5509.544693899052,0.7268845948084495
baseline,baseline-v1,blast-lite-lfp-gr-250ah-prismatic-2019-v1,blast-lite-b093495-250ah-prismatic-v1,PHYSICS_REFERENCE,NEAR_BOUNDARY,22.0,6600.0,5527.716808769263,0.7262227977898943
baseline,baseline-v1,blast-lite-lfp-gr-250ah-prismatic-2019-v1,blast-lite-b093495-250ah-prismatic-v1,PHYSICS_REFERENCE,NEAR_BOUNDARY,22.083333333333332,6625.0,5545.87237871401,0.7255623066776109
baseline,baseline-v1,blast-lite-lfp-gr-250ah-prismatic-2019-v1,blast-lite-b093495-250ah-prismatic-v1,PHYSICS_REFERENCE,NEAR_BOUNDARY,22.166666666666668,6650.0,5564.01143638095,0.7249031160374846
baseline,baseline-v1,blast-lite-lfp-gr-250ah-prismatic-2019-v1,blast-lite-b093495-250ah-prismatic-v1,PHYSICS_REFERENCE,NEAR_BOUNDARY,22.25,6675.0,5582.134014281887,0.7242452204753077
baseline,baseline-v1,blast-lite-lfp-gr-250ah-prismatic-2019-v1,blast-lite-b093495-250ah-prismatic-v1,PHYSICS_REFERENCE,NEAR_BOUNDARY,22.333333333333332,6700.0,5600.24014479377,0.7235886146363387
baseline,baseline-v1,blast-lite-lfp-gr-250ah-prismatic-2019-v1,blast-lite-b093495-250ah-prismatic-v1,PHYSICS_REFERENCE,NEAR_BOUNDARY,22.416666666666668,6725.0,5618.329860159679,0.7229332932048664
baseline,baseline-v1,blast-lite-lfp-gr-250ah-prismatic-2019-v1,blast-lite-b093495-250ah-prismatic-v1,PHYSICS_REFERENCE,NEAR_BOUNDARY,22.5,6750.0,5636.403192489801,0.7222792509037803
baseline,baseline-v1,blast-lite-lfp-gr-250ah-prismatic-2019-v1,blast-lite-b093495-250ah-prismatic-v1,PHYSICS_REFERENCE,NEAR_BOUNDARY,22.583333333333332,6775.0,5654.460173762395,0.7216264824941492
baseline,baseline-v1,blast-lite-lfp-gr-250ah-prismatic-2019-v1,blast-lite-b093495-250ah-prismatic-v1,PHYSICS_REFERENCE,NEAR_BOUNDARY,22.666666666666668,6800.0,5672.500835824749,0.7209749827748035
baseline,baseline-v1,blast-lite-lfp-gr-250ah-prismatic-2019-v1,blast-lite-b093495-250ah-prismatic-v1,PHYSICS_REFERENCE,NEAR_BOUNDARY,22.75,6825.0,5690.525210394118,0.7203247465819254
baseline,baseline-v1,blast-lite-lfp-gr-250ah-prismatic-2019-v1,blast-lite-b093495-250ah-prismatic-v1,PHYSICS_REFERENCE,NEAR_BOUNDARY,22.833333333333332,6850.0,5708.533329058667,0.719675768788645
baseline,baseline-v1,blast-lite-lfp-gr-250ah-prismatic-2019-v1,blast-lite-b093495-250ah-prismatic-v1,PHYSICS_REFERENCE,NEAR_BOUNDARY,22.916666666666668,6875.0,5726.525223278383,0.7190280443046417
baseline,baseline-v1,blast-lite-lfp-gr-250ah-prismatic-2019-v1,blast-lite-b093495-250ah-prismatic-v1,PHYSICS_REFERENCE,NEAR_BOUNDARY,23.0,6900.0,5744.5009243859995,0.7183815680757513
baseline,baseline-v1,blast-lite-lfp-gr-250ah-prismatic-2019-v1,blast-lite-b093495-250ah-prismatic-v1,PHYSICS_REFERENCE,NEAR_BOUNDARY,23.083333333333332,6925.0,5762.460463587893,0.7177363350835797
baseline,baseline-v1,blast-lite-lfp-gr-250ah-prismatic-2019-v1,blast-lite-b093495-250ah-prismatic-v1,PHYSICS_REFERENCE,NEAR_BOUNDARY,23.166666666666668,6950.0,5780.4038719649825,0.7170923403451213
baseline,baseline-v1,blast-lite-lfp-gr-250ah-prismatic-2019-v1,blast-lite-b093495-250ah-prismatic-v1,PHYSICS_REFERENCE,NEAR_BOUNDARY,23.25,6975.0,5798.33118047361,0.7164495789123833
baseline,baseline-v1,blast-lite-lfp-gr-250ah-prismatic-2019-v1,blast-lite-b093495-250ah-prismatic-v1,PHYSICS_REFERENCE,NEAR_BOUNDARY,23.333333333333332,7000.0,5816.24241994642,0.7158080458720146
baseline,baseline-v1,blast-lite-lfp-gr-250ah-prismatic-2019-v1,blast-lite-b093495-250ah-prismatic-v1,PHYSICS_REFERENCE,NEAR_BOUNDARY,23.416666666666668,7025.0,5834.13762109322,0.7151677363449425
baseline,baseline-v1,blast-lite-lfp-gr-250ah-prismatic-2019-v1,blast-lite-b093495-250ah-prismatic-v1,PHYSICS_REFERENCE,NEAR_BOUNDARY,23.5,7050.0,5852.016814501844,0.7145286454860107
baseline,baseline-v1,blast-lite-lfp-gr-250ah-prismatic-2019-v1,blast-lite-b093495-250ah-prismatic-v1,PHYSICS_REFERENCE,NEAR_BOUNDARY,23.583333333333332,7075.0,5869.880030638995,0.7138907684836258
baseline,baseline-v1,blast-lite-lfp-gr-250ah-prismatic-2019-v1,blast-lite-b093495-250ah-prismatic-v1,PHYSICS_REFERENCE,NEAR_BOUNDARY,23.666666666666668,7100.0,5887.727299851085,0.7132541005594066
baseline,baseline-v1,blast-lite-lfp-gr-250ah-prismatic-2019-v1,blast-lite-b093495-250ah-prismatic-v1,PHYSICS_REFERENCE,NEAR_BOUNDARY,23.75,7125.0,5905.55865236507,0.7126186369678404
baseline,baseline-v1,blast-lite-lfp-gr-250ah-prismatic-2019-v1,blast-lite-b093495-250ah-prismatic-v1,PHYSICS_REFERENCE,NEAR_BOUNDARY,23.833333333333332,7150.0,5923.374118289266,0.7119843729959416
baseline,baseline-v1,blast-lite-lfp-gr-250ah-prismatic-2019-v1,blast-lite-b093495-250ah-prismatic-v1,PHYSICS_REFERENCE,NEAR_BOUNDARY,23.916666666666668,7175.0,5941.173727614165,0.7113513039629173
baseline,baseline-v1,blast-lite-lfp-gr-250ah-prismatic-2019-v1,blast-lite-b093495-250ah-prismatic-v1,PHYSICS_REFERENCE,NEAR_BOUNDARY,24.0,7200.0,5958.957510213238,0.7107194252198363
baseline,baseline-v1,blast-lite-lfp-gr-250ah-prismatic-2019-v1,blast-lite-b093495-250ah-prismatic-v1,PHYSICS_REFERENCE,NEAR_BOUNDARY,24.083333333333332,7225.0,5976.725495843733,0.7100887321493028
baseline,baseline-v1,blast-lite-lfp-gr-250ah-prismatic-2019-v1,blast-lite-b093495-250ah-prismatic-v1,PHYSICS_REFERENCE,NEAR_BOUNDARY,24.166666666666668,7250.0,5994.477714147466,0.7094592201651359
baseline,baseline-v1,blast-lite-lfp-gr-250ah-prismatic-2019-v1,blast-lite-b093495-250ah-prismatic-v1,PHYSICS_REFERENCE,NEAR_BOUNDARY,24.25,7275.0,6012.214194651595,0.7088308847120508
baseline,baseline-v1,blast-lite-lfp-gr-250ah-prismatic-2019-v1,blast-lite-b093495-250ah-prismatic-v1,PHYSICS_REFERENCE,NEAR_BOUNDARY,24.333333333333332,7300.0,6029.934966769396,0.7082037212653475
baseline,baseline-v1,blast-lite-lfp-gr-250ah-prismatic-2019-v1,blast-lite-b093495-250ah-prismatic-v1,PHYSICS_REFERENCE,NEAR_BOUNDARY,24.416666666666668,7325.0,6047.64005980103,0.7075777253306017
baseline,baseline-v1,blast-lite-lfp-gr-250ah-prismatic-2019-v1,blast-lite-b093495-250ah-prismatic-v1,PHYSICS_REFERENCE,NEAR_BOUNDARY,24.5,7350.0,6065.329502934294,0.7069528924433606
baseline,baseline-v1,blast-lite-lfp-gr-250ah-prismatic-2019-v1,blast-lite-b093495-250ah-prismatic-v1,PHYSICS_REFERENCE,NEAR_BOUNDARY,24.583333333333332,7375.0,6083.003325245379,0.7063292181688421
baseline,baseline-v1,blast-lite-lfp-gr-250ah-prismatic-2019-v1,blast-lite-b093495-250ah-prismatic-v1,PHYSICS_REFERENCE,NEAR_BOUNDARY,24.666666666666668,7400.0,6100.661555699599,0.7057066981016401
baseline,baseline-v1,blast-lite-lfp-gr-250ah-prismatic-2019-v1,blast-lite-b093495-250ah-prismatic-v1,PHYSICS_REFERENCE,NEAR_BOUNDARY,24.75,7425.0,6118.30422315214,0.7050853278654309
baseline,baseline-v1,blast-lite-lfp-gr-250ah-prismatic-2019-v1,blast-lite-b093495-250ah-prismatic-v1,PHYSICS_REFERENCE,NEAR_BOUNDARY,24.833333333333332,7450.0,6135.931356348776,0.7044651031126856
baseline,baseline-v1,blast-lite-lfp-gr-250ah-prismatic-2019-v1,blast-lite-b093495-250ah-prismatic-v1,PHYSICS_REFERENCE,NEAR_BOUNDARY,24.916666666666668,7475.0,6153.542983926593,0.7038460195243861
baseline,baseline-v1,blast-lite-lfp-gr-250ah-prismatic-2019-v1,blast-lite-b093495-250ah-prismatic-v1,PHYSICS_REFERENCE,NEAR_BOUNDARY,25.0,7500.0,6171.139134414702,0.703228072809744
dod_90,dod-90-v1,blast-lite-lfp-gr-250ah-prismatic-2019-v1,blast-lite-b093495-250ah-prismatic-v1,PHYSICS_REFERENCE,NEAR_BOUNDARY,0.0,0.0,0.0,1.0
dod_90,dod-90-v1,blast-lite-lfp-gr-250ah-prismatic-2019-v1,blast-lite-b093495-250ah-prismatic-v1,PHYSICS_REFERENCE,NEAR_BOUNDARY,0.08333333333333333,25.0,25.0,0.9955907004290596
dod_90,dod-90-v1,blast-lite-lfp-gr-250ah-prismatic-2019-v1,blast-lite-b093495-250ah-prismatic-v1,PHYSICS_REFERENCE,NEAR_BOUNDARY,0.16666666666666666,50.0,49.889767510726486,0.9924683933709466
dod_90,dod-90-v1,blast-lite-lfp-gr-250ah-prismatic-2019-v1,blast-lite-b093495-250ah-prismatic-v1,PHYSICS_REFERENCE,NEAR_BOUNDARY,0.25,75.0,74.70147734500014,0.98979513526623
dod_90,dod-90-v1,blast-lite-lfp-gr-250ah-prismatic-2019-v1,blast-lite-b093495-250ah-prismatic-v1,PHYSICS_REFERENCE,NEAR_BOUNDARY,0.3333333333333333,100.0,99.4463557266559,0.9873478866997103
dod_90,dod-90-v1,blast-lite-lfp-gr-250ah-prismatic-2019-v1,blast-lite-b093495-250ah-prismatic-v1,PHYSICS_REFERENCE,NEAR_BOUNDARY,0.4166666666666667,125.0,124.13005289414865,0.9850493148865195
dod_90,dod-90-v1,blast-lite-lfp-gr-250ah-prismatic-2019-v1,blast-lite-b093495-250ah-prismatic-v1,PHYSICS_REFERENCE,NEAR_BOUNDARY,0.5,150.0,148.75628576631163,0.9828603396037242
dod_90,dod-90-v1,blast-lite-lfp-gr-250ah-prismatic-2019-v1,blast-lite-b093495-250ah-prismatic-v1,PHYSICS_REFERENCE,NEAR_BOUNDARY,0.5833333333333334,175.0,173.32779425640473,0.9807575624111882
dod_90,dod-90-v1,blast-lite-lfp-gr-250ah-prismatic-2019-v1,blast-lite-b093495-250ah-prismatic-v1,PHYSICS_REFERENCE,NEAR_BOUNDARY,0.6666666666666666,200.0,197.84673331668444,0.9787254991964053
dod_90,dod-90-v1,blast-lite-lfp-gr-250ah-prismatic-2019-v1,blast-lite-b093495-250ah-prismatic-v1,PHYSICS_REFERENCE,NEAR_BOUNDARY,0.75,225.0,222.31487079659456,0.9767531953104134
dod_90,dod-90-v1,blast-lite-lfp-gr-250ah-prismatic-2019-v1,blast-lite-b093495-250ah-prismatic-v1,PHYSICS_REFERENCE,NEAR_BOUNDARY,0.8333333333333334,250.0,246.7337006793549,0.9748325196313564
dod_90,dod-90-v1,blast-lite-lfp-gr-250ah-prismatic-2019-v1,blast-lite-b093495-250ah-prismatic-v1,PHYSICS_REFERENCE,NEAR_BOUNDARY,0.9166666666666666,275.0,271.10451367013883,0.9729572141651374
dod_90,dod-90-v1,blast-lite-lfp-gr-250ah-prismatic-2019-v1,blast-lite-b093495-250ah-prismatic-v1,PHYSICS_REFERENCE,NEAR_BOUNDARY,1.0,300.0,295.42844402426726,0.9711223240116132
dod_90,dod-90-v1,blast-lite-lfp-gr-250ah-prismatic-2019-v1,blast-lite-b093495-250ah-prismatic-v1,PHYSICS_REFERENCE,NEAR_BOUNDARY,1.0833333333333333,325.0,319.7065021245576,0.9693238354698398
dod_90,dod-90-v1,blast-lite-lfp-gr-250ah-prismatic-2019-v1,blast-lite-b093495-250ah-prismatic-v1,PHYSICS_REFERENCE,NEAR_BOUNDARY,1.1666666666666667,350.0,343.9395980113036,0.9675584356512602
dod_90,dod-90-v1,blast-lite-lfp-gr-250ah-prismatic-2019-v1,blast-lite-b093495-250ah-prismatic-v1,PHYSICS_REFERENCE,NEAR_BOUNDARY,1.25,375.0,368.1285589025851,0.9658233467996362
dod_90,dod-90-v1,blast-lite-lfp-gr-250ah-prismatic-2019-v1,blast-lite-b093495-250ah-prismatic-v1,PHYSICS_REFERENCE,NEAR_BOUNDARY,1.3333333333333333,400.0,392.274142572576,0.9641162085377147
dod_90,dod-90-v1,blast-lite-lfp-gr-250ah-prismatic-2019-v1,blast-lite-b093495-250ah-prismatic-v1,PHYSICS_REFERENCE,NEAR_BOUNDARY,1.4166666666666667,425.0,416.37704778601886,0.9624349919731462
dod_90,dod-90-v1,blast-lite-lfp-gr-250ah-prismatic-2019-v1,blast-lite-b093495-250ah-prismatic-v1,PHYSICS_REFERENCE,NEAR_BOUNDARY,1.5,450.0,440.4379225853475,0.9607779356320847
dod_90,dod-90-v1,blast-lite-lfp-gr-250ah-prismatic-2019-v1,blast-lite-b093495-250ah-prismatic-v1,PHYSICS_REFERENCE,NEAR_BOUNDARY,1.5833333333333333,475.0,464.4573709761496,0.9591434967412266
dod_90,dod-90-v1,blast-lite-lfp-gr-250ah-prismatic-2019-v1,blast-lite-b093495-250ah-prismatic-v1,PHYSICS_REFERENCE,NEAR_BOUNDARY,1.6666666666666667,500.0,488.43595839468026,0.9575303135490594
dod_90,dod-90-v1,blast-lite-lfp-gr-250ah-prismatic-2019-v1,blast-lite-b093495-250ah-prismatic-v1,PHYSICS_REFERENCE,NEAR_BOUNDARY,1.75,525.0,512.3742162334067,0.955937175746159
dod_90,dod-90-v1,blast-lite-lfp-gr-250ah-prismatic-2019-v1,blast-lite-b093495-250ah-prismatic-v1,PHYSICS_REFERENCE,NEAR_BOUNDARY,1.8333333333333333,550.0,536.2726456270607,0.9543630009328179
dod_90,dod-90-v1,blast-lite-lfp-gr-250ah-prismatic-2019-v1,blast-lite-b093495-250ah-prismatic-v1,PHYSICS_REFERENCE,NEAR_BOUNDARY,1.9166666666666667,575.0,560.1317206503811,0.9528068156734024
dod_90,dod-90-v1,blast-lite-lfp-gr-250ah-prismatic-2019-v1,blast-lite-b093495-250ah-prismatic-v1,PHYSICS_REFERENCE,NEAR_BOUNDARY,2.0,600.0,583.9518910422162,0.9512677400789055
dod_90,dod-90-v1,blast-lite-lfp-gr-250ah-prismatic-2019-v1,blast-lite-b093495-250ah-prismatic-v1,PHYSICS_REFERENCE,NEAR_BOUNDARY,2.0833333333333335,625.0,607.7335845441888,0.9497449751381508
dod_90,dod-90-v1,blast-lite-lfp-gr-250ah-prismatic-2019-v1,blast-lite-b093495-250ah-prismatic-v1,PHYSICS_REFERENCE,NEAR_BOUNDARY,2.1666666666666665,650.0,631.4772089226426,0.9482377922151595
dod_90,dod-90-v1,blast-lite-lfp-gr-250ah-prismatic-2019-v1,blast-lite-b093495-250ah-prismatic-v1,PHYSICS_REFERENCE,NEAR_BOUNDARY,2.25,675.0,655.1831537280216,0.9467455242716578
dod_90,dod-90-v1,blast-lite-lfp-gr-250ah-prismatic-2019-v1,blast-lite-b093495-250ah-prismatic-v1,PHYSICS_REFERENCE,NEAR_BOUNDARY,2.3333333333333335,700.0,678.8517918348131,0.9452675584767704
dod_90,dod-90-v1,blast-lite-lfp-gr-250ah-prismatic-2019-v1,blast-lite-b093495-250ah-prismatic-v1,PHYSICS_REFERENCE,NEAR_BOUNDARY,2.4166666666666665,725.0,702.4834807967324,0.9438033299420414
dod_90,dod-90-v1,blast-lite-lfp-gr-250ah-prismatic-2019-v1,blast-lite-b093495-250ah-prismatic-v1,PHYSICS_REFERENCE,NEAR_BOUNDARY,2.5,750.0,726.0785640452834,0.9423523163768305
dod_90,dod-90-v1,blast-lite-lfp-gr-250ah-prismatic-2019-v1,blast-lite-b093495-250ah-prismatic-v1,PHYSICS_REFERENCE,NEAR_BOUNDARY,2.5833333333333335,775.0,749.6373719547042,0.9409140335021423
dod_90,dod-90-v1,blast-lite-lfp-gr-250ah-prismatic-2019-v1,blast-lite-b093495-250ah-prismatic-v1,PHYSICS_REFERENCE,NEAR_BOUNDARY,2.6666666666666665,800.0,773.1602227922577,0.9394880310938342
dod_90,dod-90-v1,blast-lite-lfp-gr-250ah-prismatic-2019-v1,blast-lite-b093495-250ah-prismatic-v1,PHYSICS_REFERENCE,NEAR_BOUNDARY,2.75,825.0,796.6474235696036,0.9380738895515073
dod_90,dod-90-v1,blast-lite-lfp-gr-250ah-prismatic-2019-v1,blast-lite-b093495-250ah-prismatic-v1,PHYSICS_REFERENCE,NEAR_BOUNDARY,2.8333333333333335,850.0,820.0992708083912,0.9366712169091463
dod_90,dod-90-v1,blast-lite-lfp-gr-250ah-prismatic-2019-v1,blast-lite-b093495-250ah-prismatic-v1,PHYSICS_REFERENCE,NEAR_BOUNDARY,2.9166666666666665,875.0,843.5160512311198,0.9352796462190845
dod_90,dod-90-v1,blast-lite-lfp-gr-250ah-prismatic-2019-v1,blast-lite-b093495-250ah-prismatic-v1,PHYSICS_REFERENCE,NEAR_BOUNDARY,3.0,900.0,866.8980423865969,0.9338988332531468
dod_90,dod-90-v1,blast-lite-lfp-gr-250ah-prismatic-2019-v1,blast-lite-b093495-250ah-prismatic-v1,PHYSICS_REFERENCE,NEAR_BOUNDARY,3.0833333333333335,925.0,890.2455132179256,0.93252845447462
dod_90,dod-90-v1,blast-lite-lfp-gr-250ah-prismatic-2019-v1,blast-lite-b093495-250ah-prismatic-v1,PHYSICS_REFERENCE,NEAR_BOUNDARY,3.1666666666666665,950.0,913.558724579791,0.9311682052425565
dod_90,dod-90-v1,blast-lite-lfp-gr-250ah-prismatic-2019-v1,blast-lite-b093495-250ah-prismatic-v1,PHYSICS_REFERENCE,NEAR_BOUNDARY,3.25,975.0,936.837929710855,0.9298177982162757
dod_90,dod-90-v1,blast-lite-lfp-gr-250ah-prismatic-2019-v1,blast-lite-b093495-250ah-prismatic-v1,PHYSICS_REFERENCE,NEAR_BOUNDARY,3.3333333333333335,1000.0,960.0833746662619,0.9284769619330897
dod_90,dod-90-v1,blast-lite-lfp-gr-250ah-prismatic-2019-v1,blast-lite-b093495-250ah-prismatic-v1,PHYSICS_REFERENCE,NEAR_BOUNDARY,3.4166666666666665,1025.0,983.2952987145891,0.9271454395365122
dod_90,dod-90-v1,blast-lite-lfp-gr-250ah-prismatic-2019-v1,blast-lite-b093495-250ah-prismatic-v1,PHYSICS_REFERENCE,NEAR_BOUNDARY,3.5,1050.0,1006.4739347030019,0.92582298763568
dod_90,dod-90-v1,blast-lite-lfp-gr-250ah-prismatic-2019-v1,blast-lite-b093495-250ah-prismatic-v1,PHYSICS_REFERENCE,NEAR_BOUNDARY,3.5833333333333335,1075.0,1029.6195093938938,0.9245093752795952
dod_90,dod-90-v1,blast-lite-lfp-gr-250ah-prismatic-2019-v1,blast-lite-b093495-250ah-prismatic-v1,PHYSICS_REFERENCE,NEAR_BOUNDARY,3.6666666666666665,1100.0,1052.7322437758837,0.9232043830321759
dod_90,dod-90-v1,blast-lite-lfp-gr-250ah-prismatic-2019-v1,blast-lite-b093495-250ah-prismatic-v1,PHYSICS_REFERENCE,NEAR_BOUNDARY,3.75,1125.0,1075.8123533516882,0.9219078021361076
dod_90,dod-90-v1,blast-lite-lfp-gr-250ah-prismatic-2019-v1,blast-lite-b093495-250ah-prismatic-v1,PHYSICS_REFERENCE,NEAR_BOUNDARY,3.8333333333333335,1150.0,1098.860048405091,0.9206194337551459
dod_90,dod-90-v1,blast-lite-lfp-gr-250ah-prismatic-2019-v1,blast-lite-b093495-250ah-prismatic-v1,PHYSICS_REFERENCE,NEAR_BOUNDARY,3.9166666666666665,1175.0,1121.8755342489696,0.9193390882859356
dod_90,dod-90-v1,blast-lite-lfp-gr-250ah-prismatic-2019-v1,blast-lite-b093495-250ah-prismatic-v1,PHYSICS_REFERENCE,NEAR_BOUNDARY,4.0,1200.0,1144.859011456118,0.9180665847315982
dod_90,dod-90-v1,blast-lite-lfp-gr-250ah-prismatic-2019-v1,blast-lite-b093495-250ah-prismatic-v1,PHYSICS_REFERENCE,NEAR_BOUNDARY,4.083333333333333,1225.0,1167.8106760744079,0.91680175013035
dod_90,dod-90-v1,blast-lite-lfp-gr-250ah-prismatic-2019-v1,blast-lite-b093495-250ah-prismatic-v1,PHYSICS_REFERENCE,NEAR_BOUNDARY,4.166666666666667,1250.0,1190.7307198276667,0.9155444190332693
dod_90,dod-90-v1,blast-lite-lfp-gr-250ah-prismatic-2019-v1,blast-lite-b093495-250ah-prismatic-v1,PHYSICS_REFERENCE,NEAR_BOUNDARY,4.25,1275.0,1213.6193303034984,0.9142944330260709
dod_90,dod-90-v1,blast-lite-lfp-gr-250ah-prismatic-2019-v1,blast-lite-b093495-250ah-prismatic-v1,PHYSICS_REFERENCE,NEAR_BOUNDARY,4.333333333333333,1300.0,1236.4766911291501,0.9130516402903719
dod_90,dod-90-v1,blast-lite-lfp-gr-250ah-prismatic-2019-v1,blast-lite-b093495-250ah-prismatic-v1,PHYSICS_REFERENCE,NEAR_BOUNDARY,4.416666666666667,1325.0,1259.3029821364094,0.9118158952004772
dod_90,dod-90-v1,blast-lite-lfp-gr-250ah-prismatic-2019-v1,blast-lite-b093495-250ah-prismatic-v1,PHYSICS_REFERENCE,NEAR_BOUNDARY,4.5,1350.0,1282.0983795164213,0.9105870579521822
dod_90,dod-90-v1,blast-lite-lfp-gr-250ah-prismatic-2019-v1,blast-lite-b093495-250ah-prismatic-v1,PHYSICS_REFERENCE,NEAR_BOUNDARY,4.583333333333333,1375.0,1304.8630559652258,0.9093649942204898
dod_90,dod-90-v1,blast-lite-lfp-gr-250ah-prismatic-2019-v1,blast-lite-b093495-250ah-prismatic-v1,PHYSICS_REFERENCE,NEAR_BOUNDARY,4.666666666666667,1400.0,1327.597180820738,0.9081495748434995
dod_90,dod-90-v1,blast-lite-lfp-gr-250ah-prismatic-2019-v1,blast-lite-b093495-250ah-prismatic-v1,PHYSICS_REFERENCE,NEAR_BOUNDARY,4.75,1425.0,1350.3009201918255,0.906940675530023
dod_90,dod-90-v1,blast-lite-lfp-gr-250ah-prismatic-2019-v1,blast-lite-b093495-250ah-prismatic-v1,PHYSICS_REFERENCE,NEAR_BOUNDARY,4.833333333333333,1450.0,1372.974437080076,0.9057381765887541
dod_90,dod-90-v1,blast-lite-lfp-gr-250ah-prismatic-2019-v1,blast-lite-b093495-250ah-prismatic-v1,PHYSICS_REFERENCE,NEAR_BOUNDARY,4.916666666666667,1475.0,1395.617891494795,0.9045419626770529
dod_90,dod-90-v1,blast-lite-lfp-gr-250ah-prismatic-2019-v1,blast-lite-b093495-250ah-prismatic-v1,PHYSICS_REFERENCE,NEAR_BOUNDARY,5.0,1500.0,1418.2314405617212,0.9033519225676083
dod_90,dod-90-v1,blast-lite-lfp-gr-250ah-prismatic-2019-v1,blast-lite-b093495-250ah-prismatic-v1,PHYSICS_REFERENCE,NEAR_BOUNDARY,5.083333333333333,1525.0,1440.8152386259114,0.9021679489314236
dod_90,dod-90-v1,blast-lite-lfp-gr-250ah-prismatic-2019-v1,blast-lite-b093495-250ah-prismatic-v1,PHYSICS_REFERENCE,NEAR_BOUNDARY,5.166666666666667,1550.0,1463.369437349197,0.9009899381357301
dod_90,dod-90-v1,blast-lite-lfp-gr-250ah-prismatic-2019-v1,blast-lite-b093495-250ah-prismatic-v1,PHYSICS_REFERENCE,NEAR_BOUNDARY,5.25,1575.0,1485.89418580259,0.8998177900555727
dod_90,dod-90-v1,blast-lite-lfp-gr-250ah-prismatic-2019-v1,blast-lite-b093495-250ah-prismatic-v1,PHYSICS_REFERENCE,NEAR_BOUNDARY,5.333333333333333,1600.0,1508.3896305539795,0.8986514078979345
dod_90,dod-90-v1,blast-lite-lfp-gr-250ah-prismatic-2019-v1,blast-lite-b093495-250ah-prismatic-v1,PHYSICS_REFERENCE,NEAR_BOUNDARY,5.416666666666667,1625.0,1530.8559157514278,0.8974906980373815
dod_90,dod-90-v1,blast-lite-lfp-gr-250ah-prismatic-2019-v1,blast-lite-b093495-250ah-prismatic-v1,PHYSICS_REFERENCE,NEAR_BOUNDARY,5.5,1650.0,1553.2931832023623,0.8963355698623006
dod_90,dod-90-v1,blast-lite-lfp-gr-250ah-prismatic-2019-v1,blast-lite-b093495-250ah-prismatic-v1,PHYSICS_REFERENCE,NEAR_BOUNDARY,5.583333333333333,1675.0,1575.70157244892,0.8951859356308984
dod_90,dod-90-v1,blast-lite-lfp-gr-250ah-prismatic-2019-v1,blast-lite-b093495-250ah-prismatic-v1,PHYSICS_REFERENCE,NEAR_BOUNDARY,5.666666666666667,1700.0,1598.0812208396924,0.8940417103361983
dod_90,dod-90-v1,blast-lite-lfp-gr-250ah-prismatic-2019-v1,blast-lite-b093495-250ah-prismatic-v1,PHYSICS_REFERENCE,NEAR_BOUNDARY,5.75,1725.0,1620.4322635980973,0.892902811579348
dod_90,dod-90-v1,blast-lite-lfp-gr-250ah-prismatic-2019-v1,blast-lite-b093495-250ah-prismatic-v1,PHYSICS_REFERENCE,NEAR_BOUNDARY,5.833333333333333,1750.0,1642.754833887581,0.8917691594506121
dod_90,dod-90-v1,blast-lite-lfp-gr-250ah-prismatic-2019-v1,blast-lite-b093495-250ah-prismatic-v1,PHYSICS_REFERENCE,NEAR_BOUNDARY,5.916666666666667,1775.0,1665.0490628738464,0.890640676417475
dod_90,dod-90-v1,blast-lite-lfp-gr-250ah-prismatic-2019-v1,blast-lite-b093495-250ah-prismatic-v1,PHYSICS_REFERENCE,NEAR_BOUNDARY,6.0,1800.0,1687.3150797842834,0.8895172872193352
dod_90,dod-90-v1,blast-lite-lfp-gr-250ah-prismatic-2019-v1,blast-lite-b093495-250ah-prismatic-v1,PHYSICS_REFERENCE,NEAR_BOUNDARY,6.083333333333333,1825.0,1709.5530119647667,0.8883989187683144
dod_90,dod-90-v1,blast-lite-lfp-gr-250ah-prismatic-2019-v1,blast-lite-b093495-250ah-prismatic-v1,PHYSICS_REFERENCE,NEAR_BOUNDARY,6.166666666666667,1850.0,1731.7629849339746,0.8872855000557451
dod_90,dod-90-v1,blast-lite-lfp-gr-250ah-prismatic-2019-v1,blast-lite-b093495-250ah-prismatic-v1,PHYSICS_REFERENCE,NEAR_BOUNDARY,6.25,1875.0,1753.9451224353681,0.8861769620639367
dod_90,dod-90-v1,blast-lite-lfp-gr-250ah-prismatic-2019-v1,blast-lite-b093495-250ah-prismatic-v1,PHYSICS_REFERENCE,NEAR_BOUNDARY,6.333333333333333,1900.0,1776.0995464869666,0.8850732376828572
dod_90,dod-90-v1,blast-lite-lfp-gr-250ah-prismatic-2019-v1,blast-lite-b093495-250ah-prismatic-v1,PHYSICS_REFERENCE,NEAR_BOUNDARY,6.416666666666667,1925.0,1798.226377429038,0.8839742616313906
dod_90,dod-90-v1,blast-lite-lfp-gr-250ah-prismatic-2019-v1,blast-lite-b093495-250ah-prismatic-v1,PHYSICS_REFERENCE,NEAR_BOUNDARY,6.5,1950.0,1820.3257339698227,0.8828799703828634
dod_90,dod-90-v1,blast-lite-lfp-gr-250ah-prismatic-2019-v1,blast-lite-b093495-250ah-prismatic-v1,PHYSICS_REFERENCE,NEAR_BOUNDARY,6.583333333333333,1975.0,1842.3977332293944,0.8817903020945557
dod_90,dod-90-v1,blast-lite-lfp-gr-250ah-prismatic-2019-v1,blast-lite-b093495-250ah-prismatic-v1,PHYSICS_REFERENCE,NEAR_BOUNDARY,6.666666666666667,2000.0,1864.4424907817584,0.8807051965409329
dod_90,dod-90-v1,blast-lite-lfp-gr-250ah-prismatic-2019-v1,blast-lite-b093495-250ah-prismatic-v1,PHYSICS_REFERENCE,NEAR_BOUNDARY,6.75,2025.0,1886.4601206952816,0.8796245950503602
dod_90,dod-90-v1,blast-lite-lfp-gr-250ah-prismatic-2019-v1,blast-lite-b093495-250ah-prismatic-v1,PHYSICS_REFERENCE,NEAR_BOUNDARY,6.833333333333333,2050.0,1908.4507355715407,0.8785484404450712
dod_90,dod-90-v1,blast-lite-lfp-gr-250ah-prismatic-2019-v1,blast-lite-b093495-250ah-prismatic-v1,PHYSICS_REFERENCE,NEAR_BOUNDARY,6.916666666666667,2075.0,1930.4144465826676,0.8774766769841909
dod_90,dod-90-v1,blast-lite-lfp-gr-250ah-prismatic-2019-v1,blast-lite-b093495-250ah-prismatic-v1,PHYSICS_REFERENCE,NEAR_BOUNDARY,7.0,2100.0,1952.3513635072723,0.8764092503096167
dod_90,dod-90-v1,blast-lite-lfp-gr-250ah-prismatic-2019-v1,blast-lite-b093495-250ah-prismatic-v1,PHYSICS_REFERENCE,NEAR_BOUNDARY,7.083333333333333,2125.0,1974.2615947650127,0.875346107394583
dod_90,dod-90-v1,blast-lite-lfp-gr-250ah-prismatic-2019-v1,blast-lite-b093495-250ah-prismatic-v1,PHYSICS_REFERENCE,NEAR_BOUNDARY,7.166666666666667,2150.0,1996.1452474498772,0.8742871964947473
dod_90,dod-90-v1,blast-lite-lfp-gr-250ah-prismatic-2019-v1,blast-lite-b093495-250ah-prismatic-v1,PHYSICS_REFERENCE,NEAR_BOUNDARY,7.25,2175.0,2018.002427362246,0.8732324671016413
dod_90,dod-90-v1,blast-lite-lfp-gr-250ah-prismatic-2019-v1,blast-lite-b093495-250ah-prismatic-v1,PHYSICS_REFERENCE,NEAR_BOUNDARY,7.333333333333333,2200.0,2039.833239039787,0.872181869898351
dod_90,dod-90-v1,blast-lite-lfp-gr-250ah-prismatic-2019-v1,blast-lite-b093495-250ah-prismatic-v1,PHYSICS_REFERENCE,NEAR_BOUNDARY,7.416666666666667,2225.0,2061.637785787246,0.8711353567172908
dod_90,dod-90-v1,blast-lite-lfp-gr-250ah-prismatic-2019-v1,blast-lite-b093495-250ah-prismatic-v1,PHYSICS_REFERENCE,NEAR_BOUNDARY,7.5,2250.0,2083.416169705178,0.8700928804999507
dod_90,dod-90-v1,blast-lite-lfp-gr-250ah-prismatic-2019-v1,blast-lite-b093495-250ah-prismatic-v1,PHYSICS_REFERENCE,NEAR_BOUNDARY,7.583333333333333,2275.0,2105.1684917176767,0.8690543952585045
dod_90,dod-90-v1,blast-lite-lfp-gr-250ah-prismatic-2019-v1,blast-lite-b093495-250ah-prismatic-v1,PHYSICS_REFERENCE,NEAR_BOUNDARY,7.666666666666667,2300.0,2126.894851599139,0.8680198560391696
dod_90,dod-90-v1,blast-lite-lfp-gr-250ah-prismatic-2019-v1,blast-lite-b093495-250ah-prismatic-v1,PHYSICS_REFERENCE,NEAR_BOUNDARY,7.75,2325.0,2148.5953480001185,0.866989218887224
dod_90,dod-90-v1,blast-lite-lfp-gr-250ah-prismatic-2019-v1,blast-lite-b093495-250ah-prismatic-v1,PHYSICS_REFERENCE,NEAR_BOUNDARY,7.833333333333333,2350.0,2170.2700784722992,0.8659624408135845
dod_90,dod-90-v1,blast-lite-lfp-gr-250ah-prismatic-2019-v1,blast-lite-b093495-250ah-prismatic-v1,PHYSICS_REFERENCE,NEAR_BOUNDARY,7.916666666666667,2375.0,2191.919139492639,0.8649394797628618
dod_90,dod-90-v1,blast-lite-lfp-gr-250ah-prismatic-2019-v1,blast-lite-b093495-250ah-prismatic-v1,PHYSICS_REFERENCE,NEAR_BOUNDARY,8.0,2400.0,2213.5426264867106,0.8639202945828122
dod_90,dod-90-v1,blast-lite-lfp-gr-250ah-prismatic-2019-v1,blast-lite-b093495-250ah-prismatic-v1,PHYSICS_REFERENCE,NEAR_BOUNDARY,8.083333333333334,2425.0,2235.1406338512807,0.8629048449951098
dod_90,dod-90-v1,blast-lite-lfp-gr-250ah-prismatic-2019-v1,blast-lite-b093495-250ah-prismatic-v1,PHYSICS_REFERENCE,NEAR_BOUNDARY,8.166666666666666,2450.0,2256.7132549761586,0.8618930915673695
dod_90,dod-90-v1,blast-lite-lfp-gr-250ah-prismatic-2019-v1,blast-lite-b093495-250ah-prismatic-v1,PHYSICS_REFERENCE,NEAR_BOUNDARY,8.25,2475.0,2278.2605822653427,0.8608849956863531
dod_90,dod-90-v1,blast-lite-lfp-gr-250ah-prismatic-2019-v1,blast-lite-b093495-250ah-prismatic-v1,PHYSICS_REFERENCE,NEAR_BOUNDARY,8.333333333333334,2500.0,2299.7827071575016,0.8598805195322996
dod_90,dod-90-v1,blast-lite-lfp-gr-250ah-prismatic-2019-v1,blast-lite-b093495-250ah-prismatic-v1,PHYSICS_REFERENCE,NEAR_BOUNDARY,8.416666666666666,2525.0,2321.2797201458093,0.8588796260543182
dod_90,dod-90-v1,blast-lite-lfp-gr-250ah-prismatic-2019-v1,blast-lite-b093495-250ah-prismatic-v1,PHYSICS_REFERENCE,NEAR_BOUNDARY,8.5,2550.0,2342.751710797167,0.8578822789467924
dod_90,dod-90-v1,blast-lite-lfp-gr-250ah-prismatic-2019-v1,blast-lite-b093495-250ah-prismatic-v1,PHYSICS_REFERENCE,NEAR_BOUNDARY,8.583333333333334,2575.0,2364.198767770837,0.856888442626742
dod_90,dod-90-v1,blast-lite-lfp-gr-250ah-prismatic-2019-v1,blast-lite-b093495-250ah-prismatic-v1,PHYSICS_REFERENCE,NEAR_BOUNDARY,8.666666666666666,2600.0,2385.620978836506,0.8558980822120952
dod_90,dod-90-v1,blast-lite-lfp-gr-250ah-prismatic-2019-v1,blast-lite-b093495-250ah-prismatic-v1,PHYSICS_REFERENCE,NEAR_BOUNDARY,8.75,2625.0,2407.0184308918083,0.854911163500828
dod_90,dod-90-v1,blast-lite-lfp-gr-250ah-prismatic-2019-v1,blast-lite-b093495-250ah-prismatic-v1,PHYSICS_REFERENCE,NEAR_BOUNDARY,8.833333333333334,2650.0,2428.391209979329,0.8539276529509227
dod_90,dod-90-v1,blast-lite-lfp-gr-250ah-prismatic-2019-v1,blast-lite-b093495-250ah-prismatic-v1,PHYSICS_REFERENCE,NEAR_BOUNDARY,8.916666666666666,2675.0,2449.7394013031017,0.8529475176611133
dod_90,dod-90-v1,blast-lite-lfp-gr-250ah-prismatic-2019-v1,blast-lite-b093495-250ah-prismatic-v1,PHYSICS_REFERENCE,NEAR_BOUNDARY,9.0,2700.0,2471.0630892446293,0.8519707253523714
dod_90,dod-90-v1,blast-lite-lfp-gr-250ah-prismatic-2019-v1,blast-lite-b093495-250ah-prismatic-v1,PHYSICS_REFERENCE,NEAR_BOUNDARY,9.083333333333334,2725.0,2492.3623573784384,0.8509972443501047
dod_90,dod-90-v1,blast-lite-lfp-gr-250ah-prismatic-2019-v1,blast-lite-b093495-250ah-prismatic-v1,PHYSICS_REFERENCE,NEAR_BOUNDARY,9.166666666666666,2750.0,2513.637288487191,0.8500270435670285
dod_90,dod-90-v1,blast-lite-lfp-gr-250ah-prismatic-2019-v1,blast-lite-b093495-250ah-prismatic-v1,PHYSICS_REFERENCE,NEAR_BOUNDARY,9.25,2775.0,2534.887964576367,0.8490600924866828
dod_90,dod-90-v1,blast-lite-lfp-gr-250ah-prismatic-2019-v1,blast-lite-b093495-250ah-prismatic-v1,PHYSICS_REFERENCE,NEAR_BOUNDARY,9.333333333333334,2800.0,2556.114466888534,0.8480963611475621
dod_90,dod-90-v1,blast-lite-lfp-gr-250ah-prismatic-2019-v1,blast-lite-b093495-250ah-prismatic-v1,PHYSICS_REFERENCE,NEAR_BOUNDARY,9.416666666666666,2825.0,2577.316875917223,0.8471358201278314
dod_90,dod-90-v1,blast-lite-lfp-gr-250ah-prismatic-2019-v1,blast-lite-b093495-250ah-prismatic-v1,PHYSICS_REFERENCE,NEAR_BOUNDARY,9.5,2850.0,2598.4952714204187,0.8461784405306005
dod_90,dod-90-v1,blast-lite-lfp-gr-250ah-prismatic-2019-v1,blast-lite-b093495-250ah-prismatic-v1,PHYSICS_REFERENCE,NEAR_BOUNDARY,9.583333333333334,2875.0,2619.6497324336838,0.8452241939697325
dod_90,dod-90-v1,blast-lite-lfp-gr-250ah-prismatic-2019-v1,blast-lite-b093495-250ah-prismatic-v1,PHYSICS_REFERENCE,NEAR_BOUNDARY,9.666666666666666,2900.0,2640.780337282927,0.8442730525561617
dod_90,dod-90-v1,blast-lite-lfp-gr-250ah-prismatic-2019-v1,blast-lite-b093495-250ah-prismatic-v1,PHYSICS_REFERENCE,NEAR_BOUNDARY,9.75,2925.0,2661.887163596831,0.8433249888846975
dod_90,dod-90-v1,blast-lite-lfp-gr-250ah-prismatic-2019-v1,blast-lite-b093495-250ah-prismatic-v1,PHYSICS_REFERENCE,NEAR_BOUNDARY,9.833333333333334,2950.0,2682.970288318949,0.8423799760212954
dod_90,dod-90-v1,blast-lite-lfp-gr-250ah-prismatic-2019-v1,blast-lite-b093495-250ah-prismatic-v1,PHYSICS_REFERENCE,NEAR_BOUNDARY,9.916666666666666,2975.0,2704.029787719481,0.8414379874907718
dod_90,dod-90-v1,blast-lite-lfp-gr-250ah-prismatic-2019-v1,blast-lite-b093495-250ah-prismatic-v1,PHYSICS_REFERENCE,NEAR_BOUNDARY,10.0,3000.0,2725.0657374067505,0.8404989972649448
dod_90,dod-90-v1,blast-lite-lfp-gr-250ah-prismatic-2019-v1,blast-lite-b093495-250ah-prismatic-v1,PHYSICS_REFERENCE,NEAR_BOUNDARY,10.083333333333334,3025.0,2746.078212338374,0.8395629797511838
dod_90,dod-90-v1,blast-lite-lfp-gr-250ah-prismatic-2019-v1,blast-lite-b093495-250ah-prismatic-v1,PHYSICS_REFERENCE,NEAR_BOUNDARY,10.166666666666666,3050.0,2767.067286832154,0.838629909781347
dod_90,dod-90-v1,blast-lite-lfp-gr-250ah-prismatic-2019-v1,blast-lite-b093495-250ah-prismatic-v1,PHYSICS_REFERENCE,NEAR_BOUNDARY,10.25,3075.0,2788.0330345766874,0.8376997626010954
dod_90,dod-90-v1,blast-lite-lfp-gr-250ah-prismatic-2019-v1,blast-lite-b093495-250ah-prismatic-v1,PHYSICS_REFERENCE,NEAR_BOUNDARY,10.333333333333334,3100.0,2808.975528641715,0.8367725138595614
dod_90,dod-90-v1,blast-lite-lfp-gr-250ah-prismatic-2019-v1,blast-lite-b093495-250ah-prismatic-v1,PHYSICS_REFERENCE,NEAR_BOUNDARY,10.416666666666666,3125.0,2829.894841488204,0.8358481395993652
dod_90,dod-90-v1,blast-lite-lfp-gr-250ah-prismatic-2019-v1,blast-lite-b093495-250ah-prismatic-v1,PHYSICS_REFERENCE,NEAR_BOUNDARY,10.5,3150.0,2850.791044978188,0.8349266162469547
dod_90,dod-90-v1,blast-lite-lfp-gr-250ah-prismatic-2019-v1,blast-lite-b093495-250ah-prismatic-v1,PHYSICS_REFERENCE,NEAR_BOUNDARY,10.583333333333334,3175.0,2871.664210384362,0.834007920603266
dod_90,dod-90-v1,blast-lite-lfp-gr-250ah-prismatic-2019-v1,blast-lite-b093495-250ah-prismatic-v1,PHYSICS_REFERENCE,NEAR_BOUNDARY,10.666666666666666,3200.0,2892.5144083994437,0.8330920298346832
dod_90,dod-90-v1,blast-lite-lfp-gr-250ah-prismatic-2019-v1,blast-lite-b093495-250ah-prismatic-v1,PHYSICS_REFERENCE,NEAR_BOUNDARY,10.75,3225.0,2913.3417091453107,0.8321789214642911
dod_90,dod-90-v1,blast-lite-lfp-gr-250ah-prismatic-2019-v1,blast-lite-b093495-250ah-prismatic-v1,PHYSICS_REFERENCE,NEAR_BOUNDARY,10.833333333333334,3250.0,2934.146182181918,0.8312685733634053
dod_90,dod-90-v1,blast-lite-lfp-gr-250ah-prismatic-2019-v1,blast-lite-b093495-250ah-prismatic-v1,PHYSICS_REFERENCE,NEAR_BOUNDARY,10.916666666666666,3275.0,2954.9278965160033,0.8303609637433711
dod_90,dod-90-v1,blast-lite-lfp-gr-250ah-prismatic-2019-v1,blast-lite-b093495-250ah-prismatic-v1,PHYSICS_REFERENCE,NEAR_BOUNDARY,11.0,3300.0,2975.6869206095876,0.8294560711476201
dod_90,dod-90-v1,blast-lite-lfp-gr-250ah-prismatic-2019-v1,blast-lite-b093495-250ah-prismatic-v1,PHYSICS_REFERENCE,NEAR_BOUNDARY,11.083333333333334,3325.0,2996.423322388278,0.8285538744439729
dod_90,dod-90-v1,blast-lite-lfp-gr-250ah-prismatic-2019-v1,blast-lite-b093495-250ah-prismatic-v1,PHYSICS_REFERENCE,NEAR_BOUNDARY,11.166666666666666,3350.0,3017.137169249377,0.8276543528171816
dod_90,dod-90-v1,blast-lite-lfp-gr-250ah-prismatic-2019-v1,blast-lite-b093495-250ah-prismatic-v1,PHYSICS_REFERENCE,NEAR_BOUNDARY,11.25,3375.0,3037.828528069807,0.8267574857616988
dod_90,dod-90-v1,blast-lite-lfp-gr-250ah-prismatic-2019-v1,blast-lite-b093495-250ah-prismatic-v1,PHYSICS_REFERENCE,NEAR_BOUNDARY,11.333333333333334,3400.0,3058.4974652138494,0.8258632530746692
dod_90,dod-90-v1,blast-lite-lfp-gr-250ah-prismatic-2019-v1,blast-lite-b093495-250ah-prismatic-v1,PHYSICS_REFERENCE,NEAR_BOUNDARY,11.416666666666666,3425.0,3079.1440465407163,0.82497163484913
dod_90,dod-90-v1,blast-lite-lfp-gr-250ah-prismatic-2019-v1,blast-lite-b093495-250ah-prismatic-v1,PHYSICS_REFERENCE,NEAR_BOUNDARY,11.5,3450.0,3099.7683374119447,0.8240826114674172
dod_90,dod-90-v1,blast-lite-lfp-gr-250ah-prismatic-2019-v1,blast-lite-b093495-250ah-prismatic-v1,PHYSICS_REFERENCE,NEAR_BOUNDARY,11.583333333333334,3475.0,3120.37040269863,0.8231961635947675
dod_90,dod-90-v1,blast-lite-lfp-gr-250ah-prismatic-2019-v1,blast-lite-b093495-250ah-prismatic-v1,PHYSICS_REFERENCE,NEAR_BOUNDARY,11.666666666666666,3500.0,3140.9503067884993,0.8223122721731085
dod_90,dod-90-v1,blast-lite-lfp-gr-250ah-prismatic-2019-v1,blast-lite-b093495-250ah-prismatic-v1,PHYSICS_REFERENCE,NEAR_BOUNDARY,11.75,3525.0,3161.508113592827,0.8214309184150316
dod_90,dod-90-v1,blast-lite-lfp-gr-250ah-prismatic-2019-v1,blast-lite-b093495-250ah-prismatic-v1,PHYSICS_REFERENCE,NEAR_BOUNDARY,11.833333333333334,3550.0,3182.043886553203,0.82055208379794
dod_90,dod-90-v1,blast-lite-lfp-gr-250ah-prismatic-2019-v1,blast-lite-b093495-250ah-prismatic-v1,PHYSICS_REFERENCE,NEAR_BOUNDARY,11.916666666666666,3575.0,3202.5576886481513,0.8196757500583655
dod_90,dod-90-v1,blast-lite-lfp-gr-250ah-prismatic-2019-v1,blast-lite-b093495-250ah-prismatic-v1,PHYSICS_REFERENCE,NEAR_BOUNDARY,12.0,3600.0,3223.0495823996102,0.8188018991864486
dod_90,dod-90-v1,blast-lite-lfp-gr-250ah-prismatic-2019-v1,blast-lite-b093495-250ah-prismatic-v1,PHYSICS_REFERENCE,NEAR_BOUNDARY,12.083333333333334,3625.0,3243.5196298792716,0.8179305134205755
dod_90,dod-90-v1,blast-lite-lfp-gr-250ah-prismatic-2019-v1,blast-lite-b093495-250ah-prismatic-v1,PHYSICS_REFERENCE,NEAR_BOUNDARY,12.166666666666666,3650.0,3263.967892714786,0.8170615752421665
dod_90,dod-90-v1,blast-lite-lfp-gr-250ah-prismatic-2019-v1,blast-lite-b093495-250ah-prismatic-v1,PHYSICS_REFERENCE,NEAR_BOUNDARY,12.25,3675.0,3284.3944320958403,0.8161950673706112
dod_90,dod-90-v1,blast-lite-lfp-gr-250ah-prismatic-2019-v1,blast-lite-b093495-250ah-prismatic-v1,PHYSICS_REFERENCE,NEAR_BOUNDARY,12.333333333333334,3700.0,3304.7993087801055,0.8153309727583441
dod_90,dod-90-v1,blast-lite-lfp-gr-250ah-prismatic-2019-v1,blast-lite-b093495-250ah-prismatic-v1,PHYSICS_REFERENCE,NEAR_BOUNDARY,12.416666666666666,3725.0,3325.1825830990642,0.814469274586057
dod_90,dod-90-v1,blast-lite-lfp-gr-250ah-prismatic-2019-v1,blast-lite-b093495-250ah-prismatic-v1,PHYSICS_REFERENCE,NEAR_BOUNDARY,12.5,3750.0,3345.544314963716,0.8136099562580428
dod_90,dod-90-v1,blast-lite-lfp-gr-250ah-prismatic-2019-v1,blast-lite-b093495-250ah-prismatic-v1,PHYSICS_REFERENCE,NEAR_BOUNDARY,12.583333333333334,3775.0,3365.884563870167,0.812753001397666
dod_90,dod-90-v1,blast-lite-lfp-gr-250ah-prismatic-2019-v1,blast-lite-b093495-250ah-prismatic-v1,PHYSICS_REFERENCE,NEAR_BOUNDARY,12.666666666666666,3800.0,3386.2033889051086,0.8118983938429568
dod_90,dod-90-v1,blast-lite-lfp-gr-250ah-prismatic-2019-v1,blast-lite-b093495-250ah-prismatic-v1,PHYSICS_REFERENCE,NEAR_BOUNDARY,12.75,3825.0,3406.5008487511823,0.8110461176423225
dod_90,dod-90-v1,blast-lite-lfp-gr-250ah-prismatic-2019-v1,blast-lite-b093495-250ah-prismatic-v1,PHYSICS_REFERENCE,NEAR_BOUNDARY,12.833333333333334,3850.0,3426.7770016922404,0.8101961570503747
dod_90,dod-90-v1,blast-lite-lfp-gr-250ah-prismatic-2019-v1,blast-lite-b093495-250ah-prismatic-v1,PHYSICS_REFERENCE,NEAR_BOUNDARY,12.916666666666666,3875.0,3447.0319056185,0.8093484965238669
dod_90,dod-90-v1,blast-lite-lfp-gr-250ah-prismatic-2019-v1,blast-lite-b093495-250ah-prismatic-v1,PHYSICS_REFERENCE,NEAR_BOUNDARY,13.0,3900.0,3467.2656180315967,0.8085031207177389
dod_90,dod-90-v1,blast-lite-lfp-gr-250ah-prismatic-2019-v1,blast-lite-b093495-250ah-prismatic-v1,PHYSICS_REFERENCE,NEAR_BOUNDARY,13.083333333333334,3925.0,3487.47819604954,0.8076600144812656
dod_90,dod-90-v1,blast-lite-lfp-gr-250ah-prismatic-2019-v1,blast-lite-b093495-250ah-prismatic-v1,PHYSICS_REFERENCE,NEAR_BOUNDARY,13.166666666666666,3950.0,3507.6696964115717,0.8068191628543044
dod_90,dod-90-v1,blast-lite-lfp-gr-250ah-prismatic-2019-v1,blast-lite-b093495-250ah-prismatic-v1,PHYSICS_REFERENCE,NEAR_BOUNDARY,13.25,3975.0,3527.840175482929,0.8059805510636425
dod_90,dod-90-v1,blast-lite-lfp-gr-250ah-prismatic-2019-v1,blast-lite-b093495-250ah-prismatic-v1,PHYSICS_REFERENCE,NEAR_BOUNDARY,13.333333333333334,4000.0,3547.98968925952,0.8051441645194348
dod_90,dod-90-v1,blast-lite-lfp-gr-250ah-prismatic-2019-v1,blast-lite-b093495-250ah-prismatic-v1,PHYSICS_REFERENCE,NEAR_BOUNDARY,13.416666666666666,4025.0,3568.1182933725063,0.8043099888117349
dod_90,dod-90-v1,blast-lite-lfp-gr-250ah-prismatic-2019-v1,blast-lite-b093495-250ah-prismatic-v1,PHYSICS_REFERENCE,NEAR_BOUNDARY,13.5,4050.0,3588.2260430927995,0.8034780097071129
dod_90,dod-90-v1,blast-lite-lfp-gr-250ah-prismatic-2019-v1,blast-lite-b093495-250ah-prismatic-v1,PHYSICS_REFERENCE,NEAR_BOUNDARY,13.583333333333334,4075.0,3608.312993335477,0.8026482131453596
dod_90,dod-90-v1,blast-lite-lfp-gr-250ah-prismatic-2019-v1,blast-lite-b093495-250ah-prismatic-v1,PHYSICS_REFERENCE,NEAR_BOUNDARY,13.666666666666666,4100.0,3628.3791986641113,0.8018205852362715
dod_90,dod-90-v1,blast-lite-lfp-gr-250ah-prismatic-2019-v1,blast-lite-b093495-250ah-prismatic-v1,PHYSICS_REFERENCE,NEAR_BOUNDARY,13.75,4125.0,3648.424713295018,0.8009951122565175
dod_90,dod-90-v1,blast-lite-lfp-gr-250ah-prismatic-2019-v1,blast-lite-b093495-250ah-prismatic-v1,PHYSICS_REFERENCE,NEAR_BOUNDARY,13.833333333333334,4150.0,3668.449591101431,0.8001717806465815
dod_90,dod-90-v1,blast-lite-lfp-gr-250ah-prismatic-2019-v1,blast-lite-b093495-250ah-prismatic-v1,PHYSICS_REFERENCE,NEAR_BOUNDARY,13.916666666666666,4175.0,3688.4538856175955,0.7993505770077816
dod_90,dod-90-v1,blast-lite-lfp-gr-250ah-prismatic-2019-v1,blast-lite-b093495-250ah-prismatic-v1,PHYSICS_REFERENCE,NEAR_BOUNDARY,14.0,4200.0,3708.43765004279,0.7985314880993605
dod_90,dod-90-v1,blast-lite-lfp-gr-250ah-prismatic-2019-v1,blast-lite-b093495-250ah-prismatic-v1,PHYSICS_REFERENCE,NEAR_BOUNDARY,14.083333333333334,4225.0,3728.4009372452742,0.7977145008356483
dod_90,dod-90-v1,blast-lite-lfp-gr-250ah-prismatic-2019-v1,blast-lite-b093495-250ah-prismatic-v1,PHYSICS_REFERENCE,NEAR_BOUNDARY,14.166666666666666,4250.0,3748.3437997661654,0.7968996022832917
dod_90,dod-90-v1,blast-lite-lfp-gr-250ah-prismatic-2019-v1,blast-lite-b093495-250ah-prismatic-v1,PHYSICS_REFERENCE,NEAR_BOUNDARY,14.25,4275.0,3768.2662898232475,0.7960867796585511
dod_90,dod-90-v1,blast-lite-lfp-gr-250ah-prismatic-2019-v1,blast-lite-b093495-250ah-prismatic-v1,PHYSICS_REFERENCE,NEAR_BOUNDARY,14.333333333333334,4300.0,3788.168459314711,0.7952760203246614
dod_90,dod-90-v1,blast-lite-lfp-gr-250ah-prismatic-2019-v1,blast-lite-b093495-250ah-prismatic-v1,PHYSICS_REFERENCE,NEAR_BOUNDARY,14.416666666666666,4325.0,3808.0503598228274,0.7944673117892552
dod_90,dod-90-v1,blast-lite-lfp-gr-250ah-prismatic-2019-v1,blast-lite-b093495-250ah-prismatic-v1,PHYSICS_REFERENCE,NEAR_BOUNDARY,14.5,4350.0,3827.9120426175587,0.7936606417018475
dod_90,dod-90-v1,blast-lite-lfp-gr-250ah-prismatic-2019-v1,blast-lite-b093495-250ah-prismatic-v1,PHYSICS_REFERENCE,NEAR_BOUNDARY,14.583333333333334,4375.0,3847.7535586601048,0.7928559978513778
dod_90,dod-90-v1,blast-lite-lfp-gr-250ah-prismatic-2019-v1,blast-lite-b093495-250ah-prismatic-v1,PHYSICS_REFERENCE,NEAR_BOUNDARY,14.666666666666666,4400.0,3867.5749586063894,0.7920533681638107
dod_90,dod-90-v1,blast-lite-lfp-gr-250ah-prismatic-2019-v1,blast-lite-b093495-250ah-prismatic-v1,PHYSICS_REFERENCE,NEAR_BOUNDARY,14.75,4425.0,3887.3762928104848,0.791252740699791
dod_90,dod-90-v1,blast-lite-lfp-gr-250ah-prismatic-2019-v1,blast-lite-b093495-250ah-prismatic-v1,PHYSICS_REFERENCE,NEAR_BOUNDARY,14.833333333333334,4450.0,3907.1576113279793,0.7904541036523534
dod_90,dod-90-v1,blast-lite-lfp-gr-250ah-prismatic-2019-v1,blast-lite-b093495-250ah-prismatic-v1,PHYSICS_REFERENCE,NEAR_BOUNDARY,14.916666666666666,4475.0,3926.918963919288,0.7896574453446836
dod_90,dod-90-v1,blast-lite-lfp-gr-250ah-prismatic-2019-v1,blast-lite-b093495-250ah-prismatic-v1,PHYSICS_REFERENCE,NEAR_BOUNDARY,15.0,4500.0,3946.6604000529055,0.7888627542279317
dod_90,dod-90-v1,blast-lite-lfp-gr-250ah-prismatic-2019-v1,blast-lite-b093495-250ah-prismatic-v1,PHYSICS_REFERENCE,NEAR_BOUNDARY,15.083333333333334,4525.0,3966.381968908604,0.7880700188790732
dod_90,dod-90-v1,blast-lite-lfp-gr-250ah-prismatic-2019-v1,blast-lite-b093495-250ah-prismatic-v1,PHYSICS_REFERENCE,NEAR_BOUNDARY,15.166666666666666,4550.0,3986.083719380581,0.7872792279988196
dod_90,dod-90-v1,blast-lite-lfp-gr-250ah-prismatic-2019-v1,blast-lite-b093495-250ah-prismatic-v1,PHYSICS_REFERENCE,NEAR_BOUNDARY,15.25,4575.0,4005.7657000805516,0.7864903704095743
dod_90,dod-90-v1,blast-lite-lfp-gr-250ah-prismatic-2019-v1,blast-lite-b093495-250ah-prismatic-v1,PHYSICS_REFERENCE,NEAR_BOUNDARY,15.333333333333334,4600.0,4025.427959340791,0.7857034350534348
dod_90,dod-90-v1,blast-lite-lfp-gr-250ah-prismatic-2019-v1,blast-lite-b093495-250ah-prismatic-v1,PHYSICS_REFERENCE,NEAR_BOUNDARY,15.416666666666666,4625.0,4045.070545217127,0.7849184109902392
dod_90,dod-90-v1,blast-lite-lfp-gr-250ah-prismatic-2019-v1,blast-lite-b093495-250ah-prismatic-v1,PHYSICS_REFERENCE,NEAR_BOUNDARY,15.5,4650.0,4064.6935054918827,0.784135287395654
dod_90,dod-90-v1,blast-lite-lfp-gr-250ah-prismatic-2019-v1,blast-lite-b093495-250ah-prismatic-v1,PHYSICS_REFERENCE,NEAR_BOUNDARY,15.583333333333334,4675.0,4084.296887676774,0.7833540535593055
dod_90,dod-90-v1,blast-lite-lfp-gr-250ah-prismatic-2019-v1,blast-lite-b093495-250ah-prismatic-v1,PHYSICS_REFERENCE,NEAR_BOUNDARY,15.666666666666666,4700.0,4103.880739015756,0.7825746988829508
dod_90,dod-90-v1,blast-lite-lfp-gr-250ah-prismatic-2019-v1,blast-lite-b093495-250ah-prismatic-v1,PHYSICS_REFERENCE,NEAR_BOUNDARY,15.75,4725.0,4123.44510648783,0.781797212878688
dod_90,dod-90-v1,blast-lite-lfp-gr-250ah-prismatic-2019-v1,blast-lite-b093495-250ah-prismatic-v1,PHYSICS_REFERENCE,NEAR_BOUNDARY,15.833333333333334,4750.0,4142.990036809798,0.7810215851672055
dod_90,dod-90-v1,blast-lite-lfp-gr-250ah-prismatic-2019-v1,blast-lite-b093495-250ah-prismatic-v1,PHYSICS_REFERENCE,NEAR_BOUNDARY,15.916666666666666,4775.0,4162.515576438978,0.7802478054760684
dod_90,dod-90-v1,blast-lite-lfp-gr-250ah-prismatic-2019-v1,blast-lite-b093495-250ah-prismatic-v1,PHYSICS_REFERENCE,NEAR_BOUNDARY,16.0,4800.0,4182.02177157588,0.7794758636380411
dod_90,dod-90-v1,blast-lite-lfp-gr-250ah-prismatic-2019-v1,blast-lite-b093495-250ah-prismatic-v1,PHYSICS_REFERENCE,NEAR_BOUNDARY,16.083333333333332,4825.0,4201.508668166831,0.7787057495894456
dod_90,dod-90-v1,blast-lite-lfp-gr-250ah-prismatic-2019-v1,blast-lite-b093495-250ah-prismatic-v1,PHYSICS_REFERENCE,NEAR_BOUNDARY,16.166666666666668,4850.0,4220.976311906567,0.7779374533685536
dod_90,dod-90-v1,blast-lite-lfp-gr-250ah-prismatic-2019-v1,blast-lite-b093495-250ah-prismatic-v1,PHYSICS_REFERENCE,NEAR_BOUNDARY,16.25,4875.0,4240.424748240781,0.7771709651140135
dod_90,dod-90-v1,blast-lite-lfp-gr-250ah-prismatic-2019-v1,blast-lite-b093495-250ah-prismatic-v1,PHYSICS_REFERENCE,NEAR_BOUNDARY,16.333333333333332,4900.0,4259.854022368631,0.7764062750633088
dod_90,dod-90-v1,blast-lite-lfp-gr-250ah-prismatic-2019-v1,blast-lite-b093495-250ah-prismatic-v1,PHYSICS_REFERENCE,NEAR_BOUNDARY,16.416666666666668,4925.0,4279.264179245214,0.7756433735512489
dod_90,dod-90-v1,blast-lite-lfp-gr-250ah-prismatic-2019-v1,blast-lite-b093495-250ah-prismatic-v1,PHYSICS_REFERENCE,NEAR_BOUNDARY,16.5,4950.0,4298.655263583995,0.7748822510084907
dod_90,dod-90-v1,blast-lite-lfp-gr-250ah-prismatic-2019-v1,blast-lite-b093495-250ah-prismatic-v1,PHYSICS_REFERENCE,NEAR_BOUNDARY,16.583333333333332,4975.0,4318.027319859208,0.7741228979600906
dod_90,dod-90-v1,blast-lite-lfp-gr-250ah-prismatic-2019-v1,blast-lite-b093495-250ah-prismatic-v1,PHYSICS_REFERENCE,NEAR_BOUNDARY,16.666666666666668,5000.0,4337.38039230821,0.7733653050240861
dod_90,dod-90-v1,blast-lite-lfp-gr-250ah-prismatic-2019-v1,blast-lite-b093495-250ah-prismatic-v1,PHYSICS_REFERENCE,NEAR_BOUNDARY,16.75,5025.0,4356.714524933812,0.7726094629101057
dod_90,dod-90-v1,blast-lite-lfp-gr-250ah-prismatic-2019-v1,blast-lite-b093495-250ah-prismatic-v1,PHYSICS_REFERENCE,NEAR_BOUNDARY,16.833333333333332,5050.0,4376.029761506565,0.7718553624180071
dod_90,dod-90-v1,blast-lite-lfp-gr-250ah-prismatic-2019-v1,blast-lite-b093495-250ah-prismatic-v1,PHYSICS_REFERENCE,NEAR_BOUNDARY,16.916666666666668,5075.0,4395.3261455670145,0.7711029944365426
dod_90,dod-90-v1,blast-lite-lfp-gr-250ah-prismatic-2019-v1,blast-lite-b093495-250ah-prismatic-v1,PHYSICS_REFERENCE,NEAR_BOUNDARY,17.0,5100.0,4414.603720427928,0.7703523499420505
dod_90,dod-90-v1,blast-lite-lfp-gr-250ah-prismatic-2019-v1,blast-lite-b093495-250ah-prismatic-v1,PHYSICS_REFERENCE,NEAR_BOUNDARY,17.083333333333332,5125.0,4433.862529176479,0.7696034199971739
dod_90,dod-90-v1,blast-lite-lfp-gr-250ah-prismatic-2019-v1,blast-lite-b093495-250ah-prismatic-v1,PHYSICS_REFERENCE,NEAR_BOUNDARY,17.166666666666668,5150.0,4453.102614676409,0.7688561957496026
dod_90,dod-90-v1,blast-lite-lfp-gr-250ah-prismatic-2019-v1,blast-lite-b093495-250ah-prismatic-v1,PHYSICS_REFERENCE,NEAR_BOUNDARY,17.25,5175.0,4472.324019570149,0.7681106684308424
dod_90,dod-90-v1,blast-lite-lfp-gr-250ah-prismatic-2019-v1,blast-lite-b093495-250ah-prismatic-v1,PHYSICS_REFERENCE,NEAR_BOUNDARY,17.333333333333332,5200.0,4491.5267862809205,0.7673668293550053
dod_90,dod-90-v1,blast-lite-lfp-gr-250ah-prismatic-2019-v1,blast-lite-b093495-250ah-prismatic-v1,PHYSICS_REFERENCE,NEAR_BOUNDARY,17.416666666666668,5225.0,4510.710957014796,0.7666246699176263
dod_90,dod-90-v1,blast-lite-lfp-gr-250ah-prismatic-2019-v1,blast-lite-b093495-250ah-prismatic-v1,PHYSICS_REFERENCE,NEAR_BOUNDARY,17.5,5250.0,4529.876573762736,0.7658841815945003
dod_90,dod-90-v1,blast-lite-lfp-gr-250ah-prismatic-2019-v1,blast-lite-b093495-250ah-prismatic-v1,PHYSICS_REFERENCE,NEAR_BOUNDARY,17.583333333333332,5275.0,4549.0236783025985,0.7651453559405432
dod_90,dod-90-v1,blast-lite-lfp-gr-250ah-prismatic-2019-v1,blast-lite-b093495-250ah-prismatic-v1,PHYSICS_REFERENCE,NEAR_BOUNDARY,17.666666666666668,5300.0,4568.152312201112,0.7644081845886745
dod_90,dod-90-v1,blast-lite-lfp-gr-250ah-prismatic-2019-v1,blast-lite-b093495-250ah-prismatic-v1,PHYSICS_REFERENCE,NEAR_BOUNDARY,17.75,5325.0,4587.262516815829,0.7636726592487206
dod_90,dod-90-v1,blast-lite-lfp-gr-250ah-prismatic-2019-v1,blast-lite-b093495-250ah-prismatic-v1,PHYSICS_REFERENCE,NEAR_BOUNDARY,17.833333333333332,5350.0,4606.354333297048,0.7629387717063391
dod_90,dod-90-v1,blast-lite-lfp-gr-250ah-prismatic-2019-v1,blast-lite-b093495-250ah-prismatic-v1,PHYSICS_REFERENCE,NEAR_BOUNDARY,17.916666666666668,5375.0,4625.427802589706,0.762206513821963
dod_90,dod-90-v1,blast-lite-lfp-gr-250ah-prismatic-2019-v1,blast-lite-b093495-250ah-prismatic-v1,PHYSICS_REFERENCE,NEAR_BOUNDARY,18.0,5400.0,4644.482965435254,0.7614758775297663
dod_90,dod-90-v1,blast-lite-lfp-gr-250ah-prismatic-2019-v1,blast-lite-b093495-250ah-prismatic-v1,PHYSICS_REFERENCE,NEAR_BOUNDARY,18.083333333333332,5425.0,4663.519862373499,0.760746854836647
dod_90,dod-90-v1,blast-lite-lfp-gr-250ah-prismatic-2019-v1,blast-lite-b093495-250ah-prismatic-v1,PHYSICS_REFERENCE,NEAR_BOUNDARY,18.166666666666668,5450.0,4682.538533744415,0.7600194378212294
dod_90,dod-90-v1,blast-lite-lfp-gr-250ah-prismatic-2019-v1,blast-lite-b093495-250ah-prismatic-v1,PHYSICS_REFERENCE,NEAR_BOUNDARY,18.25,5475.0,4701.539019689946,0.7592936186328861
dod_90,dod-90-v1,blast-lite-lfp-gr-250ah-prismatic-2019-v1,blast-lite-b093495-250ah-prismatic-v1,PHYSICS_REFERENCE,NEAR_BOUNDARY,18.333333333333332,5500.0,4720.521360155768,0.7585693894907766
dod_90,dod-90-v1,blast-lite-lfp-gr-250ah-prismatic-2019-v1,blast-lite-b093495-250ah-prismatic-v1,PHYSICS_REFERENCE,NEAR_BOUNDARY,18.416666666666668,5525.0,4739.485594893037,0.7578467426829038
dod_90,dod-90-v1,blast-lite-lfp-gr-250ah-prismatic-2019-v1,blast-lite-b093495-250ah-prismatic-v1,PHYSICS_REFERENCE,NEAR_BOUNDARY,18.5,5550.0,4758.431763460109,0.7571256705651882
dod_90,dod-90-v1,blast-lite-lfp-gr-250ah-prismatic-2019-v1,blast-lite-b093495-250ah-prismatic-v1,PHYSICS_REFERENCE,NEAR_BOUNDARY,18.583333333333332,5575.0,4777.359905224239,0.7564061655605588
dod_90,dod-90-v1,blast-lite-lfp-gr-250ah-prismatic-2019-v1,blast-lite-b093495-250ah-prismatic-v1,PHYSICS_REFERENCE,NEAR_BOUNDARY,18.666666666666668,5600.0,4796.270059363253,0.7556882201580599
dod_90,dod-90-v1,blast-lite-lfp-gr-250ah-prismatic-2019-v1,blast-lite-b093495-250ah-prismatic-v1,PHYSICS_REFERENCE,NEAR_BOUNDARY,18.75,5625.0,4815.162264867204,0.7549718269119738
dod_90,dod-90-v1,blast-lite-lfp-gr-250ah-prismatic-2019-v1,blast-lite-b093495-250ah-prismatic-v1,PHYSICS_REFERENCE,NEAR_BOUNDARY,18.833333333333332,5650.0,4834.036560540003,0.754256978440961
dod_90,dod-90-v1,blast-lite-lfp-gr-250ah-prismatic-2019-v1,blast-lite-b093495-250ah-prismatic-v1,PHYSICS_REFERENCE,NEAR_BOUNDARY,18.916666666666668,5675.0,4852.892985001027,0.7535436674272128
dod_90,dod-90-v1,blast-lite-lfp-gr-250ah-prismatic-2019-v1,blast-lite-b093495-250ah-prismatic-v1,PHYSICS_REFERENCE,NEAR_BOUNDARY,19.0,5700.0,4871.731576686708,0.7528318866156215
dod_90,dod-90-v1,blast-lite-lfp-gr-250ah-prismatic-2019-v1,blast-lite-b093495-250ah-prismatic-v1,PHYSICS_REFERENCE,NEAR_BOUNDARY,19.083333333333332,5725.0,4890.552373852098,0.7521216288129641
dod_90,dod-90-v1,blast-lite-lfp-gr-250ah-prismatic-2019-v1,blast-lite-b093495-250ah-prismatic-v1,PHYSICS_REFERENCE,NEAR_BOUNDARY,19.166666666666668,5750.0,4909.355414572422,0.7514128868871
dod_90,dod-90-v1,blast-lite-lfp-gr-250ah-prismatic-2019-v1,blast-lite-b093495-250ah-prismatic-v1,PHYSICS_REFERENCE,NEAR_BOUNDARY,19.25,5775.0,4928.140736744599,0.7507056537661838
dod_90,dod-90-v1,blast-lite-lfp-gr-250ah-prismatic-2019-v1,blast-lite-b093495-250ah-prismatic-v1,PHYSICS_REFERENCE,NEAR_BOUNDARY,19.333333333333332,5800.0,4946.908378088754,0.7499999224378904
dod_90,dod-90-v1,blast-lite-lfp-gr-250ah-prismatic-2019-v1,blast-lite-b093495-250ah-prismatic-v1,PHYSICS_REFERENCE,NEAR_BOUNDARY,19.416666666666668,5825.0,4965.658376149701,0.7492956859486555
dod_90,dod-90-v1,blast-lite-lfp-gr-250ah-prismatic-2019-v1,blast-lite-b093495-250ah-prismatic-v1,PHYSICS_REFERENCE,NEAR_BOUNDARY,19.5,5850.0,4984.390768298418,0.7485929374029267
dod_90,dod-90-v1,blast-lite-lfp-gr-250ah-prismatic-2019-v1,blast-lite-b093495-250ah-prismatic-v1,PHYSICS_REFERENCE,NEAR_BOUNDARY,19.583333333333332,5875.0,5003.105591733492,0.7478916699624293
dod_90,dod-90-v1,blast-lite-lfp-gr-250ah-prismatic-2019-v1,blast-lite-b093495-250ah-prismatic-v1,PHYSICS_REFERENCE,NEAR_BOUNDARY,19.666666666666668,5900.0,5021.802883482553,0.7471918768454446
dod_90,dod-90-v1,blast-lite-lfp-gr-250ah-prismatic-2019-v1,blast-lite-b093495-250ah-prismatic-v1,PHYSICS_REFERENCE,NEAR_BOUNDARY,19.75,5925.0,5040.482680403688,0.7464935513260995
dod_90,dod-90-v1,blast-lite-lfp-gr-250ah-prismatic-2019-v1,blast-lite-b093495-250ah-prismatic-v1,PHYSICS_REFERENCE,NEAR_BOUNDARY,19.833333333333332,5950.0,5059.145019186841,0.7457966867336685
dod_90,dod-90-v1,blast-lite-lfp-gr-250ah-prismatic-2019-v1,blast-lite-b093495-250ah-prismatic-v1,PHYSICS_REFERENCE,NEAR_BOUNDARY,19.916666666666668,5975.0,5077.789936355182,0.7451012764518878
dod_90,dod-90-v1,blast-lite-lfp-gr-250ah-prismatic-2019-v1,blast-lite-b093495-250ah-prismatic-v1,PHYSICS_REFERENCE,NEAR_BOUNDARY,20.0,6000.0,5096.41746826648,0.744407313918281
dod_90,dod-90-v1,blast-lite-lfp-gr-250ah-prismatic-2019-v1,blast-lite-b093495-250ah-prismatic-v1,PHYSICS_REFERENCE,NEAR_BOUNDARY,20.083333333333332,6025.0,5115.027651114437,0.7437147926234952
dod_90,dod-90-v1,blast-lite-lfp-gr-250ah-prismatic-2019-v1,blast-lite-b093495-250ah-prismatic-v1,PHYSICS_REFERENCE,NEAR_BOUNDARY,20.166666666666668,6050.0,5133.620520930024,0.7430237061106495
dod_90,dod-90-v1,blast-lite-lfp-gr-250ah-prismatic-2019-v1,blast-lite-b093495-250ah-prismatic-v1,PHYSICS_REFERENCE,NEAR_BOUNDARY,20.25,6075.0,5152.1961135827905,0.7423340479746927
dod_90,dod-90-v1,blast-lite-lfp-gr-250ah-prismatic-2019-v1,blast-lite-b093495-250ah-prismatic-v1,PHYSICS_REFERENCE,NEAR_BOUNDARY,20.333333333333332,6100.0,5170.754464782158,0.7416458118617733
dod_90,dod-90-v1,blast-lite-lfp-gr-250ah-prismatic-2019-v1,blast-lite-b093495-250ah-prismatic-v1,PHYSICS_REFERENCE,NEAR_BOUNDARY,20.416666666666668,6125.0,5189.295610078702,0.7409589914686183
dod_90,dod-90-v1,blast-lite-lfp-gr-250ah-prismatic-2019-v1,blast-lite-b093495-250ah-prismatic-v1,PHYSICS_REFERENCE,NEAR_BOUNDARY,20.5,6150.0,5207.819584865418,0.7402735805419234
dod_90,dod-90-v1,blast-lite-lfp-gr-250ah-prismatic-2019-v1,blast-lite-b093495-250ah-prismatic-v1,PHYSICS_REFERENCE,NEAR_BOUNDARY,20.583333333333332,6175.0,5226.326424378965,0.7395895728777525
dod_90,dod-90-v1,blast-lite-lfp-gr-250ah-prismatic-2019-v1,blast-lite-b093495-250ah-prismatic-v1,PHYSICS_REFERENCE,NEAR_BOUNDARY,20.666666666666668,6200.0,5244.816163700909,0.7389069623209465
dod_90,dod-90-v1,blast-lite-lfp-gr-250ah-prismatic-2019-v1,blast-lite-b093495-250ah-prismatic-v1,PHYSICS_REFERENCE,NEAR_BOUNDARY,20.75,6225.0,5263.2888377589325,0.7382257427645431
dod_90,dod-90-v1,blast-lite-lfp-gr-250ah-prismatic-2019-v1,blast-lite-b093495-250ah-prismatic-v1,PHYSICS_REFERENCE,NEAR_BOUNDARY,20.833333333333332,6250.0,5281.744481328046,0.7375459081492044
dod_90,dod-90-v1,blast-lite-lfp-gr-250ah-prismatic-2019-v1,blast-lite-b093495-250ah-prismatic-v1,PHYSICS_REFERENCE,NEAR_BOUNDARY,20.916666666666668,6275.0,5300.183129031776,0.7368674524626544
dod_90,dod-90-v1,blast-lite-lfp-gr-250ah-prismatic-2019-v1,blast-lite-b093495-250ah-prismatic-v1,PHYSICS_REFERENCE,NEAR_BOUNDARY,21.0,6300.0,5318.604815343342,0.7361903697391257
dod_90,dod-90-v1,blast-lite-lfp-gr-250ah-prismatic-2019-v1,blast-lite-b093495-250ah-prismatic-v1,PHYSICS_REFERENCE,NEAR_BOUNDARY,21.083333333333332,6325.0,5337.00957458682,0.7355146540588142
dod_90,dod-90-v1,blast-lite-lfp-gr-250ah-prismatic-2019-v1,blast-lite-b093495-250ah-prismatic-v1,PHYSICS_REFERENCE,NEAR_BOUNDARY,21.166666666666668,6350.0,5355.397440938291,0.7348402995473433
dod_90,dod-90-v1,blast-lite-lfp-gr-250ah-prismatic-2019-v1,blast-lite-b093495-250ah-prismatic-v1,PHYSICS_REFERENCE,NEAR_BOUNDARY,21.25,6375.0,5373.768448426975,0.7341673003752363
dod_90,dod-90-v1,blast-lite-lfp-gr-250ah-prismatic-2019-v1,blast-lite-b093495-250ah-prismatic-v1,PHYSICS_REFERENCE,NEAR_BOUNDARY,21.333333333333332,6400.0,5392.122630936356,0.7334956507573958
dod_90,dod-90-v1,blast-lite-lfp-gr-250ah-prismatic-2019-v1,blast-lite-b093495-250ah-prismatic-v1,PHYSICS_REFERENCE,NEAR_BOUNDARY,21.416666666666668,6425.0,5410.46002220529,0.7328253449525941
dod_90,dod-90-v1,blast-lite-lfp-gr-250ah-prismatic-2019-v1,blast-lite-b093495-250ah-prismatic-v1,PHYSICS_REFERENCE,NEAR_BOUNDARY,21.5,6450.0,5428.780655829105,0.7321563772629683
dod_90,dod-90-v1,blast-lite-lfp-gr-250ah-prismatic-2019-v1,blast-lite-b093495-250ah-prismatic-v1,PHYSICS_REFERENCE,NEAR_BOUNDARY,21.583333333333332,6475.0,5447.0845652606795,0.7314887420335254
dod_90,dod-90-v1,blast-lite-lfp-gr-250ah-prismatic-2019-v1,blast-lite-b093495-250ah-prismatic-v1,PHYSICS_REFERENCE,NEAR_BOUNDARY,21.666666666666668,6500.0,5465.371783811518,0.7308224336516546
dod_90,dod-90-v1,blast-lite-lfp-gr-250ah-prismatic-2019-v1,blast-lite-b093495-250ah-prismatic-v1,PHYSICS_REFERENCE,NEAR_BOUNDARY,21.75,6525.0,5483.64234465281,0.7301574465466457
dod_90,dod-90-v1,blast-lite-lfp-gr-250ah-prismatic-2019-v1,blast-lite-b093495-250ah-prismatic-v1,PHYSICS_REFERENCE,NEAR_BOUNDARY,21.833333333333332,6550.0,5501.896280816476,0.7294937751892179
dod_90,dod-90-v1,blast-lite-lfp-gr-250ah-prismatic-2019-v1,blast-lite-b093495-250ah-prismatic-v1,PHYSICS_REFERENCE,NEAR_BOUNDARY,21.916666666666668,6575.0,5520.133625196207,0.7288314140910519
dod_90,dod-90-v1,blast-lite-lfp-gr-250ah-prismatic-2019-v1,blast-lite-b093495-250ah-prismatic-v1,PHYSICS_REFERENCE,NEAR_BOUNDARY,22.0,6600.0,5538.3544105484825,0.7281703578043328
dod_90,dod-90-v1,blast-lite-lfp-gr-250ah-prismatic-2019-v1,blast-lite-b093495-250ah-prismatic-v1,PHYSICS_REFERENCE,NEAR_BOUNDARY,22.083333333333332,6625.0,5556.558669493591,0.727510600921297
dod_90,dod-90-v1,blast-lite-lfp-gr-250ah-prismatic-2019-v1,blast-lite-b093495-250ah-prismatic-v1,PHYSICS_REFERENCE,NEAR_BOUNDARY,22.166666666666668,6650.0,5574.746434516624,0.7268521380737882
dod_90,dod-90-v1,blast-lite-lfp-gr-250ah-prismatic-2019-v1,blast-lite-b093495-250ah-prismatic-v1,PHYSICS_REFERENCE,NEAR_BOUNDARY,22.25,6675.0,5592.917737968468,0.7261949639328181
dod_90,dod-90-v1,blast-lite-lfp-gr-250ah-prismatic-2019-v1,blast-lite-b093495-250ah-prismatic-v1,PHYSICS_REFERENCE,NEAR_BOUNDARY,22.333333333333332,6700.0,5611.072612066789,0.7255390732081353
dod_90,dod-90-v1,blast-lite-lfp-gr-250ah-prismatic-2019-v1,blast-lite-b093495-250ah-prismatic-v1,PHYSICS_REFERENCE,NEAR_BOUNDARY,22.416666666666668,6725.0,5629.211088896992,0.7248844606477997
dod_90,dod-90-v1,blast-lite-lfp-gr-250ah-prismatic-2019-v1,blast-lite-b093495-250ah-prismatic-v1,PHYSICS_REFERENCE,NEAR_BOUNDARY,22.5,6750.0,5647.333200413187,0.7242311210377632
dod_90,dod-90-v1,blast-lite-lfp-gr-250ah-prismatic-2019-v1,blast-lite-b093495-250ah-prismatic-v1,PHYSICS_REFERENCE,NEAR_BOUNDARY,22.583333333333332,6775.0,5665.4389784391315,0.7235790492014578
dod_90,dod-90-v1,blast-lite-lfp-gr-250ah-prismatic-2019-v1,blast-lite-b093495-250ah-prismatic-v1,PHYSICS_REFERENCE,NEAR_BOUNDARY,22.666666666666668,6800.0,5683.528454669168,0.7229282399993869
dod_90,dod-90-v1,blast-lite-lfp-gr-250ah-prismatic-2019-v1,blast-lite-b093495-250ah-prismatic-v1,PHYSICS_REFERENCE,NEAR_BOUNDARY,22.75,6825.0,5701.601660669153,0.722278688328727
dod_90,dod-90-v1,blast-lite-lfp-gr-250ah-prismatic-2019-v1,blast-lite-b093495-250ah-prismatic-v1,PHYSICS_REFERENCE,NEAR_BOUNDARY,22.833333333333332,6850.0,5719.658627877371,0.7216303891229303
dod_90,dod-90-v1,blast-lite-lfp-gr-250ah-prismatic-2019-v1,blast-lite-b093495-250ah-prismatic-v1,PHYSICS_REFERENCE,NEAR_BOUNDARY,22.916666666666668,6875.0,5737.699387605445,0.7209833373513375
dod_90,dod-90-v1,blast-lite-lfp-gr-250ah-prismatic-2019-v1,blast-lite-b093495-250ah-prismatic-v1,PHYSICS_REFERENCE,NEAR_BOUNDARY,23.0,6900.0,5755.723971039229,0.7203375280187927
dod_90,dod-90-v1,blast-lite-lfp-gr-250ah-prismatic-2019-v1,blast-lite-b093495-250ah-prismatic-v1,PHYSICS_REFERENCE,NEAR_BOUNDARY,23.083333333333332,6925.0,5773.732409239698,0.7196929561652663
dod_90,dod-90-v1,blast-lite-lfp-gr-250ah-prismatic-2019-v1,blast-lite-b093495-250ah-prismatic-v1,PHYSICS_REFERENCE,NEAR_BOUNDARY,23.166666666666668,6950.0,5791.72473314383,0.7190496168654823
dod_90,dod-90-v1,blast-lite-lfp-gr-250ah-prismatic-2019-v1,blast-lite-b093495-250ah-prismatic-v1,PHYSICS_REFERENCE,NEAR_BOUNDARY,23.25,6975.0,5809.700973565467,0.7184075052285508
dod_90,dod-90-v1,blast-lite-lfp-gr-250ah-prismatic-2019-v1,blast-lite-b093495-250ah-prismatic-v1,PHYSICS_REFERENCE,NEAR_BOUNDARY,23.333333333333332,7000.0,5827.661161196181,0.7177666163976058
dod_90,dod-90-v1,blast-lite-lfp-gr-250ah-prismatic-2019-v1,blast-lite-b093495-250ah-prismatic-v1,PHYSICS_REFERENCE,NEAR_BOUNDARY,23.416666666666668,7025.0,5845.605326606121,0.7171269455494488
dod_90,dod-90-v1,blast-lite-lfp-gr-250ah-prismatic-2019-v1,blast-lite-b093495-250ah-prismatic-v1,PHYSICS_REFERENCE,NEAR_BOUNDARY,23.5,7050.0,5863.533500244857,0.7164884878941972
dod_90,dod-90-v1,blast-lite-lfp-gr-250ah-prismatic-2019-v1,blast-lite-b093495-250ah-prismatic-v1,PHYSICS_REFERENCE,NEAR_BOUNDARY,23.583333333333332,7075.0,5881.445712442212,0.7158512386749365
dod_90,dod-90-v1,blast-lite-lfp-gr-250ah-prismatic-2019-v1,blast-lite-b093495-250ah-prismatic-v1,PHYSICS_REFERENCE,NEAR_BOUNDARY,23.666666666666668,7100.0,5899.341993409086,0.7152151931673797
dod_90,dod-90-v1,blast-lite-lfp-gr-250ah-prismatic-2019-v1,blast-lite-b093495-250ah-prismatic-v1,PHYSICS_REFERENCE,NEAR_BOUNDARY,23.75,7125.0,5917.222373238271,0.7145803466795285
dod_90,dod-90-v1,blast-lite-lfp-gr-250ah-prismatic-2019-v1,blast-lite-b093495-250ah-prismatic-v1,PHYSICS_REFERENCE,NEAR_BOUNDARY,23.833333333333332,7150.0,5935.086881905259,0.7139466945513426
dod_90,dod-90-v1,blast-lite-lfp-gr-250ah-prismatic-2019-v1,blast-lite-b093495-250ah-prismatic-v1,PHYSICS_REFERENCE,NEAR_BOUNDARY,23.916666666666668,7175.0,5952.935549269043,0.7133142321544109
dod_90,dod-90-v1,blast-lite-lfp-gr-250ah-prismatic-2019-v1,blast-lite-b093495-250ah-prismatic-v1,PHYSICS_REFERENCE,NEAR_BOUNDARY,24.0,7200.0,5970.768405072903,0.7126829548916279
dod_90,dod-90-v1,blast-lite-lfp-gr-250ah-prismatic-2019-v1,blast-lite-b093495-250ah-prismatic-v1,PHYSICS_REFERENCE,NEAR_BOUNDARY,24.083333333333332,7225.0,5988.585478945194,0.7120528581968759
dod_90,dod-90-v1,blast-lite-lfp-gr-250ah-prismatic-2019-v1,blast-lite-b093495-250ah-prismatic-v1,PHYSICS_REFERENCE,NEAR_BOUNDARY,24.166666666666668,7250.0,6006.386800400116,0.7114239375347098
dod_90,dod-90-v1,blast-lite-lfp-gr-250ah-prismatic-2019-v1,blast-lite-b093495-250ah-prismatic-v1,PHYSICS_REFERENCE,NEAR_BOUNDARY,24.25,7275.0,6024.172398838484,0.7107961884000474
dod_90,dod-90-v1,blast-lite-lfp-gr-250ah-prismatic-2019-v1,blast-lite-b093495-250ah-prismatic-v1,PHYSICS_REFERENCE,NEAR_BOUNDARY,24.333333333333332,7300.0,6041.942303548485,0.7101696063178634
dod_90,dod-90-v1,blast-lite-lfp-gr-250ah-prismatic-2019-v1,blast-lite-b093495-250ah-prismatic-v1,PHYSICS_REFERENCE,NEAR_BOUNDARY,24.416666666666668,7325.0,6059.696543706432,0.7095441868428874
dod_90,dod-90-v1,blast-lite-lfp-gr-250ah-prismatic-2019-v1,blast-lite-b093495-250ah-prismatic-v1,PHYSICS_REFERENCE,NEAR_BOUNDARY,24.5,7350.0,6077.435148377504,0.7089199255593068
dod_90,dod-90-v1,blast-lite-lfp-gr-250ah-prismatic-2019-v1,blast-lite-b093495-250ah-prismatic-v1,PHYSICS_REFERENCE,NEAR_BOUNDARY,24.583333333333332,7375.0,6095.158146516487,0.7082968180804732
dod_90,dod-90-v1,blast-lite-lfp-gr-250ah-prismatic-2019-v1,blast-lite-b093495-250ah-prismatic-v1,PHYSICS_REFERENCE,NEAR_BOUNDARY,24.666666666666668,7400.0,6112.8655669684995,0.7076748600486118
dod_90,dod-90-v1,blast-lite-lfp-gr-250ah-prismatic-2019-v1,blast-lite-b093495-250ah-prismatic-v1,PHYSICS_REFERENCE,NEAR_BOUNDARY,24.75,7425.0,6130.557438469715,0.7070540471345372
dod_90,dod-90-v1,blast-lite-lfp-gr-250ah-prismatic-2019-v1,blast-lite-b093495-250ah-prismatic-v1,PHYSICS_REFERENCE,NEAR_BOUNDARY,24.833333333333332,7450.0,6148.2337896480785,0.7064343750373703
dod_90,dod-90-v1,blast-lite-lfp-gr-250ah-prismatic-2019-v1,blast-lite-b093495-250ah-prismatic-v1,PHYSICS_REFERENCE,NEAR_BOUNDARY,24.916666666666668,7475.0,6165.894649024013,0.7058158394842605
dod_90,dod-90-v1,blast-lite-lfp-gr-250ah-prismatic-2019-v1,blast-lite-b093495-250ah-prismatic-v1,PHYSICS_REFERENCE,NEAR_BOUNDARY,25.0,7500.0,6183.54004501112,0.7051984362301114
dod_100,dod-100-v1,blast-lite-lfp-gr-250ah-prismatic-2019-v1,blast-lite-b093495-250ah-prismatic-v1,PHYSICS_REFERENCE,NEAR_BOUNDARY,0.0,0.0,0.0,1.0
dod_100,dod-100-v1,blast-lite-lfp-gr-250ah-prismatic-2019-v1,blast-lite-b093495-250ah-prismatic-v1,PHYSICS_REFERENCE,NEAR_BOUNDARY,0.08333333333333333,25.0,25.0,0.9956331827716567
dod_100,dod-100-v1,blast-lite-lfp-gr-250ah-prismatic-2019-v1,blast-lite-b093495-250ah-prismatic-v1,PHYSICS_REFERENCE,NEAR_BOUNDARY,0.16666666666666666,50.0,49.89082956929141,0.9925145203062304
dod_100,dod-100-v1,blast-lite-lfp-gr-250ah-prismatic-2019-v1,blast-lite-b093495-250ah-prismatic-v1,PHYSICS_REFERENCE,NEAR_BOUNDARY,0.25,75.0,74.70369257694718,0.989841997116734
dod_100,dod-100-v1,blast-lite-lfp-gr-250ah-prismatic-2019-v1,blast-lite-b093495-250ah-prismatic-v1,PHYSICS_REFERENCE,NEAR_BOUNDARY,0.3333333333333333,100.0,99.44974250486553,0.9873937069516343
dod_100,dod-100-v1,blast-lite-lfp-gr-250ah-prismatic-2019-v1,blast-lite-b093495-250ah-prismatic-v1,PHYSICS_REFERENCE,NEAR_BOUNDARY,0.4166666666666667,125.0,124.13458517865638,0.985092949801908
dod_100,dod-100-v1,blast-lite-lfp-gr-250ah-prismatic-2019-v1,blast-lite-b093495-250ah-prismatic-v1,PHYSICS_REFERENCE,NEAR_BOUNDARY,0.5,150.0,148.76190892370408,0.9829009929233208
dod_100,dod-100-v1,blast-lite-lfp-gr-250ah-prismatic-2019-v1,blast-lite-b093495-250ah-prismatic-v1,PHYSICS_REFERENCE,NEAR_BOUNDARY,0.5833333333333334,175.0,173.3344337467871,0.9807946488627617
dod_100,dod-100-v1,blast-lite-lfp-gr-250ah-prismatic-2019-v1,blast-lite-b093495-250ah-prismatic-v1,PHYSICS_REFERENCE,NEAR_BOUNDARY,0.6666666666666666,200.0,197.85429996835614,0.9787585717096642
dod_100,dod-100-v1,blast-lite-lfp-gr-250ah-prismatic-2019-v1,blast-lite-b093495-250ah-prismatic-v1,PHYSICS_REFERENCE,NEAR_BOUNDARY,0.75,225.0,222.32326426109773,0.9767819025623392
dod_100,dod-100-v1,blast-lite-lfp-gr-250ah-prismatic-2019-v1,blast-lite-b093495-250ah-prismatic-v1,PHYSICS_REFERENCE,NEAR_BOUNDARY,0.8333333333333334,250.0,246.74281182515622,0.9748565795267429
dod_100,dod-100-v1,blast-lite-lfp-gr-250ah-prismatic-2019-v1,blast-lite-b093495-250ah-prismatic-v1,PHYSICS_REFERENCE,NEAR_BOUNDARY,0.9166666666666666,275.0,271.1142263133248,0.9729763963663778
dod_100,dod-100-v1,blast-lite-lfp-gr-250ah-prismatic-2019-v1,blast-lite-b093495-250ah-prismatic-v1,PHYSICS_REFERENCE,NEAR_BOUNDARY,1.0,300.0,295.43863622248426,0.9711364379329295
dod_100,dod-100-v1,blast-lite-lfp-gr-250ah-prismatic-2019-v1,blast-lite-b093495-250ah-prismatic-v1,PHYSICS_REFERENCE,NEAR_BOUNDARY,1.0833333333333333,325.0,319.7170471708075,0.9693327217383968
dod_100,dod-100-v1,blast-lite-lfp-gr-250ah-prismatic-2019-v1,blast-lite-b093495-250ah-prismatic-v1,PHYSICS_REFERENCE,NEAR_BOUNDARY,1.1666666666666667,350.0,343.95036521426744,0.9675619598587748
dod_100,dod-100-v1,blast-lite-lfp-gr-250ah-prismatic-2019-v1,blast-lite-b093495-250ah-prismatic-v1,PHYSICS_REFERENCE,NEAR_BOUNDARY,1.25,375.0,368.1394142107368,0.9658213948192814
dod_100,dod-100-v1,blast-lite-lfp-gr-250ah-prismatic-2019-v1,blast-lite-b093495-250ah-prismatic-v1,PHYSICS_REFERENCE,NEAR_BOUNDARY,1.3333333333333333,400.0,392.2849490812188,0.9641086829417699
dod_100,dod-100-v1,blast-lite-lfp-gr-250ah-prismatic-2019-v1,blast-lite-b093495-250ah-prismatic-v1,PHYSICS_REFERENCE,NEAR_BOUNDARY,1.4166666666666667,425.0,416.38766615476305,0.9624218092439366
dod_100,dod-100-v1,blast-lite-lfp-gr-250ah-prismatic-2019-v1,blast-lite-b093495-250ah-prismatic-v1,PHYSICS_REFERENCE,NEAR_BOUNDARY,1.5,450.0,440.44821138586144,0.9607590239569159
dod_100,dod-100-v1,blast-lite-lfp-gr-250ah-prismatic-2019-v1,blast-lite-b093495-250ah-prismatic-v1,PHYSICS_REFERENCE,NEAR_BOUNDARY,1.5833333333333333,475.0,464.46718698478435,0.9591187942453124
dod_100,dod-100-v1,blast-lite-lfp-gr-250ah-prismatic-2019-v1,blast-lite-b093495-250ah-prismatic-v1,PHYSICS_REFERENCE,NEAR_BOUNDARY,1.6666666666666667,500.0,488.44515684091715,0.9574997668623849
dod_100,dod-100-v1,blast-lite-lfp-gr-250ah-prismatic-2019-v1,blast-lite-b093495-250ah-prismatic-v1,PHYSICS_REFERENCE,NEAR_BOUNDARY,1.75,525.0,512.3826510124768,0.955900738828683
dod_100,dod-100-v1,blast-lite-lfp-gr-250ah-prismatic-2019-v1,blast-lite-b093495-250ah-prismatic-v1,PHYSICS_REFERENCE,NEAR_BOUNDARY,1.8333333333333333,550.0,536.2801694831938,0.9543206341021663
dod_100,dod-100-v1,blast-lite-lfp-gr-250ah-prismatic-2019-v1,blast-lite-b093495-250ah-prismatic-v1,PHYSICS_REFERENCE,NEAR_BOUNDARY,1.9166666666666667,575.0,560.138185335748,0.9527584847931505
dod_100,dod-100-v1,blast-lite-lfp-gr-250ah-prismatic-2019-v1,blast-lite-b093495-250ah-prismatic-v1,PHYSICS_REFERENCE,NEAR_BOUNDARY,2.0,600.0,583.9571474555767,0.9512134158755845
dod_100,dod-100-v1,blast-lite-lfp-gr-250ah-prismatic-2019-v1,blast-lite-b093495-250ah-prismatic-v1,PHYSICS_REFERENCE,NEAR_BOUNDARY,2.0833333333333335,625.0,607.7374828524663,0.9496846326224394
dod_100,dod-100-v1,blast-lite-lfp-gr-250ah-prismatic-2019-v1,blast-lite-b093495-250ah-prismatic-v1,PHYSICS_REFERENCE,NEAR_BOUNDARY,2.1666666666666665,650.0,631.4795986680273,0.9481714101881455
dod_100,dod-100-v1,blast-lite-lfp-gr-250ah-prismatic-2019-v1,blast-lite-b093495-250ah-prismatic-v1,PHYSICS_REFERENCE,NEAR_BOUNDARY,2.25,675.0,655.183883922731,0.9466730849011324
dod_100,dod-100-v1,blast-lite-lfp-gr-250ah-prismatic-2019-v1,blast-lite-b093495-250ah-prismatic-v1,PHYSICS_REFERENCE,NEAR_BOUNDARY,2.3333333333333335,700.0,678.8507110452592,0.9451890469316001
dod_100,dod-100-v1,blast-lite-lfp-gr-250ah-prismatic-2019-v1,blast-lite-b093495-250ah-prismatic-v1,PHYSICS_REFERENCE,NEAR_BOUNDARY,2.4166666666666665,725.0,702.4804372185492,0.9437187340750439
dod_100,dod-100-v1,blast-lite-lfp-gr-250ah-prismatic-2019-v1,blast-lite-b093495-250ah-prismatic-v1,PHYSICS_REFERENCE,NEAR_BOUNDARY,2.5,750.0,726.0734055704254,0.9422616264484102
dod_100,dod-100-v1,blast-lite-lfp-gr-250ah-prismatic-2019-v1,blast-lite-b093495-250ah-prismatic-v1,PHYSICS_REFERENCE,NEAR_BOUNDARY,2.5833333333333335,775.0,749.6299462316357,0.9408172419383874
dod_100,dod-100-v1,blast-lite-lfp-gr-250ah-prismatic-2019-v1,blast-lite-b093495-250ah-prismatic-v1,PHYSICS_REFERENCE,NEAR_BOUNDARY,2.6666666666666665,800.0,773.1503772800954,0.939385132273908
dod_100,dod-100-v1,blast-lite-lfp-gr-250ah-prismatic-2019-v1,blast-lite-b093495-250ah-prismatic-v1,PHYSICS_REFERENCE,NEAR_BOUNDARY,2.75,825.0,796.6350055869432,0.9379648796200691
dod_100,dod-100-v1,blast-lite-lfp-gr-250ah-prismatic-2019-v1,blast-lite-b093495-250ah-prismatic-v1,PHYSICS_REFERENCE,NEAR_BOUNDARY,2.8333333333333335,850.0,820.0841275774449,0.9365560936102653
dod_100,dod-100-v1,blast-lite-lfp-gr-250ah-prismatic-2019-v1,blast-lite-b093495-250ah-prismatic-v1,PHYSICS_REFERENCE,NEAR_BOUNDARY,2.9166666666666665,875.0,843.4980299177015,0.935158408748686
dod_100,dod-100-v1,blast-lite-lfp-gr-250ah-prismatic-2019-v1,blast-lite-b093495-250ah-prismatic-v1,PHYSICS_REFERENCE,NEAR_BOUNDARY,3.0,900.0,866.8769901364186,0.9337714821275147
dod_100,dod-100-v1,blast-lite-lfp-gr-250ah-prismatic-2019-v1,blast-lite-b093495-250ah-prismatic-v1,PHYSICS_REFERENCE,NEAR_BOUNDARY,3.0833333333333335,925.0,890.2212771896064,0.9323949914128579
dod_100,dod-100-v1,blast-lite-lfp-gr-250ah-prismatic-2019-v1,blast-lite-b093495-250ah-prismatic-v1,PHYSICS_REFERENCE,NEAR_BOUNDARY,3.1666666666666665,950.0,913.5311519749279,0.931028633061234
dod_100,dod-100-v1,blast-lite-lfp-gr-250ah-prismatic-2019-v1,blast-lite-b093495-250ah-prismatic-v1,PHYSICS_REFERENCE,NEAR_BOUNDARY,3.25,975.0,936.8068678014587,0.929672120734748
dod_100,dod-100-v1,blast-lite-lfp-gr-250ah-prismatic-2019-v1,blast-lite-b093495-250ah-prismatic-v1,PHYSICS_REFERENCE,NEAR_BOUNDARY,3.3333333333333335,1000.0,960.0486708198274,0.9283251838881987
dod_100,dod-100-v1,blast-lite-lfp-gr-250ah-prismatic-2019-v1,blast-lite-b093495-250ah-prismatic-v1,PHYSICS_REFERENCE,NEAR_BOUNDARY,3.4166666666666665,1025.0,983.2568004170324,0.9269875665055575
dod_100,dod-100-v1,blast-lite-lfp-gr-250ah-prismatic-2019-v1,blast-lite-b093495-250ah-prismatic-v1,PHYSICS_REFERENCE,NEAR_BOUNDARY,3.5,1050.0,1006.4314895796714,0.9256590259667051
dod_100,dod-100-v1,blast-lite-lfp-gr-250ah-prismatic-2019-v1,blast-lite-b093495-250ah-prismatic-v1,PHYSICS_REFERENCE,NEAR_BOUNDARY,3.5833333333333335,1075.0,1029.572965228839,0.92433933202816
dod_100,dod-100-v1,blast-lite-lfp-gr-250ah-prismatic-2019-v1,blast-lite-b093495-250ah-prismatic-v1,PHYSICS_REFERENCE,NEAR_BOUNDARY,3.6666666666666665,1100.0,1052.6814485295429,0.9230282659038987
dod_100,dod-100-v1,blast-lite-lfp-gr-250ah-prismatic-2019-v1,blast-lite-b093495-250ah-prismatic-v1,PHYSICS_REFERENCE,NEAR_BOUNDARY,3.75,1125.0,1075.7571551771402,0.9217256194343499
dod_100,dod-100-v1,blast-lite-lfp-gr-250ah-prismatic-2019-v1,blast-lite-b093495-250ah-prismatic-v1,PHYSICS_REFERENCE,NEAR_BOUNDARY,3.8333333333333335,1150.0,1098.800295662999,0.920431194333294
dod_100,dod-100-v1,blast-lite-lfp-gr-250ah-prismatic-2019-v1,blast-lite-b093495-250ah-prismatic-v1,PHYSICS_REFERENCE,NEAR_BOUNDARY,3.9166666666666665,1175.0,1121.8110755213313,0.9191448015038017
dod_100,dod-100-v1,blast-lite-lfp-gr-250ah-prismatic-2019-v1,blast-lite-b093495-250ah-prismatic-v1,PHYSICS_REFERENCE,NEAR_BOUNDARY,4.0,1200.0,1144.7896955589263,0.917866260415519
dod_100,dod-100-v1,blast-lite-lfp-gr-250ah-prismatic-2019-v1,blast-lite-b093495-250ah-prismatic-v1,PHYSICS_REFERENCE,NEAR_BOUNDARY,4.083333333333333,1225.0,1167.7363520693143,0.9165953985366126
dod_100,dod-100-v1,blast-lite-lfp-gr-250ah-prismatic-2019-v1,blast-lite-b093495-250ah-prismatic-v1,PHYSICS_REFERENCE,NEAR_BOUNDARY,4.166666666666667,1250.0,1190.6512370327296,0.9153320508145383
dod_100,dod-100-v1,blast-lite-lfp-gr-250ah-prismatic-2019-v1,blast-lite-b093495-250ah-prismatic-v1,PHYSICS_REFERENCE,NEAR_BOUNDARY,4.25,1275.0,1213.534538303093,0.9140760592005257
dod_100,dod-100-v1,blast-lite-lfp-gr-250ah-prismatic-2019-v1,blast-lite-b093495-250ah-prismatic-v1,PHYSICS_REFERENCE,NEAR_BOUNDARY,4.333333333333333,1300.0,1236.3864397831062,0.9128272722132974
dod_100,dod-100-v1,blast-lite-lfp-gr-250ah-prismatic-2019-v1,blast-lite-b093495-250ah-prismatic-v1,PHYSICS_REFERENCE,NEAR_BOUNDARY,4.416666666666667,1325.0,1259.2071215884387,0.9115855445380807
dod_100,dod-100-v1,blast-lite-lfp-gr-250ah-prismatic-2019-v1,blast-lite-b093495-250ah-prismatic-v1,PHYSICS_REFERENCE,NEAR_BOUNDARY,4.5,1350.0,1281.9967602018908,0.9103507366574297
dod_100,dod-100-v1,blast-lite-lfp-gr-250ah-prismatic-2019-v1,blast-lite-b093495-250ah-prismatic-v1,PHYSICS_REFERENCE,NEAR_BOUNDARY,4.583333333333333,1375.0,1304.7555286183265,0.909122714510783
dod_100,dod-100-v1,blast-lite-lfp-gr-250ah-prismatic-2019-v1,blast-lite-b093495-250ah-prismatic-v1,PHYSICS_REFERENCE,NEAR_BOUNDARY,4.666666666666667,1400.0,1327.4835964810961,0.907901349180027
dod_100,dod-100-v1,blast-lite-lfp-gr-250ah-prismatic-2019-v1,blast-lite-b093495-250ah-prismatic-v1,PHYSICS_REFERENCE,NEAR_BOUNDARY,4.75,1425.0,1350.1811302105968,0.9066865165986413
dod_100,dod-100-v1,blast-lite-lfp-gr-250ah-prismatic-2019-v1,blast-lite-b093495-250ah-prismatic-v1,PHYSICS_REFERENCE,NEAR_BOUNDARY,4.833333333333333,1450.0,1372.8482931255628,0.9054780972822685
dod_100,dod-100-v1,blast-lite-lfp-gr-250ah-prismatic-2019-v1,blast-lite-b093495-250ah-prismatic-v1,PHYSICS_REFERENCE,NEAR_BOUNDARY,4.916666666666667,1475.0,1395.4852455576195,0.9042759760787756
dod_100,dod-100-v1,blast-lite-lfp-gr-250ah-prismatic-2019-v1,blast-lite-b093495-250ah-prismatic-v1,PHYSICS_REFERENCE,NEAR_BOUNDARY,5.0,1500.0,1418.092144959589,0.9030800419360917
dod_100,dod-100-v1,blast-lite-lfp-gr-250ah-prismatic-2019-v1,blast-lite-b093495-250ah-prismatic-v1,PHYSICS_REFERENCE,NEAR_BOUNDARY,5.083333333333333,1525.0,1440.6691460079912,0.9018901876862694
dod_100,dod-100-v1,blast-lite-lfp-gr-250ah-prismatic-2019-v1,blast-lite-b093495-250ah-prismatic-v1,PHYSICS_REFERENCE,NEAR_BOUNDARY,5.166666666666667,1550.0,1463.216400700148,0.900706309844388
dod_100,dod-100-v1,blast-lite-lfp-gr-250ah-prismatic-2019-v1,blast-lite-b093495-250ah-prismatic-v1,PHYSICS_REFERENCE,NEAR_BOUNDARY,5.25,1575.0,1485.7340584462577,0.8995283084210497
dod_100,dod-100-v1,blast-lite-lfp-gr-250ah-prismatic-2019-v1,blast-lite-b093495-250ah-prismatic-v1,PHYSICS_REFERENCE,NEAR_BOUNDARY,5.333333333333333,1600.0,1508.222266156784,0.8983560867473432
dod_100,dod-100-v1,blast-lite-lfp-gr-250ah-prismatic-2019-v1,blast-lite-b093495-250ah-prismatic-v1,PHYSICS_REFERENCE,NEAR_BOUNDARY,5.416666666666667,1625.0,1530.6811683254675,0.8971895513112614
dod_100,dod-100-v1,blast-lite-lfp-gr-250ah-prismatic-2019-v1,blast-lite-b093495-250ah-prismatic-v1,PHYSICS_REFERENCE,NEAR_BOUNDARY,5.5,1650.0,1553.110907108249,0.8960286116046549
dod_100,dod-100-v1,blast-lite-lfp-gr-250ah-prismatic-2019-v1,blast-lite-b093495-250ah-prismatic-v1,PHYSICS_REFERENCE,NEAR_BOUNDARY,5.583333333333333,1675.0,1575.5116223983653,0.8948731799798894
dod_100,dod-100-v1,blast-lite-lfp-gr-250ah-prismatic-2019-v1,blast-lite-b093495-250ah-prismatic-v1,PHYSICS_REFERENCE,NEAR_BOUNDARY,5.666666666666667,1700.0,1597.8834518978624,0.8937231715154546
dod_100,dod-100-v1,blast-lite-lfp-gr-250ah-prismatic-2019-v1,blast-lite-b093495-250ah-prismatic-v1,PHYSICS_REFERENCE,NEAR_BOUNDARY,5.75,1725.0,1620.2265311857489,0.8925785038898377
dod_100,dod-100-v1,blast-lite-lfp-gr-250ah-prismatic-2019-v1,blast-lite-b093495-250ah-prismatic-v1,PHYSICS_REFERENCE,NEAR_BOUNDARY,5.833333333333333,1750.0,1642.5409937829947,0.8914390972630398
dod_100,dod-100-v1,blast-lite-lfp-gr-250ah-prismatic-2019-v1,blast-lite-b093495-250ah-prismatic-v1,PHYSICS_REFERENCE,NEAR_BOUNDARY,5.916666666666667,1775.0,1664.8269712145707,0.8903048741651657
dod_100,dod-100-v1,blast-lite-lfp-gr-250ah-prismatic-2019-v1,blast-lite-b093495-250ah-prismatic-v1,PHYSICS_REFERENCE,NEAR_BOUNDARY,6.0,1800.0,1687.0845930686999,0.8891757593915703
dod_100,dod-100-v1,blast-lite-lfp-gr-250ah-prismatic-2019-v1,blast-lite-b093495-250ah-prismatic-v1,PHYSICS_REFERENCE,NEAR_BOUNDARY,6.083333333333333,1825.0,1709.3139870534892,0.8880516799040885
dod_100,dod-100-v1,blast-lite-lfp-gr-250ah-prismatic-2019-v1,blast-lite-b093495-250ah-prismatic-v1,PHYSICS_REFERENCE,NEAR_BOUNDARY,6.166666666666667,1850.0,1731.5152790510915,0.8869325647379122
dod_100,dod-100-v1,blast-lite-lfp-gr-250ah-prismatic-2019-v1,blast-lite-b093495-250ah-prismatic-v1,PHYSICS_REFERENCE,NEAR_BOUNDARY,6.25,1875.0,1753.6885931695392,0.8858183449137221
dod_100,dod-100-v1,blast-lite-lfp-gr-250ah-prismatic-2019-v1,blast-lite-b093495-250ah-prismatic-v1,PHYSICS_REFERENCE,NEAR_BOUNDARY,6.333333333333333,1900.0,1775.8340517923823,0.8847089533547078
dod_100,dod-100-v1,blast-lite-lfp-gr-250ah-prismatic-2019-v1,blast-lite-b093495-250ah-prismatic-v1,PHYSICS_REFERENCE,NEAR_BOUNDARY,6.416666666666667,1925.0,1797.95177562625,0.8836043248081417
dod_100,dod-100-v1,blast-lite-lfp-gr-250ah-prismatic-2019-v1,blast-lite-b093495-250ah-prismatic-v1,PHYSICS_REFERENCE,NEAR_BOUNDARY,6.5,1950.0,1820.0418837464535,0.8825043957712008
dod_100,dod-100-v1,blast-lite-lfp-gr-250ah-prismatic-2019-v1,blast-lite-b093495-250ah-prismatic-v1,PHYSICS_REFERENCE,NEAR_BOUNDARY,6.583333333333333,1975.0,1842.1044936407336,0.8814091044207533
dod_100,dod-100-v1,blast-lite-lfp-gr-250ah-prismatic-2019-v1,blast-lite-b093495-250ah-prismatic-v1,PHYSICS_REFERENCE,NEAR_BOUNDARY,6.666666666666667,2000.0,1864.1397212512525,0.8803183905468487
dod_100,dod-100-v1,blast-lite-lfp-gr-250ah-prismatic-2019-v1,blast-lite-b093495-250ah-prismatic-v1,PHYSICS_REFERENCE,NEAR_BOUNDARY,6.75,2025.0,1886.1476810149236,0.8792321954896727
dod_100,dod-100-v1,blast-lite-lfp-gr-250ah-prismatic-2019-v1,blast-lite-b093495-250ah-prismatic-v1,PHYSICS_REFERENCE,NEAR_BOUNDARY,6.833333333333333,2050.0,1908.1284859021655,0.878150462079742
dod_100,dod-100-v1,blast-lite-lfp-gr-250ah-prismatic-2019-v1,blast-lite-b093495-250ah-prismatic-v1,PHYSICS_REFERENCE,NEAR_BOUNDARY,6.916666666666667,2075.0,1930.082247454159,0.8770731345811382
dod_100,dod-100-v1,blast-lite-lfp-gr-250ah-prismatic-2019-v1,blast-lite-b093495-250ah-prismatic-v1,PHYSICS_REFERENCE,NEAR_BOUNDARY,7.0,2100.0,1952.0090758186875,0.8760001586375867
dod_100,dod-100-v1,blast-lite-lfp-gr-250ah-prismatic-2019-v1,blast-lite-b093495-250ah-prismatic-v1,PHYSICS_REFERENCE,NEAR_BOUNDARY,7.083333333333333,2125.0,1973.9090797846272,0.8749314812212078
dod_100,dod-100-v1,blast-lite-lfp-gr-250ah-prismatic-2019-v1,blast-lite-b093495-250ah-prismatic-v1,PHYSICS_REFERENCE,NEAR_BOUNDARY,7.166666666666667,2150.0,1995.7823668151575,0.8738670505837756
dod_100,dod-100-v1,blast-lite-lfp-gr-250ah-prismatic-2019-v1,blast-lite-b093495-250ah-prismatic-v1,PHYSICS_REFERENCE,NEAR_BOUNDARY,7.25,2175.0,2017.629043079752,0.8728068162103336
dod_100,dod-100-v1,blast-lite-lfp-gr-250ah-prismatic-2019-v1,blast-lite-b093495-250ah-prismatic-v1,PHYSICS_REFERENCE,NEAR_BOUNDARY,7.333333333333333,2200.0,2039.4492134850102,0.8717507287750287
dod_100,dod-100-v1,blast-lite-lfp-gr-250ah-prismatic-2019-v1,blast-lite-b093495-250ah-prismatic-v1,PHYSICS_REFERENCE,NEAR_BOUNDARY,7.416666666666667,2225.0,2061.242981704386,0.8706987400990281
dod_100,dod-100-v1,blast-lite-lfp-gr-250ah-prismatic-2019-v1,blast-lite-b093495-250ah-prismatic-v1,PHYSICS_REFERENCE,NEAR_BOUNDARY,7.5,2250.0,2083.0104502068616,0.8696508031104042
dod_100,dod-100-v1,blast-lite-lfp-gr-250ah-prismatic-2019-v1,blast-lite-b093495-250ah-prismatic-v1,PHYSICS_REFERENCE,NEAR_BOUNDARY,7.583333333333333,2275.0,2104.7517202846216,0.8686068718058686
dod_100,dod-100-v1,blast-lite-lfp-gr-250ah-prismatic-2019-v1,blast-lite-b093495-250ah-prismatic-v1,PHYSICS_REFERENCE,NEAR_BOUNDARY,7.666666666666667,2300.0,2126.4668920797685,0.8675669012142534
dod_100,dod-100-v1,blast-lite-lfp-gr-250ah-prismatic-2019-v1,blast-lite-b093495-250ah-prismatic-v1,PHYSICS_REFERENCE,NEAR_BOUNDARY,7.75,2325.0,2148.1560646101248,0.8665308473616407
dod_100,dod-100-v1,blast-lite-lfp-gr-250ah-prismatic-2019-v1,blast-lite-b093495-250ah-prismatic-v1,PHYSICS_REFERENCE,NEAR_BOUNDARY,7.833333333333333,2350.0,2169.819335794166,0.8654986672380471
dod_100,dod-100-v1,blast-lite-lfp-gr-250ah-prismatic-2019-v1,blast-lite-b093495-250ah-prismatic-v1,PHYSICS_REFERENCE,NEAR_BOUNDARY,7.916666666666667,2375.0,2191.456802475117,0.8644703187655803
dod_100,dod-100-v1,blast-lite-lfp-gr-250ah-prismatic-2019-v1,blast-lite-b093495-250ah-prismatic-v1,PHYSICS_REFERENCE,NEAR_BOUNDARY,8.0,2400.0,2213.0685604442565,0.8634457607679843
dod_100,dod-100-v1,blast-lite-lfp-gr-250ah-prismatic-2019-v1,blast-lite-b093495-250ah-prismatic-v1,PHYSICS_REFERENCE,NEAR_BOUNDARY,8.083333333333334,2425.0,2234.6547044634563,0.8624249529415018
dod_100,dod-100-v1,blast-lite-lfp-gr-250ah-prismatic-2019-v1,blast-lite-b093495-250ah-prismatic-v1,PHYSICS_REFERENCE,NEAR_BOUNDARY,8.166666666666666,2450.0,2256.215328286994,0.861407855826981
dod_100,dod-100-v1,blast-lite-lfp-gr-250ah-prismatic-2019-v1,blast-lite-b093495-250ah-prismatic-v1,PHYSICS_REFERENCE,NEAR_BOUNDARY,8.25,2475.0,2277.7505246826686,0.8603944307831617
dod_100,dod-100-v1,blast-lite-lfp-gr-250ah-prismatic-2019-v1,blast-lite-b093495-250ah-prismatic-v1,PHYSICS_REFERENCE,NEAR_BOUNDARY,8.333333333333334,2500.0,2299.2603854522476,0.85938463996108
dod_100,dod-100-v1,blast-lite-lfp-gr-250ah-prismatic-2019-v1,blast-lite-b093495-250ah-prismatic-v1,PHYSICS_REFERENCE,NEAR_BOUNDARY,8.416666666666666,2525.0,2320.7450014512747,0.8583784462795339
dod_100,dod-100-v1,blast-lite-lfp-gr-250ah-prismatic-2019-v1,blast-lite-b093495-250ah-prismatic-v1,PHYSICS_REFERENCE,NEAR_BOUNDARY,8.5,2550.0,2342.204462608263,0.8573758134015521
dod_100,dod-100-v1,blast-lite-lfp-gr-250ah-prismatic-2019-v1,blast-lite-b093495-250ah-prismatic-v1,PHYSICS_REFERENCE,NEAR_BOUNDARY,8.583333333333334,2575.0,2363.638857943302,0.8563767057118215
dod_100,dod-100-v1,blast-lite-lfp-gr-250ah-prismatic-2019-v1,blast-lite-b093495-250ah-prismatic-v1,PHYSICS_REFERENCE,NEAR_BOUNDARY,8.666666666666666,2600.0,2385.0482755860976,0.8553810882950188
dod_100,dod-100-v1,blast-lite-lfp-gr-250ah-prismatic-2019-v1,blast-lite-b093495-250ah-prismatic-v1,PHYSICS_REFERENCE,NEAR_BOUNDARY,8.75,2625.0,2406.432802793473,0.8543889269150057
dod_100,dod-100-v1,blast-lite-lfp-gr-250ah-prismatic-2019-v1,blast-lite-b093495-250ah-prismatic-v1,PHYSICS_REFERENCE,NEAR_BOUNDARY,8.833333333333334,2650.0,2427.792525966348,0.8534001879948427
dod_100,dod-100-v1,blast-lite-lfp-gr-250ah-prismatic-2019-v1,blast-lite-b093495-250ah-prismatic-v1,PHYSICS_REFERENCE,NEAR_BOUNDARY,8.916666666666666,2675.0,2449.127530666219,0.8524148385975835
dod_100,dod-100-v1,blast-lite-lfp-gr-250ah-prismatic-2019-v1,blast-lite-b093495-250ah-prismatic-v1,PHYSICS_REFERENCE,NEAR_BOUNDARY,9.0,2700.0,2470.4379016311586,0.8514328464078109
dod_100,dod-100-v1,blast-lite-lfp-gr-250ah-prismatic-2019-v1,blast-lite-b093495-250ah-prismatic-v1,PHYSICS_REFERENCE,NEAR_BOUNDARY,9.083333333333334,2725.0,2491.723722791354,0.8504541797138793
dod_100,dod-100-v1,blast-lite-lfp-gr-250ah-prismatic-2019-v1,blast-lite-b093495-250ah-prismatic-v1,PHYSICS_REFERENCE,NEAR_BOUNDARY,9.166666666666666,2750.0,2512.985077284201,0.8494788073908306
dod_100,dod-100-v1,blast-lite-lfp-gr-250ah-prismatic-2019-v1,blast-lite-b093495-250ah-prismatic-v1,PHYSICS_REFERENCE,NEAR_BOUNDARY,9.25,2775.0,2534.2220474689716,0.8485066988839512
dod_100,dod-100-v1,blast-lite-lfp-gr-250ah-prismatic-2019-v1,blast-lite-b093495-250ah-prismatic-v1,PHYSICS_REFERENCE,NEAR_BOUNDARY,9.333333333333334,2800.0,2555.4347149410705,0.8475378241929415
dod_100,dod-100-v1,blast-lite-lfp-gr-250ah-prismatic-2019-v1,blast-lite-b093495-250ah-prismatic-v1,PHYSICS_REFERENCE,NEAR_BOUNDARY,9.416666666666666,2825.0,2576.6231605458943,0.8465721538566681
dod_100,dod-100-v1,blast-lite-lfp-gr-250ah-prismatic-2019-v1,blast-lite-b093495-250ah-prismatic-v1,PHYSICS_REFERENCE,NEAR_BOUNDARY,9.5,2850.0,2597.787464392311,0.8456096589384731
dod_100,dod-100-v1,blast-lite-lfp-gr-250ah-prismatic-2019-v1,blast-lite-b093495-250ah-prismatic-v1,PHYSICS_REFERENCE,NEAR_BOUNDARY,9.583333333333334,2875.0,2618.9277058657726,0.8446503110120158
dod_100,dod-100-v1,blast-lite-lfp-gr-250ah-prismatic-2019-v1,blast-lite-b093495-250ah-prismatic-v1,PHYSICS_REFERENCE,NEAR_BOUNDARY,9.666666666666666,2900.0,2640.043963641073,0.8436940821476218
dod_100,dod-100-v1,blast-lite-lfp-gr-250ah-prismatic-2019-v1,blast-lite-b093495-250ah-prismatic-v1,PHYSICS_REFERENCE,NEAR_BOUNDARY,9.75,2925.0,2661.136315694763,0.8427409448991168
dod_100,dod-100-v1,blast-lite-lfp-gr-250ah-prismatic-2019-v1,blast-lite-b093495-250ah-prismatic-v1,PHYSICS_REFERENCE,NEAR_BOUNDARY,9.833333333333334,2950.0,2682.2048393172413,0.8417908722911257
dod_100,dod-100-v1,blast-lite-lfp-gr-250ah-prismatic-2019-v1,blast-lite-b093495-250ah-prismatic-v1,PHYSICS_REFERENCE,NEAR_BOUNDARY,9.916666666666666,2975.0,2703.2496111245196,0.8408438378068144
dod_100,dod-100-v1,blast-lite-lfp-gr-250ah-prismatic-2019-v1,blast-lite-b093495-250ah-prismatic-v1,PHYSICS_REFERENCE,NEAR_BOUNDARY,10.0,3000.0,2724.2707070696897,0.8398998153760561
dod_100,dod-100-v1,blast-lite-lfp-gr-250ah-prismatic-2019-v1,blast-lite-b093495-250ah-prismatic-v1,PHYSICS_REFERENCE,NEAR_BOUNDARY,10.083333333333334,3025.0,2745.268202454091,0.8389587793640045
dod_100,dod-100-v1,blast-lite-lfp-gr-250ah-prismatic-2019-v1,blast-lite-b093495-250ah-prismatic-v1,PHYSICS_REFERENCE,NEAR_BOUNDARY,10.166666666666666,3050.0,2766.242171938191,0.8380207045600554
dod_100,dod-100-v1,blast-lite-lfp-gr-250ah-prismatic-2019-v1,blast-lite-b093495-250ah-prismatic-v1,PHYSICS_REFERENCE,NEAR_BOUNDARY,10.25,3075.0,2787.1926895521924,0.8370855661671809
dod_100,dod-100-v1,blast-lite-lfp-gr-250ah-prismatic-2019-v1,blast-lite-b093495-250ah-prismatic-v1,PHYSICS_REFERENCE,NEAR_BOUNDARY,10.333333333333334,3100.0,2808.119828706372,0.8361533397916204
dod_100,dod-100-v1,blast-lite-lfp-gr-250ah-prismatic-2019-v1,blast-lite-b093495-250ah-prismatic-v1,PHYSICS_REFERENCE,NEAR_BOUNDARY,10.416666666666666,3125.0,2829.0236622011626,0.8352240014329149
dod_100,dod-100-v1,blast-lite-lfp-gr-250ah-prismatic-2019-v1,blast-lite-b093495-250ah-prismatic-v1,PHYSICS_REFERENCE,NEAR_BOUNDARY,10.5,3150.0,2849.9042622369852,0.8342975274742674
dod_100,dod-100-v1,blast-lite-lfp-gr-250ah-prismatic-2019-v1,blast-lite-b093495-250ah-prismatic-v1,PHYSICS_REFERENCE,NEAR_BOUNDARY,10.583333333333334,3175.0,2870.761700423842,0.8333738946732199
dod_100,dod-100-v1,blast-lite-lfp-gr-250ah-prismatic-2019-v1,blast-lite-b093495-250ah-prismatic-v1,PHYSICS_REFERENCE,NEAR_BOUNDARY,10.666666666666666,3200.0,2891.5960477906724,0.8324530801526303
dod_100,dod-100-v1,blast-lite-lfp-gr-250ah-prismatic-2019-v1,blast-lite-b093495-250ah-prismatic-v1,PHYSICS_REFERENCE,NEAR_BOUNDARY,10.75,3225.0,2912.407374794488,0.8315350613919412
dod_100,dod-100-v1,blast-lite-lfp-gr-250ah-prismatic-2019-v1,blast-lite-b093495-250ah-prismatic-v1,PHYSICS_REFERENCE,NEAR_BOUNDARY,10.833333333333334,3250.0,2933.1957513292864,0.8306198162187257
dod_100,dod-100-v1,blast-lite-lfp-gr-250ah-prismatic-2019-v1,blast-lite-b093495-250ah-prismatic-v1,PHYSICS_REFERENCE,NEAR_BOUNDARY,10.916666666666666,3275.0,2953.9612467347547,0.8297073228004996
dod_100,dod-100-v1,blast-lite-lfp-gr-250ah-prismatic-2019-v1,blast-lite-b093495-250ah-prismatic-v1,PHYSICS_REFERENCE,NEAR_BOUNDARY,11.0,3300.0,2974.703929804767,0.8287975596367929
dod_100,dod-100-v1,blast-lite-lfp-gr-250ah-prismatic-2019-v1,blast-lite-b093495-250ah-prismatic-v1,PHYSICS_REFERENCE,NEAR_BOUNDARY,11.083333333333334,3325.0,2995.4238687956868,0.8278905055514653
dod_100,dod-100-v1,blast-lite-lfp-gr-250ah-prismatic-2019-v1,blast-lite-b093495-250ah-prismatic-v1,PHYSICS_REFERENCE,NEAR_BOUNDARY,11.166666666666666,3350.0,3016.121131434473,0.8269861396852602
dod_100,dod-100-v1,blast-lite-lfp-gr-250ah-prismatic-2019-v1,blast-lite-b093495-250ah-prismatic-v1,PHYSICS_REFERENCE,NEAR_BOUNDARY,11.25,3375.0,3036.795784926605,0.8260844414885875
dod_100,dod-100-v1,blast-lite-lfp-gr-250ah-prismatic-2019-v1,blast-lite-b093495-250ah-prismatic-v1,PHYSICS_REFERENCE,NEAR_BOUNDARY,11.333333333333334,3400.0,3057.4478959638195,0.8251853907145233
dod_100,dod-100-v1,blast-lite-lfp-gr-250ah-prismatic-2019-v1,blast-lite-b093495-250ah-prismatic-v1,PHYSICS_REFERENCE,NEAR_BOUNDARY,11.416666666666666,3425.0,3078.0775307316826,0.8242889674120245
dod_100,dod-100-v1,blast-lite-lfp-gr-250ah-prismatic-2019-v1,blast-lite-b093495-250ah-prismatic-v1,PHYSICS_REFERENCE,NEAR_BOUNDARY,11.5,3450.0,3098.6847549169834,0.8233951519193424
dod_100,dod-100-v1,blast-lite-lfp-gr-250ah-prismatic-2019-v1,blast-lite-b093495-250ah-prismatic-v1,PHYSICS_REFERENCE,NEAR_BOUNDARY,11.583333333333334,3475.0,3119.269633714967,0.8225039248576359
dod_100,dod-100-v1,blast-lite-lfp-gr-250ah-prismatic-2019-v1,blast-lite-b093495-250ah-prismatic-v1,PHYSICS_REFERENCE,NEAR_BOUNDARY,11.666666666666666,3500.0,3139.8322318364076,0.82161526712477
dod_100,dod-100-v1,blast-lite-lfp-gr-250ah-prismatic-2019-v1,blast-lite-b093495-250ah-prismatic-v1,PHYSICS_REFERENCE,NEAR_BOUNDARY,11.75,3525.0,3160.3726135145266,0.8207291598892974
dod_100,dod-100-v1,blast-lite-lfp-gr-250ah-prismatic-2019-v1,blast-lite-b093495-250ah-prismatic-v1,PHYSICS_REFERENCE,NEAR_BOUNDARY,11.833333333333334,3550.0,3180.8908425117593,0.8198455845846154
dod_100,dod-100-v1,blast-lite-lfp-gr-250ah-prismatic-2019-v1,blast-lite-b093495-250ah-prismatic-v1,PHYSICS_REFERENCE,NEAR_BOUNDARY,11.916666666666666,3575.0,3201.3869821263747,0.8189645229032898
dod_100,dod-100-v1,blast-lite-lfp-gr-250ah-prismatic-2019-v1,blast-lite-b093495-250ah-prismatic-v1,PHYSICS_REFERENCE,NEAR_BOUNDARY,12.0,3600.0,3221.861095198957,0.8180859567915428
dod_100,dod-100-v1,blast-lite-lfp-gr-250ah-prismatic-2019-v1,blast-lite-b093495-250ah-prismatic-v1,PHYSICS_REFERENCE,NEAR_BOUNDARY,12.083333333333334,3625.0,3242.313244118746,0.8172098684438966
dod_100,dod-100-v1,blast-lite-lfp-gr-250ah-prismatic-2019-v1,blast-lite-b093495-250ah-prismatic-v1,PHYSICS_REFERENCE,NEAR_BOUNDARY,12.166666666666666,3650.0,3262.7434908298433,0.8163362402979693
dod_100,dod-100-v1,blast-lite-lfp-gr-250ah-prismatic-2019-v1,blast-lite-b093495-250ah-prismatic-v1,PHYSICS_REFERENCE,NEAR_BOUNDARY,12.25,3675.0,3283.1518968372925,0.8154650550294156
dod_100,dod-100-v1,blast-lite-lfp-gr-250ah-prismatic-2019-v1,blast-lite-b093495-250ah-prismatic-v1,PHYSICS_REFERENCE,NEAR_BOUNDARY,12.333333333333334,3700.0,3303.538523213028,0.814596295547009
dod_100,dod-100-v1,blast-lite-lfp-gr-250ah-prismatic-2019-v1,blast-lite-b093495-250ah-prismatic-v1,PHYSICS_REFERENCE,NEAR_BOUNDARY,12.416666666666666,3725.0,3323.9034306017033,0.8137299449878594
dod_100,dod-100-v1,blast-lite-lfp-gr-250ah-prismatic-2019-v1,blast-lite-b093495-250ah-prismatic-v1,PHYSICS_REFERENCE,NEAR_BOUNDARY,12.5,3750.0,3344.2466792264,0.8128659867127634
dod_100,dod-100-v1,blast-lite-lfp-gr-250ah-prismatic-2019-v1,blast-lite-b093495-250ah-prismatic-v1,PHYSICS_REFERENCE,NEAR_BOUNDARY,12.583333333333334,3775.0,3364.568328894219,0.8120044043016785
dod_100,dod-100-v1,blast-lite-lfp-gr-250ah-prismatic-2019-v1,blast-lite-b093495-250ah-prismatic-v1,PHYSICS_REFERENCE,NEAR_BOUNDARY,12.666666666666666,3800.0,3384.868439001761,0.8111451815493226
dod_100,dod-100-v1,blast-lite-lfp-gr-250ah-prismatic-2019-v1,blast-lite-b093495-250ah-prismatic-v1,PHYSICS_REFERENCE,NEAR_BOUNDARY,12.75,3825.0,3405.1470685404943,0.8102883024608906
dod_100,dod-100-v1,blast-lite-lfp-gr-250ah-prismatic-2019-v1,blast-lite-b093495-250ah-prismatic-v1,PHYSICS_REFERENCE,NEAR_BOUNDARY,12.833333333333334,3850.0,3425.4042761020164,0.8094337512478853
dod_100,dod-100-v1,blast-lite-lfp-gr-250ah-prismatic-2019-v1,blast-lite-b093495-250ah-prismatic-v1,PHYSICS_REFERENCE,NEAR_BOUNDARY,12.916666666666666,3875.0,3445.6401198832136,0.8085815123240593
dod_100,dod-100-v1,blast-lite-lfp-gr-250ah-prismatic-2019-v1,blast-lite-b093495-250ah-prismatic-v1,PHYSICS_REFERENCE,NEAR_BOUNDARY,13.0,3900.0,3465.854657691315,0.8077315703014633
dod_100,dod-100-v1,blast-lite-lfp-gr-250ah-prismatic-2019-v1,blast-lite-b093495-250ah-prismatic-v1,PHYSICS_REFERENCE,NEAR_BOUNDARY,13.083333333333334,3925.0,3486.0479469488514,0.8068839099865983
dod_100,dod-100-v1,blast-lite-lfp-gr-250ah-prismatic-2019-v1,blast-lite-b093495-250ah-prismatic-v1,PHYSICS_REFERENCE,NEAR_BOUNDARY,13.166666666666666,3950.0,3506.220044698516,0.8060385163766679
dod_100,dod-100-v1,blast-lite-lfp-gr-250ah-prismatic-2019-v1,blast-lite-b093495-250ah-prismatic-v1,PHYSICS_REFERENCE,NEAR_BOUNDARY,13.25,3975.0,3526.371007607933,0.8051953746559263
dod_100,dod-100-v1,blast-lite-lfp-gr-250ah-prismatic-2019-v1,blast-lite-b093495-250ah-prismatic-v1,PHYSICS_REFERENCE,NEAR_BOUNDARY,13.333333333333334,4000.0,3546.500891974331,0.8043544701921217
dod_100,dod-100-v1,blast-lite-lfp-gr-250ah-prismatic-2019-v1,blast-lite-b093495-250ah-prismatic-v1,PHYSICS_REFERENCE,NEAR_BOUNDARY,13.416666666666666,4025.0,3566.609753729134,0.803515788533029
dod_100,dod-100-v1,blast-lite-lfp-gr-250ah-prismatic-2019-v1,blast-lite-b093495-250ah-prismatic-v1,PHYSICS_REFERENCE,NEAR_BOUNDARY,13.5,4050.0,3586.6976484424595,0.8026793154030712
dod_100,dod-100-v1,blast-lite-lfp-gr-250ah-prismatic-2019-v1,blast-lite-b093495-250ah-prismatic-v1,PHYSICS_REFERENCE,NEAR_BOUNDARY,13.583333333333334,4075.0,3606.7646313275363,0.8018450367000249
dod_100,dod-100-v1,blast-lite-lfp-gr-250ah-prismatic-2019-v1,blast-lite-b093495-250ah-prismatic-v1,PHYSICS_REFERENCE,NEAR_BOUNDARY,13.666666666666666,4100.0,3626.810757245037,0.8010129384918093
dod_100,dod-100-v1,blast-lite-lfp-gr-250ah-prismatic-2019-v1,blast-lite-b093495-250ah-prismatic-v1,PHYSICS_REFERENCE,NEAR_BOUNDARY,13.75,4125.0,3646.8360807073323,0.8001830070133535
dod_100,dod-100-v1,blast-lite-lfp-gr-250ah-prismatic-2019-v1,blast-lite-b093495-250ah-prismatic-v1,PHYSICS_REFERENCE,NEAR_BOUNDARY,13.833333333333334,4150.0,3666.840655882666,0.7993552286635432
dod_100,dod-100-v1,blast-lite-lfp-gr-250ah-prismatic-2019-v1,blast-lite-b093495-250ah-prismatic-v1,PHYSICS_REFERENCE,NEAR_BOUNDARY,13.916666666666666,4175.0,3686.8245365992543,0.7985295900022403
dod_100,dod-100-v1,blast-lite-lfp-gr-250ah-prismatic-2019-v1,blast-lite-b093495-250ah-prismatic-v1,PHYSICS_REFERENCE,NEAR_BOUNDARY,14.0,4200.0,3706.78777634931,0.797706077747376
dod_100,dod-100-v1,blast-lite-lfp-gr-250ah-prismatic-2019-v1,blast-lite-b093495-250ah-prismatic-v1,PHYSICS_REFERENCE,NEAR_BOUNDARY,14.083333333333334,4225.0,3726.7304282929945,0.7968846787721149
dod_100,dod-100-v1,blast-lite-lfp-gr-250ah-prismatic-2019-v1,blast-lite-b093495-250ah-prismatic-v1,PHYSICS_REFERENCE,NEAR_BOUNDARY,14.166666666666666,4250.0,3746.6525452622973,0.7960653801020864
dod_100,dod-100-v1,blast-lite-lfp-gr-250ah-prismatic-2019-v1,blast-lite-b093495-250ah-prismatic-v1,PHYSICS_REFERENCE,NEAR_BOUNDARY,14.25,4275.0,3766.5541797648493,0.795248168912683
dod_100,dod-100-v1,blast-lite-lfp-gr-250ah-prismatic-2019-v1,blast-lite-b093495-250ah-prismatic-v1,PHYSICS_REFERENCE,NEAR_BOUNDARY,14.333333333333334,4300.0,3786.4353839876662,0.7944330325264226
dod_100,dod-100-v1,blast-lite-lfp-gr-250ah-prismatic-2019-v1,blast-lite-b093495-250ah-prismatic-v1,PHYSICS_REFERENCE,NEAR_BOUNDARY,14.416666666666666,4325.0,3806.296209800827,0.7936199584103729
dod_100,dod-100-v1,blast-lite-lfp-gr-250ah-prismatic-2019-v1,blast-lite-b093495-250ah-prismatic-v1,PHYSICS_REFERENCE,NEAR_BOUNDARY,14.5,4350.0,3826.1367087610865,0.7928089341736377
dod_100,dod-100-v1,blast-lite-lfp-gr-250ah-prismatic-2019-v1,blast-lite-b093495-250ah-prismatic-v1,PHYSICS_REFERENCE,NEAR_BOUNDARY,14.583333333333334,4375.0,3845.9569321154277,0.7919999475648999
dod_100,dod-100-v1,blast-lite-lfp-gr-250ah-prismatic-2019-v1,blast-lite-b093495-250ah-prismatic-v1,PHYSICS_REFERENCE,NEAR_BOUNDARY,14.666666666666666,4400.0,3865.75693080455,0.7911929864700229
dod_100,dod-100-v1,blast-lite-lfp-gr-250ah-prismatic-2019-v1,blast-lite-b093495-250ah-prismatic-v1,PHYSICS_REFERENCE,NEAR_BOUNDARY,14.75,4425.0,3885.5367554663003,0.7903880389097071
dod_100,dod-100-v1,blast-lite-lfp-gr-250ah-prismatic-2019-v1,blast-lite-b093495-250ah-prismatic-v1,PHYSICS_REFERENCE,NEAR_BOUNDARY,14.833333333333334,4450.0,3905.296456439043,0.7895850930372
dod_100,dod-100-v1,blast-lite-lfp-gr-250ah-prismatic-2019-v1,blast-lite-b093495-250ah-prismatic-v1,PHYSICS_REFERENCE,NEAR_BOUNDARY,14.916666666666666,4475.0,3925.0360837649732,0.7887841371360595
dod_100,dod-100-v1,blast-lite-lfp-gr-250ah-prismatic-2019-v1,blast-lite-b093495-250ah-prismatic-v1,PHYSICS_REFERENCE,NEAR_BOUNDARY,15.0,4500.0,3944.755687193375,0.7879851596179654
dod_100,dod-100-v1,blast-lite-lfp-gr-250ah-prismatic-2019-v1,blast-lite-b093495-250ah-prismatic-v1,PHYSICS_REFERENCE,NEAR_BOUNDARY,15.083333333333334,4525.0,3964.455316183824,0.7871881490205838
dod_100,dod-100-v1,blast-lite-lfp-gr-250ah-prismatic-2019-v1,blast-lite-b093495-250ah-prismatic-v1,PHYSICS_REFERENCE,NEAR_BOUNDARY,15.166666666666666,4550.0,3984.1350199093386,0.7863930940054765
dod_100,dod-100-v1,blast-lite-lfp-gr-250ah-prismatic-2019-v1,blast-lite-b093495-250ah-prismatic-v1,PHYSICS_REFERENCE,NEAR_BOUNDARY,15.25,4575.0,4003.7948472594753,0.7855999833560582
dod_100,dod-100-v1,blast-lite-lfp-gr-250ah-prismatic-2019-v1,blast-lite-b093495-250ah-prismatic-v1,PHYSICS_REFERENCE,NEAR_BOUNDARY,15.333333333333334,4600.0,4023.434846843377,0.7848088059755993
dod_100,dod-100-v1,blast-lite-lfp-gr-250ah-prismatic-2019-v1,blast-lite-b093495-250ah-prismatic-v1,PHYSICS_REFERENCE,NEAR_BOUNDARY,15.416666666666666,4625.0,4043.055066992767,0.7840195508852721
dod_100,dod-100-v1,blast-lite-lfp-gr-250ah-prismatic-2019-v1,blast-lite-b093495-250ah-prismatic-v1,PHYSICS_REFERENCE,NEAR_BOUNDARY,15.5,4650.0,4062.655555764899,0.7832322072222395
dod_100,dod-100-v1,blast-lite-lfp-gr-250ah-prismatic-2019-v1,blast-lite-b093495-250ah-prismatic-v1,PHYSICS_REFERENCE,NEAR_BOUNDARY,15.583333333333334,4675.0,4082.236360945455,0.7824467642377868
dod_100,dod-100-v1,blast-lite-lfp-gr-250ah-prismatic-2019-v1,blast-lite-b093495-250ah-prismatic-v1,PHYSICS_REFERENCE,NEAR_BOUNDARY,15.666666666666666,4700.0,4101.7975300514,0.781663211295492
dod_100,dod-100-v1,blast-lite-lfp-gr-250ah-prismatic-2019-v1,blast-lite-b093495-250ah-prismatic-v1,PHYSICS_REFERENCE,NEAR_BOUNDARY,15.75,4725.0,4121.339110333787,0.7808815378694378
dod_100,dod-100-v1,blast-lite-lfp-gr-250ah-prismatic-2019-v1,blast-lite-b093495-250ah-prismatic-v1,PHYSICS_REFERENCE,NEAR_BOUNDARY,15.833333333333334,4750.0,4140.861148780523,0.7801017335424596
dod_100,dod-100-v1,blast-lite-lfp-gr-250ah-prismatic-2019-v1,blast-lite-b093495-250ah-prismatic-v1,PHYSICS_REFERENCE,NEAR_BOUNDARY,15.916666666666666,4775.0,4160.363692119085,0.7793237880044328
dod_100,dod-100-v1,blast-lite-lfp-gr-250ah-prismatic-2019-v1,blast-lite-b093495-250ah-prismatic-v1,PHYSICS_REFERENCE,NEAR_BOUNDARY,16.0,4800.0,4179.846786819196,0.778547691050595
dod_100,dod-100-v1,blast-lite-lfp-gr-250ah-prismatic-2019-v1,blast-lite-b093495-250ah-prismatic-v1,PHYSICS_REFERENCE,NEAR_BOUNDARY,16.083333333333332,4825.0,4199.31047909546,0.7777734325799045
dod_100,dod-100-v1,blast-lite-lfp-gr-250ah-prismatic-2019-v1,blast-lite-b093495-250ah-prismatic-v1,PHYSICS_REFERENCE,NEAR_BOUNDARY,16.166666666666668,4850.0,4218.7548149099575,0.7770010025934331
dod_100,dod-100-v1,blast-lite-lfp-gr-250ah-prismatic-2019-v1,blast-lite-b093495-250ah-prismatic-v1,PHYSICS_REFERENCE,NEAR_BOUNDARY,16.25,4875.0,4238.179839974793,0.7762303911927916
dod_100,dod-100-v1,blast-lite-lfp-gr-250ah-prismatic-2019-v1,blast-lite-b093495-250ah-prismatic-v1,PHYSICS_REFERENCE,NEAR_BOUNDARY,16.333333333333332,4900.0,4257.585599754613,0.775461588578589
dod_100,dod-100-v1,blast-lite-lfp-gr-250ah-prismatic-2019-v1,blast-lite-b093495-250ah-prismatic-v1,PHYSICS_REFERENCE,NEAR_BOUNDARY,16.416666666666668,4925.0,4276.972139469078,0.7746945850489233
dod_100,dod-100-v1,blast-lite-lfp-gr-250ah-prismatic-2019-v1,blast-lite-b093495-250ah-prismatic-v1,PHYSICS_REFERENCE,NEAR_BOUNDARY,16.5,4950.0,4296.339504095301,0.7739293709979023
dod_100,dod-100-v1,blast-lite-lfp-gr-250ah-prismatic-2019-v1,blast-lite-b093495-250ah-prismatic-v1,PHYSICS_REFERENCE,NEAR_BOUNDARY,16.583333333333332,4975.0,4315.687738370249,0.7731659369141964
dod_100,dod-100-v1,blast-lite-lfp-gr-250ah-prismatic-2019-v1,blast-lite-b093495-250ah-prismatic-v1,PHYSICS_REFERENCE,NEAR_BOUNDARY,16.666666666666668,5000.0,4335.016886793103,0.772404273379619
dod_100,dod-100-v1,blast-lite-lfp-gr-250ah-prismatic-2019-v1,blast-lite-b093495-250ah-prismatic-v1,PHYSICS_REFERENCE,NEAR_BOUNDARY,16.75,5025.0,4354.326993627594,0.7716443710677364
dod_100,dod-100-v1,blast-lite-lfp-gr-250ah-prismatic-2019-v1,blast-lite-b093495-250ah-prismatic-v1,PHYSICS_REFERENCE,NEAR_BOUNDARY,16.833333333333332,5050.0,4373.618102904287,0.7708862207425062
dod_100,dod-100-v1,blast-lite-lfp-gr-250ah-prismatic-2019-v1,blast-lite-b093495-250ah-prismatic-v1,PHYSICS_REFERENCE,NEAR_BOUNDARY,16.916666666666668,5075.0,4392.89025842285,0.7701298132569419
dod_100,dod-100-v1,blast-lite-lfp-gr-250ah-prismatic-2019-v1,blast-lite-b093495-250ah-prismatic-v1,PHYSICS_REFERENCE,NEAR_BOUNDARY,17.0,5100.0,4412.143503754273,0.7693751395518043
dod_100,dod-100-v1,blast-lite-lfp-gr-250ah-prismatic-2019-v1,blast-lite-b093495-250ah-prismatic-v1,PHYSICS_REFERENCE,NEAR_BOUNDARY,17.083333333333332,5125.0,4431.377882243069,0.768622190654319
dod_100,dod-100-v1,blast-lite-lfp-gr-250ah-prismatic-2019-v1,blast-lite-b093495-250ah-prismatic-v1,PHYSICS_REFERENCE,NEAR_BOUNDARY,17.166666666666668,5150.0,4450.593437009426,0.7678709576769205
dod_100,dod-100-v1,blast-lite-lfp-gr-250ah-prismatic-2019-v1,blast-lite-b093495-250ah-prismatic-v1,PHYSICS_REFERENCE,NEAR_BOUNDARY,17.25,5175.0,4469.79021095135,0.7671214318160172
dod_100,dod-100-v1,blast-lite-lfp-gr-250ah-prismatic-2019-v1,blast-lite-b093495-250ah-prismatic-v1,PHYSICS_REFERENCE,NEAR_BOUNDARY,17.333333333333332,5200.0,4488.96824674675,0.766373604350785
dod_100,dod-100-v1,blast-lite-lfp-gr-250ah-prismatic-2019-v1,blast-lite-b093495-250ah-prismatic-v1,PHYSICS_REFERENCE,NEAR_BOUNDARY,17.416666666666668,5225.0,4508.127586855519,0.765627466641981
dod_100,dod-100-v1,blast-lite-lfp-gr-250ah-prismatic-2019-v1,blast-lite-b093495-250ah-prismatic-v1,PHYSICS_REFERENCE,NEAR_BOUNDARY,17.5,5250.0,4527.2682735215685,0.7648830101307814
dod_100,dod-100-v1,blast-lite-lfp-gr-250ah-prismatic-2019-v1,blast-lite-b093495-250ah-prismatic-v1,PHYSICS_REFERENCE,NEAR_BOUNDARY,17.583333333333332,5275.0,4546.3903487748385,0.7641402263376419
dod_100,dod-100-v1,blast-lite-lfp-gr-250ah-prismatic-2019-v1,blast-lite-b093495-250ah-prismatic-v1,PHYSICS_REFERENCE,NEAR_BOUNDARY,17.666666666666668,5300.0,4565.49385443328,0.7633991068611794
dod_100,dod-100-v1,blast-lite-lfp-gr-250ah-prismatic-2019-v1,blast-lite-b093495-250ah-prismatic-v1,PHYSICS_REFERENCE,NEAR_BOUNDARY,17.75,5325.0,4584.578832104809,0.7626596433770746
dod_100,dod-100-v1,blast-lite-lfp-gr-250ah-prismatic-2019-v1,blast-lite-b093495-250ah-prismatic-v1,PHYSICS_REFERENCE,NEAR_BOUNDARY,17.833333333333332,5350.0,4603.6453231892365,0.7619218276369967
dod_100,dod-100-v1,blast-lite-lfp-gr-250ah-prismatic-2019-v1,blast-lite-b093495-250ah-prismatic-v1,PHYSICS_REFERENCE,NEAR_BOUNDARY,17.916666666666668,5375.0,4622.693368880161,0.7611856514675469
dod_100,dod-100-v1,blast-lite-lfp-gr-250ah-prismatic-2019-v1,blast-lite-b093495-250ah-prismatic-v1,PHYSICS_REFERENCE,NEAR_BOUNDARY,18.0,5400.0,4641.723010166849,0.7604511067692226
dod_100,dod-100-v1,blast-lite-lfp-gr-250ah-prismatic-2019-v1,blast-lite-b093495-250ah-prismatic-v1,PHYSICS_REFERENCE,NEAR_BOUNDARY,18.083333333333332,5425.0,4660.73428783608,0.7597181855154005
dod_100,dod-100-v1,blast-lite-lfp-gr-250ah-prismatic-2019-v1,blast-lite-b093495-250ah-prismatic-v1,PHYSICS_REFERENCE,NEAR_BOUNDARY,18.166666666666668,5450.0,4679.727242473965,0.7589868797513386
dod_100,dod-100-v1,blast-lite-lfp-gr-250ah-prismatic-2019-v1,blast-lite-b093495-250ah-prismatic-v1,PHYSICS_REFERENCE,NEAR_BOUNDARY,18.25,5475.0,4698.701914467749,0.7582571815931971
dod_100,dod-100-v1,blast-lite-lfp-gr-250ah-prismatic-2019-v1,blast-lite-b093495-250ah-prismatic-v1,PHYSICS_REFERENCE,NEAR_BOUNDARY,18.333333333333332,5500.0,4717.658344007578,0.7575290832270762
dod_100,dod-100-v1,blast-lite-lfp-gr-250ah-prismatic-2019-v1,blast-lite-b093495-250ah-prismatic-v1,PHYSICS_REFERENCE,NEAR_BOUNDARY,18.416666666666668,5525.0,4736.596571088256,0.7568025769080735
dod_100,dod-100-v1,blast-lite-lfp-gr-250ah-prismatic-2019-v1,blast-lite-b093495-250ah-prismatic-v1,PHYSICS_REFERENCE,NEAR_BOUNDARY,18.5,5550.0,4755.516635510958,0.7560776549593555
dod_100,dod-100-v1,blast-lite-lfp-gr-250ah-prismatic-2019-v1,blast-lite-b093495-250ah-prismatic-v1,PHYSICS_REFERENCE,NEAR_BOUNDARY,18.583333333333332,5575.0,4774.418576884942,0.7553543097712495
dod_100,dod-100-v1,blast-lite-lfp-gr-250ah-prismatic-2019-v1,blast-lite-b093495-250ah-prismatic-v1,PHYSICS_REFERENCE,NEAR_BOUNDARY,18.666666666666668,5600.0,4793.302434629223,0.7546325338003486
dod_100,dod-100-v1,blast-lite-lfp-gr-250ah-prismatic-2019-v1,blast-lite-b093495-250ah-prismatic-v1,PHYSICS_REFERENCE,NEAR_BOUNDARY,18.75,5625.0,4812.168247974232,0.7539123195686352
dod_100,dod-100-v1,blast-lite-lfp-gr-250ah-prismatic-2019-v1,blast-lite-b093495-250ah-prismatic-v1,PHYSICS_REFERENCE,NEAR_BOUNDARY,18.833333333333332,5650.0,4831.016055963448,0.7531936596626192
dod_100,dod-100-v1,blast-lite-lfp-gr-250ah-prismatic-2019-v1,blast-lite-b093495-250ah-prismatic-v1,PHYSICS_REFERENCE,NEAR_BOUNDARY,18.916666666666668,5675.0,4849.845897455013,0.7524765467324909
dod_100,dod-100-v1,blast-lite-lfp-gr-250ah-prismatic-2019-v1,blast-lite-b093495-250ah-prismatic-v1,PHYSICS_REFERENCE,NEAR_BOUNDARY,19.0,5700.0,4868.657811123326,0.7517609734912898
dod_100,dod-100-v1,blast-lite-lfp-gr-250ah-prismatic-2019-v1,blast-lite-b093495-250ah-prismatic-v1,PHYSICS_REFERENCE,NEAR_BOUNDARY,19.083333333333332,5725.0,4887.451835460608,0.7510469327140884
dod_100,dod-100-v1,blast-lite-lfp-gr-250ah-prismatic-2019-v1,blast-lite-b093495-250ah-prismatic-v1,PHYSICS_REFERENCE,NEAR_BOUNDARY,19.166666666666668,5750.0,4906.22800877846,0.7503344172371885
dod_100,dod-100-v1,blast-lite-lfp-gr-250ah-prismatic-2019-v1,blast-lite-b093495-250ah-prismatic-v1,PHYSICS_REFERENCE,NEAR_BOUNDARY,19.25,5775.0,4924.9863692093895,0.7496234199573342
dod_100,dod-100-v1,blast-lite-lfp-gr-250ah-prismatic-2019-v1,blast-lite-b093495-250ah-prismatic-v1,PHYSICS_REFERENCE,NEAR_BOUNDARY,19.333333333333332,5800.0,4943.726954708323,0.7489139338309356
dod_100,dod-100-v1,blast-lite-lfp-gr-250ah-prismatic-2019-v1,blast-lite-b093495-250ah-prismatic-v1,PHYSICS_REFERENCE,NEAR_BOUNDARY,19.416666666666668,5825.0,4962.449803054096,0.7482059518733086
dod_100,dod-100-v1,blast-lite-lfp-gr-250ah-prismatic-2019-v1,blast-lite-b093495-250ah-prismatic-v1,PHYSICS_REFERENCE,NEAR_BOUNDARY,19.5,5850.0,4981.154951850929,0.7474994671579263
dod_100,dod-100-v1,blast-lite-lfp-gr-250ah-prismatic-2019-v1,blast-lite-b093495-250ah-prismatic-v1,PHYSICS_REFERENCE,NEAR_BOUNDARY,19.583333333333332,5875.0,4999.842438529878,0.746794472815683
dod_100,dod-100-v1,blast-lite-lfp-gr-250ah-prismatic-2019-v1,blast-lite-b093495-250ah-prismatic-v1,PHYSICS_REFERENCE,NEAR_BOUNDARY,19.666666666666668,5900.0,5018.5123003502695,0.7460909620341726
dod_100,dod-100-v1,blast-lite-lfp-gr-250ah-prismatic-2019-v1,blast-lite-b093495-250ah-prismatic-v1,PHYSICS_REFERENCE,NEAR_BOUNDARY,19.75,5925.0,5037.164574401124,0.7453889280569767
dod_100,dod-100-v1,blast-lite-lfp-gr-250ah-prismatic-2019-v1,blast-lite-b093495-250ah-prismatic-v1,PHYSICS_REFERENCE,NEAR_BOUNDARY,19.833333333333332,5950.0,5055.799297602548,0.7446883641829667
dod_100,dod-100-v1,blast-lite-lfp-gr-250ah-prismatic-2019-v1,blast-lite-b093495-250ah-prismatic-v1,PHYSICS_REFERENCE,NEAR_BOUNDARY,19.916666666666668,5975.0,5074.416506707123,0.7439892637656172
dod_100,dod-100-v1,blast-lite-lfp-gr-250ah-prismatic-2019-v1,blast-lite-b093495-250ah-prismatic-v1,PHYSICS_REFERENCE,NEAR_BOUNDARY,20.0,6000.0,5093.016238301263,0.7432916202123305
dod_100,dod-100-v1,blast-lite-lfp-gr-250ah-prismatic-2019-v1,blast-lite-b093495-250ah-prismatic-v1,PHYSICS_REFERENCE,NEAR_BOUNDARY,20.083333333333332,6025.0,5111.598528806571,0.7425954269837723
dod_100,dod-100-v1,blast-lite-lfp-gr-250ah-prismatic-2019-v1,blast-lite-b093495-250ah-prismatic-v1,PHYSICS_REFERENCE,NEAR_BOUNDARY,20.166666666666668,6050.0,5130.163414481166,0.7419006775932193
dod_100,dod-100-v1,blast-lite-lfp-gr-250ah-prismatic-2019-v1,blast-lite-b093495-250ah-prismatic-v1,PHYSICS_REFERENCE,NEAR_BOUNDARY,20.25,6075.0,5148.7109314209965,0.7412073656059168
dod_100,dod-100-v1,blast-lite-lfp-gr-250ah-prismatic-2019-v1,blast-lite-b093495-250ah-prismatic-v1,PHYSICS_REFERENCE,NEAR_BOUNDARY,20.333333333333332,6100.0,5167.241115561144,0.7405154846384472
dod_100,dod-100-v1,blast-lite-lfp-gr-250ah-prismatic-2019-v1,blast-lite-b093495-250ah-prismatic-v1,PHYSICS_REFERENCE,NEAR_BOUNDARY,20.416666666666668,6125.0,5185.754002677106,0.7398250283581089
dod_100,dod-100-v1,blast-lite-lfp-gr-250ah-prismatic-2019-v1,blast-lite-b093495-250ah-prismatic-v1,PHYSICS_REFERENCE,NEAR_BOUNDARY,20.5,6150.0,5204.249628386058,0.7391359904823048
dod_100,dod-100-v1,blast-lite-lfp-gr-250ah-prismatic-2019-v1,blast-lite-b093495-250ah-prismatic-v1,PHYSICS_REFERENCE,NEAR_BOUNDARY,20.583333333333332,6175.0,5222.728028148116,0.7384483647779422
dod_100,dod-100-v1,blast-lite-lfp-gr-250ah-prismatic-2019-v1,blast-lite-b093495-250ah-prismatic-v1,PHYSICS_REFERENCE,NEAR_BOUNDARY,20.666666666666668,6200.0,5241.189237267565,0.7377621450608405
dod_100,dod-100-v1,blast-lite-lfp-gr-250ah-prismatic-2019-v1,blast-lite-b093495-250ah-prismatic-v1,PHYSICS_REFERENCE,NEAR_BOUNDARY,20.75,6225.0,5259.633290894086,0.7370773251951499
dod_100,dod-100-v1,blast-lite-lfp-gr-250ah-prismatic-2019-v1,blast-lite-b093495-250ah-prismatic-v1,PHYSICS_REFERENCE,NEAR_BOUNDARY,20.833333333333332,6250.0,5278.060224023964,0.7363938990927786
dod_100,dod-100-v1,blast-lite-lfp-gr-250ah-prismatic-2019-v1,blast-lite-b093495-250ah-prismatic-v1,PHYSICS_REFERENCE,NEAR_BOUNDARY,20.916666666666668,6275.0,5296.470071501283,0.7357118607128301
dod_100,dod-100-v1,blast-lite-lfp-gr-250ah-prismatic-2019-v1,blast-lite-b093495-250ah-prismatic-v1,PHYSICS_REFERENCE,NEAR_BOUNDARY,21.0,6300.0,5314.862868019104,0.7350312040610485
dod_100,dod-100-v1,blast-lite-lfp-gr-250ah-prismatic-2019-v1,blast-lite-b093495-250ah-prismatic-v1,PHYSICS_REFERENCE,NEAR_BOUNDARY,21.083333333333332,6325.0,5333.23864812063,0.7343519231892724
dod_100,dod-100-v1,blast-lite-lfp-gr-250ah-prismatic-2019-v1,blast-lite-b093495-250ah-prismatic-v1,PHYSICS_REFERENCE,NEAR_BOUNDARY,21.166666666666668,6350.0,5351.597446200362,0.7336740121948996
dod_100,dod-100-v1,blast-lite-lfp-gr-250ah-prismatic-2019-v1,blast-lite-b093495-250ah-prismatic-v1,PHYSICS_REFERENCE,NEAR_BOUNDARY,21.25,6375.0,5369.939296505235,0.7329974652203569
dod_100,dod-100-v1,blast-lite-lfp-gr-250ah-prismatic-2019-v1,blast-lite-b093495-250ah-prismatic-v1,PHYSICS_REFERENCE,NEAR_BOUNDARY,21.333333333333332,6400.0,5388.264233135744,0.732322276452581
dod_100,dod-100-v1,blast-lite-lfp-gr-250ah-prismatic-2019-v1,blast-lite-b093495-250ah-prismatic-v1,PHYSICS_REFERENCE,NEAR_BOUNDARY,21.416666666666668,6425.0,5406.572290047058,0.7316484401225064
dod_100,dod-100-v1,blast-lite-lfp-gr-250ah-prismatic-2019-v1,blast-lite-b093495-250ah-prismatic-v1,PHYSICS_REFERENCE,NEAR_BOUNDARY,21.5,6450.0,5424.863501050121,0.7309759505045605
dod_100,dod-100-v1,blast-lite-lfp-gr-250ah-prismatic-2019-v1,blast-lite-b093495-250ah-prismatic-v1,PHYSICS_REFERENCE,NEAR_BOUNDARY,21.583333333333332,6475.0,5443.137899812735,0.7303048019161685
dod_100,dod-100-v1,blast-lite-lfp-gr-250ah-prismatic-2019-v1,blast-lite-b093495-250ah-prismatic-v1,PHYSICS_REFERENCE,NEAR_BOUNDARY,21.666666666666668,6500.0,5461.395519860639,0.729634988717264
dod_100,dod-100-v1,blast-lite-lfp-gr-250ah-prismatic-2019-v1,blast-lite-b093495-250ah-prismatic-v1,PHYSICS_REFERENCE,NEAR_BOUNDARY,21.75,6525.0,5479.636394578571,0.7289665053098079
dod_100,dod-100-v1,blast-lite-lfp-gr-250ah-prismatic-2019-v1,blast-lite-b093495-250ah-prismatic-v1,PHYSICS_REFERENCE,NEAR_BOUNDARY,21.833333333333332,6550.0,5497.860557211316,0.7282993461373151
dod_100,dod-100-v1,blast-lite-lfp-gr-250ah-prismatic-2019-v1,blast-lite-b093495-250ah-prismatic-v1,PHYSICS_REFERENCE,NEAR_BOUNDARY,21.916666666666668,6575.0,5516.068040864749,0.7276335056843874
dod_100,dod-100-v1,blast-lite-lfp-gr-250ah-prismatic-2019-v1,blast-lite-b093495-250ah-prismatic-v1,PHYSICS_REFERENCE,NEAR_BOUNDARY,22.0,6600.0,5534.258878506858,0.7269689784762544
dod_100,dod-100-v1,blast-lite-lfp-gr-250ah-prismatic-2019-v1,blast-lite-b093495-250ah-prismatic-v1,PHYSICS_REFERENCE,NEAR_BOUNDARY,22.083333333333332,6625.0,5552.433102968765,0.7263057590783212
dod_100,dod-100-v1,blast-lite-lfp-gr-250ah-prismatic-2019-v1,blast-lite-b093495-250ah-prismatic-v1,PHYSICS_REFERENCE,NEAR_BOUNDARY,22.166666666666668,6650.0,5570.5907469457225,0.725643842095722
dod_100,dod-100-v1,blast-lite-lfp-gr-250ah-prismatic-2019-v1,blast-lite-b093495-250ah-prismatic-v1,PHYSICS_REFERENCE,NEAR_BOUNDARY,22.25,6675.0,5588.731842998115,0.7249832221728814
dod_100,dod-100-v1,blast-lite-lfp-gr-250ah-prismatic-2019-v1,blast-lite-b093495-250ah-prismatic-v1,PHYSICS_REFERENCE,NEAR_BOUNDARY,22.333333333333332,6700.0,5606.856423552437,0.7243238939930823
dod_100,dod-100-v1,blast-lite-lfp-gr-250ah-prismatic-2019-v1,blast-lite-b093495-250ah-prismatic-v1,PHYSICS_REFERENCE,NEAR_BOUNDARY,22.416666666666668,6725.0,5624.964520902265,0.7236658522780395
dod_100,dod-100-v1,blast-lite-lfp-gr-250ah-prismatic-2019-v1,blast-lite-b093495-250ah-prismatic-v1,PHYSICS_REFERENCE,NEAR_BOUNDARY,22.5,6750.0,5643.056167209215,0.7230090917874801
dod_100,dod-100-v1,blast-lite-lfp-gr-250ah-prismatic-2019-v1,blast-lite-b093495-250ah-prismatic-v1,PHYSICS_REFERENCE,NEAR_BOUNDARY,22.583333333333332,6775.0,5661.131394503902,0.7223536073187296
dod_100,dod-100-v1,blast-lite-lfp-gr-250ah-prismatic-2019-v1,blast-lite-b093495-250ah-prismatic-v1,PHYSICS_REFERENCE,NEAR_BOUNDARY,22.666666666666668,6800.0,5679.19023468687,0.7216993937063052
dod_100,dod-100-v1,blast-lite-lfp-gr-250ah-prismatic-2019-v1,blast-lite-b093495-250ah-prismatic-v1,PHYSICS_REFERENCE,NEAR_BOUNDARY,22.75,6825.0,5697.2327195295275,0.7210464458215137
dod_100,dod-100-v1,blast-lite-lfp-gr-250ah-prismatic-2019-v1,blast-lite-b093495-250ah-prismatic-v1,PHYSICS_REFERENCE,NEAR_BOUNDARY,22.833333333333332,6850.0,5715.2588806750655,0.7203947585720561
dod_100,dod-100-v1,blast-lite-lfp-gr-250ah-prismatic-2019-v1,blast-lite-b093495-250ah-prismatic-v1,PHYSICS_REFERENCE,NEAR_BOUNDARY,22.916666666666668,6875.0,5733.268749639366,0.7197443269016379
dod_100,dod-100-v1,blast-lite-lfp-gr-250ah-prismatic-2019-v1,blast-lite-b093495-250ah-prismatic-v1,PHYSICS_REFERENCE,NEAR_BOUNDARY,23.0,6900.0,5751.262357811907,0.7190951457895847
dod_100,dod-100-v1,blast-lite-lfp-gr-250ah-prismatic-2019-v1,blast-lite-b093495-250ah-prismatic-v1,PHYSICS_REFERENCE,NEAR_BOUNDARY,23.083333333333332,6925.0,5769.239736456647,0.7184472102504633
dod_100,dod-100-v1,blast-lite-lfp-gr-250ah-prismatic-2019-v1,blast-lite-b093495-250ah-prismatic-v1,PHYSICS_REFERENCE,NEAR_BOUNDARY,23.166666666666668,6950.0,5787.200916712908,0.717800515333709
dod_100,dod-100-v1,blast-lite-lfp-gr-250ah-prismatic-2019-v1,blast-lite-b093495-250ah-prismatic-v1,PHYSICS_REFERENCE,NEAR_BOUNDARY,23.25,6975.0,5805.14592959625,0.7171550561232576
dod_100,dod-100-v1,blast-lite-lfp-gr-250ah-prismatic-2019-v1,blast-lite-b093495-250ah-prismatic-v1,PHYSICS_REFERENCE,NEAR_BOUNDARY,23.333333333333332,7000.0,5823.074805999332,0.716510827737182
dod_100,dod-100-v1,blast-lite-lfp-gr-250ah-prismatic-2019-v1,blast-lite-b093495-250ah-prismatic-v1,PHYSICS_REFERENCE,NEAR_BOUNDARY,23.416666666666668,7025.0,5840.987576692762,0.7158678253273361
dod_100,dod-100-v1,blast-lite-lfp-gr-250ah-prismatic-2019-v1,blast-lite-b093495-250ah-prismatic-v1,PHYSICS_REFERENCE,NEAR_BOUNDARY,23.5,7050.0,5858.884272325945,0.7152260440790009
dod_100,dod-100-v1,blast-lite-lfp-gr-250ah-prismatic-2019-v1,blast-lite-b093495-250ah-prismatic-v1,PHYSICS_REFERENCE,NEAR_BOUNDARY,23.583333333333332,7075.0,5876.76492342792,0.7145854792105382
dod_100,dod-100-v1,blast-lite-lfp-gr-250ah-prismatic-2019-v1,blast-lite-b093495-250ah-prismatic-v1,PHYSICS_REFERENCE,NEAR_BOUNDARY,23.666666666666668,7100.0,5894.629560408183,0.7139461259730473
dod_100,dod-100-v1,blast-lite-lfp-gr-250ah-prismatic-2019-v1,blast-lite-b093495-250ah-prismatic-v1,PHYSICS_REFERENCE,NEAR_BOUNDARY,23.75,7125.0,5912.47821355751,0.7133079796500276
dod_100,dod-100-v1,blast-lite-lfp-gr-250ah-prismatic-2019-v1,blast-lite-b093495-250ah-prismatic-v1,PHYSICS_REFERENCE,NEAR_BOUNDARY,23.833333333333332,7150.0,5930.31091304876,0.7126710355570454
dod_100,dod-100-v1,blast-lite-lfp-gr-250ah-prismatic-2019-v1,blast-lite-b093495-250ah-prismatic-v1,PHYSICS_REFERENCE,NEAR_BOUNDARY,23.916666666666668,7175.0,5948.127688937686,0.7120352890414057
dod_100,dod-100-v1,blast-lite-lfp-gr-250ah-prismatic-2019-v1,blast-lite-b093495-250ah-prismatic-v1,PHYSICS_REFERENCE,NEAR_BOUNDARY,24.0,7200.0,5965.928571163721,0.7114007354818279
dod_100,dod-100-v1,blast-lite-lfp-gr-250ah-prismatic-2019-v1,blast-lite-b093495-250ah-prismatic-v1,PHYSICS_REFERENCE,NEAR_BOUNDARY,24.083333333333332,7225.0,5983.713589550767,0.7107673702881264
dod_100,dod-100-v1,blast-lite-lfp-gr-250ah-prismatic-2019-v1,blast-lite-b093495-250ah-prismatic-v1,PHYSICS_REFERENCE,NEAR_BOUNDARY,24.166666666666668,7250.0,6001.48277380797,0.7101351889008962
dod_100,dod-100-v1,blast-lite-lfp-gr-250ah-prismatic-2019-v1,blast-lite-b093495-250ah-prismatic-v1,PHYSICS_REFERENCE,NEAR_BOUNDARY,24.25,7275.0,6019.236153530493,0.7095041867912015
dod_100,dod-100-v1,blast-lite-lfp-gr-250ah-prismatic-2019-v1,blast-lite-b093495-250ah-prismatic-v1,PHYSICS_REFERENCE,NEAR_BOUNDARY,24.333333333333332,7300.0,6036.973758200273,0.7088743594602696
dod_100,dod-100-v1,blast-lite-lfp-gr-250ah-prismatic-2019-v1,blast-lite-b093495-250ah-prismatic-v1,PHYSICS_REFERENCE,NEAR_BOUNDARY,24.416666666666668,7325.0,6054.69561718678,0.7082457024391884
dod_100,dod-100-v1,blast-lite-lfp-gr-250ah-prismatic-2019-v1,blast-lite-b093495-250ah-prismatic-v1,PHYSICS_REFERENCE,NEAR_BOUNDARY,24.5,7350.0,6072.40175974776,0.7076182112886082
dod_100,dod-100-v1,blast-lite-lfp-gr-250ah-prismatic-2019-v1,blast-lite-b093495-250ah-prismatic-v1,PHYSICS_REFERENCE,NEAR_BOUNDARY,24.583333333333332,7375.0,6090.092215029975,0.7069918815984477
dod_100,dod-100-v1,blast-lite-lfp-gr-250ah-prismatic-2019-v1,blast-lite-b093495-250ah-prismatic-v1,PHYSICS_REFERENCE,NEAR_BOUNDARY,24.666666666666668,7400.0,6107.767012069936,0.7063667089876038
dod_100,dod-100-v1,blast-lite-lfp-gr-250ah-prismatic-2019-v1,blast-lite-b093495-250ah-prismatic-v1,PHYSICS_REFERENCE,NEAR_BOUNDARY,24.75,7425.0,6125.426179794626,0.7057426891036649
dod_100,dod-100-v1,blast-lite-lfp-gr-250ah-prismatic-2019-v1,blast-lite-b093495-250ah-prismatic-v1,PHYSICS_REFERENCE,NEAR_BOUNDARY,24.833333333333332,7450.0,6143.069747022218,0.7051198176226288
dod_100,dod-100-v1,blast-lite-lfp-gr-250ah-prismatic-2019-v1,blast-lite-b093495-250ah-prismatic-v1,PHYSICS_REFERENCE,NEAR_BOUNDARY,24.916666666666668,7475.0,6160.697742462783,0.7044980902486235
dod_100,dod-100-v1,blast-lite-lfp-gr-250ah-prismatic-2019-v1,blast-lite-b093495-250ah-prismatic-v1,PHYSICS_REFERENCE,NEAR_BOUNDARY,25.0,7500.0,6178.310194718999,0.7038775027136328
