scenario_id,scenario_version,route_id,route_version,evidence_level,support_status,natural_year,scheduled_efc,model_effective_efc,soh
baseline,baseline-v1,blast-lite-lfp-gr-250ah-prismatic-2019-v1,blast-lite-b093495-250ah-prismatic-v1,PHYSICS_REFERENCE,NEAR_BOUNDARY,0.0,0.0,0.0,1.0
baseline,baseline-v1,blast-lite-lfp-gr-250ah-prismatic-2019-v1,blast-lite-b093495-250ah-prismatic-v1,PHYSICS_REFERENCE,NEAR_BOUNDARY,0.08333333333333333,25.0,24.999999999999996,0.9953353589478184
baseline,baseline-v1,blast-lite-lfp-gr-250ah-prismatic-2019-v1,blast-lite-b093495-250ah-prismatic-v1,PHYSICS_REFERENCE,NEAR_BOUNDARY,0.16666666666666666,50.0,49.88338397369546,0.9921185777140046
baseline,baseline-v1,blast-lite-lfp-gr-250ah-prismatic-2019-v1,blast-lite-b093495-250ah-prismatic-v1,PHYSICS_REFERENCE,NEAR_BOUNDARY,0.25,75.0,74.68634841654557,0.9893728239965662
baseline,baseline-v1,blast-lite-lfp-gr-250ah-prismatic-2019-v1,blast-lite-b093495-250ah-prismatic-v1,PHYSICS_REFERENCE,NEAR_BOUNDARY,0.3333333333333333,100.0,99.42066901645973,0.9868655710691638
baseline,baseline-v1,blast-lite-lfp-gr-250ah-prismatic-2019-v1,blast-lite-b093495-250ah-prismatic-v1,PHYSICS_REFERENCE,NEAR_BOUNDARY,0.4166666666666667,125.0,124.09230829318882,0.9845151873161788
baseline,baseline-v1,blast-lite-lfp-gr-250ah-prismatic-2019-v1,blast-lite-b093495-250ah-prismatic-v1,PHYSICS_REFERENCE,NEAR_BOUNDARY,0.5,150.0,148.7051879760933,0.9822802898904411
baseline,baseline-v1,blast-lite-lfp-gr-250ah-prismatic-2019-v1,blast-lite-b093495-250ah-prismatic-v1,PHYSICS_REFERENCE,NEAR_BOUNDARY,0.5833333333333334,175.0,173.26219522335433,0.9801360829595658
baseline,baseline-v1,blast-lite-lfp-gr-250ah-prismatic-2019-v1,blast-lite-b093495-250ah-prismatic-v1,PHYSICS_REFERENCE,NEAR_BOUNDARY,0.6666666666666666,200.0,197.76559729734348,0.9780661601863301
baseline,baseline-v1,blast-lite-lfp-gr-250ah-prismatic-2019-v1,blast-lite-b093495-250ah-prismatic-v1,PHYSICS_REFERENCE,NEAR_BOUNDARY,0.75,225.0,222.21725130200173,0.9760589208488192
baseline,baseline-v1,blast-lite-lfp-gr-250ah-prismatic-2019-v1,blast-lite-b093495-250ah-prismatic-v1,PHYSICS_REFERENCE,NEAR_BOUNDARY,0.8333333333333334,250.0,246.6187243232222,0.9741057605621203
baseline,baseline-v1,blast-lite-lfp-gr-250ah-prismatic-2019-v1,blast-lite-b093495-250ah-prismatic-v1,PHYSICS_REFERENCE,NEAR_BOUNDARY,0.9166666666666666,275.0,270.97136833727524,0.9722000624471582
baseline,baseline-v1,blast-lite-lfp-gr-250ah-prismatic-2019-v1,blast-lite-b093495-250ah-prismatic-v1,PHYSICS_REFERENCE,NEAR_BOUNDARY,1.0,300.0,295.27636989845416,0.9703365918267383
baseline,baseline-v1,blast-lite-lfp-gr-250ah-prismatic-2019-v1,blast-lite-b093495-250ah-prismatic-v1,PHYSICS_REFERENCE,NEAR_BOUNDARY,1.0833333333333333,325.0,319.5347846941226,0.9685111119105568
baseline,baseline-v1,blast-lite-lfp-gr-250ah-prismatic-2019-v1,blast-lite-b093495-250ah-prismatic-v1,PHYSICS_REFERENCE,NEAR_BOUNDARY,1.1666666666666667,350.0,343.7475624918865,0.9667201285449637
baseline,baseline-v1,blast-lite-lfp-gr-250ah-prismatic-2019-v1,blast-lite-b093495-250ah-prismatic-v1,PHYSICS_REFERENCE,NEAR_BOUNDARY,1.25,375.0,367.91556570551063,0.9649607143302427
baseline,baseline-v1,blast-lite-lfp-gr-250ah-prismatic-2019-v1,blast-lite-b093495-250ah-prismatic-v1,PHYSICS_REFERENCE,NEAR_BOUNDARY,1.3333333333333333,400.0,392.0395835637667,0.9632303836555489
baseline,baseline-v1,blast-lite-lfp-gr-250ah-prismatic-2019-v1,blast-lite-b093495-250ah-prismatic-v1,PHYSICS_REFERENCE,NEAR_BOUNDARY,1.4166666666666667,425.0,416.1203431551554,0.9615270015779684
baseline,baseline-v1,blast-lite-lfp-gr-250ah-prismatic-2019-v1,blast-lite-b093495-250ah-prismatic-v1,PHYSICS_REFERENCE,NEAR_BOUNDARY,1.5,450.0,440.1585181946046,0.9598487158849589
baseline,baseline-v1,blast-lite-lfp-gr-250ah-prismatic-2019-v1,blast-lite-b093495-250ah-prismatic-v1,PHYSICS_REFERENCE,NEAR_BOUNDARY,1.5833333333333333,475.0,464.1547360917286,0.9581939054546055
baseline,baseline-v1,blast-lite-lfp-gr-250ah-prismatic-2019-v1,blast-lite-b093495-250ah-prismatic-v1,PHYSICS_REFERENCE,NEAR_BOUNDARY,1.6666666666666667,500.0,488.1095837280937,0.9565611403346311
baseline,baseline-v1,blast-lite-lfp-gr-250ah-prismatic-2019-v1,blast-lite-b093495-250ah-prismatic-v1,PHYSICS_REFERENCE,NEAR_BOUNDARY,1.75,525.0,512.0236122364595,0.9549491504163385
baseline,baseline-v1,blast-lite-lfp-gr-250ah-prismatic-2019-v1,blast-lite-b093495-250ah-prismatic-v1,PHYSICS_REFERENCE,NEAR_BOUNDARY,1.8333333333333333,550.0,535.8973409968679,0.9533568005240277
baseline,baseline-v1,blast-lite-lfp-gr-250ah-prismatic-2019-v1,blast-lite-b093495-250ah-prismatic-v1,PHYSICS_REFERENCE,NEAR_BOUNDARY,1.9166666666666667,575.0,559.7312610099686,0.9517830703686873
baseline,baseline-v1,blast-lite-lfp-gr-250ah-prismatic-2019-v1,blast-lite-b093495-250ah-prismatic-v1,PHYSICS_REFERENCE,NEAR_BOUNDARY,2.0,600.0,583.5258377691858,0.9502270382420523
baseline,baseline-v1,blast-lite-lfp-gr-250ah-prismatic-2019-v1,blast-lite-b093495-250ah-prismatic-v1,PHYSICS_REFERENCE,NEAR_BOUNDARY,2.0833333333333335,625.0,607.2815137252371,0.9486878676235591
baseline,baseline-v1,blast-lite-lfp-gr-250ah-prismatic-2019-v1,blast-lite-b093495-250ah-prismatic-v1,PHYSICS_REFERENCE,NEAR_BOUNDARY,2.1666666666666665,650.0,630.998710415826,0.9471647960820665
baseline,baseline-v1,blast-lite-lfp-gr-250ah-prismatic-2019-v1,blast-lite-b093495-250ah-prismatic-v1,PHYSICS_REFERENCE,NEAR_BOUNDARY,2.25,675.0,654.6778303178777,0.9456571260044817
baseline,baseline-v1,blast-lite-lfp-gr-250ah-prismatic-2019-v1,blast-lite-b093495-250ah-prismatic-v1,PHYSICS_REFERENCE,NEAR_BOUNDARY,2.3333333333333335,700.0,678.3192584679897,0.9441642167928626
baseline,baseline-v1,blast-lite-lfp-gr-250ah-prismatic-2019-v1,blast-lite-b093495-250ah-prismatic-v1,PHYSICS_REFERENCE,NEAR_BOUNDARY,2.4166666666666665,725.0,701.9233638878112,0.9426854782523701
baseline,baseline-v1,blast-lite-lfp-gr-250ah-prismatic-2019-v1,blast-lite-b093495-250ah-prismatic-v1,PHYSICS_REFERENCE,NEAR_BOUNDARY,2.5,750.0,725.4905008441204,0.9412203649528347
baseline,baseline-v1,blast-lite-lfp-gr-250ah-prismatic-2019-v1,blast-lite-b093495-250ah-prismatic-v1,PHYSICS_REFERENCE,NEAR_BOUNDARY,2.5833333333333335,775.0,749.0210099679413,0.9397683713923466
baseline,baseline-v1,blast-lite-lfp-gr-250ah-prismatic-2019-v1,blast-lite-b093495-250ah-prismatic-v1,PHYSICS_REFERENCE,NEAR_BOUNDARY,2.6666666666666665,800.0,772.51521925275,0.9383290278261638
baseline,baseline-v1,blast-lite-lfp-gr-250ah-prismatic-2019-v1,blast-lite-b093495-250ah-prismatic-v1,PHYSICS_REFERENCE,NEAR_BOUNDARY,2.75,825.0,795.973444948404,0.9369018966511337
baseline,baseline-v1,blast-lite-lfp-gr-250ah-prismatic-2019-v1,blast-lite-b093495-250ah-prismatic-v1,PHYSICS_REFERENCE,NEAR_BOUNDARY,2.8333333333333335,850.0,819.3959923646823,0.9354865692567705
baseline,baseline-v1,blast-lite-lfp-gr-250ah-prismatic-2019-v1,blast-lite-b093495-250ah-prismatic-v1,PHYSICS_REFERENCE,NEAR_BOUNDARY,2.9166666666666665,875.0,842.7831565961015,0.9340826632705754
baseline,baseline-v1,blast-lite-lfp-gr-250ah-prismatic-2019-v1,blast-lite-b093495-250ah-prismatic-v1,PHYSICS_REFERENCE,NEAR_BOUNDARY,3.0,900.0,866.1352231778659,0.9326898201381996
baseline,baseline-v1,blast-lite-lfp-gr-250ah-prismatic-2019-v1,blast-lite-b093495-250ah-prismatic-v1,PHYSICS_REFERENCE,NEAR_BOUNDARY,3.0833333333333335,925.0,889.4524686813209,0.9313077029894216
baseline,baseline-v1,blast-lite-lfp-gr-250ah-prismatic-2019-v1,blast-lite-b093495-250ah-prismatic-v1,PHYSICS_REFERENCE,NEAR_BOUNDARY,3.1666666666666665,950.0,912.7351612560564,0.9299359947492407
baseline,baseline-v1,blast-lite-lfp-gr-250ah-prismatic-2019-v1,blast-lite-b093495-250ah-prismatic-v1,PHYSICS_REFERENCE,NEAR_BOUNDARY,3.25,975.0,935.9835611247873,0.9285743964601137
baseline,baseline-v1,blast-lite-lfp-gr-250ah-prismatic-2019-v1,blast-lite-b093495-250ah-prismatic-v1,PHYSICS_REFERENCE,NEAR_BOUNDARY,3.3333333333333335,1000.0,959.1979210362902,0.927222625786834
baseline,baseline-v1,blast-lite-lfp-gr-250ah-prismatic-2019-v1,blast-lite-b093495-250ah-prismatic-v1,PHYSICS_REFERENCE,NEAR_BOUNDARY,3.4166666666666665,1025.0,982.378486680961,0.9258804156800251
baseline,baseline-v1,blast-lite-lfp-gr-250ah-prismatic-2019-v1,blast-lite-b093495-250ah-prismatic-v1,PHYSICS_REFERENCE,NEAR_BOUNDARY,3.5,1050.0,1005.5254970729617,0.9245475131778966
baseline,baseline-v1,blast-lite-lfp-gr-250ah-prismatic-2019-v1,blast-lite-b093495-250ah-prismatic-v1,PHYSICS_REFERENCE,NEAR_BOUNDARY,3.5833333333333335,1075.0,1028.6391849024092,0.923223678328956
baseline,baseline-v1,blast-lite-lfp-gr-250ah-prismatic-2019-v1,blast-lite-b093495-250ah-prismatic-v1,PHYSICS_REFERENCE,NEAR_BOUNDARY,3.6666666666666665,1100.0,1051.7197768606331,0.921908683220883
baseline,baseline-v1,blast-lite-lfp-gr-250ah-prismatic-2019-v1,blast-lite-b093495-250ah-prismatic-v1,PHYSICS_REFERENCE,NEAR_BOUNDARY,3.75,1125.0,1074.7674939411552,0.9206023111028958
baseline,baseline-v1,blast-lite-lfp-gr-250ah-prismatic-2019-v1,blast-lite-b093495-250ah-prismatic-v1,PHYSICS_REFERENCE,NEAR_BOUNDARY,3.8333333333333335,1150.0,1097.7825517187275,0.9193043555906896
baseline,baseline-v1,blast-lite-lfp-gr-250ah-prismatic-2019-v1,blast-lite-b093495-250ah-prismatic-v1,PHYSICS_REFERENCE,NEAR_BOUNDARY,3.9166666666666665,1175.0,1120.7651606084949,0.9180146199445245
baseline,baseline-v1,blast-lite-lfp-gr-250ah-prismatic-2019-v1,blast-lite-b093495-250ah-prismatic-v1,PHYSICS_REFERENCE,NEAR_BOUNDARY,4.0,1200.0,1143.715526107108,0.9167329164122916
baseline,baseline-v1,blast-lite-lfp-gr-250ah-prismatic-2019-v1,blast-lite-b093495-250ah-prismatic-v1,PHYSICS_REFERENCE,NEAR_BOUNDARY,4.083333333333333,1225.0,1166.6338490174153,0.9154590656304528
baseline,baseline-v1,blast-lite-lfp-gr-250ah-prismatic-2019-v1,blast-lite-b093495-250ah-prismatic-v1,PHYSICS_REFERENCE,NEAR_BOUNDARY,4.166666666666667,1250.0,1189.5203256581767,0.914192896076659
baseline,baseline-v1,blast-lite-lfp-gr-250ah-prismatic-2019-v1,blast-lite-b093495-250ah-prismatic-v1,PHYSICS_REFERENCE,NEAR_BOUNDARY,4.25,1275.0,1212.3751480600931,0.9129342435686247
baseline,baseline-v1,blast-lite-lfp-gr-250ah-prismatic-2019-v1,blast-lite-b093495-250ah-prismatic-v1,PHYSICS_REFERENCE,NEAR_BOUNDARY,4.333333333333333,1300.0,1235.1985041493087,0.9116829508045052
baseline,baseline-v1,blast-lite-lfp-gr-250ah-prismatic-2019-v1,blast-lite-b093495-250ah-prismatic-v1,PHYSICS_REFERENCE,NEAR_BOUNDARY,4.416666666666667,1325.0,1257.9905779194214,0.910438866940591
baseline,baseline-v1,blast-lite-lfp-gr-250ah-prismatic-2019-v1,blast-lite-b093495-250ah-prismatic-v1,PHYSICS_REFERENCE,NEAR_BOUNDARY,4.5,1350.0,1280.7515495929363,0.9092018472026311
baseline,baseline-v1,blast-lite-lfp-gr-250ah-prismatic-2019-v1,blast-lite-b093495-250ah-prismatic-v1,PHYSICS_REFERENCE,NEAR_BOUNDARY,4.583333333333333,1375.0,1303.481595773002,0.9079717525275235
baseline,baseline-v1,blast-lite-lfp-gr-250ah-prismatic-2019-v1,blast-lite-b093495-250ah-prismatic-v1,PHYSICS_REFERENCE,NEAR_BOUNDARY,4.666666666666667,1400.0,1326.18088958619,0.9067484492324793
baseline,baseline-v1,blast-lite-lfp-gr-250ah-prismatic-2019-v1,blast-lite-b093495-250ah-prismatic-v1,PHYSICS_REFERENCE,NEAR_BOUNDARY,4.75,1425.0,1348.849600817002,0.9055318087090931
baseline,baseline-v1,blast-lite-lfp-gr-250ah-prismatic-2019-v1,blast-lite-b093495-250ah-prismatic-v1,PHYSICS_REFERENCE,NEAR_BOUNDARY,4.833333333333333,1450.0,1371.4878960347294,0.904321707140032
baseline,baseline-v1,blast-lite-lfp-gr-250ah-prismatic-2019-v1,blast-lite-b093495-250ah-prismatic-v1,PHYSICS_REFERENCE,NEAR_BOUNDARY,4.916666666666667,1475.0,1394.0959387132302,0.9031180252363034
baseline,baseline-v1,blast-lite-lfp-gr-250ah-prismatic-2019-v1,blast-lite-b093495-250ah-prismatic-v1,PHYSICS_REFERENCE,NEAR_BOUNDARY,5.0,1500.0,1416.6738893441377,0.9019206479932745
baseline,baseline-v1,blast-lite-lfp-gr-250ah-prismatic-2019-v1,blast-lite-b093495-250ah-prismatic-v1,PHYSICS_REFERENCE,NEAR_BOUNDARY,5.083333333333333,1525.0,1439.2219055439696,0.9007294644638135
baseline,baseline-v1,blast-lite-lfp-gr-250ah-prismatic-2019-v1,blast-lite-b093495-250ah-prismatic-v1,PHYSICS_REFERENCE,NEAR_BOUNDARY,5.166666666666667,1550.0,1461.7401421555649,0.8995443675470777
baseline,baseline-v1,blast-lite-lfp-gr-250ah-prismatic-2019-v1,blast-lite-b093495-250ah-prismatic-v1,PHYSICS_REFERENCE,NEAR_BOUNDARY,5.25,1575.0,1484.2287513442418,0.8983652537916363
baseline,baseline-v1,blast-lite-lfp-gr-250ah-prismatic-2019-v1,blast-lite-b093495-250ah-prismatic-v1,PHYSICS_REFERENCE,NEAR_BOUNDARY,5.333333333333333,1600.0,1506.6878826890327,0.897192023211735
baseline,baseline-v1,blast-lite-lfp-gr-250ah-prismatic-2019-v1,blast-lite-b093495-250ah-prismatic-v1,PHYSICS_REFERENCE,NEAR_BOUNDARY,5.416666666666667,1625.0,1529.117683269326,0.8960245791156292
baseline,baseline-v1,blast-lite-lfp-gr-250ah-prismatic-2019-v1,blast-lite-b093495-250ah-prismatic-v1,PHYSICS_REFERENCE,NEAR_BOUNDARY,5.5,1650.0,1551.5182977472168,0.8948628279450173
baseline,baseline-v1,blast-lite-lfp-gr-250ah-prismatic-2019-v1,blast-lite-b093495-250ah-prismatic-v1,PHYSICS_REFERENCE,NEAR_BOUNDARY,5.583333333333333,1675.0,1573.8898684458422,0.8937066791246959
baseline,baseline-v1,blast-lite-lfp-gr-250ah-prismatic-2019-v1,blast-lite-b093495-250ah-prismatic-v1,PHYSICS_REFERENCE,NEAR_BOUNDARY,5.666666666666667,1700.0,1596.2325354239597,0.8925560449216383
baseline,baseline-v1,blast-lite-lfp-gr-250ah-prismatic-2019-v1,blast-lite-b093495-250ah-prismatic-v1,PHYSICS_REFERENCE,NEAR_BOUNDARY,5.75,1725.0,1618.5464365470007,0.8914108403127754
baseline,baseline-v1,blast-lite-lfp-gr-250ah-prismatic-2019-v1,blast-lite-b093495-250ah-prismatic-v1,PHYSICS_REFERENCE,NEAR_BOUNDARY,5.833333333333333,1750.0,1640.83170755482,0.8902709828608181
baseline,baseline-v1,blast-lite-lfp-gr-250ah-prismatic-2019-v1,blast-lite-b093495-250ah-prismatic-v1,PHYSICS_REFERENCE,NEAR_BOUNDARY,5.916666666666667,1775.0,1663.0884821263405,0.8891363925975251
baseline,baseline-v1,blast-lite-lfp-gr-250ah-prismatic-2019-v1,blast-lite-b093495-250ah-prismatic-v1,PHYSICS_REFERENCE,NEAR_BOUNDARY,6.0,1800.0,1685.3168919412788,0.8880069919138649
baseline,baseline-v1,blast-lite-lfp-gr-250ah-prismatic-2019-v1,blast-lite-b093495-250ah-prismatic-v1,PHYSICS_REFERENCE,NEAR_BOUNDARY,6.083333333333333,1825.0,1707.5170667391253,0.8868827054565773
baseline,baseline-v1,blast-lite-lfp-gr-250ah-prismatic-2019-v1,blast-lite-b093495-250ah-prismatic-v1,PHYSICS_REFERENCE,NEAR_BOUNDARY,6.166666666666667,1850.0,1729.6891343755397,0.8857634600306724
baseline,baseline-v1,blast-lite-lfp-gr-250ah-prismatic-2019-v1,blast-lite-b093495-250ah-prismatic-v1,PHYSICS_REFERENCE,NEAR_BOUNDARY,6.25,1875.0,1751.8332208763065,0.8846491845074528
baseline,baseline-v1,blast-lite-lfp-gr-250ah-prismatic-2019-v1,blast-lite-b093495-250ah-prismatic-v1,PHYSICS_REFERENCE,NEAR_BOUNDARY,6.333333333333333,1900.0,1773.9494504889929,0.8835398097376733
baseline,baseline-v1,blast-lite-lfp-gr-250ah-prismatic-2019-v1,blast-lite-b093495-250ah-prismatic-v1,PHYSICS_REFERENCE,NEAR_BOUNDARY,6.416666666666667,1925.0,1796.0379457324348,0.8824352684694856
baseline,baseline-v1,blast-lite-lfp-gr-250ah-prismatic-2019-v1,blast-lite-b093495-250ah-prismatic-v1,PHYSICS_REFERENCE,NEAR_BOUNDARY,6.5,1950.0,1818.098827444172,0.8813354952708454
baseline,baseline-v1,blast-lite-lfp-gr-250ah-prismatic-2019-v1,blast-lite-b093495-250ah-prismatic-v1,PHYSICS_REFERENCE,NEAR_BOUNDARY,6.583333333333333,1975.0,1840.132214825943,0.8802404264560829
baseline,baseline-v1,blast-lite-lfp-gr-250ah-prismatic-2019-v1,blast-lite-b093495-250ah-prismatic-v1,PHYSICS_REFERENCE,NEAR_BOUNDARY,6.666666666666667,2000.0,1862.1382254873452,0.8791500000163623
baseline,baseline-v1,blast-lite-lfp-gr-250ah-prismatic-2019-v1,blast-lite-b093495-250ah-prismatic-v1,PHYSICS_REFERENCE,NEAR_BOUNDARY,6.75,2025.0,1884.1169754877542,0.8780641555537783
baseline,baseline-v1,blast-lite-lfp-gr-250ah-prismatic-2019-v1,blast-lite-b093495-250ah-prismatic-v1,PHYSICS_REFERENCE,NEAR_BOUNDARY,6.833333333333333,2050.0,1906.0685793765986,0.8769828342188541
baseline,baseline-v1,blast-lite-lfp-gr-250ah-prismatic-2019-v1,blast-lite-b093495-250ah-prismatic-v1,PHYSICS_REFERENCE,NEAR_BOUNDARY,6.916666666666667,2075.0,1927.9931502320699,0.8759059786512274
baseline,baseline-v1,blast-lite-lfp-gr-250ah-prismatic-2019-v1,blast-lite-b093495-250ah-prismatic-v1,PHYSICS_REFERENCE,NEAR_BOUNDARY,7.0,2100.0,1949.8907996983505,0.8748335329233208
baseline,baseline-v1,blast-lite-lfp-gr-250ah-prismatic-2019-v1,blast-lite-b093495-250ah-prismatic-v1,PHYSICS_REFERENCE,NEAR_BOUNDARY,7.083333333333333,2125.0,1971.7616380214336,0.8737654424868164
baseline,baseline-v1,blast-lite-lfp-gr-250ah-prismatic-2019-v1,blast-lite-b093495-250ah-prismatic-v1,PHYSICS_REFERENCE,NEAR_BOUNDARY,7.166666666666667,2150.0,1993.605774083604,0.8727016541217595
baseline,baseline-v1,blast-lite-lfp-gr-250ah-prismatic-2019-v1,blast-lite-b093495-250ah-prismatic-v1,PHYSICS_REFERENCE,NEAR_BOUNDARY,7.25,2175.0,2015.423315436648,0.8716421158881329
baseline,baseline-v1,blast-lite-lfp-gr-250ah-prismatic-2019-v1,blast-lite-b093495-250ah-prismatic-v1,PHYSICS_REFERENCE,NEAR_BOUNDARY,7.333333333333333,2200.0,2037.2143683338513,0.8705867770797566
baseline,baseline-v1,blast-lite-lfp-gr-250ah-prismatic-2019-v1,blast-lite-b093495-250ah-prismatic-v1,PHYSICS_REFERENCE,NEAR_BOUNDARY,7.416666666666667,2225.0,2058.979037760845,0.8695355881803729
baseline,baseline-v1,blast-lite-lfp-gr-250ah-prismatic-2019-v1,blast-lite-b093495-250ah-prismatic-v1,PHYSICS_REFERENCE,NEAR_BOUNDARY,7.5,2250.0,2080.7174274653544,0.8684885008217891
baseline,baseline-v1,blast-lite-lfp-gr-250ah-prismatic-2019-v1,blast-lite-b093495-250ah-prismatic-v1,PHYSICS_REFERENCE,NEAR_BOUNDARY,7.583333333333333,2275.0,2102.429639985899,0.8674454677439615
baseline,baseline-v1,blast-lite-lfp-gr-250ah-prismatic-2019-v1,blast-lite-b093495-250ah-prismatic-v1,PHYSICS_REFERENCE,NEAR_BOUNDARY,7.666666666666667,2300.0,2124.115776679498,0.8664064427569081
baseline,baseline-v1,blast-lite-lfp-gr-250ah-prismatic-2019-v1,blast-lite-b093495-250ah-prismatic-v1,PHYSICS_REFERENCE,NEAR_BOUNDARY,7.75,2325.0,2145.775937748421,0.8653713807043465
baseline,baseline-v1,blast-lite-lfp-gr-250ah-prismatic-2019-v1,blast-lite-b093495-250ah-prismatic-v1,PHYSICS_REFERENCE,NEAR_BOUNDARY,7.833333333333333,2350.0,2167.4102222660295,0.864340237428962
baseline,baseline-v1,blast-lite-lfp-gr-250ah-prismatic-2019-v1,blast-lite-b093495-250ah-prismatic-v1,PHYSICS_REFERENCE,NEAR_BOUNDARY,7.916666666666667,2375.0,2189.0187282017537,0.8633129697392139
baseline,baseline-v1,blast-lite-lfp-gr-250ah-prismatic-2019-v1,blast-lite-b093495-250ah-prismatic-v1,PHYSICS_REFERENCE,NEAR_BOUNDARY,8.0,2400.0,2210.601552445234,0.8622895353775987
baseline,baseline-v1,blast-lite-lfp-gr-250ah-prismatic-2019-v1,blast-lite-b093495-250ah-prismatic-v1,PHYSICS_REFERENCE,NEAR_BOUNDARY,8.083333333333334,2425.0,2232.158790829674,0.8612698929902887
baseline,baseline-v1,blast-lite-lfp-gr-250ah-prismatic-2019-v1,blast-lite-b093495-250ah-prismatic-v1,PHYSICS_REFERENCE,NEAR_BOUNDARY,8.166666666666666,2450.0,2253.6905381544316,0.8602540020980735
baseline,baseline-v1,blast-lite-lfp-gr-250ah-prismatic-2019-v1,blast-lite-b093495-250ah-prismatic-v1,PHYSICS_REFERENCE,NEAR_BOUNDARY,8.25,2475.0,2275.1968882068836,0.8592418230685365
baseline,baseline-v1,blast-lite-lfp-gr-250ah-prismatic-2019-v1,blast-lite-b093495-250ah-prismatic-v1,PHYSICS_REFERENCE,NEAR_BOUNDARY,8.333333333333334,2500.0,2296.677933783597,0.8582333170893998
baseline,baseline-v1,blast-lite-lfp-gr-250ah-prismatic-2019-v1,blast-lite-b093495-250ah-prismatic-v1,PHYSICS_REFERENCE,NEAR_BOUNDARY,8.416666666666666,2525.0,2318.133766710832,0.8572284461429778
baseline,baseline-v1,blast-lite-lfp-gr-250ah-prismatic-2019-v1,blast-lite-b093495-250ah-prismatic-v1,PHYSICS_REFERENCE,NEAR_BOUNDARY,8.5,2550.0,2339.5644778644064,0.8562271729816833
baseline,baseline-v1,blast-lite-lfp-gr-250ah-prismatic-2019-v1,blast-lite-b093495-250ah-prismatic-v1,PHYSICS_REFERENCE,NEAR_BOUNDARY,8.583333333333334,2575.0,2360.9701571889486,0.8552294611045307
baseline,baseline-v1,blast-lite-lfp-gr-250ah-prismatic-2019-v1,blast-lite-b093495-250ah-prismatic-v1,PHYSICS_REFERENCE,NEAR_BOUNDARY,8.666666666666666,2600.0,2382.350893716562,0.8542352747345883
baseline,baseline-v1,blast-lite-lfp-gr-250ah-prismatic-2019-v1,blast-lite-b093495-250ah-prismatic-v1,PHYSICS_REFERENCE,NEAR_BOUNDARY,8.75,2625.0,2403.7067755849266,0.8532445787973312
baseline,baseline-v1,blast-lite-lfp-gr-250ah-prismatic-2019-v1,blast-lite-b093495-250ah-prismatic-v1,PHYSICS_REFERENCE,NEAR_BOUNDARY,8.833333333333334,2650.0,2425.03789005486,0.8522573388998498
baseline,baseline-v1,blast-lite-lfp-gr-250ah-prismatic-2019-v1,blast-lite-b093495-250ah-prismatic-v1,PHYSICS_REFERENCE,NEAR_BOUNDARY,8.916666666666666,2675.0,2446.344323527356,0.8512735213108737
baseline,baseline-v1,blast-lite-lfp-gr-250ah-prismatic-2019-v1,blast-lite-b093495-250ah-prismatic-v1,PHYSICS_REFERENCE,NEAR_BOUNDARY,9.0,2700.0,2467.626161560128,0.8502930929415705
baseline,baseline-v1,blast-lite-lfp-gr-250ah-prismatic-2019-v1,blast-lite-b093495-250ah-prismatic-v1,PHYSICS_REFERENCE,NEAR_BOUNDARY,9.083333333333334,2725.0,2488.8834888836673,0.8493160213270813
baseline,baseline-v1,blast-lite-lfp-gr-250ah-prismatic-2019-v1,blast-lite-b093495-250ah-prismatic-v1,PHYSICS_REFERENCE,NEAR_BOUNDARY,9.166666666666666,2750.0,2510.1163894168444,0.8483422746087612
baseline,baseline-v1,blast-lite-lfp-gr-250ah-prismatic-2019-v1,blast-lite-b093495-250ah-prismatic-v1,PHYSICS_REFERENCE,NEAR_BOUNDARY,9.25,2775.0,2531.3249462820636,0.847371821517088
baseline,baseline-v1,blast-lite-lfp-gr-250ah-prismatic-2019-v1,blast-lite-b093495-250ah-prismatic-v1,PHYSICS_REFERENCE,NEAR_BOUNDARY,9.333333333333334,2800.0,2552.5092418199906,0.8464046313552096
baseline,baseline-v1,blast-lite-lfp-gr-250ah-prismatic-2019-v1,blast-lite-b093495-250ah-prismatic-v1,PHYSICS_REFERENCE,NEAR_BOUNDARY,9.416666666666666,2825.0,2573.669357603871,0.8454406739831006
baseline,baseline-v1,blast-lite-lfp-gr-250ah-prismatic-2019-v1,blast-lite-b093495-250ah-prismatic-v1,PHYSICS_REFERENCE,NEAR_BOUNDARY,9.5,2850.0,2594.8053744534486,0.8444799198023004
baseline,baseline-v1,blast-lite-lfp-gr-250ah-prismatic-2019-v1,blast-lite-b093495-250ah-prismatic-v1,PHYSICS_REFERENCE,NEAR_BOUNDARY,9.583333333333334,2875.0,2615.9173724485063,0.8435223397412057
baseline,baseline-v1,blast-lite-lfp-gr-250ah-prismatic-2019-v1,blast-lite-b093495-250ah-prismatic-v1,PHYSICS_REFERENCE,NEAR_BOUNDARY,9.666666666666666,2900.0,2637.0054309420366,0.8425679052408925
baseline,baseline-v1,blast-lite-lfp-gr-250ah-prismatic-2019-v1,blast-lite-b093495-250ah-prismatic-v1,PHYSICS_REFERENCE,NEAR_BOUNDARY,9.75,2925.0,2658.0696285730587,0.8416165882414451
baseline,baseline-v1,blast-lite-lfp-gr-250ah-prismatic-2019-v1,blast-lite-b093495-250ah-prismatic-v1,PHYSICS_REFERENCE,NEAR_BOUNDARY,9.833333333333334,2950.0,2679.110043279095,0.8406683611687682
baseline,baseline-v1,blast-lite-lfp-gr-250ah-prismatic-2019-v1,blast-lite-b093495-250ah-prismatic-v1,PHYSICS_REFERENCE,NEAR_BOUNDARY,9.916666666666666,2975.0,2700.1267523083143,0.8397231969218618
baseline,baseline-v1,blast-lite-lfp-gr-250ah-prismatic-2019-v1,blast-lite-b093495-250ah-prismatic-v1,PHYSICS_REFERENCE,NEAR_BOUNDARY,10.0,3000.0,2721.1198322313608,0.838781068860539
baseline,baseline-v1,blast-lite-lfp-gr-250ah-prismatic-2019-v1,blast-lite-b093495-250ah-prismatic-v1,PHYSICS_REFERENCE,NEAR_BOUNDARY,10.083333333333334,3025.0,2742.089358952874,0.837841950793567
baseline,baseline-v1,blast-lite-lfp-gr-250ah-prismatic-2019-v1,blast-lite-b093495-250ah-prismatic-v1,PHYSICS_REFERENCE,NEAR_BOUNDARY,10.166666666666666,3050.0,2763.0354077227134,0.8369058169672128
baseline,baseline-v1,blast-lite-lfp-gr-250ah-prismatic-2019-v1,blast-lite-b093495-250ah-prismatic-v1,PHYSICS_REFERENCE,NEAR_BOUNDARY,10.25,3075.0,2783.9580531468937,0.8359726420541789
baseline,baseline-v1,blast-lite-lfp-gr-250ah-prismatic-2019-v1,blast-lite-b093495-250ah-prismatic-v1,PHYSICS_REFERENCE,NEAR_BOUNDARY,10.333333333333334,3100.0,2804.8573691982483,0.8350424011429087
baseline,baseline-v1,blast-lite-lfp-gr-250ah-prismatic-2019-v1,blast-lite-b093495-250ah-prismatic-v1,PHYSICS_REFERENCE,NEAR_BOUNDARY,10.416666666666666,3125.0,2825.733429226821,0.8341150697272502
baseline,baseline-v1,blast-lite-lfp-gr-250ah-prismatic-2019-v1,blast-lite-b093495-250ah-prismatic-v1,PHYSICS_REFERENCE,NEAR_BOUNDARY,10.5,3150.0,2846.5863059700023,0.8331906236964604
baseline,baseline-v1,blast-lite-lfp-gr-250ah-prismatic-2019-v1,blast-lite-b093495-250ah-prismatic-v1,PHYSICS_REFERENCE,NEAR_BOUNDARY,10.583333333333334,3175.0,2867.416071562414,0.8322690393255374
baseline,baseline-v1,blast-lite-lfp-gr-250ah-prismatic-2019-v1,blast-lite-b093495-250ah-prismatic-v1,PHYSICS_REFERENCE,NEAR_BOUNDARY,10.666666666666666,3200.0,2888.222797545552,0.8313502932658674
baseline,baseline-v1,blast-lite-lfp-gr-250ah-prismatic-2019-v1,blast-lite-b093495-250ah-prismatic-v1,PHYSICS_REFERENCE,NEAR_BOUNDARY,10.75,3225.0,2909.0065548771986,0.8304343625361728
baseline,baseline-v1,blast-lite-lfp-gr-250ah-prismatic-2019-v1,blast-lite-b093495-250ah-prismatic-v1,PHYSICS_REFERENCE,NEAR_BOUNDARY,10.833333333333334,3250.0,2929.767413940603,0.8295212245137511
baseline,baseline-v1,blast-lite-lfp-gr-250ah-prismatic-2019-v1,blast-lite-b093495-250ah-prismatic-v1,PHYSICS_REFERENCE,NEAR_BOUNDARY,10.916666666666666,3275.0,2950.505444553447,0.8286108569259898
baseline,baseline-v1,blast-lite-lfp-gr-250ah-prismatic-2019-v1,blast-lite-b093495-250ah-prismatic-v1,PHYSICS_REFERENCE,NEAR_BOUNDARY,11.0,3300.0,2971.2207159765967,0.8277032378421508
baseline,baseline-v1,blast-lite-lfp-gr-250ah-prismatic-2019-v1,blast-lite-b093495-250ah-prismatic-v1,PHYSICS_REFERENCE,NEAR_BOUNDARY,11.083333333333334,3325.0,2991.9132969226503,0.8267983456654102
baseline,baseline-v1,blast-lite-lfp-gr-250ah-prismatic-2019-v1,blast-lite-b093495-250ah-prismatic-v1,PHYSICS_REFERENCE,NEAR_BOUNDARY,11.166666666666666,3350.0,3012.5832555642855,0.8258961591251449
baseline,baseline-v1,blast-lite-lfp-gr-250ah-prismatic-2019-v1,blast-lite-b093495-250ah-prismatic-v1,PHYSICS_REFERENCE,NEAR_BOUNDARY,11.25,3375.0,3033.2306595424143,0.8249966572694578
baseline,baseline-v1,blast-lite-lfp-gr-250ah-prismatic-2019-v1,blast-lite-b093495-250ah-prismatic-v1,PHYSICS_REFERENCE,NEAR_BOUNDARY,11.333333333333334,3400.0,3053.8555759741507,0.8240998194579291
baseline,baseline-v1,blast-lite-lfp-gr-250ah-prismatic-2019-v1,blast-lite-b093495-250ah-prismatic-v1,PHYSICS_REFERENCE,NEAR_BOUNDARY,11.416666666666666,3425.0,3074.458071460599,0.8232056253545892
baseline,baseline-v1,blast-lite-lfp-gr-250ah-prismatic-2019-v1,blast-lite-b093495-250ah-prismatic-v1,PHYSICS_REFERENCE,NEAR_BOUNDARY,11.5,3450.0,3095.0382120944637,0.8223140549211014
baseline,baseline-v1,blast-lite-lfp-gr-250ah-prismatic-2019-v1,blast-lite-b093495-250ah-prismatic-v1,PHYSICS_REFERENCE,NEAR_BOUNDARY,11.583333333333334,3475.0,3115.596063467491,0.8214250884101497
baseline,baseline-v1,blast-lite-lfp-gr-250ah-prismatic-2019-v1,blast-lite-b093495-250ah-prismatic-v1,PHYSICS_REFERENCE,NEAR_BOUNDARY,11.666666666666666,3500.0,3136.1316906777447,0.8205387063590204
baseline,baseline-v1,blast-lite-lfp-gr-250ah-prismatic-2019-v1,blast-lite-b093495-250ah-prismatic-v1,PHYSICS_REFERENCE,NEAR_BOUNDARY,11.75,3525.0,3156.64515833672,0.8196548895833744
baseline,baseline-v1,blast-lite-lfp-gr-250ah-prismatic-2019-v1,blast-lite-b093495-250ah-prismatic-v1,PHYSICS_REFERENCE,NEAR_BOUNDARY,11.833333333333334,3550.0,3177.1365305763047,0.8187736191711998
baseline,baseline-v1,blast-lite-lfp-gr-250ah-prismatic-2019-v1,blast-lite-b093495-250ah-prismatic-v1,PHYSICS_REFERENCE,NEAR_BOUNDARY,11.916666666666666,3575.0,3197.605871055585,0.8178948764769409
baseline,baseline-v1,blast-lite-lfp-gr-250ah-prismatic-2019-v1,blast-lite-b093495-250ah-prismatic-v1,PHYSICS_REFERENCE,NEAR_BOUNDARY,12.0,3600.0,3218.0532429675086,0.8170186431157951
baseline,baseline-v1,blast-lite-lfp-gr-250ah-prismatic-2019-v1,blast-lite-b093495-250ah-prismatic-v1,PHYSICS_REFERENCE,NEAR_BOUNDARY,12.083333333333334,3625.0,3238.4787090454033,0.8161449009581727
baseline,baseline-v1,blast-lite-lfp-gr-250ah-prismatic-2019-v1,blast-lite-b093495-250ah-prismatic-v1,PHYSICS_REFERENCE,NEAR_BOUNDARY,12.166666666666666,3650.0,3258.8823315693576,0.8152736321243156
baseline,baseline-v1,blast-lite-lfp-gr-250ah-prismatic-2019-v1,blast-lite-b093495-250ah-prismatic-v1,PHYSICS_REFERENCE,NEAR_BOUNDARY,12.25,3675.0,3279.2641723724655,0.8144048189790646
baseline,baseline-v1,blast-lite-lfp-gr-250ah-prismatic-2019-v1,blast-lite-b093495-250ah-prismatic-v1,PHYSICS_REFERENCE,NEAR_BOUNDARY,12.333333333333334,3700.0,3299.624292846942,0.8135384441267748
baseline,baseline-v1,blast-lite-lfp-gr-250ah-prismatic-2019-v1,blast-lite-b093495-250ah-prismatic-v1,PHYSICS_REFERENCE,NEAR_BOUNDARY,12.416666666666666,3725.0,3319.962753950111,0.8126744904063727
baseline,baseline-v1,blast-lite-lfp-gr-250ah-prismatic-2019-v1,blast-lite-b093495-250ah-prismatic-v1,PHYSICS_REFERENCE,NEAR_BOUNDARY,12.5,3750.0,3340.2796162102704,0.8118129408865475
baseline,baseline-v1,blast-lite-lfp-gr-250ah-prismatic-2019-v1,blast-lite-b093495-250ah-prismatic-v1,PHYSICS_REFERENCE,NEAR_BOUNDARY,12.583333333333334,3775.0,3360.574939732434,0.8109537788610761
baseline,baseline-v1,blast-lite-lfp-gr-250ah-prismatic-2019-v1,blast-lite-b093495-250ah-prismatic-v1,PHYSICS_REFERENCE,NEAR_BOUNDARY,12.666666666666666,3800.0,3380.848784203961,0.8100969878442736
baseline,baseline-v1,blast-lite-lfp-gr-250ah-prismatic-2019-v1,blast-lite-b093495-250ah-prismatic-v1,PHYSICS_REFERENCE,NEAR_BOUNDARY,12.75,3825.0,3401.101208900068,0.8092425515665683
baseline,baseline-v1,blast-lite-lfp-gr-250ah-prismatic-2019-v1,blast-lite-b093495-250ah-prismatic-v1,PHYSICS_REFERENCE,NEAR_BOUNDARY,12.833333333333334,3850.0,3421.332272689232,0.8083904539701936
baseline,baseline-v1,blast-lite-lfp-gr-250ah-prismatic-2019-v1,blast-lite-b093495-250ah-prismatic-v1,PHYSICS_REFERENCE,NEAR_BOUNDARY,12.916666666666666,3875.0,3441.5420340384867,0.8075406792049955
baseline,baseline-v1,blast-lite-lfp-gr-250ah-prismatic-2019-v1,blast-lite-b093495-250ah-prismatic-v1,PHYSICS_REFERENCE,NEAR_BOUNDARY,13.0,3900.0,3461.7305510186115,0.8066932116243524
baseline,baseline-v1,blast-lite-lfp-gr-250ah-prismatic-2019-v1,blast-lite-b093495-250ah-prismatic-v1,PHYSICS_REFERENCE,NEAR_BOUNDARY,13.083333333333334,3925.0,3481.8978813092203,0.8058480357811991
baseline,baseline-v1,blast-lite-lfp-gr-250ah-prismatic-2019-v1,blast-lite-b093495-250ah-prismatic-v1,PHYSICS_REFERENCE,NEAR_BOUNDARY,13.166666666666666,3950.0,3502.0440822037503,0.8050051364241575
baseline,baseline-v1,blast-lite-lfp-gr-250ah-prismatic-2019-v1,blast-lite-b093495-250ah-prismatic-v1,PHYSICS_REFERENCE,NEAR_BOUNDARY,13.25,3975.0,3522.169210614354,0.8041644984937661
baseline,baseline-v1,blast-lite-lfp-gr-250ah-prismatic-2019-v1,blast-lite-b093495-250ah-prismatic-v1,PHYSICS_REFERENCE,NEAR_BOUNDARY,13.333333333333334,4000.0,3542.2733230766985,0.8033261071188071
baseline,baseline-v1,blast-lite-lfp-gr-250ah-prismatic-2019-v1,blast-lite-b093495-250ah-prismatic-v1,PHYSICS_REFERENCE,NEAR_BOUNDARY,13.416666666666666,4025.0,3562.3564757546687,0.802489947612728
baseline,baseline-v1,blast-lite-lfp-gr-250ah-prismatic-2019-v1,blast-lite-b093495-250ah-prismatic-v1,PHYSICS_REFERENCE,NEAR_BOUNDARY,13.5,4050.0,3582.4187244449868,0.8016560054701526
baseline,baseline-v1,blast-lite-lfp-gr-250ah-prismatic-2019-v1,blast-lite-b093495-250ah-prismatic-v1,PHYSICS_REFERENCE,NEAR_BOUNDARY,13.583333333333334,4075.0,3602.4601245817407,0.8008242663634828
baseline,baseline-v1,blast-lite-lfp-gr-250ah-prismatic-2019-v1,blast-lite-b093495-250ah-prismatic-v1,PHYSICS_REFERENCE,NEAR_BOUNDARY,13.666666666666666,4100.0,3622.480731240828,0.7999947161395838
baseline,baseline-v1,blast-lite-lfp-gr-250ah-prismatic-2019-v1,blast-lite-b093495-250ah-prismatic-v1,PHYSICS_REFERENCE,NEAR_BOUNDARY,13.75,4125.0,3642.4805991443177,0.7991673408165519
baseline,baseline-v1,blast-lite-lfp-gr-250ah-prismatic-2019-v1,blast-lite-b093495-250ah-prismatic-v1,PHYSICS_REFERENCE,NEAR_BOUNDARY,13.833333333333334,4150.0,3662.4597826647314,0.7983421265805641
baseline,baseline-v1,blast-lite-lfp-gr-250ah-prismatic-2019-v1,blast-lite-b093495-250ah-prismatic-v1,PHYSICS_REFERENCE,NEAR_BOUNDARY,13.916666666666666,4175.0,3682.4183358292453,0.7975190597828035
baseline,baseline-v1,blast-lite-lfp-gr-250ah-prismatic-2019-v1,blast-lite-b093495-250ah-prismatic-v1,PHYSICS_REFERENCE,NEAR_BOUNDARY,14.0,4200.0,3702.3563123238155,0.7966981269364617
baseline,baseline-v1,blast-lite-lfp-gr-250ah-prismatic-2019-v1,blast-lite-b093495-250ah-prismatic-v1,PHYSICS_REFERENCE,NEAR_BOUNDARY,14.083333333333334,4225.0,3722.273765497227,0.795879314713812
baseline,baseline-v1,blast-lite-lfp-gr-250ah-prismatic-2019-v1,blast-lite-b093495-250ah-prismatic-v1,PHYSICS_REFERENCE,NEAR_BOUNDARY,14.166666666666666,4250.0,3742.1707483650725,0.7950626099433566
baseline,baseline-v1,blast-lite-lfp-gr-250ah-prismatic-2019-v1,blast-lite-b093495-250ah-prismatic-v1,PHYSICS_REFERENCE,NEAR_BOUNDARY,14.25,4275.0,3762.0473136136566,0.7942479996070388
baseline,baseline-v1,blast-lite-lfp-gr-250ah-prismatic-2019-v1,blast-lite-b093495-250ah-prismatic-v1,PHYSICS_REFERENCE,NEAR_BOUNDARY,14.333333333333334,4300.0,3781.9035136038324,0.7934354708375242
baseline,baseline-v1,blast-lite-lfp-gr-250ah-prismatic-2019-v1,blast-lite-b093495-250ah-prismatic-v1,PHYSICS_REFERENCE,NEAR_BOUNDARY,14.416666666666666,4325.0,3801.7394003747704,0.7926250109155459
baseline,baseline-v1,blast-lite-lfp-gr-250ah-prismatic-2019-v1,blast-lite-b093495-250ah-prismatic-v1,PHYSICS_REFERENCE,NEAR_BOUNDARY,14.5,4350.0,3821.555025647659,0.7918166072673121
baseline,baseline-v1,blast-lite-lfp-gr-250ah-prismatic-2019-v1,blast-lite-b093495-250ah-prismatic-v1,PHYSICS_REFERENCE,NEAR_BOUNDARY,14.583333333333334,4375.0,3841.350440829342,0.7910102474619745
baseline,baseline-v1,blast-lite-lfp-gr-250ah-prismatic-2019-v1,blast-lite-b093495-250ah-prismatic-v1,PHYSICS_REFERENCE,NEAR_BOUNDARY,14.666666666666666,4400.0,3861.1256970158915,0.7902059192091565
baseline,baseline-v1,blast-lite-lfp-gr-250ah-prismatic-2019-v1,blast-lite-b093495-250ah-prismatic-v1,PHYSICS_REFERENCE,NEAR_BOUNDARY,14.75,4425.0,3880.8808449961202,0.7894036103565378
baseline,baseline-v1,blast-lite-lfp-gr-250ah-prismatic-2019-v1,blast-lite-b093495-250ah-prismatic-v1,PHYSICS_REFERENCE,NEAR_BOUNDARY,14.833333333333334,4450.0,3900.6159352550335,0.7886033088874954
baseline,baseline-v1,blast-lite-lfp-gr-250ah-prismatic-2019-v1,blast-lite-b093495-250ah-prismatic-v1,PHYSICS_REFERENCE,NEAR_BOUNDARY,14.916666666666666,4475.0,3920.3310179772207,0.7878050029187977
baseline,baseline-v1,blast-lite-lfp-gr-250ah-prismatic-2019-v1,blast-lite-b093495-250ah-prismatic-v1,PHYSICS_REFERENCE,NEAR_BOUNDARY,15.0,4500.0,3940.0261430501905,0.7870086806983525
baseline,baseline-v1,blast-lite-lfp-gr-250ah-prismatic-2019-v1,blast-lite-b093495-250ah-prismatic-v1,PHYSICS_REFERENCE,NEAR_BOUNDARY,15.083333333333334,4525.0,3959.701360067649,0.7862143306030052
baseline,baseline-v1,blast-lite-lfp-gr-250ah-prismatic-2019-v1,blast-lite-b093495-250ah-prismatic-v1,PHYSICS_REFERENCE,NEAR_BOUNDARY,15.166666666666666,4550.0,3979.356718332724,0.7854219411363862
baseline,baseline-v1,blast-lite-lfp-gr-250ah-prismatic-2019-v1,blast-lite-b093495-250ah-prismatic-v1,PHYSICS_REFERENCE,NEAR_BOUNDARY,15.25,4575.0,3998.992266861134,0.7846315009268078
baseline,baseline-v1,blast-lite-lfp-gr-250ah-prismatic-2019-v1,blast-lite-b093495-250ah-prismatic-v1,PHYSICS_REFERENCE,NEAR_BOUNDARY,15.333333333333334,4600.0,4018.608054384304,0.7838429987252064
baseline,baseline-v1,blast-lite-lfp-gr-250ah-prismatic-2019-v1,blast-lite-b093495-250ah-prismatic-v1,PHYSICS_REFERENCE,NEAR_BOUNDARY,15.416666666666666,4625.0,4038.2041293524344,0.7830564234031315
baseline,baseline-v1,blast-lite-lfp-gr-250ah-prismatic-2019-v1,blast-lite-b093495-250ah-prismatic-v1,PHYSICS_REFERENCE,NEAR_BOUNDARY,15.5,4650.0,4057.7805399375125,0.7822717639507787
baseline,baseline-v1,blast-lite-lfp-gr-250ah-prismatic-2019-v1,blast-lite-b093495-250ah-prismatic-v1,PHYSICS_REFERENCE,NEAR_BOUNDARY,15.583333333333334,4675.0,4077.337334036282,0.7814890094750646
baseline,baseline-v1,blast-lite-lfp-gr-250ah-prismatic-2019-v1,blast-lite-b093495-250ah-prismatic-v1,PHYSICS_REFERENCE,NEAR_BOUNDARY,15.666666666666666,4700.0,4096.874559273158,0.7807081491977461
baseline,baseline-v1,blast-lite-lfp-gr-250ah-prismatic-2019-v1,blast-lite-b093495-250ah-prismatic-v1,PHYSICS_REFERENCE,NEAR_BOUNDARY,15.75,4725.0,4116.392263003102,0.7799291724535771
baseline,baseline-v1,blast-lite-lfp-gr-250ah-prismatic-2019-v1,blast-lite-b093495-250ah-prismatic-v1,PHYSICS_REFERENCE,NEAR_BOUNDARY,15.833333333333334,4750.0,4135.890492314442,0.7791520686885085
baseline,baseline-v1,blast-lite-lfp-gr-250ah-prismatic-2019-v1,blast-lite-b093495-250ah-prismatic-v1,PHYSICS_REFERENCE,NEAR_BOUNDARY,15.916666666666666,4775.0,4155.369294031654,0.7783768274579235
baseline,baseline-v1,blast-lite-lfp-gr-250ah-prismatic-2019-v1,blast-lite-b093495-250ah-prismatic-v1,PHYSICS_REFERENCE,NEAR_BOUNDARY,16.0,4800.0,4174.828714718102,0.777603438424913
baseline,baseline-v1,blast-lite-lfp-gr-250ah-prismatic-2019-v1,blast-lite-b093495-250ah-prismatic-v1,PHYSICS_REFERENCE,NEAR_BOUNDARY,16.083333333333332,4825.0,4194.268800678725,0.7768318913585858
baseline,baseline-v1,blast-lite-lfp-gr-250ah-prismatic-2019-v1,blast-lite-b093495-250ah-prismatic-v1,PHYSICS_REFERENCE,NEAR_BOUNDARY,16.166666666666668,4850.0,4213.68959796269,0.7760621761324151
baseline,baseline-v1,blast-lite-lfp-gr-250ah-prismatic-2019-v1,blast-lite-b093495-250ah-prismatic-v1,PHYSICS_REFERENCE,NEAR_BOUNDARY,16.25,4875.0,4233.091152366,0.7752942827226204
baseline,baseline-v1,blast-lite-lfp-gr-250ah-prismatic-2019-v1,blast-lite-b093495-250ah-prismatic-v1,PHYSICS_REFERENCE,NEAR_BOUNDARY,16.333333333333332,4900.0,4252.473509434065,0.7745282012065811
baseline,baseline-v1,blast-lite-lfp-gr-250ah-prismatic-2019-v1,blast-lite-b093495-250ah-prismatic-v1,PHYSICS_REFERENCE,NEAR_BOUNDARY,16.416666666666668,4925.0,4271.83671446423,0.7737639217612853
baseline,baseline-v1,blast-lite-lfp-gr-250ah-prismatic-2019-v1,blast-lite-b093495-250ah-prismatic-v1,PHYSICS_REFERENCE,NEAR_BOUNDARY,16.5,4950.0,4291.180812508262,0.773001434661809
baseline,baseline-v1,blast-lite-lfp-gr-250ah-prismatic-2019-v1,blast-lite-b093495-250ah-prismatic-v1,PHYSICS_REFERENCE,NEAR_BOUNDARY,16.583333333333332,4975.0,4310.505848374807,0.7722407302798273
baseline,baseline-v1,blast-lite-lfp-gr-250ah-prismatic-2019-v1,blast-lite-b093495-250ah-prismatic-v1,PHYSICS_REFERENCE,NEAR_BOUNDARY,16.666666666666668,5000.0,4329.811866631802,0.7714817990821554
baseline,baseline-v1,blast-lite-lfp-gr-250ah-prismatic-2019-v1,blast-lite-b093495-250ah-prismatic-v1,PHYSICS_REFERENCE,NEAR_BOUNDARY,16.75,5025.0,4349.098911608856,0.7707246316293199
baseline,baseline-v1,blast-lite-lfp-gr-250ah-prismatic-2019-v1,blast-lite-b093495-250ah-prismatic-v1,PHYSICS_REFERENCE,NEAR_BOUNDARY,16.833333333333332,5050.0,4368.367027399589,0.769969218574158
baseline,baseline-v1,blast-lite-lfp-gr-250ah-prismatic-2019-v1,blast-lite-b093495-250ah-prismatic-v1,PHYSICS_REFERENCE,NEAR_BOUNDARY,16.916666666666668,5075.0,4387.616257863942,0.7692155506604464
baseline,baseline-v1,blast-lite-lfp-gr-250ah-prismatic-2019-v1,blast-lite-b093495-250ah-prismatic-v1,PHYSICS_REFERENCE,NEAR_BOUNDARY,17.0,5100.0,4406.8466466304535,0.7684636187215557
baseline,baseline-v1,blast-lite-lfp-gr-250ah-prismatic-2019-v1,blast-lite-b093495-250ah-prismatic-v1,PHYSICS_REFERENCE,NEAR_BOUNDARY,17.083333333333332,5125.0,4426.058237098492,0.7677134136791327
baseline,baseline-v1,blast-lite-lfp-gr-250ah-prismatic-2019-v1,blast-lite-b093495-250ah-prismatic-v1,PHYSICS_REFERENCE,NEAR_BOUNDARY,17.166666666666668,5150.0,4445.25107244047,0.7669649265418091
baseline,baseline-v1,blast-lite-lfp-gr-250ah-prismatic-2019-v1,blast-lite-b093495-250ah-prismatic-v1,PHYSICS_REFERENCE,NEAR_BOUNDARY,17.25,5175.0,4464.425195604015,0.7662181484039345
baseline,baseline-v1,blast-lite-lfp-gr-250ah-prismatic-2019-v1,blast-lite-b093495-250ah-prismatic-v1,PHYSICS_REFERENCE,NEAR_BOUNDARY,17.333333333333332,5200.0,4483.5806493141135,0.7654730704443347
baseline,baseline-v1,blast-lite-lfp-gr-250ah-prismatic-2019-v1,blast-lite-b093495-250ah-prismatic-v1,PHYSICS_REFERENCE,NEAR_BOUNDARY,17.416666666666668,5225.0,4502.717476075222,0.764729683925095
baseline,baseline-v1,blast-lite-lfp-gr-250ah-prismatic-2019-v1,blast-lite-b093495-250ah-prismatic-v1,PHYSICS_REFERENCE,NEAR_BOUNDARY,17.5,5250.0,4521.83571817335,0.7639879801903657
baseline,baseline-v1,blast-lite-lfp-gr-250ah-prismatic-2019-v1,blast-lite-b093495-250ah-prismatic-v1,PHYSICS_REFERENCE,NEAR_BOUNDARY,17.583333333333332,5275.0,4540.935417678109,0.7632479506651917
baseline,baseline-v1,blast-lite-lfp-gr-250ah-prismatic-2019-v1,blast-lite-b093495-250ah-prismatic-v1,PHYSICS_REFERENCE,NEAR_BOUNDARY,17.666666666666668,5300.0,4560.016616444739,0.7625095868543641
baseline,baseline-v1,blast-lite-lfp-gr-250ah-prismatic-2019-v1,blast-lite-b093495-250ah-prismatic-v1,PHYSICS_REFERENCE,NEAR_BOUNDARY,17.75,5325.0,4579.079356116098,0.7617728803412935
baseline,baseline-v1,blast-lite-lfp-gr-250ah-prismatic-2019-v1,blast-lite-b093495-250ah-prismatic-v1,PHYSICS_REFERENCE,NEAR_BOUNDARY,17.833333333333332,5350.0,4598.123678124631,0.7610378227869058
baseline,baseline-v1,blast-lite-lfp-gr-250ah-prismatic-2019-v1,blast-lite-b093495-250ah-prismatic-v1,PHYSICS_REFERENCE,NEAR_BOUNDARY,17.916666666666668,5375.0,4617.149623694303,0.7603044059285573
baseline,baseline-v1,blast-lite-lfp-gr-250ah-prismatic-2019-v1,blast-lite-b093495-250ah-prismatic-v1,PHYSICS_REFERENCE,NEAR_BOUNDARY,18.0,5400.0,4636.157233842517,0.7595726215789718
baseline,baseline-v1,blast-lite-lfp-gr-250ah-prismatic-2019-v1,blast-lite-b093495-250ah-prismatic-v1,PHYSICS_REFERENCE,NEAR_BOUNDARY,18.083333333333332,5425.0,4655.146549381991,0.7588424616251964
baseline,baseline-v1,blast-lite-lfp-gr-250ah-prismatic-2019-v1,blast-lite-b093495-250ah-prismatic-v1,PHYSICS_REFERENCE,NEAR_BOUNDARY,18.166666666666668,5450.0,4674.117610922621,0.7581139180275773
baseline,baseline-v1,blast-lite-lfp-gr-250ah-prismatic-2019-v1,blast-lite-b093495-250ah-prismatic-v1,PHYSICS_REFERENCE,NEAR_BOUNDARY,18.25,5475.0,4693.070458873311,0.7573869828187548
baseline,baseline-v1,blast-lite-lfp-gr-250ah-prismatic-2019-v1,blast-lite-b093495-250ah-prismatic-v1,PHYSICS_REFERENCE,NEAR_BOUNDARY,18.333333333333332,5500.0,4712.005133443779,0.7566616481026764
baseline,baseline-v1,blast-lite-lfp-gr-250ah-prismatic-2019-v1,blast-lite-b093495-250ah-prismatic-v1,PHYSICS_REFERENCE,NEAR_BOUNDARY,18.416666666666668,5525.0,4730.921674646346,0.7559379060536283
baseline,baseline-v1,blast-lite-lfp-gr-250ah-prismatic-2019-v1,blast-lite-b093495-250ah-prismatic-v1,PHYSICS_REFERENCE,NEAR_BOUNDARY,18.5,5550.0,4749.820122297687,0.7552157489152846
baseline,baseline-v1,blast-lite-lfp-gr-250ah-prismatic-2019-v1,blast-lite-b093495-250ah-prismatic-v1,PHYSICS_REFERENCE,NEAR_BOUNDARY,18.583333333333332,5575.0,4768.700516020569,0.7544951689997734
baseline,baseline-v1,blast-lite-lfp-gr-250ah-prismatic-2019-v1,blast-lite-b093495-250ah-prismatic-v1,PHYSICS_REFERENCE,NEAR_BOUNDARY,18.666666666666668,5600.0,4787.562895245564,0.753776158686761
baseline,baseline-v1,blast-lite-lfp-gr-250ah-prismatic-2019-v1,blast-lite-b093495-250ah-prismatic-v1,PHYSICS_REFERENCE,NEAR_BOUNDARY,18.75,5625.0,4806.407299212733,0.7530587104225509
baseline,baseline-v1,blast-lite-lfp-gr-250ah-prismatic-2019-v1,blast-lite-b093495-250ah-prismatic-v1,PHYSICS_REFERENCE,NEAR_BOUNDARY,18.833333333333332,5650.0,4825.233766973297,0.7523428167192006
baseline,baseline-v1,blast-lite-lfp-gr-250ah-prismatic-2019-v1,blast-lite-b093495-250ah-prismatic-v1,PHYSICS_REFERENCE,NEAR_BOUNDARY,18.916666666666668,5675.0,4844.042337391277,0.751628470153653
baseline,baseline-v1,blast-lite-lfp-gr-250ah-prismatic-2019-v1,blast-lite-b093495-250ah-prismatic-v1,PHYSICS_REFERENCE,NEAR_BOUNDARY,19.0,5700.0,4862.833049145119,0.7509156633668839
baseline,baseline-v1,blast-lite-lfp-gr-250ah-prismatic-2019-v1,blast-lite-b093495-250ah-prismatic-v1,PHYSICS_REFERENCE,NEAR_BOUNDARY,19.083333333333332,5725.0,4881.6059407292905,0.7502043890630645
baseline,baseline-v1,blast-lite-lfp-gr-250ah-prismatic-2019-v1,blast-lite-b093495-250ah-prismatic-v1,PHYSICS_REFERENCE,NEAR_BOUNDARY,19.166666666666668,5750.0,4900.361050455867,0.7494946400087386
baseline,baseline-v1,blast-lite-lfp-gr-250ah-prismatic-2019-v1,blast-lite-b093495-250ah-prismatic-v1,PHYSICS_REFERENCE,NEAR_BOUNDARY,19.25,5775.0,4919.098416456086,0.7487864090320135
baseline,baseline-v1,blast-lite-lfp-gr-250ah-prismatic-2019-v1,blast-lite-b093495-250ah-prismatic-v1,PHYSICS_REFERENCE,NEAR_BOUNDARY,19.333333333333332,5800.0,4937.818076681886,0.748079689021767
baseline,baseline-v1,blast-lite-lfp-gr-250ah-prismatic-2019-v1,blast-lite-b093495-250ah-prismatic-v1,PHYSICS_REFERENCE,NEAR_BOUNDARY,19.416666666666668,5825.0,4956.52006890743,0.7473744729268657
baseline,baseline-v1,blast-lite-lfp-gr-250ah-prismatic-2019-v1,blast-lite-b093495-250ah-prismatic-v1,PHYSICS_REFERENCE,NEAR_BOUNDARY,19.5,5850.0,4975.204430730601,0.7466707537553988
baseline,baseline-v1,blast-lite-lfp-gr-250ah-prismatic-2019-v1,blast-lite-b093495-250ah-prismatic-v1,PHYSICS_REFERENCE,NEAR_BOUNDARY,19.583333333333332,5875.0,4993.871199574486,0.7459685245739244
baseline,baseline-v1,blast-lite-lfp-gr-250ah-prismatic-2019-v1,blast-lite-b093495-250ah-prismatic-v1,PHYSICS_REFERENCE,NEAR_BOUNDARY,19.666666666666668,5900.0,5012.520412688834,0.7452677785067277
baseline,baseline-v1,blast-lite-lfp-gr-250ah-prismatic-2019-v1,blast-lite-b093495-250ah-prismatic-v1,PHYSICS_REFERENCE,NEAR_BOUNDARY,19.75,5925.0,5031.152107151502,0.7445685087350942
baseline,baseline-v1,blast-lite-lfp-gr-250ah-prismatic-2019-v1,blast-lite-b093495-250ah-prismatic-v1,PHYSICS_REFERENCE,NEAR_BOUNDARY,19.833333333333332,5950.0,5049.766319869879,0.743870708496593
baseline,baseline-v1,blast-lite-lfp-gr-250ah-prismatic-2019-v1,blast-lite-b093495-250ah-prismatic-v1,PHYSICS_REFERENCE,NEAR_BOUNDARY,19.916666666666668,5975.0,5068.363087582294,0.7431743710843737
baseline,baseline-v1,blast-lite-lfp-gr-250ah-prismatic-2019-v1,blast-lite-b093495-250ah-prismatic-v1,PHYSICS_REFERENCE,NEAR_BOUNDARY,20.0,6000.0,5086.942446859403,0.7424794898464737
baseline,baseline-v1,blast-lite-lfp-gr-250ah-prismatic-2019-v1,blast-lite-b093495-250ah-prismatic-v1,PHYSICS_REFERENCE,NEAR_BOUNDARY,20.083333333333332,6025.0,5105.504434105565,0.7417860581851393
baseline,baseline-v1,blast-lite-lfp-gr-250ah-prismatic-2019-v1,blast-lite-b093495-250ah-prismatic-v1,PHYSICS_REFERENCE,NEAR_BOUNDARY,20.166666666666668,6050.0,5124.049085560194,0.7410940695561561
baseline,baseline-v1,blast-lite-lfp-gr-250ah-prismatic-2019-v1,blast-lite-b093495-250ah-prismatic-v1,PHYSICS_REFERENCE,NEAR_BOUNDARY,20.25,6075.0,5142.576437299098,0.7404035174681907
baseline,baseline-v1,blast-lite-lfp-gr-250ah-prismatic-2019-v1,blast-lite-b093495-250ah-prismatic-v1,PHYSICS_REFERENCE,NEAR_BOUNDARY,20.333333333333332,6100.0,5161.086525235803,0.7397143954821452
baseline,baseline-v1,blast-lite-lfp-gr-250ah-prismatic-2019-v1,blast-lite-b093495-250ah-prismatic-v1,PHYSICS_REFERENCE,NEAR_BOUNDARY,20.416666666666668,6125.0,5179.579385122856,0.7390266972105203
baseline,baseline-v1,blast-lite-lfp-gr-250ah-prismatic-2019-v1,blast-lite-b093495-250ah-prismatic-v1,PHYSICS_REFERENCE,NEAR_BOUNDARY,20.5,6150.0,5198.05505255312,0.7383404163167898
baseline,baseline-v1,blast-lite-lfp-gr-250ah-prismatic-2019-v1,blast-lite-b093495-250ah-prismatic-v1,PHYSICS_REFERENCE,NEAR_BOUNDARY,20.583333333333332,6175.0,5216.5135629610395,0.7376555465147849
baseline,baseline-v1,blast-lite-lfp-gr-250ah-prismatic-2019-v1,blast-lite-b093495-250ah-prismatic-v1,PHYSICS_REFERENCE,NEAR_BOUNDARY,20.666666666666668,6200.0,5234.954951623909,0.7369720815680889
baseline,baseline-v1,blast-lite-lfp-gr-250ah-prismatic-2019-v1,blast-lite-b093495-250ah-prismatic-v1,PHYSICS_REFERENCE,NEAR_BOUNDARY,20.75,6225.0,5253.379253663112,0.7362900152894418
baseline,baseline-v1,blast-lite-lfp-gr-250ah-prismatic-2019-v1,blast-lite-b093495-250ah-prismatic-v1,PHYSICS_REFERENCE,NEAR_BOUNDARY,20.833333333333332,6250.0,5271.786504045348,0.7356093415401539
baseline,baseline-v1,blast-lite-lfp-gr-250ah-prismatic-2019-v1,blast-lite-b093495-250ah-prismatic-v1,PHYSICS_REFERENCE,NEAR_BOUNDARY,20.916666666666668,6275.0,5290.176737583852,0.7349300542295296
baseline,baseline-v1,blast-lite-lfp-gr-250ah-prismatic-2019-v1,blast-lite-b093495-250ah-prismatic-v1,PHYSICS_REFERENCE,NEAR_BOUNDARY,21.0,6300.0,5308.54998893959,0.7342521473142997
baseline,baseline-v1,blast-lite-lfp-gr-250ah-prismatic-2019-v1,blast-lite-b093495-250ah-prismatic-v1,PHYSICS_REFERENCE,NEAR_BOUNDARY,21.083333333333332,6325.0,5326.906292622447,0.733575614798063
baseline,baseline-v1,blast-lite-lfp-gr-250ah-prismatic-2019-v1,blast-lite-b093495-250ah-prismatic-v1,PHYSICS_REFERENCE,NEAR_BOUNDARY,21.166666666666668,6350.0,5345.2456829923985,0.7329004507307377
baseline,baseline-v1,blast-lite-lfp-gr-250ah-prismatic-2019-v1,blast-lite-b093495-250ah-prismatic-v1,PHYSICS_REFERENCE,NEAR_BOUNDARY,21.25,6375.0,5363.568194260667,0.7322266492080196
baseline,baseline-v1,blast-lite-lfp-gr-250ah-prismatic-2019-v1,blast-lite-b093495-250ah-prismatic-v1,PHYSICS_REFERENCE,NEAR_BOUNDARY,21.333333333333332,6400.0,5381.873860490868,0.7315542043708503
baseline,baseline-v1,blast-lite-lfp-gr-250ah-prismatic-2019-v1,blast-lite-b093495-250ah-prismatic-v1,PHYSICS_REFERENCE,NEAR_BOUNDARY,21.416666666666668,6425.0,5400.162715600139,0.7308831104048936
baseline,baseline-v1,blast-lite-lfp-gr-250ah-prismatic-2019-v1,blast-lite-b093495-250ah-prismatic-v1,PHYSICS_REFERENCE,NEAR_BOUNDARY,21.5,6450.0,5418.434793360261,0.7302133615400191
baseline,baseline-v1,blast-lite-lfp-gr-250ah-prismatic-2019-v1,blast-lite-b093495-250ah-prismatic-v1,PHYSICS_REFERENCE,NEAR_BOUNDARY,21.583333333333332,6475.0,5436.690127398761,0.7295449520497956
baseline,baseline-v1,blast-lite-lfp-gr-250ah-prismatic-2019-v1,blast-lite-b093495-250ah-prismatic-v1,PHYSICS_REFERENCE,NEAR_BOUNDARY,21.666666666666668,6500.0,5454.928751200006,0.7288778762509898
baseline,baseline-v1,blast-lite-lfp-gr-250ah-prismatic-2019-v1,blast-lite-b093495-250ah-prismatic-v1,PHYSICS_REFERENCE,NEAR_BOUNDARY,21.75,6525.0,5473.150698106281,0.7282121285030756
baseline,baseline-v1,blast-lite-lfp-gr-250ah-prismatic-2019-v1,blast-lite-b093495-250ah-prismatic-v1,PHYSICS_REFERENCE,NEAR_BOUNDARY,21.833333333333332,6550.0,5491.356001318858,0.7275477032077485
baseline,baseline-v1,blast-lite-lfp-gr-250ah-prismatic-2019-v1,blast-lite-b093495-250ah-prismatic-v1,PHYSICS_REFERENCE,NEAR_BOUNDARY,21.916666666666668,6575.0,5509.544693899052,0.7268845948084495
baseline,baseline-v1,blast-lite-lfp-gr-250ah-prismatic-2019-v1,blast-lite-b093495-250ah-prismatic-v1,PHYSICS_REFERENCE,NEAR_BOUNDARY,22.0,6600.0,5527.716808769263,0.7262227977898943
baseline,baseline-v1,blast-lite-lfp-gr-250ah-prismatic-2019-v1,blast-lite-b093495-250ah-prismatic-v1,PHYSICS_REFERENCE,NEAR_BOUNDARY,22.083333333333332,6625.0,5545.87237871401,0.7255623066776109
baseline,baseline-v1,blast-lite-lfp-gr-250ah-prismatic-2019-v1,blast-lite-b093495-250ah-prismatic-v1,PHYSICS_REFERENCE,NEAR_BOUNDARY,22.166666666666668,6650.0,5564.01143638095,0.7249031160374846
baseline,baseline-v1,blast-lite-lfp-gr-250ah-prismatic-2019-v1,blast-lite-b093495-250ah-prismatic-v1,PHYSICS_REFERENCE,NEAR_BOUNDARY,22.25,6675.0,5582.134014281887,0.7242452204753077
baseline,baseline-v1,blast-lite-lfp-gr-250ah-prismatic-2019-v1,blast-lite-b093495-250ah-prismatic-v1,PHYSICS_REFERENCE,NEAR_BOUNDARY,22.333333333333332,6700.0,5600.24014479377,0.7235886146363387
baseline,baseline-v1,blast-lite-lfp-gr-250ah-prismatic-2019-v1,blast-lite-b093495-250ah-prismatic-v1,PHYSICS_REFERENCE,NEAR_BOUNDARY,22.416666666666668,6725.0,5618.329860159679,0.7229332932048664
baseline,baseline-v1,blast-lite-lfp-gr-250ah-prismatic-2019-v1,blast-lite-b093495-250ah-prismatic-v1,PHYSICS_REFERENCE,NEAR_BOUNDARY,22.5,6750.0,5636.403192489801,0.7222792509037803
baseline,baseline-v1,blast-lite-lfp-gr-250ah-prismatic-2019-v1,blast-lite-b093495-250ah-prismatic-v1,PHYSICS_REFERENCE,NEAR_BOUNDARY,22.583333333333332,6775.0,5654.460173762395,0.7216264824941492
baseline,baseline-v1,blast-lite-lfp-gr-250ah-prismatic-2019-v1,blast-lite-b093495-250ah-prismatic-v1,PHYSICS_REFERENCE,NEAR_BOUNDARY,22.666666666666668,6800.0,5672.500835824749,0.7209749827748035
baseline,baseline-v1,blast-lite-lfp-gr-250ah-prismatic-2019-v1,blast-lite-b093495-250ah-prismatic-v1,PHYSICS_REFERENCE,NEAR_BOUNDARY,22.75,6825.0,5690.525210394118,0.7203247465819254
baseline,baseline-v1,blast-lite-lfp-gr-250ah-prismatic-2019-v1,blast-lite-b093495-250ah-prismatic-v1,PHYSICS_REFERENCE,NEAR_BOUNDARY,22.833333333333332,6850.0,5708.533329058667,0.719675768788645
baseline,baseline-v1,blast-lite-lfp-gr-250ah-prismatic-2019-v1,blast-lite-b093495-250ah-prismatic-v1,PHYSICS_REFERENCE,NEAR_BOUNDARY,22.916666666666668,6875.0,5726.525223278383,0.7190280443046417
baseline,baseline-v1,blast-lite-lfp-gr-250ah-prismatic-2019-v1,blast-lite-b093495-250ah-prismatic-v1,PHYSICS_REFERENCE,NEAR_BOUNDARY,23.0,6900.0,5744.5009243859995,0.7183815680757513
baseline,baseline-v1,blast-lite-lfp-gr-250ah-prismatic-2019-v1,blast-lite-b093495-250ah-prismatic-v1,PHYSICS_REFERENCE,NEAR_BOUNDARY,23.083333333333332,6925.0,5762.460463587893,0.7177363350835797
baseline,baseline-v1,blast-lite-lfp-gr-250ah-prismatic-2019-v1,blast-lite-b093495-250ah-prismatic-v1,PHYSICS_REFERENCE,NEAR_BOUNDARY,23.166666666666668,6950.0,5780.4038719649825,0.7170923403451213
baseline,baseline-v1,blast-lite-lfp-gr-250ah-prismatic-2019-v1,blast-lite-b093495-250ah-prismatic-v1,PHYSICS_REFERENCE,NEAR_BOUNDARY,23.25,6975.0,5798.33118047361,0.7164495789123833
baseline,baseline-v1,blast-lite-lfp-gr-250ah-prismatic-2019-v1,blast-lite-b093495-250ah-prismatic-v1,PHYSICS_REFERENCE,NEAR_BOUNDARY,23.333333333333332,7000.0,5816.24241994642,0.7158080458720146
baseline,baseline-v1,blast-lite-lfp-gr-250ah-prismatic-2019-v1,blast-lite-b093495-250ah-prismatic-v1,PHYSICS_REFERENCE,NEAR_BOUNDARY,23.416666666666668,7025.0,5834.13762109322,0.7151677363449425
baseline,baseline-v1,blast-lite-lfp-gr-250ah-prismatic-2019-v1,blast-lite-b093495-250ah-prismatic-v1,PHYSICS_REFERENCE,NEAR_BOUNDARY,23.5,7050.0,5852.016814501844,0.7145286454860107
baseline,baseline-v1,blast-lite-lfp-gr-250ah-prismatic-2019-v1,blast-lite-b093495-250ah-prismatic-v1,PHYSICS_REFERENCE,NEAR_BOUNDARY,23.583333333333332,7075.0,5869.880030638995,0.7138907684836258
baseline,baseline-v1,blast-lite-lfp-gr-250ah-prismatic-2019-v1,blast-lite-b093495-250ah-prismatic-v1,PHYSICS_REFERENCE,NEAR_BOUNDARY,23.666666666666668,7100.0,5887.727299851085,0.7132541005594066
baseline,baseline-v1,blast-lite-lfp-gr-250ah-prismatic-2019-v1,blast-lite-b093495-250ah-prismatic-v1,PHYSICS_REFERENCE,NEAR_BOUNDARY,23.75,7125.0,5905.55865236507,0.7126186369678404
baseline,baseline-v1,blast-lite-lfp-gr-250ah-prismatic-2019-v1,blast-lite-b093495-250ah-prismatic-v1,PHYSICS_REFERENCE,NEAR_BOUNDARY,23.833333333333332,7150.0,5923.374118289266,0.7119843729959416
baseline,baseline-v1,blast-lite-lfp-gr-250ah-prismatic-2019-v1,blast-lite-b093495-250ah-prismatic-v1,PHYSICS_REFERENCE,NEAR_BOUNDARY,23.916666666666668,7175.0,5941.173727614165,0.7113513039629173
baseline,baseline-v1,blast-lite-lfp-gr-250ah-prismatic-2019-v1,blast-lite-b093495-250ah-prismatic-v1,PHYSICS_REFERENCE,NEAR_BOUNDARY,24.0,7200.0,5958.957510213238,0.7107194252198363
baseline,baseline-v1,blast-lite-lfp-gr-250ah-prismatic-2019-v1,blast-lite-b093495-250ah-prismatic-v1,PHYSICS_REFERENCE,NEAR_BOUNDARY,24.083333333333332,7225.0,5976.725495843733,0.7100887321493028
baseline,baseline-v1,blast-lite-lfp-gr-250ah-prismatic-2019-v1,blast-lite-b093495-250ah-prismatic-v1,PHYSICS_REFERENCE,NEAR_BOUNDARY,24.166666666666668,7250.0,5994.477714147466,0.7094592201651359
baseline,baseline-v1,blast-lite-lfp-gr-250ah-prismatic-2019-v1,blast-lite-b093495-250ah-prismatic-v1,PHYSICS_REFERENCE,NEAR_BOUNDARY,24.25,7275.0,6012.214194651595,0.7088308847120508
baseline,baseline-v1,blast-lite-lfp-gr-250ah-prismatic-2019-v1,blast-lite-b093495-250ah-prismatic-v1,PHYSICS_REFERENCE,NEAR_BOUNDARY,24.333333333333332,7300.0,6029.934966769396,0.7082037212653475
baseline,baseline-v1,blast-lite-lfp-gr-250ah-prismatic-2019-v1,blast-lite-b093495-250ah-prismatic-v1,PHYSICS_REFERENCE,NEAR_BOUNDARY,24.416666666666668,7325.0,6047.64005980103,0.7075777253306017
baseline,baseline-v1,blast-lite-lfp-gr-250ah-prismatic-2019-v1,blast-lite-b093495-250ah-prismatic-v1,PHYSICS_REFERENCE,NEAR_BOUNDARY,24.5,7350.0,6065.329502934294,0.7069528924433606
baseline,baseline-v1,blast-lite-lfp-gr-250ah-prismatic-2019-v1,blast-lite-b093495-250ah-prismatic-v1,PHYSICS_REFERENCE,NEAR_BOUNDARY,24.583333333333332,7375.0,6083.003325245379,0.7063292181688421
baseline,baseline-v1,blast-lite-lfp-gr-250ah-prismatic-2019-v1,blast-lite-b093495-250ah-prismatic-v1,PHYSICS_REFERENCE,NEAR_BOUNDARY,24.666666666666668,7400.0,6100.661555699599,0.7057066981016401
baseline,baseline-v1,blast-lite-lfp-gr-250ah-prismatic-2019-v1,blast-lite-b093495-250ah-prismatic-v1,PHYSICS_REFERENCE,NEAR_BOUNDARY,24.75,7425.0,6118.30422315214,0.7050853278654309
baseline,baseline-v1,blast-lite-lfp-gr-250ah-prismatic-2019-v1,blast-lite-b093495-250ah-prismatic-v1,PHYSICS_REFERENCE,NEAR_BOUNDARY,24.833333333333332,7450.0,6135.931356348776,0.7044651031126856
baseline,baseline-v1,blast-lite-lfp-gr-250ah-prismatic-2019-v1,blast-lite-b093495-250ah-prismatic-v1,PHYSICS_REFERENCE,NEAR_BOUNDARY,24.916666666666668,7475.0,6153.542983926593,0.7038460195243861
baseline,baseline-v1,blast-lite-lfp-gr-250ah-prismatic-2019-v1,blast-lite-b093495-250ah-prismatic-v1,PHYSICS_REFERENCE,NEAR_BOUNDARY,25.0,7500.0,6171.139134414702,0.703228072809744
temperature_35c,temperature-35c-v1,blast-lite-lfp-gr-250ah-prismatic-2019-v1,blast-lite-b093495-250ah-prismatic-v1,PHYSICS_REFERENCE,NEAR_BOUNDARY,0.0,0.0,0.0,1.0
temperature_35c,temperature-35c-v1,blast-lite-lfp-gr-250ah-prismatic-2019-v1,blast-lite-b093495-250ah-prismatic-v1,PHYSICS_REFERENCE,NEAR_BOUNDARY,0.08333333333333333,25.0,24.999999999999996,0.9946416431799961
temperature_35c,temperature-35c-v1,blast-lite-lfp-gr-250ah-prismatic-2019-v1,blast-lite-b093495-250ah-prismatic-v1,PHYSICS_REFERENCE,NEAR_BOUNDARY,0.16666666666666666,50.0,49.866041079499894,0.9913853256508267
temperature_35c,temperature-35c-v1,blast-lite-lfp-gr-250ah-prismatic-2019-v1,blast-lite-b093495-250ah-prismatic-v1,PHYSICS_REFERENCE,NEAR_BOUNDARY,0.25,75.0,74.65067422077055,0.9886714796838156
temperature_35c,temperature-35c-v1,blast-lite-lfp-gr-250ah-prismatic-2019-v1,blast-lite-b093495-250ah-prismatic-v1,PHYSICS_REFERENCE,NEAR_BOUNDARY,0.3333333333333333,100.0,99.36746121286595,0.9862300453983348
temperature_35c,temperature-35c-v1,blast-lite-lfp-gr-250ah-prismatic-2019-v1,blast-lite-b093495-250ah-prismatic-v1,PHYSICS_REFERENCE,NEAR_BOUNDARY,0.4166666666666667,125.0,124.02321234782431,0.9839655429264591
temperature_35c,temperature-35c-v1,blast-lite-lfp-gr-250ah-prismatic-2019-v1,blast-lite-b093495-250ah-prismatic-v1,PHYSICS_REFERENCE,NEAR_BOUNDARY,0.5,150.0,148.62235092098578,0.9818297495908418
temperature_35c,temperature-35c-v1,blast-lite-lfp-gr-250ah-prismatic-2019-v1,blast-lite-b093495-250ah-prismatic-v1,PHYSICS_REFERENCE,NEAR_BOUNDARY,0.5833333333333334,175.0,173.16809466075682,0.9797939388316926
temperature_35c,temperature-35c-v1,blast-lite-lfp-gr-250ah-prismatic-2019-v1,blast-lite-b093495-250ah-prismatic-v1,PHYSICS_REFERENCE,NEAR_BOUNDARY,0.6666666666666666,200.0,197.66294313154913,0.9778392214885986
temperature_35c,temperature-35c-v1,blast-lite-lfp-gr-250ah-prismatic-2019-v1,blast-lite-b093495-250ah-prismatic-v1,PHYSICS_REFERENCE,NEAR_BOUNDARY,0.75,225.0,222.10892366876408,0.9759523231121484
temperature_35c,temperature-35c-v1,blast-lite-lfp-gr-250ah-prismatic-2019-v1,blast-lite-b093495-250ah-prismatic-v1,PHYSICS_REFERENCE,NEAR_BOUNDARY,0.8333333333333334,250.0,246.5077317465678,0.9741234559013899
temperature_35c,temperature-35c-v1,blast-lite-lfp-gr-250ah-prismatic-2019-v1,blast-lite-b093495-250ah-prismatic-v1,PHYSICS_REFERENCE,NEAR_BOUNDARY,0.9166666666666666,275.0,270.86081814410255,0.9723451351408791
temperature_35c,temperature-35c-v1,blast-lite-lfp-gr-250ah-prismatic-2019-v1,blast-lite-b093495-250ah-prismatic-v1,PHYSICS_REFERENCE,NEAR_BOUNDARY,1.0,300.0,295.1694465226245,0.9706114711348444
temperature_35c,temperature-35c-v1,blast-lite-lfp-gr-250ah-prismatic-2019-v1,blast-lite-b093495-250ah-prismatic-v1,PHYSICS_REFERENCE,NEAR_BOUNDARY,1.0833333333333333,325.0,319.4347333009956,0.9689177210399686
temperature_35c,temperature-35c-v1,blast-lite-lfp-gr-250ah-prismatic-2019-v1,blast-lite-b093495-250ah-prismatic-v1,PHYSICS_REFERENCE,NEAR_BOUNDARY,1.1666666666666667,350.0,343.6576763269948,0.9672599921457314
temperature_35c,temperature-35c-v1,blast-lite-lfp-gr-250ah-prismatic-2019-v1,blast-lite-b093495-250ah-prismatic-v1,PHYSICS_REFERENCE,NEAR_BOUNDARY,1.25,375.0,367.8391761306381,0.9656350380608728
temperature_35c,temperature-35c-v1,blast-lite-lfp-gr-250ah-prismatic-2019-v1,blast-lite-b093495-250ah-prismatic-v1,PHYSICS_REFERENCE,NEAR_BOUNDARY,1.3333333333333333,400.0,391.98005208215994,0.9640401143536713
temperature_35c,temperature-35c-v1,blast-lite-lfp-gr-250ah-prismatic-2019-v1,blast-lite-b093495-250ah-prismatic-v1,PHYSICS_REFERENCE,NEAR_BOUNDARY,1.4166666666666667,425.0,416.08105494100175,0.9624728736098234
temperature_35c,temperature-35c-v1,blast-lite-lfp-gr-250ah-prismatic-2019-v1,blast-lite-b093495-250ah-prismatic-v1,PHYSICS_REFERENCE,NEAR_BOUNDARY,1.5,450.0,440.1428767812473,0.9609312874229983
temperature_35c,temperature-35c-v1,blast-lite-lfp-gr-250ah-prismatic-2019-v1,blast-lite-b093495-250ah-prismatic-v1,PHYSICS_REFERENCE,NEAR_BOUNDARY,1.5833333333333333,475.0,464.16615896682225,0.9594135872712753
temperature_35c,temperature-35c-v1,blast-lite-lfp-gr-250ah-prismatic-2019-v1,blast-lite-b093495-250ah-prismatic-v1,PHYSICS_REFERENCE,NEAR_BOUNDARY,1.6666666666666667,500.0,488.15149864860416,0.9579182189395307
temperature_35c,temperature-35c-v1,blast-lite-lfp-gr-250ah-prismatic-2019-v1,blast-lite-b093495-250ah-prismatic-v1,PHYSICS_REFERENCE,NEAR_BOUNDARY,1.75,525.0,512.0994541220924,0.956443806852635
temperature_35c,temperature-35c-v1,blast-lite-lfp-gr-250ah-prismatic-2019-v1,blast-lite-b093495-250ah-prismatic-v1,PHYSICS_REFERENCE,NEAR_BOUNDARY,1.8333333333333333,550.0,536.0105492934083,0.9549891257886357
temperature_35c,temperature-35c-v1,blast-lite-lfp-gr-250ah-prismatic-2019-v1,blast-lite-b093495-250ah-prismatic-v1,PHYSICS_REFERENCE,NEAR_BOUNDARY,1.9166666666666667,575.0,559.8852774381241,0.9535530781744002
temperature_35c,temperature-35c-v1,blast-lite-lfp-gr-250ah-prismatic-2019-v1,blast-lite-b093495-250ah-prismatic-v1,PHYSICS_REFERENCE,NEAR_BOUNDARY,2.0,600.0,583.7241043924842,0.9521346756640457
temperature_35c,temperature-35c-v1,blast-lite-lfp-gr-250ah-prismatic-2019-v1,blast-lite-b093495-250ah-prismatic-v1,PHYSICS_REFERENCE,NEAR_BOUNDARY,2.0833333333333335,625.0,607.5274712840853,0.9507330240452142
temperature_35c,temperature-35c-v1,blast-lite-lfp-gr-250ah-prismatic-2019-v1,blast-lite-b093495-250ah-prismatic-v1,PHYSICS_REFERENCE,NEAR_BOUNDARY,2.1666666666666665,650.0,631.2957968852156,0.9493473107612803
temperature_35c,temperature-35c-v1,blast-lite-lfp-gr-250ah-prismatic-2019-v1,blast-lite-b093495-250ah-prismatic-v1,PHYSICS_REFERENCE,NEAR_BOUNDARY,2.25,675.0,655.0294796542477,0.9479767945116925
temperature_35c,temperature-35c-v1,blast-lite-lfp-gr-250ah-prismatic-2019-v1,blast-lite-b093495-250ah-prismatic-v1,PHYSICS_REFERENCE,NEAR_BOUNDARY,2.3333333333333335,700.0,678.72889951704,0.9466207965192462
temperature_35c,temperature-35c-v1,blast-lite-lfp-gr-250ah-prismatic-2019-v1,blast-lite-b093495-250ah-prismatic-v1,PHYSICS_REFERENCE,NEAR_BOUNDARY,2.4166666666666665,725.0,702.3944194300211,0.945278693146385
temperature_35c,temperature-35c-v1,blast-lite-lfp-gr-250ah-prismatic-2019-v1,blast-lite-b093495-250ah-prismatic-v1,PHYSICS_REFERENCE,NEAR_BOUNDARY,2.5,750.0,726.0263867586807,0.9439499096122356
temperature_35c,temperature-35c-v1,blast-lite-lfp-gr-250ah-prismatic-2019-v1,blast-lite-b093495-250ah-prismatic-v1,PHYSICS_REFERENCE,NEAR_BOUNDARY,2.5833333333333335,775.0,749.6251344989865,0.9426339146146206
temperature_35c,temperature-35c-v1,blast-lite-lfp-gr-250ah-prismatic-2019-v1,blast-lite-b093495-250ah-prismatic-v1,PHYSICS_REFERENCE,NEAR_BOUNDARY,2.6666666666666665,800.0,773.1909823643521,0.9413302157013593
temperature_35c,temperature-35c-v1,blast-lite-lfp-gr-250ah-prismatic-2019-v1,blast-lite-b093495-250ah-prismatic-v1,PHYSICS_REFERENCE,NEAR_BOUNDARY,2.75,825.0,796.724237756886,0.9400383552660284
temperature_35c,temperature-35c-v1,blast-lite-lfp-gr-250ah-prismatic-2019-v1,blast-lite-b093495-250ah-prismatic-v1,PHYSICS_REFERENCE,NEAR_BOUNDARY,2.8333333333333335,850.0,820.2251966385368,0.9387579070673399
temperature_35c,temperature-35c-v1,blast-lite-lfp-gr-250ah-prismatic-2019-v1,blast-lite-b093495-250ah-prismatic-v1,PHYSICS_REFERENCE,NEAR_BOUNDARY,2.9166666666666665,875.0,843.6941443152202,0.937488473190092
temperature_35c,temperature-35c-v1,blast-lite-lfp-gr-250ah-prismatic-2019-v1,blast-lite-b093495-250ah-prismatic-v1,PHYSICS_REFERENCE,NEAR_BOUNDARY,3.0,900.0,867.1313561449725,0.9362296813805084
temperature_35c,temperature-35c-v1,blast-lite-lfp-gr-250ah-prismatic-2019-v1,blast-lite-b093495-250ah-prismatic-v1,PHYSICS_REFERENCE,NEAR_BOUNDARY,3.0833333333333335,925.0,890.5370981794853,0.9349811827005967
temperature_35c,temperature-35c-v1,blast-lite-lfp-gr-250ah-prismatic-2019-v1,blast-lite-b093495-250ah-prismatic-v1,PHYSICS_REFERENCE,NEAR_BOUNDARY,3.1666666666666665,950.0,913.9116277470002,0.9337426494556404
temperature_35c,temperature-35c-v1,blast-lite-lfp-gr-250ah-prismatic-2019-v1,blast-lite-b093495-250ah-prismatic-v1,PHYSICS_REFERENCE,NEAR_BOUNDARY,3.25,975.0,937.2551939833912,0.9325137733565833
temperature_35c,temperature-35c-v1,blast-lite-lfp-gr-250ah-prismatic-2019-v1,blast-lite-b093495-250ah-prismatic-v1,PHYSICS_REFERENCE,NEAR_BOUNDARY,3.3333333333333335,1000.0,960.5680383173058,0.9312942638852674
temperature_35c,temperature-35c-v1,blast-lite-lfp-gr-250ah-prismatic-2019-v1,blast-lite-b093495-250ah-prismatic-v1,PHYSICS_REFERENCE,NEAR_BOUNDARY,3.4166666666666665,1025.0,983.8503949144374,0.9300838468355622
temperature_35c,temperature-35c-v1,blast-lite-lfp-gr-250ah-prismatic-2019-v1,blast-lite-b093495-250ah-prismatic-v1,PHYSICS_REFERENCE,NEAR_BOUNDARY,3.5,1050.0,1007.1024910853265,0.9288822630075756
temperature_35c,temperature-35c-v1,blast-lite-lfp-gr-250ah-prismatic-2019-v1,blast-lite-b093495-250ah-prismatic-v1,PHYSICS_REFERENCE,NEAR_BOUNDARY,3.5833333333333335,1075.0,1030.324547660516,0.9276892670355785
temperature_35c,temperature-35c-v1,blast-lite-lfp-gr-250ah-prismatic-2019-v1,blast-lite-b093495-250ah-prismatic-v1,PHYSICS_REFERENCE,NEAR_BOUNDARY,3.6666666666666665,1100.0,1053.5167793364053,0.9265046263331203
temperature_35c,temperature-35c-v1,blast-lite-lfp-gr-250ah-prismatic-2019-v1,blast-lite-b093495-250ah-prismatic-v1,PHYSICS_REFERENCE,NEAR_BOUNDARY,3.75,1125.0,1076.6793949947332,0.9253281201411862
temperature_35c,temperature-35c-v1,blast-lite-lfp-gr-250ah-prismatic-2019-v1,blast-lite-b093495-250ah-prismatic-v1,PHYSICS_REFERENCE,NEAR_BOUNDARY,3.8333333333333335,1150.0,1099.8125979982628,0.9241595386672391
temperature_35c,temperature-35c-v1,blast-lite-lfp-gr-250ah-prismatic-2019-v1,blast-lite-b093495-250ah-prismatic-v1,PHYSICS_REFERENCE,NEAR_BOUNDARY,3.9166666666666665,1175.0,1122.9165864649437,0.9229986823046531
temperature_35c,temperature-35c-v1,blast-lite-lfp-gr-250ah-prismatic-2019-v1,blast-lite-b093495-250ah-prismatic-v1,PHYSICS_REFERENCE,NEAR_BOUNDARY,4.0,1200.0,1145.99155352256,0.9218453609234608
temperature_35c,temperature-35c-v1,blast-lite-lfp-gr-250ah-prismatic-2019-v1,blast-lite-b093495-250ah-prismatic-v1,PHYSICS_REFERENCE,NEAR_BOUNDARY,4.083333333333333,1225.0,1169.0376875456466,0.9206993932245309
temperature_35c,temperature-35c-v1,blast-lite-lfp-gr-250ah-prismatic-2019-v1,blast-lite-b093495-250ah-prismatic-v1,PHYSICS_REFERENCE,NEAR_BOUNDARY,4.166666666666667,1250.0,1192.0551723762599,0.9195606061503065
temperature_35c,temperature-35c-v1,blast-lite-lfp-gr-250ah-prismatic-2019-v1,blast-lite-b093495-250ah-prismatic-v1,PHYSICS_REFERENCE,NEAR_BOUNDARY,4.25,1275.0,1215.0441875300176,0.9184288343461042
temperature_35c,temperature-35c-v1,blast-lite-lfp-gr-250ah-prismatic-2019-v1,blast-lite-b093495-250ah-prismatic-v1,PHYSICS_REFERENCE,NEAR_BOUNDARY,4.333333333333333,1300.0,1238.0049083886702,0.9173039196667164
temperature_35c,temperature-35c-v1,blast-lite-lfp-gr-250ah-prismatic-2019-v1,blast-lite-b093495-250ah-prismatic-v1,PHYSICS_REFERENCE,NEAR_BOUNDARY,4.416666666666667,1325.0,1260.9375063803382,0.916185710723698
temperature_35c,temperature-35c-v1,blast-lite-lfp-gr-250ah-prismatic-2019-v1,blast-lite-b093495-250ah-prismatic-v1,PHYSICS_REFERENCE,NEAR_BOUNDARY,4.5,1350.0,1283.8421491484305,0.9150740624692673
temperature_35c,temperature-35c-v1,blast-lite-lfp-gr-250ah-prismatic-2019-v1,blast-lite-b093495-250ah-prismatic-v1,PHYSICS_REFERENCE,NEAR_BOUNDARY,4.583333333333333,1375.0,1306.7190007101622,0.9139688358132274
temperature_35c,temperature-35c-v1,blast-lite-lfp-gr-250ah-prismatic-2019-v1,blast-lite-b093495-250ah-prismatic-v1,PHYSICS_REFERENCE,NEAR_BOUNDARY,4.666666666666667,1400.0,1329.568221605493,0.9128698972697291
temperature_35c,temperature-35c-v1,blast-lite-lfp-gr-250ah-prismatic-2019-v1,blast-lite-b093495-250ah-prismatic-v1,PHYSICS_REFERENCE,NEAR_BOUNDARY,4.75,1425.0,1352.3899690372361,0.9117771186310477
temperature_35c,temperature-35c-v1,blast-lite-lfp-gr-250ah-prismatic-2019-v1,blast-lite-b093495-250ah-prismatic-v1,PHYSICS_REFERENCE,NEAR_BOUNDARY,4.833333333333333,1450.0,1375.1843970030122,0.9106903766658692
temperature_35c,temperature-35c-v1,blast-lite-lfp-gr-250ah-prismatic-2019-v1,blast-lite-b093495-250ah-prismatic-v1,PHYSICS_REFERENCE,NEAR_BOUNDARY,4.916666666666667,1475.0,1397.951656419659,0.9096095528398414
temperature_35c,temperature-35c-v1,blast-lite-lfp-gr-250ah-prismatic-2019-v1,blast-lite-b093495-250ah-prismatic-v1,PHYSICS_REFERENCE,NEAR_BOUNDARY,5.0,1500.0,1420.691895240655,0.9085345330563986
temperature_35c,temperature-35c-v1,blast-lite-lfp-gr-250ah-prismatic-2019-v1,blast-lite-b093495-250ah-prismatic-v1,PHYSICS_REFERENCE,NEAR_BOUNDARY,5.083333333333333,1525.0,1443.405258567065,0.9074652074160665
temperature_35c,temperature-35c-v1,blast-lite-lfp-gr-250ah-prismatic-2019-v1,blast-lite-b093495-250ah-prismatic-v1,PHYSICS_REFERENCE,NEAR_BOUNDARY,5.166666666666667,1550.0,1466.0918887524665,0.9064014699926438
temperature_35c,temperature-35c-v1,blast-lite-lfp-gr-250ah-prismatic-2019-v1,blast-lite-b093495-250ah-prismatic-v1,PHYSICS_REFERENCE,NEAR_BOUNDARY,5.25,1575.0,1488.7519255022826,0.9053432186248243
temperature_35c,temperature-35c-v1,blast-lite-lfp-gr-250ah-prismatic-2019-v1,blast-lite-b093495-250ah-prismatic-v1,PHYSICS_REFERENCE,NEAR_BOUNDARY,5.333333333333333,1600.0,1511.385505967903,0.9042903547219576
temperature_35c,temperature-35c-v1,blast-lite-lfp-gr-250ah-prismatic-2019-v1,blast-lite-b093495-250ah-prismatic-v1,PHYSICS_REFERENCE,NEAR_BOUNDARY,5.416666666666667,1625.0,1533.9927648359521,0.9032427830827834
temperature_35c,temperature-35c-v1,blast-lite-lfp-gr-250ah-prismatic-2019-v1,blast-lite-b093495-250ah-prismatic-v1,PHYSICS_REFERENCE,NEAR_BOUNDARY,5.5,1650.0,1556.5738344130218,0.9022004117260817
temperature_35c,temperature-35c-v1,blast-lite-lfp-gr-250ah-prismatic-2019-v1,blast-lite-b093495-250ah-prismatic-v1,PHYSICS_REFERENCE,NEAR_BOUNDARY,5.583333333333333,1675.0,1579.1288447061738,0.9011631517322855
temperature_35c,temperature-35c-v1,blast-lite-lfp-gr-250ah-prismatic-2019-v1,blast-lite-b093495-250ah-prismatic-v1,PHYSICS_REFERENCE,NEAR_BOUNDARY,5.666666666666667,1700.0,1601.657923499481,0.9001309170951901
temperature_35c,temperature-35c-v1,blast-lite-lfp-gr-250ah-prismatic-2019-v1,blast-lite-b093495-250ah-prismatic-v1,PHYSICS_REFERENCE,NEAR_BOUNDARY,5.75,1725.0,1624.161196426861,0.8991036245829747
temperature_35c,temperature-35c-v1,blast-lite-lfp-gr-250ah-prismatic-2019-v1,blast-lite-b093495-250ah-prismatic-v1,PHYSICS_REFERENCE,NEAR_BOUNDARY,5.833333333333333,1750.0,1646.6387870414353,0.8980811936078217
temperature_35c,temperature-35c-v1,blast-lite-lfp-gr-250ah-prismatic-2019-v1,blast-lite-b093495-250ah-prismatic-v1,PHYSICS_REFERENCE,NEAR_BOUNDARY,5.916666666666667,1775.0,1669.0908168816309,0.897063546103487
temperature_35c,temperature-35c-v1,blast-lite-lfp-gr-250ah-prismatic-2019-v1,blast-lite-b093495-250ah-prismatic-v1,PHYSICS_REFERENCE,NEAR_BOUNDARY,6.0,1800.0,1691.5174055342181,0.8960506064102274
temperature_35c,temperature-35c-v1,blast-lite-lfp-gr-250ah-prismatic-2019-v1,blast-lite-b093495-250ah-prismatic-v1,PHYSICS_REFERENCE,NEAR_BOUNDARY,6.083333333333333,1825.0,1713.9186706944738,0.8950423011665458
temperature_35c,temperature-35c-v1,blast-lite-lfp-gr-250ah-prismatic-2019-v1,blast-lite-b093495-250ah-prismatic-v1,PHYSICS_REFERENCE,NEAR_BOUNDARY,6.166666666666667,1850.0,1736.2947282236375,0.8940385592072626
temperature_35c,temperature-35c-v1,blast-lite-lfp-gr-250ah-prismatic-2019-v1,blast-lite-b093495-250ah-prismatic-v1,PHYSICS_REFERENCE,NEAR_BOUNDARY,6.25,1875.0,1758.6456922038192,0.8930393114674586
temperature_35c,temperature-35c-v1,blast-lite-lfp-gr-250ah-prismatic-2019-v1,blast-lite-b093495-250ah-prismatic-v1,PHYSICS_REFERENCE,NEAR_BOUNDARY,6.333333333333333,1900.0,1780.9716749905056,0.8920444908918801
temperature_35c,temperature-35c-v1,blast-lite-lfp-gr-250ah-prismatic-2019-v1,blast-lite-b093495-250ah-prismatic-v1,PHYSICS_REFERENCE,NEAR_BOUNDARY,6.416666666666667,1925.0,1803.2727872628025,0.8910540323494222
temperature_35c,temperature-35c-v1,blast-lite-lfp-gr-250ah-prismatic-2019-v1,blast-lite-b093495-250ah-prismatic-v1,PHYSICS_REFERENCE,NEAR_BOUNDARY,6.5,1950.0,1825.549138071538,0.8900678725523469
temperature_35c,temperature-35c-v1,blast-lite-lfp-gr-250ah-prismatic-2019-v1,blast-lite-b093495-250ah-prismatic-v1,PHYSICS_REFERENCE,NEAR_BOUNDARY,6.583333333333333,1975.0,1847.8008348853466,0.8890859499799116
temperature_35c,temperature-35c-v1,blast-lite-lfp-gr-250ah-prismatic-2019-v1,blast-lite-b093495-250ah-prismatic-v1,PHYSICS_REFERENCE,NEAR_BOUNDARY,6.666666666666667,2000.0,1870.0279836348443,0.8881082048061163
temperature_35c,temperature-35c-v1,blast-lite-lfp-gr-250ah-prismatic-2019-v1,blast-lite-b093495-250ah-prismatic-v1,PHYSICS_REFERENCE,NEAR_BOUNDARY,6.75,2025.0,1892.2306887549971,0.8871345788312959
temperature_35c,temperature-35c-v1,blast-lite-lfp-gr-250ah-prismatic-2019-v1,blast-lite-b093495-250ah-prismatic-v1,PHYSICS_REFERENCE,NEAR_BOUNDARY,6.833333333333333,2050.0,1914.4090532257794,0.8861650154173083
temperature_35c,temperature-35c-v1,blast-lite-lfp-gr-250ah-prismatic-2019-v1,blast-lite-b093495-250ah-prismatic-v1,PHYSICS_REFERENCE,NEAR_BOUNDARY,6.916666666666667,2075.0,1936.5631786112122,0.8851994594260871
temperature_35c,temperature-35c-v1,blast-lite-lfp-gr-250ah-prismatic-2019-v1,blast-lite-b093495-250ah-prismatic-v1,PHYSICS_REFERENCE,NEAR_BOUNDARY,7.0,2100.0,1958.6931650968643,0.884237857161344
temperature_35c,temperature-35c-v1,blast-lite-lfp-gr-250ah-prismatic-2019-v1,blast-lite-b093495-250ah-prismatic-v1,PHYSICS_REFERENCE,NEAR_BOUNDARY,7.083333333333333,2125.0,1980.7991115258978,0.8832801563132247
temperature_35c,temperature-35c-v1,blast-lite-lfp-gr-250ah-prismatic-2019-v1,blast-lite-b093495-250ah-prismatic-v1,PHYSICS_REFERENCE,NEAR_BOUNDARY,7.166666666666667,2150.0,2002.8811154337284,0.8823263059057336
temperature_35c,temperature-35c-v1,blast-lite-lfp-gr-250ah-prismatic-2019-v1,blast-lite-b093495-250ah-prismatic-v1,PHYSICS_REFERENCE,NEAR_BOUNDARY,7.25,2175.0,2024.9392730813718,0.8813762562467594
temperature_35c,temperature-35c-v1,blast-lite-lfp-gr-250ah-prismatic-2019-v1,blast-lite-b093495-250ah-prismatic-v1,PHYSICS_REFERENCE,NEAR_BOUNDARY,7.333333333333333,2200.0,2046.9736794875407,0.8804299588805419
temperature_35c,temperature-35c-v1,blast-lite-lfp-gr-250ah-prismatic-2019-v1,blast-lite-b093495-250ah-prismatic-v1,PHYSICS_REFERENCE,NEAR_BOUNDARY,7.416666666666667,2225.0,2068.9844284595542,0.8794873665424353
temperature_35c,temperature-35c-v1,blast-lite-lfp-gr-250ah-prismatic-2019-v1,blast-lite-b093495-250ah-prismatic-v1,PHYSICS_REFERENCE,NEAR_BOUNDARY,7.5,2250.0,2090.971612623115,0.878548433115832
temperature_35c,temperature-35c-v1,blast-lite-lfp-gr-250ah-prismatic-2019-v1,blast-lite-b093495-250ah-prismatic-v1,PHYSICS_REFERENCE,NEAR_BOUNDARY,7.583333333333333,2275.0,2112.935323451011,0.87761311359112
temperature_35c,temperature-35c-v1,blast-lite-lfp-gr-250ah-prismatic-2019-v1,blast-lite-b093495-250ah-prismatic-v1,PHYSICS_REFERENCE,NEAR_BOUNDARY,7.666666666666667,2300.0,2134.875651290789,0.8766813640265556
temperature_35c,temperature-35c-v1,blast-lite-lfp-gr-250ah-prismatic-2019-v1,blast-lite-b093495-250ah-prismatic-v1,PHYSICS_REFERENCE,NEAR_BOUNDARY,7.75,2325.0,2156.792685391453,0.8757531415109433
temperature_35c,temperature-35c-v1,blast-lite-lfp-gr-250ah-prismatic-2019-v1,blast-lite-b093495-250ah-prismatic-v1,PHYSICS_REFERENCE,NEAR_BOUNDARY,7.833333333333333,2350.0,2178.6865139292263,0.8748284041280195
temperature_35c,temperature-35c-v1,blast-lite-lfp-gr-250ah-prismatic-2019-v1,blast-lite-b093495-250ah-prismatic-v1,PHYSICS_REFERENCE,NEAR_BOUNDARY,7.916666666666667,2375.0,2200.557224032427,0.873907110922445
temperature_35c,temperature-35c-v1,blast-lite-lfp-gr-250ah-prismatic-2019-v1,blast-lite-b093495-250ah-prismatic-v1,PHYSICS_REFERENCE,NEAR_BOUNDARY,8.0,2400.0,2222.404901805488,0.8729892218673159
temperature_35c,temperature-35c-v1,blast-lite-lfp-gr-250ah-prismatic-2019-v1,blast-lite-b093495-250ah-prismatic-v1,PHYSICS_REFERENCE,NEAR_BOUNDARY,8.083333333333334,2425.0,2244.229632352171,0.872074697833112
temperature_35c,temperature-35c-v1,blast-lite-lfp-gr-250ah-prismatic-2019-v1,blast-lite-b093495-250ah-prismatic-v1,PHYSICS_REFERENCE,NEAR_BOUNDARY,8.166666666666666,2450.0,2266.0314997979985,0.871163500558003
temperature_35c,temperature-35c-v1,blast-lite-lfp-gr-250ah-prismatic-2019-v1,blast-lite-b093495-250ah-prismatic-v1,PHYSICS_REFERENCE,NEAR_BOUNDARY,8.25,2475.0,2287.8105873119484,0.8702555926194393
temperature_35c,temperature-35c-v1,blast-lite-lfp-gr-250ah-prismatic-2019-v1,blast-lite-b093495-250ah-prismatic-v1,PHYSICS_REFERENCE,NEAR_BOUNDARY,8.333333333333334,2500.0,2309.5669771274343,0.8693509374069613
temperature_35c,temperature-35c-v1,blast-lite-lfp-gr-250ah-prismatic-2019-v1,blast-lite-b093495-250ah-prismatic-v1,PHYSICS_REFERENCE,NEAR_BOUNDARY,8.416666666666666,2525.0,2331.3007505626083,0.8684494990961602
temperature_35c,temperature-35c-v1,blast-lite-lfp-gr-250ah-prismatic-2019-v1,blast-lite-b093495-250ah-prismatic-v1,PHYSICS_REFERENCE,NEAR_BOUNDARY,8.5,2550.0,2353.0119880400125,0.8675512426237322
temperature_35c,temperature-35c-v1,blast-lite-lfp-gr-250ah-prismatic-2019-v1,blast-lite-b093495-250ah-prismatic-v1,PHYSICS_REFERENCE,NEAR_BOUNDARY,8.583333333333334,2575.0,2374.700769105606,0.86665613366357
temperature_35c,temperature-35c-v1,blast-lite-lfp-gr-250ah-prismatic-2019-v1,blast-lite-b093495-250ah-prismatic-v1,PHYSICS_REFERENCE,NEAR_BOUNDARY,8.666666666666666,2600.0,2396.367172447195,0.8657641386038365
temperature_35c,temperature-35c-v1,blast-lite-lfp-gr-250ah-prismatic-2019-v1,blast-lite-b093495-250ah-prismatic-v1,PHYSICS_REFERENCE,NEAR_BOUNDARY,8.75,2625.0,2418.0112759122912,0.8648752245249749
temperature_35c,temperature-35c-v1,blast-lite-lfp-gr-250ah-prismatic-2019-v1,blast-lite-b093495-250ah-prismatic-v1,PHYSICS_REFERENCE,NEAR_BOUNDARY,8.833333333333334,2650.0,2439.6331565254154,0.8639893591786025
temperature_35c,temperature-35c-v1,blast-lite-lfp-gr-250ah-prismatic-2019-v1,blast-lite-b093495-250ah-prismatic-v1,PHYSICS_REFERENCE,NEAR_BOUNDARY,8.916666666666666,2675.0,2461.2328905048803,0.8631065109672511
temperature_35c,temperature-35c-v1,blast-lite-lfp-gr-250ah-prismatic-2019-v1,blast-lite-b093495-250ah-prismatic-v1,PHYSICS_REFERENCE,NEAR_BOUNDARY,9.0,2700.0,2482.8105532790614,0.8622266489249065
temperature_35c,temperature-35c-v1,blast-lite-lfp-gr-250ah-prismatic-2019-v1,blast-lite-b093495-250ah-prismatic-v1,PHYSICS_REFERENCE,NEAR_BOUNDARY,9.083333333333334,2725.0,2504.366219502184,0.8613497426983133
temperature_35c,temperature-35c-v1,blast-lite-lfp-gr-250ah-prismatic-2019-v1,blast-lite-b093495-250ah-prismatic-v1,PHYSICS_REFERENCE,NEAR_BOUNDARY,9.166666666666666,2750.0,2525.8999630696417,0.8604757625290035
temperature_35c,temperature-35c-v1,blast-lite-lfp-gr-250ah-prismatic-2019-v1,blast-lite-b093495-250ah-prismatic-v1,PHYSICS_REFERENCE,NEAR_BOUNDARY,9.25,2775.0,2547.4118571328668,0.8596046792360166
temperature_35c,temperature-35c-v1,blast-lite-lfp-gr-250ah-prismatic-2019-v1,blast-lite-b093495-250ah-prismatic-v1,PHYSICS_REFERENCE,NEAR_BOUNDARY,9.333333333333334,2800.0,2568.901974113767,0.8587364641992807
temperature_35c,temperature-35c-v1,blast-lite-lfp-gr-250ah-prismatic-2019-v1,blast-lite-b093495-250ah-prismatic-v1,PHYSICS_REFERENCE,NEAR_BOUNDARY,9.416666666666666,2825.0,2590.3703857187493,0.8578710893436183
temperature_35c,temperature-35c-v1,blast-lite-lfp-gr-250ah-prismatic-2019-v1,blast-lite-b093495-250ah-prismatic-v1,PHYSICS_REFERENCE,NEAR_BOUNDARY,9.5,2850.0,2611.81716295234,0.8570085271233525
temperature_35c,temperature-35c-v1,blast-lite-lfp-gr-250ah-prismatic-2019-v1,blast-lite-b093495-250ah-prismatic-v1,PHYSICS_REFERENCE,NEAR_BOUNDARY,9.583333333333334,2875.0,2633.2423761304235,0.8561487505074833
temperature_35c,temperature-35c-v1,blast-lite-lfp-gr-250ah-prismatic-2019-v1,blast-lite-b093495-250ah-prismatic-v1,PHYSICS_REFERENCE,NEAR_BOUNDARY,9.666666666666666,2900.0,2654.646094893111,0.8552917329654096
temperature_35c,temperature-35c-v1,blast-lite-lfp-gr-250ah-prismatic-2019-v1,blast-lite-b093495-250ah-prismatic-v1,PHYSICS_REFERENCE,NEAR_BOUNDARY,9.75,2925.0,2676.028388217246,0.8544374484531707
temperature_35c,temperature-35c-v1,blast-lite-lfp-gr-250ah-prismatic-2019-v1,blast-lite-b093495-250ah-prismatic-v1,PHYSICS_REFERENCE,NEAR_BOUNDARY,9.833333333333334,2950.0,2697.3893244285755,0.8535858714001854
temperature_35c,temperature-35c-v1,blast-lite-lfp-gr-250ah-prismatic-2019-v1,blast-lite-b093495-250ah-prismatic-v1,PHYSICS_REFERENCE,NEAR_BOUNDARY,9.916666666666666,2975.0,2718.7289712135803,0.8527369766964653
temperature_35c,temperature-35c-v1,blast-lite-lfp-gr-250ah-prismatic-2019-v1,blast-lite-b093495-250ah-prismatic-v1,PHYSICS_REFERENCE,NEAR_BOUNDARY,10.0,3000.0,2740.047395630992,0.8518907396802824
temperature_35c,temperature-35c-v1,blast-lite-lfp-gr-250ah-prismatic-2019-v1,blast-lite-b093495-250ah-prismatic-v1,PHYSICS_REFERENCE,NEAR_BOUNDARY,10.083333333333334,3025.0,2761.344664122999,0.8510471361262709
temperature_35c,temperature-35c-v1,blast-lite-lfp-gr-250ah-prismatic-2019-v1,blast-lite-b093495-250ah-prismatic-v1,PHYSICS_REFERENCE,NEAR_BOUNDARY,10.166666666666666,3050.0,2782.6208425261557,0.8502061422339433
temperature_35c,temperature-35c-v1,blast-lite-lfp-gr-250ah-prismatic-2019-v1,blast-lite-b093495-250ah-prismatic-v1,PHYSICS_REFERENCE,NEAR_BOUNDARY,10.25,3075.0,2803.8759960820043,0.8493677346166051
temperature_35c,temperature-35c-v1,blast-lite-lfp-gr-250ah-prismatic-2019-v1,blast-lite-b093495-250ah-prismatic-v1,PHYSICS_REFERENCE,NEAR_BOUNDARY,10.333333333333334,3100.0,2825.1101894474195,0.8485318902906492
temperature_35c,temperature-35c-v1,blast-lite-lfp-gr-250ah-prismatic-2019-v1,blast-lite-b093495-250ah-prismatic-v1,PHYSICS_REFERENCE,NEAR_BOUNDARY,10.416666666666666,3125.0,2846.323486704686,0.8476985866652151
temperature_35c,temperature-35c-v1,blast-lite-lfp-gr-250ah-prismatic-2019-v1,blast-lite-b093495-250ah-prismatic-v1,PHYSICS_REFERENCE,NEAR_BOUNDARY,10.5,3150.0,2867.515951371316,0.846867801532196
temperature_35c,temperature-35c-v1,blast-lite-lfp-gr-250ah-prismatic-2019-v1,blast-lite-b093495-250ah-prismatic-v1,PHYSICS_REFERENCE,NEAR_BOUNDARY,10.583333333333334,3175.0,2888.687646409621,0.8460395130565824
temperature_35c,temperature-35c-v1,blast-lite-lfp-gr-250ah-prismatic-2019-v1,blast-lite-b093495-250ah-prismatic-v1,PHYSICS_REFERENCE,NEAR_BOUNDARY,10.666666666666666,3200.0,2909.8386342360354,0.8452136997671249
temperature_35c,temperature-35c-v1,blast-lite-lfp-gr-250ah-prismatic-2019-v1,blast-lite-b093495-250ah-prismatic-v1,PHYSICS_REFERENCE,NEAR_BOUNDARY,10.75,3225.0,2930.9689767302134,0.8443903405473046
temperature_35c,temperature-35c-v1,blast-lite-lfp-gr-250ah-prismatic-2019-v1,blast-lite-b093495-250ah-prismatic-v1,PHYSICS_REFERENCE,NEAR_BOUNDARY,10.833333333333334,3250.0,2952.078735243896,0.8435694146265995
temperature_35c,temperature-35c-v1,blast-lite-lfp-gr-250ah-prismatic-2019-v1,blast-lite-b093495-250ah-prismatic-v1,PHYSICS_REFERENCE,NEAR_BOUNDARY,10.916666666666666,3275.0,2973.167970609561,0.842750901572034
temperature_35c,temperature-35c-v1,blast-lite-lfp-gr-250ah-prismatic-2019-v1,blast-lite-b093495-250ah-prismatic-v1,PHYSICS_REFERENCE,NEAR_BOUNDARY,11.0,3300.0,2994.236743148862,0.8419347812799992
temperature_35c,temperature-35c-v1,blast-lite-lfp-gr-250ah-prismatic-2019-v1,blast-lite-b093495-250ah-prismatic-v1,PHYSICS_REFERENCE,NEAR_BOUNDARY,11.083333333333334,3325.0,3015.285112680862,0.8411210339683356
temperature_35c,temperature-35c-v1,blast-lite-lfp-gr-250ah-prismatic-2019-v1,blast-lite-b093495-250ah-prismatic-v1,PHYSICS_REFERENCE,NEAR_BOUNDARY,11.166666666666666,3350.0,3036.3131385300703,0.8403096401686657
temperature_35c,temperature-35c-v1,blast-lite-lfp-gr-250ah-prismatic-2019-v1,blast-lite-b093495-250ah-prismatic-v1,PHYSICS_REFERENCE,NEAR_BOUNDARY,11.25,3375.0,3057.320879534287,0.839500580718968
temperature_35c,temperature-35c-v1,blast-lite-lfp-gr-250ah-prismatic-2019-v1,blast-lite-b093495-250ah-prismatic-v1,PHYSICS_REFERENCE,NEAR_BOUNDARY,11.333333333333334,3400.0,3078.308394052261,0.8386938367563829
temperature_35c,temperature-35c-v1,blast-lite-lfp-gr-250ah-prismatic-2019-v1,blast-lite-b093495-250ah-prismatic-v1,PHYSICS_REFERENCE,NEAR_BOUNDARY,11.416666666666666,3425.0,3099.2757399711704,0.8378893897102405
temperature_35c,temperature-35c-v1,blast-lite-lfp-gr-250ah-prismatic-2019-v1,blast-lite-b093495-250ah-prismatic-v1,PHYSICS_REFERENCE,NEAR_BOUNDARY,11.5,3450.0,3120.2229747139263,0.8370872212953042
temperature_35c,temperature-35c-v1,blast-lite-lfp-gr-250ah-prismatic-2019-v1,blast-lite-b093495-250ah-prismatic-v1,PHYSICS_REFERENCE,NEAR_BOUNDARY,11.583333333333334,3475.0,3141.1501552463087,0.8362873135052179
temperature_35c,temperature-35c-v1,blast-lite-lfp-gr-250ah-prismatic-2019-v1,blast-lite-b093495-250ah-prismatic-v1,PHYSICS_REFERENCE,NEAR_BOUNDARY,11.666666666666666,3500.0,3162.057338083939,0.8354896486061544
temperature_35c,temperature-35c-v1,blast-lite-lfp-gr-250ah-prismatic-2019-v1,blast-lite-b093495-250ah-prismatic-v1,PHYSICS_REFERENCE,NEAR_BOUNDARY,11.75,3525.0,3182.944579299093,0.8346942091306526
temperature_35c,temperature-35c-v1,blast-lite-lfp-gr-250ah-prismatic-2019-v1,blast-lite-b093495-250ah-prismatic-v1,PHYSICS_REFERENCE,NEAR_BOUNDARY,11.833333333333334,3550.0,3203.8119345273594,0.8339009778716396
temperature_35c,temperature-35c-v1,blast-lite-lfp-gr-250ah-prismatic-2019-v1,blast-lite-b093495-250ah-prismatic-v1,PHYSICS_REFERENCE,NEAR_BOUNDARY,11.916666666666666,3575.0,3224.6594589741503,0.8331099378766293
temperature_35c,temperature-35c-v1,blast-lite-lfp-gr-250ah-prismatic-2019-v1,blast-lite-b093495-250ah-prismatic-v1,PHYSICS_REFERENCE,NEAR_BOUNDARY,12.0,3600.0,3245.487207421066,0.8323210724420923
temperature_35c,temperature-35c-v1,blast-lite-lfp-gr-250ah-prismatic-2019-v1,blast-lite-b093495-250ah-prismatic-v1,PHYSICS_REFERENCE,NEAR_BOUNDARY,12.083333333333334,3625.0,3266.2952342321187,0.8315343651079893
temperature_35c,temperature-35c-v1,blast-lite-lfp-gr-250ah-prismatic-2019-v1,blast-lite-b093495-250ah-prismatic-v1,PHYSICS_REFERENCE,NEAR_BOUNDARY,12.166666666666666,3650.0,3287.083593359818,0.8307497996524638
temperature_35c,temperature-35c-v1,blast-lite-lfp-gr-250ah-prismatic-2019-v1,blast-lite-b093495-250ah-prismatic-v1,PHYSICS_REFERENCE,NEAR_BOUNDARY,12.25,3675.0,3307.8523383511297,0.8299673600866868
temperature_35c,temperature-35c-v1,blast-lite-lfp-gr-250ah-prismatic-2019-v1,blast-lite-b093495-250ah-prismatic-v1,PHYSICS_REFERENCE,NEAR_BOUNDARY,12.333333333333334,3700.0,3328.601522353297,0.8291870306498496
temperature_35c,temperature-35c-v1,blast-lite-lfp-gr-250ah-prismatic-2019-v1,blast-lite-b093495-250ah-prismatic-v1,PHYSICS_REFERENCE,NEAR_BOUNDARY,12.416666666666666,3725.0,3349.331198119543,0.8284087958042985
temperature_35c,temperature-35c-v1,blast-lite-lfp-gr-250ah-prismatic-2019-v1,blast-lite-b093495-250ah-prismatic-v1,PHYSICS_REFERENCE,NEAR_BOUNDARY,12.5,3750.0,3370.0414180146504,0.8276326402308065
temperature_35c,temperature-35c-v1,blast-lite-lfp-gr-250ah-prismatic-2019-v1,blast-lite-b093495-250ah-prismatic-v1,PHYSICS_REFERENCE,NEAR_BOUNDARY,12.583333333333334,3775.0,3390.7322340204205,0.8268585488239769
temperature_35c,temperature-35c-v1,blast-lite-lfp-gr-250ah-prismatic-2019-v1,blast-lite-b093495-250ah-prismatic-v1,PHYSICS_REFERENCE,NEAR_BOUNDARY,12.666666666666666,3800.0,3411.40369774102,0.8260865066877761
temperature_35c,temperature-35c-v1,blast-lite-lfp-gr-250ah-prismatic-2019-v1,blast-lite-b093495-250ah-prismatic-v1,PHYSICS_REFERENCE,NEAR_BOUNDARY,12.75,3825.0,3432.0558604082144,0.8253164991311888
temperature_35c,temperature-35c-v1,blast-lite-lfp-gr-250ah-prismatic-2019-v1,blast-lite-b093495-250ah-prismatic-v1,PHYSICS_REFERENCE,NEAR_BOUNDARY,12.833333333333334,3850.0,3452.688772886494,0.8245485116639919
temperature_35c,temperature-35c-v1,blast-lite-lfp-gr-250ah-prismatic-2019-v1,blast-lite-b093495-250ah-prismatic-v1,PHYSICS_REFERENCE,NEAR_BOUNDARY,12.916666666666666,3875.0,3473.302485678094,0.8237825299926449
temperature_35c,temperature-35c-v1,blast-lite-lfp-gr-250ah-prismatic-2019-v1,blast-lite-b093495-250ah-prismatic-v1,PHYSICS_REFERENCE,NEAR_BOUNDARY,13.0,3900.0,3493.89704892791,0.8230185400162913
temperature_35c,temperature-35c-v1,blast-lite-lfp-gr-250ah-prismatic-2019-v1,blast-lite-b093495-250ah-prismatic-v1,PHYSICS_REFERENCE,NEAR_BOUNDARY,13.083333333333334,3925.0,3514.4725124283173,0.8222565278228655
temperature_35c,temperature-35c-v1,blast-lite-lfp-gr-250ah-prismatic-2019-v1,blast-lite-b093495-250ah-prismatic-v1,PHYSICS_REFERENCE,NEAR_BOUNDARY,13.166666666666666,3950.0,3535.028925623889,0.8214964796853073
temperature_35c,temperature-35c-v1,blast-lite-lfp-gr-250ah-prismatic-2019-v1,blast-lite-b093495-250ah-prismatic-v1,PHYSICS_REFERENCE,NEAR_BOUNDARY,13.25,3975.0,3555.5663376160214,0.8207383820578731
temperature_35c,temperature-35c-v1,blast-lite-lfp-gr-250ah-prismatic-2019-v1,blast-lite-b093495-250ah-prismatic-v1,PHYSICS_REFERENCE,NEAR_BOUNDARY,13.333333333333334,4000.0,3576.0847971674684,0.8199822215725477
temperature_35c,temperature-35c-v1,blast-lite-lfp-gr-250ah-prismatic-2019-v1,blast-lite-b093495-250ah-prismatic-v1,PHYSICS_REFERENCE,NEAR_BOUNDARY,13.416666666666666,4025.0,3596.5843527067823,0.8192279850355477
temperature_35c,temperature-35c-v1,blast-lite-lfp-gr-250ah-prismatic-2019-v1,blast-lite-b093495-250ah-prismatic-v1,PHYSICS_REFERENCE,NEAR_BOUNDARY,13.5,4050.0,3617.065052332671,0.8184756594239169
temperature_35c,temperature-35c-v1,blast-lite-lfp-gr-250ah-prismatic-2019-v1,blast-lite-b093495-250ah-prismatic-v1,PHYSICS_REFERENCE,NEAR_BOUNDARY,13.583333333333334,4075.0,3637.5269438182686,0.8177252318822099
temperature_35c,temperature-35c-v1,blast-lite-lfp-gr-250ah-prismatic-2019-v1,blast-lite-b093495-250ah-prismatic-v1,PHYSICS_REFERENCE,NEAR_BOUNDARY,13.666666666666666,4100.0,3657.970074615324,0.8169766897192609
temperature_35c,temperature-35c-v1,blast-lite-lfp-gr-250ah-prismatic-2019-v1,blast-lite-b093495-250ah-prismatic-v1,PHYSICS_REFERENCE,NEAR_BOUNDARY,13.75,4125.0,3678.3944918583056,0.8162300204050346
temperature_35c,temperature-35c-v1,blast-lite-lfp-gr-250ah-prismatic-2019-v1,blast-lite-b093495-250ah-prismatic-v1,PHYSICS_REFERENCE,NEAR_BOUNDARY,13.833333333333334,4150.0,3698.8002423684316,0.8154852115675572
temperature_35c,temperature-35c-v1,blast-lite-lfp-gr-250ah-prismatic-2019-v1,blast-lite-b093495-250ah-prismatic-v1,PHYSICS_REFERENCE,NEAR_BOUNDARY,13.916666666666666,4175.0,3719.1873726576205,0.8147422509899254
temperature_35c,temperature-35c-v1,blast-lite-lfp-gr-250ah-prismatic-2019-v1,blast-lite-b093495-250ah-prismatic-v1,PHYSICS_REFERENCE,NEAR_BOUNDARY,14.0,4200.0,3739.5559289323687,0.8140011266073894
temperature_35c,temperature-35c-v1,blast-lite-lfp-gr-250ah-prismatic-2019-v1,blast-lite-b093495-250ah-prismatic-v1,PHYSICS_REFERENCE,NEAR_BOUNDARY,14.083333333333334,4225.0,3759.9059570975533,0.8132618265045101
temperature_35c,temperature-35c-v1,blast-lite-lfp-gr-250ah-prismatic-2019-v1,blast-lite-b093495-250ah-prismatic-v1,PHYSICS_REFERENCE,NEAR_BOUNDARY,14.166666666666666,4250.0,3780.237502760166,0.8125243389123842
temperature_35c,temperature-35c-v1,blast-lite-lfp-gr-250ah-prismatic-2019-v1,blast-lite-b093495-250ah-prismatic-v1,PHYSICS_REFERENCE,NEAR_BOUNDARY,14.25,4275.0,3800.550611232976,0.8117886522059407
temperature_35c,temperature-35c-v1,blast-lite-lfp-gr-250ah-prismatic-2019-v1,blast-lite-b093495-250ah-prismatic-v1,PHYSICS_REFERENCE,NEAR_BOUNDARY,14.333333333333334,4300.0,3820.8453275381244,0.8110547549013006
temperature_35c,temperature-35c-v1,blast-lite-lfp-gr-250ah-prismatic-2019-v1,blast-lite-b093495-250ah-prismatic-v1,PHYSICS_REFERENCE,NEAR_BOUNDARY,14.416666666666666,4325.0,3841.121696410657,0.8103226356532037
temperature_35c,temperature-35c-v1,blast-lite-lfp-gr-250ah-prismatic-2019-v1,blast-lite-b093495-250ah-prismatic-v1,PHYSICS_REFERENCE,NEAR_BOUNDARY,14.5,4350.0,3861.3797623019873,0.8095922832524949
temperature_35c,temperature-35c-v1,blast-lite-lfp-gr-250ah-prismatic-2019-v1,blast-lite-b093495-250ah-prismatic-v1,PHYSICS_REFERENCE,NEAR_BOUNDARY,14.583333333333334,4375.0,3881.6195693832997,0.8088636866236723
temperature_35c,temperature-35c-v1,blast-lite-lfp-gr-250ah-prismatic-2019-v1,blast-lite-b093495-250ah-prismatic-v1,PHYSICS_REFERENCE,NEAR_BOUNDARY,14.666666666666666,4400.0,3901.8411615488917,0.8081368348224947
temperature_35c,temperature-35c-v1,blast-lite-lfp-gr-250ah-prismatic-2019-v1,blast-lite-b093495-250ah-prismatic-v1,PHYSICS_REFERENCE,NEAR_BOUNDARY,14.75,4425.0,3922.044582419454,0.8074117170336435
temperature_35c,temperature-35c-v1,blast-lite-lfp-gr-250ah-prismatic-2019-v1,blast-lite-b093495-250ah-prismatic-v1,PHYSICS_REFERENCE,NEAR_BOUNDARY,14.833333333333334,4450.0,3942.229875345295,0.8066883225684424
temperature_35c,temperature-35c-v1,blast-lite-lfp-gr-250ah-prismatic-2019-v1,blast-lite-b093495-250ah-prismatic-v1,PHYSICS_REFERENCE,NEAR_BOUNDARY,14.916666666666666,4475.0,3962.397083409506,0.8059666408626289
temperature_35c,temperature-35c-v1,blast-lite-lfp-gr-250ah-prismatic-2019-v1,blast-lite-b093495-250ah-prismatic-v1,PHYSICS_REFERENCE,NEAR_BOUNDARY,15.0,4500.0,3982.546249431072,0.805246661474179
temperature_35c,temperature-35c-v1,blast-lite-lfp-gr-250ah-prismatic-2019-v1,blast-lite-b093495-250ah-prismatic-v1,PHYSICS_REFERENCE,NEAR_BOUNDARY,15.083333333333334,4525.0,4002.677415967926,0.8045283740811807
temperature_35c,temperature-35c-v1,blast-lite-lfp-gr-250ah-prismatic-2019-v1,blast-lite-b093495-250ah-prismatic-v1,PHYSICS_REFERENCE,NEAR_BOUNDARY,15.166666666666666,4550.0,4022.790625319956,0.8038117684797589
temperature_35c,temperature-35c-v1,blast-lite-lfp-gr-250ah-prismatic-2019-v1,blast-lite-b093495-250ah-prismatic-v1,PHYSICS_REFERENCE,NEAR_BOUNDARY,15.25,4575.0,4042.8859195319496,0.803096834582046
temperature_35c,temperature-35c-v1,blast-lite-lfp-gr-250ah-prismatic-2019-v1,blast-lite-b093495-250ah-prismatic-v1,PHYSICS_REFERENCE,NEAR_BOUNDARY,15.333333333333334,4600.0,4062.963340396501,0.8023835624141995
temperature_35c,temperature-35c-v1,blast-lite-lfp-gr-250ah-prismatic-2019-v1,blast-lite-b093495-250ah-prismatic-v1,PHYSICS_REFERENCE,NEAR_BOUNDARY,15.416666666666666,4625.0,4083.0229294568558,0.8016719421144649
temperature_35c,temperature-35c-v1,blast-lite-lfp-gr-250ah-prismatic-2019-v1,blast-lite-b093495-250ah-prismatic-v1,PHYSICS_REFERENCE,NEAR_BOUNDARY,15.5,4650.0,4103.064728009717,0.8009619639312817
temperature_35c,temperature-35c-v1,blast-lite-lfp-gr-250ah-prismatic-2019-v1,blast-lite-b093495-250ah-prismatic-v1,PHYSICS_REFERENCE,NEAR_BOUNDARY,15.583333333333334,4675.0,4123.088777108,0.8002536182214323
temperature_35c,temperature-35c-v1,blast-lite-lfp-gr-250ah-prismatic-2019-v1,blast-lite-b093495-250ah-prismatic-v1,PHYSICS_REFERENCE,NEAR_BOUNDARY,15.666666666666666,4700.0,4143.0951175635355,0.7995468954482317
temperature_35c,temperature-35c-v1,blast-lite-lfp-gr-250ah-prismatic-2019-v1,blast-lite-b093495-250ah-prismatic-v1,PHYSICS_REFERENCE,NEAR_BOUNDARY,15.75,4725.0,4163.083789949741,0.7988417861797585
temperature_35c,temperature-35c-v1,blast-lite-lfp-gr-250ah-prismatic-2019-v1,blast-lite-b093495-250ah-prismatic-v1,PHYSICS_REFERENCE,NEAR_BOUNDARY,15.833333333333334,4750.0,4183.054834604235,0.7981382810871234
temperature_35c,temperature-35c-v1,blast-lite-lfp-gr-250ah-prismatic-2019-v1,blast-lite-b093495-250ah-prismatic-v1,PHYSICS_REFERENCE,NEAR_BOUNDARY,15.916666666666666,4775.0,4203.008291631413,0.7974363709427772
temperature_35c,temperature-35c-v1,blast-lite-lfp-gr-250ah-prismatic-2019-v1,blast-lite-b093495-250ah-prismatic-v1,PHYSICS_REFERENCE,NEAR_BOUNDARY,16.0,4800.0,4222.944200904983,0.796736046618854
temperature_35c,temperature-35c-v1,blast-lite-lfp-gr-250ah-prismatic-2019-v1,blast-lite-b093495-250ah-prismatic-v1,PHYSICS_REFERENCE,NEAR_BOUNDARY,16.083333333333332,4825.0,4242.862602070454,0.7960372990855527
temperature_35c,temperature-35c-v1,blast-lite-lfp-gr-250ah-prismatic-2019-v1,blast-lite-b093495-250ah-prismatic-v1,PHYSICS_REFERENCE,NEAR_BOUNDARY,16.166666666666668,4850.0,4262.763534547593,0.7953401194095511
temperature_35c,temperature-35c-v1,blast-lite-lfp-gr-250ah-prismatic-2019-v1,blast-lite-b093495-250ah-prismatic-v1,PHYSICS_REFERENCE,NEAR_BOUNDARY,16.25,4875.0,4282.647037532832,0.7946444987524558
temperature_35c,temperature-35c-v1,blast-lite-lfp-gr-250ah-prismatic-2019-v1,blast-lite-b093495-250ah-prismatic-v1,PHYSICS_REFERENCE,NEAR_BOUNDARY,16.333333333333332,4900.0,4302.513150001643,0.793950428369284
temperature_35c,temperature-35c-v1,blast-lite-lfp-gr-250ah-prismatic-2019-v1,blast-lite-b093495-250ah-prismatic-v1,PHYSICS_REFERENCE,NEAR_BOUNDARY,16.416666666666668,4925.0,4322.361910710875,0.7932578996069787
temperature_35c,temperature-35c-v1,blast-lite-lfp-gr-250ah-prismatic-2019-v1,blast-lite-b093495-250ah-prismatic-v1,PHYSICS_REFERENCE,NEAR_BOUNDARY,16.5,4950.0,4342.19335820105,0.7925669039029541
temperature_35c,temperature-35c-v1,blast-lite-lfp-gr-250ah-prismatic-2019-v1,blast-lite-b093495-250ah-prismatic-v1,PHYSICS_REFERENCE,NEAR_BOUNDARY,16.583333333333332,4975.0,4362.0075307986235,0.791877432783673
temperature_35c,temperature-35c-v1,blast-lite-lfp-gr-250ah-prismatic-2019-v1,blast-lite-b093495-250ah-prismatic-v1,PHYSICS_REFERENCE,NEAR_BOUNDARY,16.666666666666668,5000.0,4381.804466618215,0.7911894778632519
temperature_35c,temperature-35c-v1,blast-lite-lfp-gr-250ah-prismatic-2019-v1,blast-lite-b093495-250ah-prismatic-v1,PHYSICS_REFERENCE,NEAR_BOUNDARY,16.75,5025.0,4401.584203564797,0.7905030308420982
temperature_35c,temperature-35c-v1,blast-lite-lfp-gr-250ah-prismatic-2019-v1,blast-lite-b093495-250ah-prismatic-v1,PHYSICS_REFERENCE,NEAR_BOUNDARY,16.833333333333332,5050.0,4421.346779335849,0.7898180835055719
temperature_35c,temperature-35c-v1,blast-lite-lfp-gr-250ah-prismatic-2019-v1,blast-lite-b093495-250ah-prismatic-v1,PHYSICS_REFERENCE,NEAR_BOUNDARY,16.916666666666668,5075.0,4441.092231423488,0.7891346277226787
temperature_35c,temperature-35c-v1,blast-lite-lfp-gr-250ah-prismatic-2019-v1,blast-lite-b093495-250ah-prismatic-v1,PHYSICS_REFERENCE,NEAR_BOUNDARY,17.0,5100.0,4460.820597116554,0.7884526554447863
temperature_35c,temperature-35c-v1,blast-lite-lfp-gr-250ah-prismatic-2019-v1,blast-lite-b093495-250ah-prismatic-v1,PHYSICS_REFERENCE,NEAR_BOUNDARY,17.083333333333332,5125.0,4480.531913502674,0.7877721587043699
temperature_35c,temperature-35c-v1,blast-lite-lfp-gr-250ah-prismatic-2019-v1,blast-lite-b093495-250ah-prismatic-v1,PHYSICS_REFERENCE,NEAR_BOUNDARY,17.166666666666668,5150.0,4500.226217470283,0.7870931296137812
temperature_35c,temperature-35c-v1,blast-lite-lfp-gr-250ah-prismatic-2019-v1,blast-lite-b093495-250ah-prismatic-v1,PHYSICS_REFERENCE,NEAR_BOUNDARY,17.25,5175.0,4519.903545710627,0.7864155603640426
temperature_35c,temperature-35c-v1,blast-lite-lfp-gr-250ah-prismatic-2019-v1,blast-lite-b093495-250ah-prismatic-v1,PHYSICS_REFERENCE,NEAR_BOUNDARY,17.333333333333332,5200.0,4539.563934719728,0.7857394432236671
temperature_35c,temperature-35c-v1,blast-lite-lfp-gr-250ah-prismatic-2019-v1,blast-lite-b093495-250ah-prismatic-v1,PHYSICS_REFERENCE,NEAR_BOUNDARY,17.416666666666668,5225.0,4559.2074208003205,0.7850647705374991
temperature_35c,temperature-35c-v1,blast-lite-lfp-gr-250ah-prismatic-2019-v1,blast-lite-b093495-250ah-prismatic-v1,PHYSICS_REFERENCE,NEAR_BOUNDARY,17.5,5250.0,4578.834040063758,0.784391534725581
temperature_35c,temperature-35c-v1,blast-lite-lfp-gr-250ah-prismatic-2019-v1,blast-lite-b093495-250ah-prismatic-v1,PHYSICS_REFERENCE,NEAR_BOUNDARY,17.583333333333332,5275.0,4598.443828431898,0.7837197282820403
temperature_35c,temperature-35c-v1,blast-lite-lfp-gr-250ah-prismatic-2019-v1,blast-lite-b093495-250ah-prismatic-v1,PHYSICS_REFERENCE,NEAR_BOUNDARY,17.666666666666668,5300.0,4618.036821638949,0.7830493437739998
temperature_35c,temperature-35c-v1,blast-lite-lfp-gr-250ah-prismatic-2019-v1,blast-lite-b093495-250ah-prismatic-v1,PHYSICS_REFERENCE,NEAR_BOUNDARY,17.75,5325.0,4637.613055233299,0.7823803738405081
temperature_35c,temperature-35c-v1,blast-lite-lfp-gr-250ah-prismatic-2019-v1,blast-lite-b093495-250ah-prismatic-v1,PHYSICS_REFERENCE,NEAR_BOUNDARY,17.833333333333332,5350.0,4657.172564579311,0.781712811191492
temperature_35c,temperature-35c-v1,blast-lite-lfp-gr-250ah-prismatic-2019-v1,blast-lite-b093495-250ah-prismatic-v1,PHYSICS_REFERENCE,NEAR_BOUNDARY,17.916666666666668,5375.0,4676.715384859099,0.7810466486067288
temperature_35c,temperature-35c-v1,blast-lite-lfp-gr-250ah-prismatic-2019-v1,blast-lite-b093495-250ah-prismatic-v1,PHYSICS_REFERENCE,NEAR_BOUNDARY,18.0,5400.0,4696.241551074267,0.780381878934838
temperature_35c,temperature-35c-v1,blast-lite-lfp-gr-250ah-prismatic-2019-v1,blast-lite-b093495-250ah-prismatic-v1,PHYSICS_REFERENCE,NEAR_BOUNDARY,18.083333333333332,5425.0,4715.751098047637,0.7797184950922933
temperature_35c,temperature-35c-v1,blast-lite-lfp-gr-250ah-prismatic-2019-v1,blast-lite-b093495-250ah-prismatic-v1,PHYSICS_REFERENCE,NEAR_BOUNDARY,18.166666666666668,5450.0,4735.244060424945,0.7790564900624528
temperature_35c,temperature-35c-v1,blast-lite-lfp-gr-250ah-prismatic-2019-v1,blast-lite-b093495-250ah-prismatic-v1,PHYSICS_REFERENCE,NEAR_BOUNDARY,18.25,5475.0,4754.720472676507,0.7783958568946078
temperature_35c,temperature-35c-v1,blast-lite-lfp-gr-250ah-prismatic-2019-v1,blast-lite-b093495-250ah-prismatic-v1,PHYSICS_REFERENCE,NEAR_BOUNDARY,18.333333333333332,5500.0,4774.180369098872,0.7777365887030498
temperature_35c,temperature-35c-v1,blast-lite-lfp-gr-250ah-prismatic-2019-v1,blast-lite-b093495-250ah-prismatic-v1,PHYSICS_REFERENCE,NEAR_BOUNDARY,18.416666666666668,5525.0,4793.623783816448,0.7770786786661552
temperature_35c,temperature-35c-v1,blast-lite-lfp-gr-250ah-prismatic-2019-v1,blast-lite-b093495-250ah-prismatic-v1,PHYSICS_REFERENCE,NEAR_BOUNDARY,18.5,5550.0,4813.050750783102,0.7764221200254863
temperature_35c,temperature-35c-v1,blast-lite-lfp-gr-250ah-prismatic-2019-v1,blast-lite-b093495-250ah-prismatic-v1,PHYSICS_REFERENCE,NEAR_BOUNDARY,18.583333333333332,5575.0,4832.461303783739,0.7757669060849111
temperature_35c,temperature-35c-v1,blast-lite-lfp-gr-250ah-prismatic-2019-v1,blast-lite-b093495-250ah-prismatic-v1,PHYSICS_REFERENCE,NEAR_BOUNDARY,18.666666666666668,5600.0,4851.855476435861,0.7751130302097364
temperature_35c,temperature-35c-v1,blast-lite-lfp-gr-250ah-prismatic-2019-v1,blast-lite-b093495-250ah-prismatic-v1,PHYSICS_REFERENCE,NEAR_BOUNDARY,18.75,5625.0,4871.2333021911045,0.7744604858258606
temperature_35c,temperature-35c-v1,blast-lite-lfp-gr-250ah-prismatic-2019-v1,blast-lite-b093495-250ah-prismatic-v1,PHYSICS_REFERENCE,NEAR_BOUNDARY,18.833333333333332,5650.0,4890.594814336751,0.7738092664189384
temperature_35c,temperature-35c-v1,blast-lite-lfp-gr-250ah-prismatic-2019-v1,blast-lite-b093495-250ah-prismatic-v1,PHYSICS_REFERENCE,NEAR_BOUNDARY,18.916666666666668,5675.0,4909.940045997225,0.7731593655335645
temperature_35c,temperature-35c-v1,blast-lite-lfp-gr-250ah-prismatic-2019-v1,blast-lite-b093495-250ah-prismatic-v1,PHYSICS_REFERENCE,NEAR_BOUNDARY,19.0,5700.0,4929.269030135564,0.7725107767724684
temperature_35c,temperature-35c-v1,blast-lite-lfp-gr-250ah-prismatic-2019-v1,blast-lite-b093495-250ah-prismatic-v1,PHYSICS_REFERENCE,NEAR_BOUNDARY,19.083333333333332,5725.0,4948.581799554876,0.7718634937957275
temperature_35c,temperature-35c-v1,blast-lite-lfp-gr-250ah-prismatic-2019-v1,blast-lite-b093495-250ah-prismatic-v1,PHYSICS_REFERENCE,NEAR_BOUNDARY,19.166666666666668,5750.0,4967.878386899769,0.7712175103199916
temperature_35c,temperature-35c-v1,blast-lite-lfp-gr-250ah-prismatic-2019-v1,blast-lite-b093495-250ah-prismatic-v1,PHYSICS_REFERENCE,NEAR_BOUNDARY,19.25,5775.0,4987.1588246577685,0.7705728201177233
temperature_35c,temperature-35c-v1,blast-lite-lfp-gr-250ah-prismatic-2019-v1,blast-lite-b093495-250ah-prismatic-v1,PHYSICS_REFERENCE,NEAR_BOUNDARY,19.333333333333332,5800.0,5006.423145160712,0.7699294170164505
temperature_35c,temperature-35c-v1,blast-lite-lfp-gr-250ah-prismatic-2019-v1,blast-lite-b093495-250ah-prismatic-v1,PHYSICS_REFERENCE,NEAR_BOUNDARY,19.416666666666668,5825.0,5025.671380586124,0.7692872948980334
temperature_35c,temperature-35c-v1,blast-lite-lfp-gr-250ah-prismatic-2019-v1,blast-lite-b093495-250ah-prismatic-v1,PHYSICS_REFERENCE,NEAR_BOUNDARY,19.5,5850.0,5044.903562958574,0.7686464476979438
temperature_35c,temperature-35c-v1,blast-lite-lfp-gr-250ah-prismatic-2019-v1,blast-lite-b093495-250ah-prismatic-v1,PHYSICS_REFERENCE,NEAR_BOUNDARY,19.583333333333332,5875.0,5064.119724151023,0.7680068694045579
temperature_35c,temperature-35c-v1,blast-lite-lfp-gr-250ah-prismatic-2019-v1,blast-lite-b093495-250ah-prismatic-v1,PHYSICS_REFERENCE,NEAR_BOUNDARY,19.666666666666668,5900.0,5083.319895886137,0.7673685540584607
temperature_35c,temperature-35c-v1,blast-lite-lfp-gr-250ah-prismatic-2019-v1,blast-lite-b093495-250ah-prismatic-v1,PHYSICS_REFERENCE,NEAR_BOUNDARY,19.75,5925.0,5102.504109737598,0.7667314957517635
temperature_35c,temperature-35c-v1,blast-lite-lfp-gr-250ah-prismatic-2019-v1,blast-lite-b093495-250ah-prismatic-v1,PHYSICS_REFERENCE,NEAR_BOUNDARY,19.833333333333332,5950.0,5121.672397131392,0.7660956886274318
temperature_35c,temperature-35c-v1,blast-lite-lfp-gr-250ah-prismatic-2019-v1,blast-lite-b093495-250ah-prismatic-v1,PHYSICS_REFERENCE,NEAR_BOUNDARY,19.916666666666668,5975.0,5140.824789347078,0.765461126878627
temperature_35c,temperature-35c-v1,blast-lite-lfp-gr-250ah-prismatic-2019-v1,blast-lite-b093495-250ah-prismatic-v1,PHYSICS_REFERENCE,NEAR_BOUNDARY,20.0,6000.0,5159.961317519043,0.7648278047480579
temperature_35c,temperature-35c-v1,blast-lite-lfp-gr-250ah-prismatic-2019-v1,blast-lite-b093495-250ah-prismatic-v1,PHYSICS_REFERENCE,NEAR_BOUNDARY,20.083333333333332,6025.0,5179.082012637745,0.7641957165273439
temperature_35c,temperature-35c-v1,blast-lite-lfp-gr-250ah-prismatic-2019-v1,blast-lite-b093495-250ah-prismatic-v1,PHYSICS_REFERENCE,NEAR_BOUNDARY,20.166666666666668,6050.0,5198.186905550929,0.7635648565563891
temperature_35c,temperature-35c-v1,blast-lite-lfp-gr-250ah-prismatic-2019-v1,blast-lite-b093495-250ah-prismatic-v1,PHYSICS_REFERENCE,NEAR_BOUNDARY,20.25,6075.0,5217.276026964839,0.7629352192227672
temperature_35c,temperature-35c-v1,blast-lite-lfp-gr-250ah-prismatic-2019-v1,blast-lite-b093495-250ah-prismatic-v1,PHYSICS_REFERENCE,NEAR_BOUNDARY,20.333333333333332,6100.0,5236.349407445408,0.7623067989611169
temperature_35c,temperature-35c-v1,blast-lite-lfp-gr-250ah-prismatic-2019-v1,blast-lite-b093495-250ah-prismatic-v1,PHYSICS_REFERENCE,NEAR_BOUNDARY,20.416666666666668,6125.0,5255.407077419436,0.761679590252547
temperature_35c,temperature-35c-v1,blast-lite-lfp-gr-250ah-prismatic-2019-v1,blast-lite-b093495-250ah-prismatic-v1,PHYSICS_REFERENCE,NEAR_BOUNDARY,20.5,6150.0,5274.449067175749,0.7610535876240521
temperature_35c,temperature-35c-v1,blast-lite-lfp-gr-250ah-prismatic-2019-v1,blast-lite-b093495-250ah-prismatic-v1,PHYSICS_REFERENCE,NEAR_BOUNDARY,20.583333333333332,6175.0,5293.475406866351,0.7604287856479386
temperature_35c,temperature-35c-v1,blast-lite-lfp-gr-250ah-prismatic-2019-v1,blast-lite-b093495-250ah-prismatic-v1,PHYSICS_REFERENCE,NEAR_BOUNDARY,20.666666666666668,6200.0,5312.486126507549,0.7598051789412584
temperature_35c,temperature-35c-v1,blast-lite-lfp-gr-250ah-prismatic-2019-v1,blast-lite-b093495-250ah-prismatic-v1,PHYSICS_REFERENCE,NEAR_BOUNDARY,20.75,6225.0,5331.48125598108,0.7591827621652547
temperature_35c,temperature-35c-v1,blast-lite-lfp-gr-250ah-prismatic-2019-v1,blast-lite-b093495-250ah-prismatic-v1,PHYSICS_REFERENCE,NEAR_BOUNDARY,20.833333333333332,6250.0,5350.460825035211,0.7585615300248143
temperature_35c,temperature-35c-v1,blast-lite-lfp-gr-250ah-prismatic-2019-v1,blast-lite-b093495-250ah-prismatic-v1,PHYSICS_REFERENCE,NEAR_BOUNDARY,20.916666666666668,6275.0,5369.424863285832,0.7579414772679313
temperature_35c,temperature-35c-v1,blast-lite-lfp-gr-250ah-prismatic-2019-v1,blast-lite-b093495-250ah-prismatic-v1,PHYSICS_REFERENCE,NEAR_BOUNDARY,21.0,6300.0,5388.37340021753,0.7573225986851779
temperature_35c,temperature-35c-v1,blast-lite-lfp-gr-250ah-prismatic-2019-v1,blast-lite-b093495-250ah-prismatic-v1,PHYSICS_REFERENCE,NEAR_BOUNDARY,21.083333333333332,6325.0,5407.306465184659,0.756704889109185
temperature_35c,temperature-35c-v1,blast-lite-lfp-gr-250ah-prismatic-2019-v1,blast-lite-b093495-250ah-prismatic-v1,PHYSICS_REFERENCE,NEAR_BOUNDARY,21.166666666666668,6350.0,5426.224087412388,0.7560883434141303
temperature_35c,temperature-35c-v1,blast-lite-lfp-gr-250ah-prismatic-2019-v1,blast-lite-b093495-250ah-prismatic-v1,PHYSICS_REFERENCE,NEAR_BOUNDARY,21.25,6375.0,5445.126295997741,0.7554729565152358
temperature_35c,temperature-35c-v1,blast-lite-lfp-gr-250ah-prismatic-2019-v1,blast-lite-b093495-250ah-prismatic-v1,PHYSICS_REFERENCE,NEAR_BOUNDARY,21.333333333333332,6400.0,5464.013119910622,0.7548587233682723
temperature_35c,temperature-35c-v1,blast-lite-lfp-gr-250ah-prismatic-2019-v1,blast-lite-b093495-250ah-prismatic-v1,PHYSICS_REFERENCE,NEAR_BOUNDARY,21.416666666666668,6425.0,5482.8845879948285,0.7542456389690729
temperature_35c,temperature-35c-v1,blast-lite-lfp-gr-250ah-prismatic-2019-v1,blast-lite-b093495-250ah-prismatic-v1,PHYSICS_REFERENCE,NEAR_BOUNDARY,21.5,6450.0,5501.740728969055,0.7536336983530538
temperature_35c,temperature-35c-v1,blast-lite-lfp-gr-250ah-prismatic-2019-v1,blast-lite-b093495-250ah-prismatic-v1,PHYSICS_REFERENCE,NEAR_BOUNDARY,21.583333333333332,6475.0,5520.5815714278815,0.7530228965947424
temperature_35c,temperature-35c-v1,blast-lite-lfp-gr-250ah-prismatic-2019-v1,blast-lite-b093495-250ah-prismatic-v1,PHYSICS_REFERENCE,NEAR_BOUNDARY,21.666666666666668,6500.0,5539.40714384275,0.7524132288073139
temperature_35c,temperature-35c-v1,blast-lite-lfp-gr-250ah-prismatic-2019-v1,blast-lite-b093495-250ah-prismatic-v1,PHYSICS_REFERENCE,NEAR_BOUNDARY,21.75,6525.0,5558.217474562933,0.7518046901421345
temperature_35c,temperature-35c-v1,blast-lite-lfp-gr-250ah-prismatic-2019-v1,blast-lite-b093495-250ah-prismatic-v1,PHYSICS_REFERENCE,NEAR_BOUNDARY,21.833333333333332,6550.0,5577.012591816486,0.7511972757883117
temperature_35c,temperature-35c-v1,blast-lite-lfp-gr-250ah-prismatic-2019-v1,blast-lite-b093495-250ah-prismatic-v1,PHYSICS_REFERENCE,NEAR_BOUNDARY,21.916666666666668,6575.0,5595.792523711194,0.7505909809722526
temperature_35c,temperature-35c-v1,blast-lite-lfp-gr-250ah-prismatic-2019-v1,blast-lite-b093495-250ah-prismatic-v1,PHYSICS_REFERENCE,NEAR_BOUNDARY,22.0,6600.0,5614.557298235501,0.7499858009572278
temperature_35c,temperature-35c-v1,blast-lite-lfp-gr-250ah-prismatic-2019-v1,blast-lite-b093495-250ah-prismatic-v1,PHYSICS_REFERENCE,NEAR_BOUNDARY,22.083333333333332,6625.0,5633.306943259431,0.7493817310429433
temperature_35c,temperature-35c-v1,blast-lite-lfp-gr-250ah-prismatic-2019-v1,blast-lite-b093495-250ah-prismatic-v1,PHYSICS_REFERENCE,NEAR_BOUNDARY,22.166666666666668,6650.0,5652.041486535505,0.7487787665651183
temperature_35c,temperature-35c-v1,blast-lite-lfp-gr-250ah-prismatic-2019-v1,blast-lite-b093495-250ah-prismatic-v1,PHYSICS_REFERENCE,NEAR_BOUNDARY,22.25,6675.0,5670.760955699633,0.7481769028950702
temperature_35c,temperature-35c-v1,blast-lite-lfp-gr-250ah-prismatic-2019-v1,blast-lite-b093495-250ah-prismatic-v1,PHYSICS_REFERENCE,NEAR_BOUNDARY,22.333333333333332,6700.0,5689.46537827201,0.7475761354393051
temperature_35c,temperature-35c-v1,blast-lite-lfp-gr-250ah-prismatic-2019-v1,blast-lite-b093495-250ah-prismatic-v1,PHYSICS_REFERENCE,NEAR_BOUNDARY,22.416666666666668,6725.0,5708.154781657992,0.7469764596391157
temperature_35c,temperature-35c-v1,blast-lite-lfp-gr-250ah-prismatic-2019-v1,blast-lite-b093495-250ah-prismatic-v1,PHYSICS_REFERENCE,NEAR_BOUNDARY,22.5,6750.0,5726.82919314897,0.7463778709701837
temperature_35c,temperature-35c-v1,blast-lite-lfp-gr-250ah-prismatic-2019-v1,blast-lite-b093495-250ah-prismatic-v1,PHYSICS_REFERENCE,NEAR_BOUNDARY,22.583333333333332,6775.0,5745.488639923225,0.745780364942191
temperature_35c,temperature-35c-v1,blast-lite-lfp-gr-250ah-prismatic-2019-v1,blast-lite-b093495-250ah-prismatic-v1,PHYSICS_REFERENCE,NEAR_BOUNDARY,22.666666666666668,6800.0,5764.133149046779,0.7451839370984334
temperature_35c,temperature-35c-v1,blast-lite-lfp-gr-250ah-prismatic-2019-v1,blast-lite-b093495-250ah-prismatic-v1,PHYSICS_REFERENCE,NEAR_BOUNDARY,22.75,6825.0,5782.76274747424,0.7445885830154431
temperature_35c,temperature-35c-v1,blast-lite-lfp-gr-250ah-prismatic-2019-v1,blast-lite-b093495-250ah-prismatic-v1,PHYSICS_REFERENCE,NEAR_BOUNDARY,22.833333333333332,6850.0,5801.377462049626,0.743994298302615
temperature_35c,temperature-35c-v1,blast-lite-lfp-gr-250ah-prismatic-2019-v1,blast-lite-b093495-250ah-prismatic-v1,PHYSICS_REFERENCE,NEAR_BOUNDARY,22.916666666666668,6875.0,5819.977319507191,0.7434010786018396
temperature_35c,temperature-35c-v1,blast-lite-lfp-gr-250ah-prismatic-2019-v1,blast-lite-b093495-250ah-prismatic-v1,PHYSICS_REFERENCE,NEAR_BOUNDARY,23.0,6900.0,5838.562346472238,0.742808919587141
temperature_35c,temperature-35c-v1,blast-lite-lfp-gr-250ah-prismatic-2019-v1,blast-lite-b093495-250ah-prismatic-v1,PHYSICS_REFERENCE,NEAR_BOUNDARY,23.083333333333332,6925.0,5857.132569461916,0.7422178169643202
temperature_35c,temperature-35c-v1,blast-lite-lfp-gr-250ah-prismatic-2019-v1,blast-lite-b093495-250ah-prismatic-v1,PHYSICS_REFERENCE,NEAR_BOUNDARY,23.166666666666668,6950.0,5875.688014886025,0.7416277664706045
temperature_35c,temperature-35c-v1,blast-lite-lfp-gr-250ah-prismatic-2019-v1,blast-lite-b093495-250ah-prismatic-v1,PHYSICS_REFERENCE,NEAR_BOUNDARY,23.25,6975.0,5894.228709047789,0.7410387638743002
temperature_35c,temperature-35c-v1,blast-lite-lfp-gr-250ah-prismatic-2019-v1,blast-lite-b093495-250ah-prismatic-v1,PHYSICS_REFERENCE,NEAR_BOUNDARY,23.333333333333332,7000.0,5912.754678144647,0.7404508049744536
temperature_35c,temperature-35c-v1,blast-lite-lfp-gr-250ah-prismatic-2019-v1,blast-lite-b093495-250ah-prismatic-v1,PHYSICS_REFERENCE,NEAR_BOUNDARY,23.416666666666668,7025.0,5931.265948269009,0.7398638856005126
temperature_35c,temperature-35c-v1,blast-lite-lfp-gr-250ah-prismatic-2019-v1,blast-lite-b093495-250ah-prismatic-v1,PHYSICS_REFERENCE,NEAR_BOUNDARY,23.5,7050.0,5949.762545409021,0.7392780016119983
temperature_35c,temperature-35c-v1,blast-lite-lfp-gr-250ah-prismatic-2019-v1,blast-lite-b093495-250ah-prismatic-v1,PHYSICS_REFERENCE,NEAR_BOUNDARY,23.583333333333332,7075.0,5968.244495449321,0.7386931488981764
temperature_35c,temperature-35c-v1,blast-lite-lfp-gr-250ah-prismatic-2019-v1,blast-lite-b093495-250ah-prismatic-v1,PHYSICS_REFERENCE,NEAR_BOUNDARY,23.666666666666668,7100.0,5986.711824171775,0.7381093233777378
temperature_35c,temperature-35c-v1,blast-lite-lfp-gr-250ah-prismatic-2019-v1,blast-lite-b093495-250ah-prismatic-v1,PHYSICS_REFERENCE,NEAR_BOUNDARY,23.75,7125.0,6005.164557256218,0.7375265209984802
temperature_35c,temperature-35c-v1,blast-lite-lfp-gr-250ah-prismatic-2019-v1,blast-lite-b093495-250ah-prismatic-v1,PHYSICS_REFERENCE,NEAR_BOUNDARY,23.833333333333332,7150.0,6023.60272028118,0.7369447377369969
temperature_35c,temperature-35c-v1,blast-lite-lfp-gr-250ah-prismatic-2019-v1,blast-lite-b093495-250ah-prismatic-v1,PHYSICS_REFERENCE,NEAR_BOUNDARY,23.916666666666668,7175.0,6042.026338724605,0.7363639695983687
temperature_35c,temperature-35c-v1,blast-lite-lfp-gr-250ah-prismatic-2019-v1,blast-lite-b093495-250ah-prismatic-v1,PHYSICS_REFERENCE,NEAR_BOUNDARY,24.0,7200.0,6060.435437964564,0.7357842126158605
temperature_35c,temperature-35c-v1,blast-lite-lfp-gr-250ah-prismatic-2019-v1,blast-lite-b093495-250ah-prismatic-v1,PHYSICS_REFERENCE,NEAR_BOUNDARY,24.083333333333332,7225.0,6078.830043279961,0.7352054628506223
temperature_35c,temperature-35c-v1,blast-lite-lfp-gr-250ah-prismatic-2019-v1,blast-lite-b093495-250ah-prismatic-v1,PHYSICS_REFERENCE,NEAR_BOUNDARY,24.166666666666668,7250.0,6097.210179851226,0.7346277163913942
temperature_35c,temperature-35c-v1,blast-lite-lfp-gr-250ah-prismatic-2019-v1,blast-lite-b093495-250ah-prismatic-v1,PHYSICS_REFERENCE,NEAR_BOUNDARY,24.25,7275.0,6115.575872761011,0.7340509693542167
temperature_35c,temperature-35c-v1,blast-lite-lfp-gr-250ah-prismatic-2019-v1,blast-lite-b093495-250ah-prismatic-v1,PHYSICS_REFERENCE,NEAR_BOUNDARY,24.333333333333332,7300.0,6133.927146994866,0.7334752178821431
temperature_35c,temperature-35c-v1,blast-lite-lfp-gr-250ah-prismatic-2019-v1,blast-lite-b093495-250ah-prismatic-v1,PHYSICS_REFERENCE,NEAR_BOUNDARY,24.416666666666668,7325.0,6152.26402744192,0.7329004581449574
temperature_35c,temperature-35c-v1,blast-lite-lfp-gr-250ah-prismatic-2019-v1,blast-lite-b093495-250ah-prismatic-v1,PHYSICS_REFERENCE,NEAR_BOUNDARY,24.5,7350.0,6170.5865388955435,0.7323266863388965
temperature_35c,temperature-35c-v1,blast-lite-lfp-gr-250ah-prismatic-2019-v1,blast-lite-b093495-250ah-prismatic-v1,PHYSICS_REFERENCE,NEAR_BOUNDARY,24.583333333333332,7375.0,6188.894706054016,0.7317538986863744
temperature_35c,temperature-35c-v1,blast-lite-lfp-gr-250ah-prismatic-2019-v1,blast-lite-b093495-250ah-prismatic-v1,PHYSICS_REFERENCE,NEAR_BOUNDARY,24.666666666666668,7400.0,6207.188553521175,0.7311820914357121
temperature_35c,temperature-35c-v1,blast-lite-lfp-gr-250ah-prismatic-2019-v1,blast-lite-b093495-250ah-prismatic-v1,PHYSICS_REFERENCE,NEAR_BOUNDARY,24.75,7425.0,6225.468105807067,0.7306112608608706
temperature_35c,temperature-35c-v1,blast-lite-lfp-gr-250ah-prismatic-2019-v1,blast-lite-b093495-250ah-prismatic-v1,PHYSICS_REFERENCE,NEAR_BOUNDARY,24.833333333333332,7450.0,6243.733387328589,0.7300414032611872
temperature_35c,temperature-35c-v1,blast-lite-lfp-gr-250ah-prismatic-2019-v1,blast-lite-b093495-250ah-prismatic-v1,PHYSICS_REFERENCE,NEAR_BOUNDARY,24.916666666666668,7475.0,6261.984422410119,0.7294725149611158
temperature_35c,temperature-35c-v1,blast-lite-lfp-gr-250ah-prismatic-2019-v1,blast-lite-b093495-250ah-prismatic-v1,PHYSICS_REFERENCE,NEAR_BOUNDARY,25.0,7500.0,6280.221235284147,0.7289045923099708
dod_100,dod-100-v1,blast-lite-lfp-gr-250ah-prismatic-2019-v1,blast-lite-b093495-250ah-prismatic-v1,PHYSICS_REFERENCE,NEAR_BOUNDARY,0.0,0.0,0.0,1.0
dod_100,dod-100-v1,blast-lite-lfp-gr-250ah-prismatic-2019-v1,blast-lite-b093495-250ah-prismatic-v1,PHYSICS_REFERENCE,NEAR_BOUNDARY,0.08333333333333333,25.0,25.0,0.9956331827716567
dod_100,dod-100-v1,blast-lite-lfp-gr-250ah-prismatic-2019-v1,blast-lite-b093495-250ah-prismatic-v1,PHYSICS_REFERENCE,NEAR_BOUNDARY,0.16666666666666666,50.0,49.89082956929141,0.9925145203062304
dod_100,dod-100-v1,blast-lite-lfp-gr-250ah-prismatic-2019-v1,blast-lite-b093495-250ah-prismatic-v1,PHYSICS_REFERENCE,NEAR_BOUNDARY,0.25,75.0,74.70369257694718,0.989841997116734
dod_100,dod-100-v1,blast-lite-lfp-gr-250ah-prismatic-2019-v1,blast-lite-b093495-250ah-prismatic-v1,PHYSICS_REFERENCE,NEAR_BOUNDARY,0.3333333333333333,100.0,99.44974250486553,0.9873937069516343
dod_100,dod-100-v1,blast-lite-lfp-gr-250ah-prismatic-2019-v1,blast-lite-b093495-250ah-prismatic-v1,PHYSICS_REFERENCE,NEAR_BOUNDARY,0.4166666666666667,125.0,124.13458517865638,0.985092949801908
dod_100,dod-100-v1,blast-lite-lfp-gr-250ah-prismatic-2019-v1,blast-lite-b093495-250ah-prismatic-v1,PHYSICS_REFERENCE,NEAR_BOUNDARY,0.5,150.0,148.76190892370408,0.9829009929233208
dod_100,dod-100-v1,blast-lite-lfp-gr-250ah-prismatic-2019-v1,blast-lite-b093495-250ah-prismatic-v1,PHYSICS_REFERENCE,NEAR_BOUNDARY,0.5833333333333334,175.0,173.3344337467871,0.9807946488627617
dod_100,dod-100-v1,blast-lite-lfp-gr-250ah-prismatic-2019-v1,blast-lite-b093495-250ah-prismatic-v1,PHYSICS_REFERENCE,NEAR_BOUNDARY,0.6666666666666666,200.0,197.85429996835614,0.9787585717096642
dod_100,dod-100-v1,blast-lite-lfp-gr-250ah-prismatic-2019-v1,blast-lite-b093495-250ah-prismatic-v1,PHYSICS_REFERENCE,NEAR_BOUNDARY,0.75,225.0,222.32326426109773,0.9767819025623392
dod_100,dod-100-v1,blast-lite-lfp-gr-250ah-prismatic-2019-v1,blast-lite-b093495-250ah-prismatic-v1,PHYSICS_REFERENCE,NEAR_BOUNDARY,0.8333333333333334,250.0,246.74281182515622,0.9748565795267429
dod_100,dod-100-v1,blast-lite-lfp-gr-250ah-prismatic-2019-v1,blast-lite-b093495-250ah-prismatic-v1,PHYSICS_REFERENCE,NEAR_BOUNDARY,0.9166666666666666,275.0,271.1142263133248,0.9729763963663778
dod_100,dod-100-v1,blast-lite-lfp-gr-250ah-prismatic-2019-v1,blast-lite-b093495-250ah-prismatic-v1,PHYSICS_REFERENCE,NEAR_BOUNDARY,1.0,300.0,295.43863622248426,0.9711364379329295
dod_100,dod-100-v1,blast-lite-lfp-gr-250ah-prismatic-2019-v1,blast-lite-b093495-250ah-prismatic-v1,PHYSICS_REFERENCE,NEAR_BOUNDARY,1.0833333333333333,325.0,319.7170471708075,0.9693327217383968
dod_100,dod-100-v1,blast-lite-lfp-gr-250ah-prismatic-2019-v1,blast-lite-b093495-250ah-prismatic-v1,PHYSICS_REFERENCE,NEAR_BOUNDARY,1.1666666666666667,350.0,343.95036521426744,0.9675619598587748
dod_100,dod-100-v1,blast-lite-lfp-gr-250ah-prismatic-2019-v1,blast-lite-b093495-250ah-prismatic-v1,PHYSICS_REFERENCE,NEAR_BOUNDARY,1.25,375.0,368.1394142107368,0.9658213948192814
dod_100,dod-100-v1,blast-lite-lfp-gr-250ah-prismatic-2019-v1,blast-lite-b093495-250ah-prismatic-v1,PHYSICS_REFERENCE,NEAR_BOUNDARY,1.3333333333333333,400.0,392.2849490812188,0.9641086829417699
dod_100,dod-100-v1,blast-lite-lfp-gr-250ah-prismatic-2019-v1,blast-lite-b093495-250ah-prismatic-v1,PHYSICS_REFERENCE,NEAR_BOUNDARY,1.4166666666666667,425.0,416.38766615476305,0.9624218092439366
dod_100,dod-100-v1,blast-lite-lfp-gr-250ah-prismatic-2019-v1,blast-lite-b093495-250ah-prismatic-v1,PHYSICS_REFERENCE,NEAR_BOUNDARY,1.5,450.0,440.44821138586144,0.9607590239569159
dod_100,dod-100-v1,blast-lite-lfp-gr-250ah-prismatic-2019-v1,blast-lite-b093495-250ah-prismatic-v1,PHYSICS_REFERENCE,NEAR_BOUNDARY,1.5833333333333333,475.0,464.46718698478435,0.9591187942453124
dod_100,dod-100-v1,blast-lite-lfp-gr-250ah-prismatic-2019-v1,blast-lite-b093495-250ah-prismatic-v1,PHYSICS_REFERENCE,NEAR_BOUNDARY,1.6666666666666667,500.0,488.44515684091715,0.9574997668623849
dod_100,dod-100-v1,blast-lite-lfp-gr-250ah-prismatic-2019-v1,blast-lite-b093495-250ah-prismatic-v1,PHYSICS_REFERENCE,NEAR_BOUNDARY,1.75,525.0,512.3826510124768,0.955900738828683
dod_100,dod-100-v1,blast-lite-lfp-gr-250ah-prismatic-2019-v1,blast-lite-b093495-250ah-prismatic-v1,PHYSICS_REFERENCE,NEAR_BOUNDARY,1.8333333333333333,550.0,536.2801694831938,0.9543206341021663
dod_100,dod-100-v1,blast-lite-lfp-gr-250ah-prismatic-2019-v1,blast-lite-b093495-250ah-prismatic-v1,PHYSICS_REFERENCE,NEAR_BOUNDARY,1.9166666666666667,575.0,560.138185335748,0.9527584847931505
dod_100,dod-100-v1,blast-lite-lfp-gr-250ah-prismatic-2019-v1,blast-lite-b093495-250ah-prismatic-v1,PHYSICS_REFERENCE,NEAR_BOUNDARY,2.0,600.0,583.9571474555767,0.9512134158755845
dod_100,dod-100-v1,blast-lite-lfp-gr-250ah-prismatic-2019-v1,blast-lite-b093495-250ah-prismatic-v1,PHYSICS_REFERENCE,NEAR_BOUNDARY,2.0833333333333335,625.0,607.7374828524663,0.9496846326224394
dod_100,dod-100-v1,blast-lite-lfp-gr-250ah-prismatic-2019-v1,blast-lite-b093495-250ah-prismatic-v1,PHYSICS_REFERENCE,NEAR_BOUNDARY,2.1666666666666665,650.0,631.4795986680273,0.9481714101881455
dod_100,dod-100-v1,blast-lite-lfp-gr-250ah-prismatic-2019-v1,blast-lite-b093495-250ah-prismatic-v1,PHYSICS_REFERENCE,NEAR_BOUNDARY,2.25,675.0,655.183883922731,0.9466730849011324
dod_100,dod-100-v1,blast-lite-lfp-gr-250ah-prismatic-2019-v1,blast-lite-b093495-250ah-prismatic-v1,PHYSICS_REFERENCE,NEAR_BOUNDARY,2.3333333333333335,700.0,678.8507110452592,0.9451890469316001
dod_100,dod-100-v1,blast-lite-lfp-gr-250ah-prismatic-2019-v1,blast-lite-b093495-250ah-prismatic-v1,PHYSICS_REFERENCE,NEAR_BOUNDARY,2.4166666666666665,725.0,702.4804372185492,0.9437187340750439
dod_100,dod-100-v1,blast-lite-lfp-gr-250ah-prismatic-2019-v1,blast-lite-b093495-250ah-prismatic-v1,PHYSICS_REFERENCE,NEAR_BOUNDARY,2.5,750.0,726.0734055704254,0.9422616264484102
dod_100,dod-100-v1,blast-lite-lfp-gr-250ah-prismatic-2019-v1,blast-lite-b093495-250ah-prismatic-v1,PHYSICS_REFERENCE,NEAR_BOUNDARY,2.5833333333333335,775.0,749.6299462316357,0.9408172419383874
dod_100,dod-100-v1,blast-lite-lfp-gr-250ah-prismatic-2019-v1,blast-lite-b093495-250ah-prismatic-v1,PHYSICS_REFERENCE,NEAR_BOUNDARY,2.6666666666666665,800.0,773.1503772800954,0.939385132273908
dod_100,dod-100-v1,blast-lite-lfp-gr-250ah-prismatic-2019-v1,blast-lite-b093495-250ah-prismatic-v1,PHYSICS_REFERENCE,NEAR_BOUNDARY,2.75,825.0,796.6350055869432,0.9379648796200691
dod_100,dod-100-v1,blast-lite-lfp-gr-250ah-prismatic-2019-v1,blast-lite-b093495-250ah-prismatic-v1,PHYSICS_REFERENCE,NEAR_BOUNDARY,2.8333333333333335,850.0,820.0841275774449,0.9365560936102653
dod_100,dod-100-v1,blast-lite-lfp-gr-250ah-prismatic-2019-v1,blast-lite-b093495-250ah-prismatic-v1,PHYSICS_REFERENCE,NEAR_BOUNDARY,2.9166666666666665,875.0,843.4980299177015,0.935158408748686
dod_100,dod-100-v1,blast-lite-lfp-gr-250ah-prismatic-2019-v1,blast-lite-b093495-250ah-prismatic-v1,PHYSICS_REFERENCE,NEAR_BOUNDARY,3.0,900.0,866.8769901364186,0.9337714821275147
dod_100,dod-100-v1,blast-lite-lfp-gr-250ah-prismatic-2019-v1,blast-lite-b093495-250ah-prismatic-v1,PHYSICS_REFERENCE,NEAR_BOUNDARY,3.0833333333333335,925.0,890.2212771896064,0.9323949914128579
dod_100,dod-100-v1,blast-lite-lfp-gr-250ah-prismatic-2019-v1,blast-lite-b093495-250ah-prismatic-v1,PHYSICS_REFERENCE,NEAR_BOUNDARY,3.1666666666666665,950.0,913.5311519749279,0.931028633061234
dod_100,dod-100-v1,blast-lite-lfp-gr-250ah-prismatic-2019-v1,blast-lite-b093495-250ah-prismatic-v1,PHYSICS_REFERENCE,NEAR_BOUNDARY,3.25,975.0,936.8068678014587,0.929672120734748
dod_100,dod-100-v1,blast-lite-lfp-gr-250ah-prismatic-2019-v1,blast-lite-b093495-250ah-prismatic-v1,PHYSICS_REFERENCE,NEAR_BOUNDARY,3.3333333333333335,1000.0,960.0486708198274,0.9283251838881987
dod_100,dod-100-v1,blast-lite-lfp-gr-250ah-prismatic-2019-v1,blast-lite-b093495-250ah-prismatic-v1,PHYSICS_REFERENCE,NEAR_BOUNDARY,3.4166666666666665,1025.0,983.2568004170324,0.9269875665055575
dod_100,dod-100-v1,blast-lite-lfp-gr-250ah-prismatic-2019-v1,blast-lite-b093495-250ah-prismatic-v1,PHYSICS_REFERENCE,NEAR_BOUNDARY,3.5,1050.0,1006.4314895796714,0.9256590259667051
dod_100,dod-100-v1,blast-lite-lfp-gr-250ah-prismatic-2019-v1,blast-lite-b093495-250ah-prismatic-v1,PHYSICS_REFERENCE,NEAR_BOUNDARY,3.5833333333333335,1075.0,1029.572965228839,0.92433933202816
dod_100,dod-100-v1,blast-lite-lfp-gr-250ah-prismatic-2019-v1,blast-lite-b093495-250ah-prismatic-v1,PHYSICS_REFERENCE,NEAR_BOUNDARY,3.6666666666666665,1100.0,1052.6814485295429,0.9230282659038987
dod_100,dod-100-v1,blast-lite-lfp-gr-250ah-prismatic-2019-v1,blast-lite-b093495-250ah-prismatic-v1,PHYSICS_REFERENCE,NEAR_BOUNDARY,3.75,1125.0,1075.7571551771402,0.9217256194343499
dod_100,dod-100-v1,blast-lite-lfp-gr-250ah-prismatic-2019-v1,blast-lite-b093495-250ah-prismatic-v1,PHYSICS_REFERENCE,NEAR_BOUNDARY,3.8333333333333335,1150.0,1098.800295662999,0.920431194333294
dod_100,dod-100-v1,blast-lite-lfp-gr-250ah-prismatic-2019-v1,blast-lite-b093495-250ah-prismatic-v1,PHYSICS_REFERENCE,NEAR_BOUNDARY,3.9166666666666665,1175.0,1121.8110755213313,0.9191448015038017
dod_100,dod-100-v1,blast-lite-lfp-gr-250ah-prismatic-2019-v1,blast-lite-b093495-250ah-prismatic-v1,PHYSICS_REFERENCE,NEAR_BOUNDARY,4.0,1200.0,1144.7896955589263,0.917866260415519
dod_100,dod-100-v1,blast-lite-lfp-gr-250ah-prismatic-2019-v1,blast-lite-b093495-250ah-prismatic-v1,PHYSICS_REFERENCE,NEAR_BOUNDARY,4.083333333333333,1225.0,1167.7363520693143,0.9165953985366126
dod_100,dod-100-v1,blast-lite-lfp-gr-250ah-prismatic-2019-v1,blast-lite-b093495-250ah-prismatic-v1,PHYSICS_REFERENCE,NEAR_BOUNDARY,4.166666666666667,1250.0,1190.6512370327296,0.9153320508145383
dod_100,dod-100-v1,blast-lite-lfp-gr-250ah-prismatic-2019-v1,blast-lite-b093495-250ah-prismatic-v1,PHYSICS_REFERENCE,NEAR_BOUNDARY,4.25,1275.0,1213.534538303093,0.9140760592005257
dod_100,dod-100-v1,blast-lite-lfp-gr-250ah-prismatic-2019-v1,blast-lite-b093495-250ah-prismatic-v1,PHYSICS_REFERENCE,NEAR_BOUNDARY,4.333333333333333,1300.0,1236.3864397831062,0.9128272722132974
dod_100,dod-100-v1,blast-lite-lfp-gr-250ah-prismatic-2019-v1,blast-lite-b093495-250ah-prismatic-v1,PHYSICS_REFERENCE,NEAR_BOUNDARY,4.416666666666667,1325.0,1259.2071215884387,0.9115855445380807
dod_100,dod-100-v1,blast-lite-lfp-gr-250ah-prismatic-2019-v1,blast-lite-b093495-250ah-prismatic-v1,PHYSICS_REFERENCE,NEAR_BOUNDARY,4.5,1350.0,1281.9967602018908,0.9103507366574297
dod_100,dod-100-v1,blast-lite-lfp-gr-250ah-prismatic-2019-v1,blast-lite-b093495-250ah-prismatic-v1,PHYSICS_REFERENCE,NEAR_BOUNDARY,4.583333333333333,1375.0,1304.7555286183265,0.909122714510783
dod_100,dod-100-v1,blast-lite-lfp-gr-250ah-prismatic-2019-v1,blast-lite-b093495-250ah-prismatic-v1,PHYSICS_REFERENCE,NEAR_BOUNDARY,4.666666666666667,1400.0,1327.4835964810961,0.907901349180027
dod_100,dod-100-v1,blast-lite-lfp-gr-250ah-prismatic-2019-v1,blast-lite-b093495-250ah-prismatic-v1,PHYSICS_REFERENCE,NEAR_BOUNDARY,4.75,1425.0,1350.1811302105968,0.9066865165986413
dod_100,dod-100-v1,blast-lite-lfp-gr-250ah-prismatic-2019-v1,blast-lite-b093495-250ah-prismatic-v1,PHYSICS_REFERENCE,NEAR_BOUNDARY,4.833333333333333,1450.0,1372.8482931255628,0.9054780972822685
dod_100,dod-100-v1,blast-lite-lfp-gr-250ah-prismatic-2019-v1,blast-lite-b093495-250ah-prismatic-v1,PHYSICS_REFERENCE,NEAR_BOUNDARY,4.916666666666667,1475.0,1395.4852455576195,0.9042759760787756
dod_100,dod-100-v1,blast-lite-lfp-gr-250ah-prismatic-2019-v1,blast-lite-b093495-250ah-prismatic-v1,PHYSICS_REFERENCE,NEAR_BOUNDARY,5.0,1500.0,1418.092144959589,0.9030800419360917
dod_100,dod-100-v1,blast-lite-lfp-gr-250ah-prismatic-2019-v1,blast-lite-b093495-250ah-prismatic-v1,PHYSICS_REFERENCE,NEAR_BOUNDARY,5.083333333333333,1525.0,1440.6691460079912,0.9018901876862694
dod_100,dod-100-v1,blast-lite-lfp-gr-250ah-prismatic-2019-v1,blast-lite-b093495-250ah-prismatic-v1,PHYSICS_REFERENCE,NEAR_BOUNDARY,5.166666666666667,1550.0,1463.216400700148,0.900706309844388
dod_100,dod-100-v1,blast-lite-lfp-gr-250ah-prismatic-2019-v1,blast-lite-b093495-250ah-prismatic-v1,PHYSICS_REFERENCE,NEAR_BOUNDARY,5.25,1575.0,1485.7340584462577,0.8995283084210497
dod_100,dod-100-v1,blast-lite-lfp-gr-250ah-prismatic-2019-v1,blast-lite-b093495-250ah-prismatic-v1,PHYSICS_REFERENCE,NEAR_BOUNDARY,5.333333333333333,1600.0,1508.222266156784,0.8983560867473432
dod_100,dod-100-v1,blast-lite-lfp-gr-250ah-prismatic-2019-v1,blast-lite-b093495-250ah-prismatic-v1,PHYSICS_REFERENCE,NEAR_BOUNDARY,5.416666666666667,1625.0,1530.6811683254675,0.8971895513112614
dod_100,dod-100-v1,blast-lite-lfp-gr-250ah-prismatic-2019-v1,blast-lite-b093495-250ah-prismatic-v1,PHYSICS_REFERENCE,NEAR_BOUNDARY,5.5,1650.0,1553.110907108249,0.8960286116046549
dod_100,dod-100-v1,blast-lite-lfp-gr-250ah-prismatic-2019-v1,blast-lite-b093495-250ah-prismatic-v1,PHYSICS_REFERENCE,NEAR_BOUNDARY,5.583333333333333,1675.0,1575.5116223983653,0.8948731799798894
dod_100,dod-100-v1,blast-lite-lfp-gr-250ah-prismatic-2019-v1,blast-lite-b093495-250ah-prismatic-v1,PHYSICS_REFERENCE,NEAR_BOUNDARY,5.666666666666667,1700.0,1597.8834518978624,0.8937231715154546
dod_100,dod-100-v1,blast-lite-lfp-gr-250ah-prismatic-2019-v1,blast-lite-b093495-250ah-prismatic-v1,PHYSICS_REFERENCE,NEAR_BOUNDARY,5.75,1725.0,1620.2265311857489,0.8925785038898377
dod_100,dod-100-v1,blast-lite-lfp-gr-250ah-prismatic-2019-v1,blast-lite-b093495-250ah-prismatic-v1,PHYSICS_REFERENCE,NEAR_BOUNDARY,5.833333333333333,1750.0,1642.5409937829947,0.8914390972630398
dod_100,dod-100-v1,blast-lite-lfp-gr-250ah-prismatic-2019-v1,blast-lite-b093495-250ah-prismatic-v1,PHYSICS_REFERENCE,NEAR_BOUNDARY,5.916666666666667,1775.0,1664.8269712145707,0.8903048741651657
dod_100,dod-100-v1,blast-lite-lfp-gr-250ah-prismatic-2019-v1,blast-lite-b093495-250ah-prismatic-v1,PHYSICS_REFERENCE,NEAR_BOUNDARY,6.0,1800.0,1687.0845930686999,0.8891757593915703
dod_100,dod-100-v1,blast-lite-lfp-gr-250ah-prismatic-2019-v1,blast-lite-b093495-250ah-prismatic-v1,PHYSICS_REFERENCE,NEAR_BOUNDARY,6.083333333333333,1825.0,1709.3139870534892,0.8880516799040885
dod_100,dod-100-v1,blast-lite-lfp-gr-250ah-prismatic-2019-v1,blast-lite-b093495-250ah-prismatic-v1,PHYSICS_REFERENCE,NEAR_BOUNDARY,6.166666666666667,1850.0,1731.5152790510915,0.8869325647379122
dod_100,dod-100-v1,blast-lite-lfp-gr-250ah-prismatic-2019-v1,blast-lite-b093495-250ah-prismatic-v1,PHYSICS_REFERENCE,NEAR_BOUNDARY,6.25,1875.0,1753.6885931695392,0.8858183449137221
dod_100,dod-100-v1,blast-lite-lfp-gr-250ah-prismatic-2019-v1,blast-lite-b093495-250ah-prismatic-v1,PHYSICS_REFERENCE,NEAR_BOUNDARY,6.333333333333333,1900.0,1775.8340517923823,0.8847089533547078
dod_100,dod-100-v1,blast-lite-lfp-gr-250ah-prismatic-2019-v1,blast-lite-b093495-250ah-prismatic-v1,PHYSICS_REFERENCE,NEAR_BOUNDARY,6.416666666666667,1925.0,1797.95177562625,0.8836043248081417
dod_100,dod-100-v1,blast-lite-lfp-gr-250ah-prismatic-2019-v1,blast-lite-b093495-250ah-prismatic-v1,PHYSICS_REFERENCE,NEAR_BOUNDARY,6.5,1950.0,1820.0418837464535,0.8825043957712008
dod_100,dod-100-v1,blast-lite-lfp-gr-250ah-prismatic-2019-v1,blast-lite-b093495-250ah-prismatic-v1,PHYSICS_REFERENCE,NEAR_BOUNDARY,6.583333333333333,1975.0,1842.1044936407336,0.8814091044207533
dod_100,dod-100-v1,blast-lite-lfp-gr-250ah-prismatic-2019-v1,blast-lite-b093495-250ah-prismatic-v1,PHYSICS_REFERENCE,NEAR_BOUNDARY,6.666666666666667,2000.0,1864.1397212512525,0.8803183905468487
dod_100,dod-100-v1,blast-lite-lfp-gr-250ah-prismatic-2019-v1,blast-lite-b093495-250ah-prismatic-v1,PHYSICS_REFERENCE,NEAR_BOUNDARY,6.75,2025.0,1886.1476810149236,0.8792321954896727
dod_100,dod-100-v1,blast-lite-lfp-gr-250ah-prismatic-2019-v1,blast-lite-b093495-250ah-prismatic-v1,PHYSICS_REFERENCE,NEAR_BOUNDARY,6.833333333333333,2050.0,1908.1284859021655,0.878150462079742
dod_100,dod-100-v1,blast-lite-lfp-gr-250ah-prismatic-2019-v1,blast-lite-b093495-250ah-prismatic-v1,PHYSICS_REFERENCE,NEAR_BOUNDARY,6.916666666666667,2075.0,1930.082247454159,0.8770731345811382
dod_100,dod-100-v1,blast-lite-lfp-gr-250ah-prismatic-2019-v1,blast-lite-b093495-250ah-prismatic-v1,PHYSICS_REFERENCE,NEAR_BOUNDARY,7.0,2100.0,1952.0090758186875,0.8760001586375867
dod_100,dod-100-v1,blast-lite-lfp-gr-250ah-prismatic-2019-v1,blast-lite-b093495-250ah-prismatic-v1,PHYSICS_REFERENCE,NEAR_BOUNDARY,7.083333333333333,2125.0,1973.9090797846272,0.8749314812212078
dod_100,dod-100-v1,blast-lite-lfp-gr-250ah-prismatic-2019-v1,blast-lite-b093495-250ah-prismatic-v1,PHYSICS_REFERENCE,NEAR_BOUNDARY,7.166666666666667,2150.0,1995.7823668151575,0.8738670505837756
dod_100,dod-100-v1,blast-lite-lfp-gr-250ah-prismatic-2019-v1,blast-lite-b093495-250ah-prismatic-v1,PHYSICS_REFERENCE,NEAR_BOUNDARY,7.25,2175.0,2017.629043079752,0.8728068162103336
dod_100,dod-100-v1,blast-lite-lfp-gr-250ah-prismatic-2019-v1,blast-lite-b093495-250ah-prismatic-v1,PHYSICS_REFERENCE,NEAR_BOUNDARY,7.333333333333333,2200.0,2039.4492134850102,0.8717507287750287
dod_100,dod-100-v1,blast-lite-lfp-gr-250ah-prismatic-2019-v1,blast-lite-b093495-250ah-prismatic-v1,PHYSICS_REFERENCE,NEAR_BOUNDARY,7.416666666666667,2225.0,2061.242981704386,0.8706987400990281
dod_100,dod-100-v1,blast-lite-lfp-gr-250ah-prismatic-2019-v1,blast-lite-b093495-250ah-prismatic-v1,PHYSICS_REFERENCE,NEAR_BOUNDARY,7.5,2250.0,2083.0104502068616,0.8696508031104042
dod_100,dod-100-v1,blast-lite-lfp-gr-250ah-prismatic-2019-v1,blast-lite-b093495-250ah-prismatic-v1,PHYSICS_REFERENCE,NEAR_BOUNDARY,7.583333333333333,2275.0,2104.7517202846216,0.8686068718058686
dod_100,dod-100-v1,blast-lite-lfp-gr-250ah-prismatic-2019-v1,blast-lite-b093495-250ah-prismatic-v1,PHYSICS_REFERENCE,NEAR_BOUNDARY,7.666666666666667,2300.0,2126.4668920797685,0.8675669012142534
dod_100,dod-100-v1,blast-lite-lfp-gr-250ah-prismatic-2019-v1,blast-lite-b093495-250ah-prismatic-v1,PHYSICS_REFERENCE,NEAR_BOUNDARY,7.75,2325.0,2148.1560646101248,0.8665308473616407
dod_100,dod-100-v1,blast-lite-lfp-gr-250ah-prismatic-2019-v1,blast-lite-b093495-250ah-prismatic-v1,PHYSICS_REFERENCE,NEAR_BOUNDARY,7.833333333333333,2350.0,2169.819335794166,0.8654986672380471
dod_100,dod-100-v1,blast-lite-lfp-gr-250ah-prismatic-2019-v1,blast-lite-b093495-250ah-prismatic-v1,PHYSICS_REFERENCE,NEAR_BOUNDARY,7.916666666666667,2375.0,2191.456802475117,0.8644703187655803
dod_100,dod-100-v1,blast-lite-lfp-gr-250ah-prismatic-2019-v1,blast-lite-b093495-250ah-prismatic-v1,PHYSICS_REFERENCE,NEAR_BOUNDARY,8.0,2400.0,2213.0685604442565,0.8634457607679843
dod_100,dod-100-v1,blast-lite-lfp-gr-250ah-prismatic-2019-v1,blast-lite-b093495-250ah-prismatic-v1,PHYSICS_REFERENCE,NEAR_BOUNDARY,8.083333333333334,2425.0,2234.6547044634563,0.8624249529415018
dod_100,dod-100-v1,blast-lite-lfp-gr-250ah-prismatic-2019-v1,blast-lite-b093495-250ah-prismatic-v1,PHYSICS_REFERENCE,NEAR_BOUNDARY,8.166666666666666,2450.0,2256.215328286994,0.861407855826981
dod_100,dod-100-v1,blast-lite-lfp-gr-250ah-prismatic-2019-v1,blast-lite-b093495-250ah-prismatic-v1,PHYSICS_REFERENCE,NEAR_BOUNDARY,8.25,2475.0,2277.7505246826686,0.8603944307831617
dod_100,dod-100-v1,blast-lite-lfp-gr-250ah-prismatic-2019-v1,blast-lite-b093495-250ah-prismatic-v1,PHYSICS_REFERENCE,NEAR_BOUNDARY,8.333333333333334,2500.0,2299.2603854522476,0.85938463996108
dod_100,dod-100-v1,blast-lite-lfp-gr-250ah-prismatic-2019-v1,blast-lite-b093495-250ah-prismatic-v1,PHYSICS_REFERENCE,NEAR_BOUNDARY,8.416666666666666,2525.0,2320.7450014512747,0.8583784462795339
dod_100,dod-100-v1,blast-lite-lfp-gr-250ah-prismatic-2019-v1,blast-lite-b093495-250ah-prismatic-v1,PHYSICS_REFERENCE,NEAR_BOUNDARY,8.5,2550.0,2342.204462608263,0.8573758134015521
dod_100,dod-100-v1,blast-lite-lfp-gr-250ah-prismatic-2019-v1,blast-lite-b093495-250ah-prismatic-v1,PHYSICS_REFERENCE,NEAR_BOUNDARY,8.583333333333334,2575.0,2363.638857943302,0.8563767057118215
dod_100,dod-100-v1,blast-lite-lfp-gr-250ah-prismatic-2019-v1,blast-lite-b093495-250ah-prismatic-v1,PHYSICS_REFERENCE,NEAR_BOUNDARY,8.666666666666666,2600.0,2385.0482755860976,0.8553810882950188
dod_100,dod-100-v1,blast-lite-lfp-gr-250ah-prismatic-2019-v1,blast-lite-b093495-250ah-prismatic-v1,PHYSICS_REFERENCE,NEAR_BOUNDARY,8.75,2625.0,2406.432802793473,0.8543889269150057
dod_100,dod-100-v1,blast-lite-lfp-gr-250ah-prismatic-2019-v1,blast-lite-b093495-250ah-prismatic-v1,PHYSICS_REFERENCE,NEAR_BOUNDARY,8.833333333333334,2650.0,2427.792525966348,0.8534001879948427
dod_100,dod-100-v1,blast-lite-lfp-gr-250ah-prismatic-2019-v1,blast-lite-b093495-250ah-prismatic-v1,PHYSICS_REFERENCE,NEAR_BOUNDARY,8.916666666666666,2675.0,2449.127530666219,0.8524148385975835
dod_100,dod-100-v1,blast-lite-lfp-gr-250ah-prismatic-2019-v1,blast-lite-b093495-250ah-prismatic-v1,PHYSICS_REFERENCE,NEAR_BOUNDARY,9.0,2700.0,2470.4379016311586,0.8514328464078109
dod_100,dod-100-v1,blast-lite-lfp-gr-250ah-prismatic-2019-v1,blast-lite-b093495-250ah-prismatic-v1,PHYSICS_REFERENCE,NEAR_BOUNDARY,9.083333333333334,2725.0,2491.723722791354,0.8504541797138793
dod_100,dod-100-v1,blast-lite-lfp-gr-250ah-prismatic-2019-v1,blast-lite-b093495-250ah-prismatic-v1,PHYSICS_REFERENCE,NEAR_BOUNDARY,9.166666666666666,2750.0,2512.985077284201,0.8494788073908306
dod_100,dod-100-v1,blast-lite-lfp-gr-250ah-prismatic-2019-v1,blast-lite-b093495-250ah-prismatic-v1,PHYSICS_REFERENCE,NEAR_BOUNDARY,9.25,2775.0,2534.2220474689716,0.8485066988839512
dod_100,dod-100-v1,blast-lite-lfp-gr-250ah-prismatic-2019-v1,blast-lite-b093495-250ah-prismatic-v1,PHYSICS_REFERENCE,NEAR_BOUNDARY,9.333333333333334,2800.0,2555.4347149410705,0.8475378241929415
dod_100,dod-100-v1,blast-lite-lfp-gr-250ah-prismatic-2019-v1,blast-lite-b093495-250ah-prismatic-v1,PHYSICS_REFERENCE,NEAR_BOUNDARY,9.416666666666666,2825.0,2576.6231605458943,0.8465721538566681
dod_100,dod-100-v1,blast-lite-lfp-gr-250ah-prismatic-2019-v1,blast-lite-b093495-250ah-prismatic-v1,PHYSICS_REFERENCE,NEAR_BOUNDARY,9.5,2850.0,2597.787464392311,0.8456096589384731
dod_100,dod-100-v1,blast-lite-lfp-gr-250ah-prismatic-2019-v1,blast-lite-b093495-250ah-prismatic-v1,PHYSICS_REFERENCE,NEAR_BOUNDARY,9.583333333333334,2875.0,2618.9277058657726,0.8446503110120158
dod_100,dod-100-v1,blast-lite-lfp-gr-250ah-prismatic-2019-v1,blast-lite-b093495-250ah-prismatic-v1,PHYSICS_REFERENCE,NEAR_BOUNDARY,9.666666666666666,2900.0,2640.043963641073,0.8436940821476218
dod_100,dod-100-v1,blast-lite-lfp-gr-250ah-prismatic-2019-v1,blast-lite-b093495-250ah-prismatic-v1,PHYSICS_REFERENCE,NEAR_BOUNDARY,9.75,2925.0,2661.136315694763,0.8427409448991168
dod_100,dod-100-v1,blast-lite-lfp-gr-250ah-prismatic-2019-v1,blast-lite-b093495-250ah-prismatic-v1,PHYSICS_REFERENCE,NEAR_BOUNDARY,9.833333333333334,2950.0,2682.2048393172413,0.8417908722911257
dod_100,dod-100-v1,blast-lite-lfp-gr-250ah-prismatic-2019-v1,blast-lite-b093495-250ah-prismatic-v1,PHYSICS_REFERENCE,NEAR_BOUNDARY,9.916666666666666,2975.0,2703.2496111245196,0.8408438378068144
dod_100,dod-100-v1,blast-lite-lfp-gr-250ah-prismatic-2019-v1,blast-lite-b093495-250ah-prismatic-v1,PHYSICS_REFERENCE,NEAR_BOUNDARY,10.0,3000.0,2724.2707070696897,0.8398998153760561
dod_100,dod-100-v1,blast-lite-lfp-gr-250ah-prismatic-2019-v1,blast-lite-b093495-250ah-prismatic-v1,PHYSICS_REFERENCE,NEAR_BOUNDARY,10.083333333333334,3025.0,2745.268202454091,0.8389587793640045
dod_100,dod-100-v1,blast-lite-lfp-gr-250ah-prismatic-2019-v1,blast-lite-b093495-250ah-prismatic-v1,PHYSICS_REFERENCE,NEAR_BOUNDARY,10.166666666666666,3050.0,2766.242171938191,0.8380207045600554
dod_100,dod-100-v1,blast-lite-lfp-gr-250ah-prismatic-2019-v1,blast-lite-b093495-250ah-prismatic-v1,PHYSICS_REFERENCE,NEAR_BOUNDARY,10.25,3075.0,2787.1926895521924,0.8370855661671809
dod_100,dod-100-v1,blast-lite-lfp-gr-250ah-prismatic-2019-v1,blast-lite-b093495-250ah-prismatic-v1,PHYSICS_REFERENCE,NEAR_BOUNDARY,10.333333333333334,3100.0,2808.119828706372,0.8361533397916204
dod_100,dod-100-v1,blast-lite-lfp-gr-250ah-prismatic-2019-v1,blast-lite-b093495-250ah-prismatic-v1,PHYSICS_REFERENCE,NEAR_BOUNDARY,10.416666666666666,3125.0,2829.0236622011626,0.8352240014329149
dod_100,dod-100-v1,blast-lite-lfp-gr-250ah-prismatic-2019-v1,blast-lite-b093495-250ah-prismatic-v1,PHYSICS_REFERENCE,NEAR_BOUNDARY,10.5,3150.0,2849.9042622369852,0.8342975274742674
dod_100,dod-100-v1,blast-lite-lfp-gr-250ah-prismatic-2019-v1,blast-lite-b093495-250ah-prismatic-v1,PHYSICS_REFERENCE,NEAR_BOUNDARY,10.583333333333334,3175.0,2870.761700423842,0.8333738946732199
dod_100,dod-100-v1,blast-lite-lfp-gr-250ah-prismatic-2019-v1,blast-lite-b093495-250ah-prismatic-v1,PHYSICS_REFERENCE,NEAR_BOUNDARY,10.666666666666666,3200.0,2891.5960477906724,0.8324530801526303
dod_100,dod-100-v1,blast-lite-lfp-gr-250ah-prismatic-2019-v1,blast-lite-b093495-250ah-prismatic-v1,PHYSICS_REFERENCE,NEAR_BOUNDARY,10.75,3225.0,2912.407374794488,0.8315350613919412
dod_100,dod-100-v1,blast-lite-lfp-gr-250ah-prismatic-2019-v1,blast-lite-b093495-250ah-prismatic-v1,PHYSICS_REFERENCE,NEAR_BOUNDARY,10.833333333333334,3250.0,2933.1957513292864,0.8306198162187257
dod_100,dod-100-v1,blast-lite-lfp-gr-250ah-prismatic-2019-v1,blast-lite-b093495-250ah-prismatic-v1,PHYSICS_REFERENCE,NEAR_BOUNDARY,10.916666666666666,3275.0,2953.9612467347547,0.8297073228004996
dod_100,dod-100-v1,blast-lite-lfp-gr-250ah-prismatic-2019-v1,blast-lite-b093495-250ah-prismatic-v1,PHYSICS_REFERENCE,NEAR_BOUNDARY,11.0,3300.0,2974.703929804767,0.8287975596367929
dod_100,dod-100-v1,blast-lite-lfp-gr-250ah-prismatic-2019-v1,blast-lite-b093495-250ah-prismatic-v1,PHYSICS_REFERENCE,NEAR_BOUNDARY,11.083333333333334,3325.0,2995.4238687956868,0.8278905055514653
dod_100,dod-100-v1,blast-lite-lfp-gr-250ah-prismatic-2019-v1,blast-lite-b093495-250ah-prismatic-v1,PHYSICS_REFERENCE,NEAR_BOUNDARY,11.166666666666666,3350.0,3016.121131434473,0.8269861396852602
dod_100,dod-100-v1,blast-lite-lfp-gr-250ah-prismatic-2019-v1,blast-lite-b093495-250ah-prismatic-v1,PHYSICS_REFERENCE,NEAR_BOUNDARY,11.25,3375.0,3036.795784926605,0.8260844414885875
dod_100,dod-100-v1,blast-lite-lfp-gr-250ah-prismatic-2019-v1,blast-lite-b093495-250ah-prismatic-v1,PHYSICS_REFERENCE,NEAR_BOUNDARY,11.333333333333334,3400.0,3057.4478959638195,0.8251853907145233
dod_100,dod-100-v1,blast-lite-lfp-gr-250ah-prismatic-2019-v1,blast-lite-b093495-250ah-prismatic-v1,PHYSICS_REFERENCE,NEAR_BOUNDARY,11.416666666666666,3425.0,3078.0775307316826,0.8242889674120245
dod_100,dod-100-v1,blast-lite-lfp-gr-250ah-prismatic-2019-v1,blast-lite-b093495-250ah-prismatic-v1,PHYSICS_REFERENCE,NEAR_BOUNDARY,11.5,3450.0,3098.6847549169834,0.8233951519193424
dod_100,dod-100-v1,blast-lite-lfp-gr-250ah-prismatic-2019-v1,blast-lite-b093495-250ah-prismatic-v1,PHYSICS_REFERENCE,NEAR_BOUNDARY,11.583333333333334,3475.0,3119.269633714967,0.8225039248576359
dod_100,dod-100-v1,blast-lite-lfp-gr-250ah-prismatic-2019-v1,blast-lite-b093495-250ah-prismatic-v1,PHYSICS_REFERENCE,NEAR_BOUNDARY,11.666666666666666,3500.0,3139.8322318364076,0.82161526712477
dod_100,dod-100-v1,blast-lite-lfp-gr-250ah-prismatic-2019-v1,blast-lite-b093495-250ah-prismatic-v1,PHYSICS_REFERENCE,NEAR_BOUNDARY,11.75,3525.0,3160.3726135145266,0.8207291598892974
dod_100,dod-100-v1,blast-lite-lfp-gr-250ah-prismatic-2019-v1,blast-lite-b093495-250ah-prismatic-v1,PHYSICS_REFERENCE,NEAR_BOUNDARY,11.833333333333334,3550.0,3180.8908425117593,0.8198455845846154
dod_100,dod-100-v1,blast-lite-lfp-gr-250ah-prismatic-2019-v1,blast-lite-b093495-250ah-prismatic-v1,PHYSICS_REFERENCE,NEAR_BOUNDARY,11.916666666666666,3575.0,3201.3869821263747,0.8189645229032898
dod_100,dod-100-v1,blast-lite-lfp-gr-250ah-prismatic-2019-v1,blast-lite-b093495-250ah-prismatic-v1,PHYSICS_REFERENCE,NEAR_BOUNDARY,12.0,3600.0,3221.861095198957,0.8180859567915428
dod_100,dod-100-v1,blast-lite-lfp-gr-250ah-prismatic-2019-v1,blast-lite-b093495-250ah-prismatic-v1,PHYSICS_REFERENCE,NEAR_BOUNDARY,12.083333333333334,3625.0,3242.313244118746,0.8172098684438966
dod_100,dod-100-v1,blast-lite-lfp-gr-250ah-prismatic-2019-v1,blast-lite-b093495-250ah-prismatic-v1,PHYSICS_REFERENCE,NEAR_BOUNDARY,12.166666666666666,3650.0,3262.7434908298433,0.8163362402979693
dod_100,dod-100-v1,blast-lite-lfp-gr-250ah-prismatic-2019-v1,blast-lite-b093495-250ah-prismatic-v1,PHYSICS_REFERENCE,NEAR_BOUNDARY,12.25,3675.0,3283.1518968372925,0.8154650550294156
dod_100,dod-100-v1,blast-lite-lfp-gr-250ah-prismatic-2019-v1,blast-lite-b093495-250ah-prismatic-v1,PHYSICS_REFERENCE,NEAR_BOUNDARY,12.333333333333334,3700.0,3303.538523213028,0.814596295547009
dod_100,dod-100-v1,blast-lite-lfp-gr-250ah-prismatic-2019-v1,blast-lite-b093495-250ah-prismatic-v1,PHYSICS_REFERENCE,NEAR_BOUNDARY,12.416666666666666,3725.0,3323.9034306017033,0.8137299449878594
dod_100,dod-100-v1,blast-lite-lfp-gr-250ah-prismatic-2019-v1,blast-lite-b093495-250ah-prismatic-v1,PHYSICS_REFERENCE,NEAR_BOUNDARY,12.5,3750.0,3344.2466792264,0.8128659867127634
dod_100,dod-100-v1,blast-lite-lfp-gr-250ah-prismatic-2019-v1,blast-lite-b093495-250ah-prismatic-v1,PHYSICS_REFERENCE,NEAR_BOUNDARY,12.583333333333334,3775.0,3364.568328894219,0.8120044043016785
dod_100,dod-100-v1,blast-lite-lfp-gr-250ah-prismatic-2019-v1,blast-lite-b093495-250ah-prismatic-v1,PHYSICS_REFERENCE,NEAR_BOUNDARY,12.666666666666666,3800.0,3384.868439001761,0.8111451815493226
dod_100,dod-100-v1,blast-lite-lfp-gr-250ah-prismatic-2019-v1,blast-lite-b093495-250ah-prismatic-v1,PHYSICS_REFERENCE,NEAR_BOUNDARY,12.75,3825.0,3405.1470685404943,0.8102883024608906
dod_100,dod-100-v1,blast-lite-lfp-gr-250ah-prismatic-2019-v1,blast-lite-b093495-250ah-prismatic-v1,PHYSICS_REFERENCE,NEAR_BOUNDARY,12.833333333333334,3850.0,3425.4042761020164,0.8094337512478853
dod_100,dod-100-v1,blast-lite-lfp-gr-250ah-prismatic-2019-v1,blast-lite-b093495-250ah-prismatic-v1,PHYSICS_REFERENCE,NEAR_BOUNDARY,12.916666666666666,3875.0,3445.6401198832136,0.8085815123240593
dod_100,dod-100-v1,blast-lite-lfp-gr-250ah-prismatic-2019-v1,blast-lite-b093495-250ah-prismatic-v1,PHYSICS_REFERENCE,NEAR_BOUNDARY,13.0,3900.0,3465.854657691315,0.8077315703014633
dod_100,dod-100-v1,blast-lite-lfp-gr-250ah-prismatic-2019-v1,blast-lite-b093495-250ah-prismatic-v1,PHYSICS_REFERENCE,NEAR_BOUNDARY,13.083333333333334,3925.0,3486.0479469488514,0.8068839099865983
dod_100,dod-100-v1,blast-lite-lfp-gr-250ah-prismatic-2019-v1,blast-lite-b093495-250ah-prismatic-v1,PHYSICS_REFERENCE,NEAR_BOUNDARY,13.166666666666666,3950.0,3506.220044698516,0.8060385163766679
dod_100,dod-100-v1,blast-lite-lfp-gr-250ah-prismatic-2019-v1,blast-lite-b093495-250ah-prismatic-v1,PHYSICS_REFERENCE,NEAR_BOUNDARY,13.25,3975.0,3526.371007607933,0.8051953746559263
dod_100,dod-100-v1,blast-lite-lfp-gr-250ah-prismatic-2019-v1,blast-lite-b093495-250ah-prismatic-v1,PHYSICS_REFERENCE,NEAR_BOUNDARY,13.333333333333334,4000.0,3546.500891974331,0.8043544701921217
dod_100,dod-100-v1,blast-lite-lfp-gr-250ah-prismatic-2019-v1,blast-lite-b093495-250ah-prismatic-v1,PHYSICS_REFERENCE,NEAR_BOUNDARY,13.416666666666666,4025.0,3566.609753729134,0.803515788533029
dod_100,dod-100-v1,blast-lite-lfp-gr-250ah-prismatic-2019-v1,blast-lite-b093495-250ah-prismatic-v1,PHYSICS_REFERENCE,NEAR_BOUNDARY,13.5,4050.0,3586.6976484424595,0.8026793154030712
dod_100,dod-100-v1,blast-lite-lfp-gr-250ah-prismatic-2019-v1,blast-lite-b093495-250ah-prismatic-v1,PHYSICS_REFERENCE,NEAR_BOUNDARY,13.583333333333334,4075.0,3606.7646313275363,0.8018450367000249
dod_100,dod-100-v1,blast-lite-lfp-gr-250ah-prismatic-2019-v1,blast-lite-b093495-250ah-prismatic-v1,PHYSICS_REFERENCE,NEAR_BOUNDARY,13.666666666666666,4100.0,3626.810757245037,0.8010129384918093
dod_100,dod-100-v1,blast-lite-lfp-gr-250ah-prismatic-2019-v1,blast-lite-b093495-250ah-prismatic-v1,PHYSICS_REFERENCE,NEAR_BOUNDARY,13.75,4125.0,3646.8360807073323,0.8001830070133535
dod_100,dod-100-v1,blast-lite-lfp-gr-250ah-prismatic-2019-v1,blast-lite-b093495-250ah-prismatic-v1,PHYSICS_REFERENCE,NEAR_BOUNDARY,13.833333333333334,4150.0,3666.840655882666,0.7993552286635432
dod_100,dod-100-v1,blast-lite-lfp-gr-250ah-prismatic-2019-v1,blast-lite-b093495-250ah-prismatic-v1,PHYSICS_REFERENCE,NEAR_BOUNDARY,13.916666666666666,4175.0,3686.8245365992543,0.7985295900022403
dod_100,dod-100-v1,blast-lite-lfp-gr-250ah-prismatic-2019-v1,blast-lite-b093495-250ah-prismatic-v1,PHYSICS_REFERENCE,NEAR_BOUNDARY,14.0,4200.0,3706.78777634931,0.797706077747376
dod_100,dod-100-v1,blast-lite-lfp-gr-250ah-prismatic-2019-v1,blast-lite-b093495-250ah-prismatic-v1,PHYSICS_REFERENCE,NEAR_BOUNDARY,14.083333333333334,4225.0,3726.7304282929945,0.7968846787721149
dod_100,dod-100-v1,blast-lite-lfp-gr-250ah-prismatic-2019-v1,blast-lite-b093495-250ah-prismatic-v1,PHYSICS_REFERENCE,NEAR_BOUNDARY,14.166666666666666,4250.0,3746.6525452622973,0.7960653801020864
dod_100,dod-100-v1,blast-lite-lfp-gr-250ah-prismatic-2019-v1,blast-lite-b093495-250ah-prismatic-v1,PHYSICS_REFERENCE,NEAR_BOUNDARY,14.25,4275.0,3766.5541797648493,0.795248168912683
dod_100,dod-100-v1,blast-lite-lfp-gr-250ah-prismatic-2019-v1,blast-lite-b093495-250ah-prismatic-v1,PHYSICS_REFERENCE,NEAR_BOUNDARY,14.333333333333334,4300.0,3786.4353839876662,0.7944330325264226
dod_100,dod-100-v1,blast-lite-lfp-gr-250ah-prismatic-2019-v1,blast-lite-b093495-250ah-prismatic-v1,PHYSICS_REFERENCE,NEAR_BOUNDARY,14.416666666666666,4325.0,3806.296209800827,0.7936199584103729
dod_100,dod-100-v1,blast-lite-lfp-gr-250ah-prismatic-2019-v1,blast-lite-b093495-250ah-prismatic-v1,PHYSICS_REFERENCE,NEAR_BOUNDARY,14.5,4350.0,3826.1367087610865,0.7928089341736377
dod_100,dod-100-v1,blast-lite-lfp-gr-250ah-prismatic-2019-v1,blast-lite-b093495-250ah-prismatic-v1,PHYSICS_REFERENCE,NEAR_BOUNDARY,14.583333333333334,4375.0,3845.9569321154277,0.7919999475648999
dod_100,dod-100-v1,blast-lite-lfp-gr-250ah-prismatic-2019-v1,blast-lite-b093495-250ah-prismatic-v1,PHYSICS_REFERENCE,NEAR_BOUNDARY,14.666666666666666,4400.0,3865.75693080455,0.7911929864700229
dod_100,dod-100-v1,blast-lite-lfp-gr-250ah-prismatic-2019-v1,blast-lite-b093495-250ah-prismatic-v1,PHYSICS_REFERENCE,NEAR_BOUNDARY,14.75,4425.0,3885.5367554663003,0.7903880389097071
dod_100,dod-100-v1,blast-lite-lfp-gr-250ah-prismatic-2019-v1,blast-lite-b093495-250ah-prismatic-v1,PHYSICS_REFERENCE,NEAR_BOUNDARY,14.833333333333334,4450.0,3905.296456439043,0.7895850930372
dod_100,dod-100-v1,blast-lite-lfp-gr-250ah-prismatic-2019-v1,blast-lite-b093495-250ah-prismatic-v1,PHYSICS_REFERENCE,NEAR_BOUNDARY,14.916666666666666,4475.0,3925.0360837649732,0.7887841371360595
dod_100,dod-100-v1,blast-lite-lfp-gr-250ah-prismatic-2019-v1,blast-lite-b093495-250ah-prismatic-v1,PHYSICS_REFERENCE,NEAR_BOUNDARY,15.0,4500.0,3944.755687193375,0.7879851596179654
dod_100,dod-100-v1,blast-lite-lfp-gr-250ah-prismatic-2019-v1,blast-lite-b093495-250ah-prismatic-v1,PHYSICS_REFERENCE,NEAR_BOUNDARY,15.083333333333334,4525.0,3964.455316183824,0.7871881490205838
dod_100,dod-100-v1,blast-lite-lfp-gr-250ah-prismatic-2019-v1,blast-lite-b093495-250ah-prismatic-v1,PHYSICS_REFERENCE,NEAR_BOUNDARY,15.166666666666666,4550.0,3984.1350199093386,0.7863930940054765
dod_100,dod-100-v1,blast-lite-lfp-gr-250ah-prismatic-2019-v1,blast-lite-b093495-250ah-prismatic-v1,PHYSICS_REFERENCE,NEAR_BOUNDARY,15.25,4575.0,4003.7948472594753,0.7855999833560582
dod_100,dod-100-v1,blast-lite-lfp-gr-250ah-prismatic-2019-v1,blast-lite-b093495-250ah-prismatic-v1,PHYSICS_REFERENCE,NEAR_BOUNDARY,15.333333333333334,4600.0,4023.434846843377,0.7848088059755993
dod_100,dod-100-v1,blast-lite-lfp-gr-250ah-prismatic-2019-v1,blast-lite-b093495-250ah-prismatic-v1,PHYSICS_REFERENCE,NEAR_BOUNDARY,15.416666666666666,4625.0,4043.055066992767,0.7840195508852721
dod_100,dod-100-v1,blast-lite-lfp-gr-250ah-prismatic-2019-v1,blast-lite-b093495-250ah-prismatic-v1,PHYSICS_REFERENCE,NEAR_BOUNDARY,15.5,4650.0,4062.655555764899,0.7832322072222395
dod_100,dod-100-v1,blast-lite-lfp-gr-250ah-prismatic-2019-v1,blast-lite-b093495-250ah-prismatic-v1,PHYSICS_REFERENCE,NEAR_BOUNDARY,15.583333333333334,4675.0,4082.236360945455,0.7824467642377868
dod_100,dod-100-v1,blast-lite-lfp-gr-250ah-prismatic-2019-v1,blast-lite-b093495-250ah-prismatic-v1,PHYSICS_REFERENCE,NEAR_BOUNDARY,15.666666666666666,4700.0,4101.7975300514,0.781663211295492
dod_100,dod-100-v1,blast-lite-lfp-gr-250ah-prismatic-2019-v1,blast-lite-b093495-250ah-prismatic-v1,PHYSICS_REFERENCE,NEAR_BOUNDARY,15.75,4725.0,4121.339110333787,0.7808815378694378
dod_100,dod-100-v1,blast-lite-lfp-gr-250ah-prismatic-2019-v1,blast-lite-b093495-250ah-prismatic-v1,PHYSICS_REFERENCE,NEAR_BOUNDARY,15.833333333333334,4750.0,4140.861148780523,0.7801017335424596
dod_100,dod-100-v1,blast-lite-lfp-gr-250ah-prismatic-2019-v1,blast-lite-b093495-250ah-prismatic-v1,PHYSICS_REFERENCE,NEAR_BOUNDARY,15.916666666666666,4775.0,4160.363692119085,0.7793237880044328
dod_100,dod-100-v1,blast-lite-lfp-gr-250ah-prismatic-2019-v1,blast-lite-b093495-250ah-prismatic-v1,PHYSICS_REFERENCE,NEAR_BOUNDARY,16.0,4800.0,4179.846786819196,0.778547691050595
dod_100,dod-100-v1,blast-lite-lfp-gr-250ah-prismatic-2019-v1,blast-lite-b093495-250ah-prismatic-v1,PHYSICS_REFERENCE,NEAR_BOUNDARY,16.083333333333332,4825.0,4199.31047909546,0.7777734325799045
dod_100,dod-100-v1,blast-lite-lfp-gr-250ah-prismatic-2019-v1,blast-lite-b093495-250ah-prismatic-v1,PHYSICS_REFERENCE,NEAR_BOUNDARY,16.166666666666668,4850.0,4218.7548149099575,0.7770010025934331
dod_100,dod-100-v1,blast-lite-lfp-gr-250ah-prismatic-2019-v1,blast-lite-b093495-250ah-prismatic-v1,PHYSICS_REFERENCE,NEAR_BOUNDARY,16.25,4875.0,4238.179839974793,0.7762303911927916
dod_100,dod-100-v1,blast-lite-lfp-gr-250ah-prismatic-2019-v1,blast-lite-b093495-250ah-prismatic-v1,PHYSICS_REFERENCE,NEAR_BOUNDARY,16.333333333333332,4900.0,4257.585599754613,0.775461588578589
dod_100,dod-100-v1,blast-lite-lfp-gr-250ah-prismatic-2019-v1,blast-lite-b093495-250ah-prismatic-v1,PHYSICS_REFERENCE,NEAR_BOUNDARY,16.416666666666668,4925.0,4276.972139469078,0.7746945850489233
dod_100,dod-100-v1,blast-lite-lfp-gr-250ah-prismatic-2019-v1,blast-lite-b093495-250ah-prismatic-v1,PHYSICS_REFERENCE,NEAR_BOUNDARY,16.5,4950.0,4296.339504095301,0.7739293709979023
dod_100,dod-100-v1,blast-lite-lfp-gr-250ah-prismatic-2019-v1,blast-lite-b093495-250ah-prismatic-v1,PHYSICS_REFERENCE,NEAR_BOUNDARY,16.583333333333332,4975.0,4315.687738370249,0.7731659369141964
dod_100,dod-100-v1,blast-lite-lfp-gr-250ah-prismatic-2019-v1,blast-lite-b093495-250ah-prismatic-v1,PHYSICS_REFERENCE,NEAR_BOUNDARY,16.666666666666668,5000.0,4335.016886793103,0.772404273379619
dod_100,dod-100-v1,blast-lite-lfp-gr-250ah-prismatic-2019-v1,blast-lite-b093495-250ah-prismatic-v1,PHYSICS_REFERENCE,NEAR_BOUNDARY,16.75,5025.0,4354.326993627594,0.7716443710677364
dod_100,dod-100-v1,blast-lite-lfp-gr-250ah-prismatic-2019-v1,blast-lite-b093495-250ah-prismatic-v1,PHYSICS_REFERENCE,NEAR_BOUNDARY,16.833333333333332,5050.0,4373.618102904287,0.7708862207425062
dod_100,dod-100-v1,blast-lite-lfp-gr-250ah-prismatic-2019-v1,blast-lite-b093495-250ah-prismatic-v1,PHYSICS_REFERENCE,NEAR_BOUNDARY,16.916666666666668,5075.0,4392.89025842285,0.7701298132569419
dod_100,dod-100-v1,blast-lite-lfp-gr-250ah-prismatic-2019-v1,blast-lite-b093495-250ah-prismatic-v1,PHYSICS_REFERENCE,NEAR_BOUNDARY,17.0,5100.0,4412.143503754273,0.7693751395518043
dod_100,dod-100-v1,blast-lite-lfp-gr-250ah-prismatic-2019-v1,blast-lite-b093495-250ah-prismatic-v1,PHYSICS_REFERENCE,NEAR_BOUNDARY,17.083333333333332,5125.0,4431.377882243069,0.768622190654319
dod_100,dod-100-v1,blast-lite-lfp-gr-250ah-prismatic-2019-v1,blast-lite-b093495-250ah-prismatic-v1,PHYSICS_REFERENCE,NEAR_BOUNDARY,17.166666666666668,5150.0,4450.593437009426,0.7678709576769205
dod_100,dod-100-v1,blast-lite-lfp-gr-250ah-prismatic-2019-v1,blast-lite-b093495-250ah-prismatic-v1,PHYSICS_REFERENCE,NEAR_BOUNDARY,17.25,5175.0,4469.79021095135,0.7671214318160172
dod_100,dod-100-v1,blast-lite-lfp-gr-250ah-prismatic-2019-v1,blast-lite-b093495-250ah-prismatic-v1,PHYSICS_REFERENCE,NEAR_BOUNDARY,17.333333333333332,5200.0,4488.96824674675,0.766373604350785
dod_100,dod-100-v1,blast-lite-lfp-gr-250ah-prismatic-2019-v1,blast-lite-b093495-250ah-prismatic-v1,PHYSICS_REFERENCE,NEAR_BOUNDARY,17.416666666666668,5225.0,4508.127586855519,0.765627466641981
dod_100,dod-100-v1,blast-lite-lfp-gr-250ah-prismatic-2019-v1,blast-lite-b093495-250ah-prismatic-v1,PHYSICS_REFERENCE,NEAR_BOUNDARY,17.5,5250.0,4527.2682735215685,0.7648830101307814
dod_100,dod-100-v1,blast-lite-lfp-gr-250ah-prismatic-2019-v1,blast-lite-b093495-250ah-prismatic-v1,PHYSICS_REFERENCE,NEAR_BOUNDARY,17.583333333333332,5275.0,4546.3903487748385,0.7641402263376419
dod_100,dod-100-v1,blast-lite-lfp-gr-250ah-prismatic-2019-v1,blast-lite-b093495-250ah-prismatic-v1,PHYSICS_REFERENCE,NEAR_BOUNDARY,17.666666666666668,5300.0,4565.49385443328,0.7633991068611794
dod_100,dod-100-v1,blast-lite-lfp-gr-250ah-prismatic-2019-v1,blast-lite-b093495-250ah-prismatic-v1,PHYSICS_REFERENCE,NEAR_BOUNDARY,17.75,5325.0,4584.578832104809,0.7626596433770746
dod_100,dod-100-v1,blast-lite-lfp-gr-250ah-prismatic-2019-v1,blast-lite-b093495-250ah-prismatic-v1,PHYSICS_REFERENCE,NEAR_BOUNDARY,17.833333333333332,5350.0,4603.6453231892365,0.7619218276369967
dod_100,dod-100-v1,blast-lite-lfp-gr-250ah-prismatic-2019-v1,blast-lite-b093495-250ah-prismatic-v1,PHYSICS_REFERENCE,NEAR_BOUNDARY,17.916666666666668,5375.0,4622.693368880161,0.7611856514675469
dod_100,dod-100-v1,blast-lite-lfp-gr-250ah-prismatic-2019-v1,blast-lite-b093495-250ah-prismatic-v1,PHYSICS_REFERENCE,NEAR_BOUNDARY,18.0,5400.0,4641.723010166849,0.7604511067692226
dod_100,dod-100-v1,blast-lite-lfp-gr-250ah-prismatic-2019-v1,blast-lite-b093495-250ah-prismatic-v1,PHYSICS_REFERENCE,NEAR_BOUNDARY,18.083333333333332,5425.0,4660.73428783608,0.7597181855154005
dod_100,dod-100-v1,blast-lite-lfp-gr-250ah-prismatic-2019-v1,blast-lite-b093495-250ah-prismatic-v1,PHYSICS_REFERENCE,NEAR_BOUNDARY,18.166666666666668,5450.0,4679.727242473965,0.7589868797513386
dod_100,dod-100-v1,blast-lite-lfp-gr-250ah-prismatic-2019-v1,blast-lite-b093495-250ah-prismatic-v1,PHYSICS_REFERENCE,NEAR_BOUNDARY,18.25,5475.0,4698.701914467749,0.7582571815931971
dod_100,dod-100-v1,blast-lite-lfp-gr-250ah-prismatic-2019-v1,blast-lite-b093495-250ah-prismatic-v1,PHYSICS_REFERENCE,NEAR_BOUNDARY,18.333333333333332,5500.0,4717.658344007578,0.7575290832270762
dod_100,dod-100-v1,blast-lite-lfp-gr-250ah-prismatic-2019-v1,blast-lite-b093495-250ah-prismatic-v1,PHYSICS_REFERENCE,NEAR_BOUNDARY,18.416666666666668,5525.0,4736.596571088256,0.7568025769080735
dod_100,dod-100-v1,blast-lite-lfp-gr-250ah-prismatic-2019-v1,blast-lite-b093495-250ah-prismatic-v1,PHYSICS_REFERENCE,NEAR_BOUNDARY,18.5,5550.0,4755.516635510958,0.7560776549593555
dod_100,dod-100-v1,blast-lite-lfp-gr-250ah-prismatic-2019-v1,blast-lite-b093495-250ah-prismatic-v1,PHYSICS_REFERENCE,NEAR_BOUNDARY,18.583333333333332,5575.0,4774.418576884942,0.7553543097712495
dod_100,dod-100-v1,blast-lite-lfp-gr-250ah-prismatic-2019-v1,blast-lite-b093495-250ah-prismatic-v1,PHYSICS_REFERENCE,NEAR_BOUNDARY,18.666666666666668,5600.0,4793.302434629223,0.7546325338003486
dod_100,dod-100-v1,blast-lite-lfp-gr-250ah-prismatic-2019-v1,blast-lite-b093495-250ah-prismatic-v1,PHYSICS_REFERENCE,NEAR_BOUNDARY,18.75,5625.0,4812.168247974232,0.7539123195686352
dod_100,dod-100-v1,blast-lite-lfp-gr-250ah-prismatic-2019-v1,blast-lite-b093495-250ah-prismatic-v1,PHYSICS_REFERENCE,NEAR_BOUNDARY,18.833333333333332,5650.0,4831.016055963448,0.7531936596626192
dod_100,dod-100-v1,blast-lite-lfp-gr-250ah-prismatic-2019-v1,blast-lite-b093495-250ah-prismatic-v1,PHYSICS_REFERENCE,NEAR_BOUNDARY,18.916666666666668,5675.0,4849.845897455013,0.7524765467324909
dod_100,dod-100-v1,blast-lite-lfp-gr-250ah-prismatic-2019-v1,blast-lite-b093495-250ah-prismatic-v1,PHYSICS_REFERENCE,NEAR_BOUNDARY,19.0,5700.0,4868.657811123326,0.7517609734912898
dod_100,dod-100-v1,blast-lite-lfp-gr-250ah-prismatic-2019-v1,blast-lite-b093495-250ah-prismatic-v1,PHYSICS_REFERENCE,NEAR_BOUNDARY,19.083333333333332,5725.0,4887.451835460608,0.7510469327140884
dod_100,dod-100-v1,blast-lite-lfp-gr-250ah-prismatic-2019-v1,blast-lite-b093495-250ah-prismatic-v1,PHYSICS_REFERENCE,NEAR_BOUNDARY,19.166666666666668,5750.0,4906.22800877846,0.7503344172371885
dod_100,dod-100-v1,blast-lite-lfp-gr-250ah-prismatic-2019-v1,blast-lite-b093495-250ah-prismatic-v1,PHYSICS_REFERENCE,NEAR_BOUNDARY,19.25,5775.0,4924.9863692093895,0.7496234199573342
dod_100,dod-100-v1,blast-lite-lfp-gr-250ah-prismatic-2019-v1,blast-lite-b093495-250ah-prismatic-v1,PHYSICS_REFERENCE,NEAR_BOUNDARY,19.333333333333332,5800.0,4943.726954708323,0.7489139338309356
dod_100,dod-100-v1,blast-lite-lfp-gr-250ah-prismatic-2019-v1,blast-lite-b093495-250ah-prismatic-v1,PHYSICS_REFERENCE,NEAR_BOUNDARY,19.416666666666668,5825.0,4962.449803054096,0.7482059518733086
dod_100,dod-100-v1,blast-lite-lfp-gr-250ah-prismatic-2019-v1,blast-lite-b093495-250ah-prismatic-v1,PHYSICS_REFERENCE,NEAR_BOUNDARY,19.5,5850.0,4981.154951850929,0.7474994671579263
dod_100,dod-100-v1,blast-lite-lfp-gr-250ah-prismatic-2019-v1,blast-lite-b093495-250ah-prismatic-v1,PHYSICS_REFERENCE,NEAR_BOUNDARY,19.583333333333332,5875.0,4999.842438529878,0.746794472815683
dod_100,dod-100-v1,blast-lite-lfp-gr-250ah-prismatic-2019-v1,blast-lite-b093495-250ah-prismatic-v1,PHYSICS_REFERENCE,NEAR_BOUNDARY,19.666666666666668,5900.0,5018.5123003502695,0.7460909620341726
dod_100,dod-100-v1,blast-lite-lfp-gr-250ah-prismatic-2019-v1,blast-lite-b093495-250ah-prismatic-v1,PHYSICS_REFERENCE,NEAR_BOUNDARY,19.75,5925.0,5037.164574401124,0.7453889280569767
dod_100,dod-100-v1,blast-lite-lfp-gr-250ah-prismatic-2019-v1,blast-lite-b093495-250ah-prismatic-v1,PHYSICS_REFERENCE,NEAR_BOUNDARY,19.833333333333332,5950.0,5055.799297602548,0.7446883641829667
dod_100,dod-100-v1,blast-lite-lfp-gr-250ah-prismatic-2019-v1,blast-lite-b093495-250ah-prismatic-v1,PHYSICS_REFERENCE,NEAR_BOUNDARY,19.916666666666668,5975.0,5074.416506707123,0.7439892637656172
dod_100,dod-100-v1,blast-lite-lfp-gr-250ah-prismatic-2019-v1,blast-lite-b093495-250ah-prismatic-v1,PHYSICS_REFERENCE,NEAR_BOUNDARY,20.0,6000.0,5093.016238301263,0.7432916202123305
dod_100,dod-100-v1,blast-lite-lfp-gr-250ah-prismatic-2019-v1,blast-lite-b093495-250ah-prismatic-v1,PHYSICS_REFERENCE,NEAR_BOUNDARY,20.083333333333332,6025.0,5111.598528806571,0.7425954269837723
dod_100,dod-100-v1,blast-lite-lfp-gr-250ah-prismatic-2019-v1,blast-lite-b093495-250ah-prismatic-v1,PHYSICS_REFERENCE,NEAR_BOUNDARY,20.166666666666668,6050.0,5130.163414481166,0.7419006775932193
dod_100,dod-100-v1,blast-lite-lfp-gr-250ah-prismatic-2019-v1,blast-lite-b093495-250ah-prismatic-v1,PHYSICS_REFERENCE,NEAR_BOUNDARY,20.25,6075.0,5148.7109314209965,0.7412073656059168
dod_100,dod-100-v1,blast-lite-lfp-gr-250ah-prismatic-2019-v1,blast-lite-b093495-250ah-prismatic-v1,PHYSICS_REFERENCE,NEAR_BOUNDARY,20.333333333333332,6100.0,5167.241115561144,0.7405154846384472
dod_100,dod-100-v1,blast-lite-lfp-gr-250ah-prismatic-2019-v1,blast-lite-b093495-250ah-prismatic-v1,PHYSICS_REFERENCE,NEAR_BOUNDARY,20.416666666666668,6125.0,5185.754002677106,0.7398250283581089
dod_100,dod-100-v1,blast-lite-lfp-gr-250ah-prismatic-2019-v1,blast-lite-b093495-250ah-prismatic-v1,PHYSICS_REFERENCE,NEAR_BOUNDARY,20.5,6150.0,5204.249628386058,0.7391359904823048
dod_100,dod-100-v1,blast-lite-lfp-gr-250ah-prismatic-2019-v1,blast-lite-b093495-250ah-prismatic-v1,PHYSICS_REFERENCE,NEAR_BOUNDARY,20.583333333333332,6175.0,5222.728028148116,0.7384483647779422
dod_100,dod-100-v1,blast-lite-lfp-gr-250ah-prismatic-2019-v1,blast-lite-b093495-250ah-prismatic-v1,PHYSICS_REFERENCE,NEAR_BOUNDARY,20.666666666666668,6200.0,5241.189237267565,0.7377621450608405
dod_100,dod-100-v1,blast-lite-lfp-gr-250ah-prismatic-2019-v1,blast-lite-b093495-250ah-prismatic-v1,PHYSICS_REFERENCE,NEAR_BOUNDARY,20.75,6225.0,5259.633290894086,0.7370773251951499
dod_100,dod-100-v1,blast-lite-lfp-gr-250ah-prismatic-2019-v1,blast-lite-b093495-250ah-prismatic-v1,PHYSICS_REFERENCE,NEAR_BOUNDARY,20.833333333333332,6250.0,5278.060224023964,0.7363938990927786
dod_100,dod-100-v1,blast-lite-lfp-gr-250ah-prismatic-2019-v1,blast-lite-b093495-250ah-prismatic-v1,PHYSICS_REFERENCE,NEAR_BOUNDARY,20.916666666666668,6275.0,5296.470071501283,0.7357118607128301
dod_100,dod-100-v1,blast-lite-lfp-gr-250ah-prismatic-2019-v1,blast-lite-b093495-250ah-prismatic-v1,PHYSICS_REFERENCE,NEAR_BOUNDARY,21.0,6300.0,5314.862868019104,0.7350312040610485
dod_100,dod-100-v1,blast-lite-lfp-gr-250ah-prismatic-2019-v1,blast-lite-b093495-250ah-prismatic-v1,PHYSICS_REFERENCE,NEAR_BOUNDARY,21.083333333333332,6325.0,5333.23864812063,0.7343519231892724
dod_100,dod-100-v1,blast-lite-lfp-gr-250ah-prismatic-2019-v1,blast-lite-b093495-250ah-prismatic-v1,PHYSICS_REFERENCE,NEAR_BOUNDARY,21.166666666666668,6350.0,5351.597446200362,0.7336740121948996
dod_100,dod-100-v1,blast-lite-lfp-gr-250ah-prismatic-2019-v1,blast-lite-b093495-250ah-prismatic-v1,PHYSICS_REFERENCE,NEAR_BOUNDARY,21.25,6375.0,5369.939296505235,0.7329974652203569
dod_100,dod-100-v1,blast-lite-lfp-gr-250ah-prismatic-2019-v1,blast-lite-b093495-250ah-prismatic-v1,PHYSICS_REFERENCE,NEAR_BOUNDARY,21.333333333333332,6400.0,5388.264233135744,0.732322276452581
dod_100,dod-100-v1,blast-lite-lfp-gr-250ah-prismatic-2019-v1,blast-lite-b093495-250ah-prismatic-v1,PHYSICS_REFERENCE,NEAR_BOUNDARY,21.416666666666668,6425.0,5406.572290047058,0.7316484401225064
dod_100,dod-100-v1,blast-lite-lfp-gr-250ah-prismatic-2019-v1,blast-lite-b093495-250ah-prismatic-v1,PHYSICS_REFERENCE,NEAR_BOUNDARY,21.5,6450.0,5424.863501050121,0.7309759505045605
dod_100,dod-100-v1,blast-lite-lfp-gr-250ah-prismatic-2019-v1,blast-lite-b093495-250ah-prismatic-v1,PHYSICS_REFERENCE,NEAR_BOUNDARY,21.583333333333332,6475.0,5443.137899812735,0.7303048019161685
dod_100,dod-100-v1,blast-lite-lfp-gr-250ah-prismatic-2019-v1,blast-lite-b093495-250ah-prismatic-v1,PHYSICS_REFERENCE,NEAR_BOUNDARY,21.666666666666668,6500.0,5461.395519860639,0.729634988717264
dod_100,dod-100-v1,blast-lite-lfp-gr-250ah-prismatic-2019-v1,blast-lite-b093495-250ah-prismatic-v1,PHYSICS_REFERENCE,NEAR_BOUNDARY,21.75,6525.0,5479.636394578571,0.7289665053098079
dod_100,dod-100-v1,blast-lite-lfp-gr-250ah-prismatic-2019-v1,blast-lite-b093495-250ah-prismatic-v1,PHYSICS_REFERENCE,NEAR_BOUNDARY,21.833333333333332,6550.0,5497.860557211316,0.7282993461373151
dod_100,dod-100-v1,blast-lite-lfp-gr-250ah-prismatic-2019-v1,blast-lite-b093495-250ah-prismatic-v1,PHYSICS_REFERENCE,NEAR_BOUNDARY,21.916666666666668,6575.0,5516.068040864749,0.7276335056843874
dod_100,dod-100-v1,blast-lite-lfp-gr-250ah-prismatic-2019-v1,blast-lite-b093495-250ah-prismatic-v1,PHYSICS_REFERENCE,NEAR_BOUNDARY,22.0,6600.0,5534.258878506858,0.7269689784762544
dod_100,dod-100-v1,blast-lite-lfp-gr-250ah-prismatic-2019-v1,blast-lite-b093495-250ah-prismatic-v1,PHYSICS_REFERENCE,NEAR_BOUNDARY,22.083333333333332,6625.0,5552.433102968765,0.7263057590783212
dod_100,dod-100-v1,blast-lite-lfp-gr-250ah-prismatic-2019-v1,blast-lite-b093495-250ah-prismatic-v1,PHYSICS_REFERENCE,NEAR_BOUNDARY,22.166666666666668,6650.0,5570.5907469457225,0.725643842095722
dod_100,dod-100-v1,blast-lite-lfp-gr-250ah-prismatic-2019-v1,blast-lite-b093495-250ah-prismatic-v1,PHYSICS_REFERENCE,NEAR_BOUNDARY,22.25,6675.0,5588.731842998115,0.7249832221728814
dod_100,dod-100-v1,blast-lite-lfp-gr-250ah-prismatic-2019-v1,blast-lite-b093495-250ah-prismatic-v1,PHYSICS_REFERENCE,NEAR_BOUNDARY,22.333333333333332,6700.0,5606.856423552437,0.7243238939930823
dod_100,dod-100-v1,blast-lite-lfp-gr-250ah-prismatic-2019-v1,blast-lite-b093495-250ah-prismatic-v1,PHYSICS_REFERENCE,NEAR_BOUNDARY,22.416666666666668,6725.0,5624.964520902265,0.7236658522780395
dod_100,dod-100-v1,blast-lite-lfp-gr-250ah-prismatic-2019-v1,blast-lite-b093495-250ah-prismatic-v1,PHYSICS_REFERENCE,NEAR_BOUNDARY,22.5,6750.0,5643.056167209215,0.7230090917874801
dod_100,dod-100-v1,blast-lite-lfp-gr-250ah-prismatic-2019-v1,blast-lite-b093495-250ah-prismatic-v1,PHYSICS_REFERENCE,NEAR_BOUNDARY,22.583333333333332,6775.0,5661.131394503902,0.7223536073187296
dod_100,dod-100-v1,blast-lite-lfp-gr-250ah-prismatic-2019-v1,blast-lite-b093495-250ah-prismatic-v1,PHYSICS_REFERENCE,NEAR_BOUNDARY,22.666666666666668,6800.0,5679.19023468687,0.7216993937063052
dod_100,dod-100-v1,blast-lite-lfp-gr-250ah-prismatic-2019-v1,blast-lite-b093495-250ah-prismatic-v1,PHYSICS_REFERENCE,NEAR_BOUNDARY,22.75,6825.0,5697.2327195295275,0.7210464458215137
dod_100,dod-100-v1,blast-lite-lfp-gr-250ah-prismatic-2019-v1,blast-lite-b093495-250ah-prismatic-v1,PHYSICS_REFERENCE,NEAR_BOUNDARY,22.833333333333332,6850.0,5715.2588806750655,0.7203947585720561
dod_100,dod-100-v1,blast-lite-lfp-gr-250ah-prismatic-2019-v1,blast-lite-b093495-250ah-prismatic-v1,PHYSICS_REFERENCE,NEAR_BOUNDARY,22.916666666666668,6875.0,5733.268749639366,0.7197443269016379
dod_100,dod-100-v1,blast-lite-lfp-gr-250ah-prismatic-2019-v1,blast-lite-b093495-250ah-prismatic-v1,PHYSICS_REFERENCE,NEAR_BOUNDARY,23.0,6900.0,5751.262357811907,0.7190951457895847
dod_100,dod-100-v1,blast-lite-lfp-gr-250ah-prismatic-2019-v1,blast-lite-b093495-250ah-prismatic-v1,PHYSICS_REFERENCE,NEAR_BOUNDARY,23.083333333333332,6925.0,5769.239736456647,0.7184472102504633
dod_100,dod-100-v1,blast-lite-lfp-gr-250ah-prismatic-2019-v1,blast-lite-b093495-250ah-prismatic-v1,PHYSICS_REFERENCE,NEAR_BOUNDARY,23.166666666666668,6950.0,5787.200916712908,0.717800515333709
dod_100,dod-100-v1,blast-lite-lfp-gr-250ah-prismatic-2019-v1,blast-lite-b093495-250ah-prismatic-v1,PHYSICS_REFERENCE,NEAR_BOUNDARY,23.25,6975.0,5805.14592959625,0.7171550561232576
dod_100,dod-100-v1,blast-lite-lfp-gr-250ah-prismatic-2019-v1,blast-lite-b093495-250ah-prismatic-v1,PHYSICS_REFERENCE,NEAR_BOUNDARY,23.333333333333332,7000.0,5823.074805999332,0.716510827737182
dod_100,dod-100-v1,blast-lite-lfp-gr-250ah-prismatic-2019-v1,blast-lite-b093495-250ah-prismatic-v1,PHYSICS_REFERENCE,NEAR_BOUNDARY,23.416666666666668,7025.0,5840.987576692762,0.7158678253273361
dod_100,dod-100-v1,blast-lite-lfp-gr-250ah-prismatic-2019-v1,blast-lite-b093495-250ah-prismatic-v1,PHYSICS_REFERENCE,NEAR_BOUNDARY,23.5,7050.0,5858.884272325945,0.7152260440790009
dod_100,dod-100-v1,blast-lite-lfp-gr-250ah-prismatic-2019-v1,blast-lite-b093495-250ah-prismatic-v1,PHYSICS_REFERENCE,NEAR_BOUNDARY,23.583333333333332,7075.0,5876.76492342792,0.7145854792105382
dod_100,dod-100-v1,blast-lite-lfp-gr-250ah-prismatic-2019-v1,blast-lite-b093495-250ah-prismatic-v1,PHYSICS_REFERENCE,NEAR_BOUNDARY,23.666666666666668,7100.0,5894.629560408183,0.7139461259730473
dod_100,dod-100-v1,blast-lite-lfp-gr-250ah-prismatic-2019-v1,blast-lite-b093495-250ah-prismatic-v1,PHYSICS_REFERENCE,NEAR_BOUNDARY,23.75,7125.0,5912.47821355751,0.7133079796500276
dod_100,dod-100-v1,blast-lite-lfp-gr-250ah-prismatic-2019-v1,blast-lite-b093495-250ah-prismatic-v1,PHYSICS_REFERENCE,NEAR_BOUNDARY,23.833333333333332,7150.0,5930.31091304876,0.7126710355570454
dod_100,dod-100-v1,blast-lite-lfp-gr-250ah-prismatic-2019-v1,blast-lite-b093495-250ah-prismatic-v1,PHYSICS_REFERENCE,NEAR_BOUNDARY,23.916666666666668,7175.0,5948.127688937686,0.7120352890414057
dod_100,dod-100-v1,blast-lite-lfp-gr-250ah-prismatic-2019-v1,blast-lite-b093495-250ah-prismatic-v1,PHYSICS_REFERENCE,NEAR_BOUNDARY,24.0,7200.0,5965.928571163721,0.7114007354818279
dod_100,dod-100-v1,blast-lite-lfp-gr-250ah-prismatic-2019-v1,blast-lite-b093495-250ah-prismatic-v1,PHYSICS_REFERENCE,NEAR_BOUNDARY,24.083333333333332,7225.0,5983.713589550767,0.7107673702881264
dod_100,dod-100-v1,blast-lite-lfp-gr-250ah-prismatic-2019-v1,blast-lite-b093495-250ah-prismatic-v1,PHYSICS_REFERENCE,NEAR_BOUNDARY,24.166666666666668,7250.0,6001.48277380797,0.7101351889008962
dod_100,dod-100-v1,blast-lite-lfp-gr-250ah-prismatic-2019-v1,blast-lite-b093495-250ah-prismatic-v1,PHYSICS_REFERENCE,NEAR_BOUNDARY,24.25,7275.0,6019.236153530493,0.7095041867912015
dod_100,dod-100-v1,blast-lite-lfp-gr-250ah-prismatic-2019-v1,blast-lite-b093495-250ah-prismatic-v1,PHYSICS_REFERENCE,NEAR_BOUNDARY,24.333333333333332,7300.0,6036.973758200273,0.7088743594602696
dod_100,dod-100-v1,blast-lite-lfp-gr-250ah-prismatic-2019-v1,blast-lite-b093495-250ah-prismatic-v1,PHYSICS_REFERENCE,NEAR_BOUNDARY,24.416666666666668,7325.0,6054.69561718678,0.7082457024391884
dod_100,dod-100-v1,blast-lite-lfp-gr-250ah-prismatic-2019-v1,blast-lite-b093495-250ah-prismatic-v1,PHYSICS_REFERENCE,NEAR_BOUNDARY,24.5,7350.0,6072.40175974776,0.7076182112886082
dod_100,dod-100-v1,blast-lite-lfp-gr-250ah-prismatic-2019-v1,blast-lite-b093495-250ah-prismatic-v1,PHYSICS_REFERENCE,NEAR_BOUNDARY,24.583333333333332,7375.0,6090.092215029975,0.7069918815984477
dod_100,dod-100-v1,blast-lite-lfp-gr-250ah-prismatic-2019-v1,blast-lite-b093495-250ah-prismatic-v1,PHYSICS_REFERENCE,NEAR_BOUNDARY,24.666666666666668,7400.0,6107.767012069936,0.7063667089876038
dod_100,dod-100-v1,blast-lite-lfp-gr-250ah-prismatic-2019-v1,blast-lite-b093495-250ah-prismatic-v1,PHYSICS_REFERENCE,NEAR_BOUNDARY,24.75,7425.0,6125.426179794626,0.7057426891036649
dod_100,dod-100-v1,blast-lite-lfp-gr-250ah-prismatic-2019-v1,blast-lite-b093495-250ah-prismatic-v1,PHYSICS_REFERENCE,NEAR_BOUNDARY,24.833333333333332,7450.0,6143.069747022218,0.7051198176226288
dod_100,dod-100-v1,blast-lite-lfp-gr-250ah-prismatic-2019-v1,blast-lite-b093495-250ah-prismatic-v1,PHYSICS_REFERENCE,NEAR_BOUNDARY,24.916666666666668,7475.0,6160.697742462783,0.7044980902486235
dod_100,dod-100-v1,blast-lite-lfp-gr-250ah-prismatic-2019-v1,blast-lite-b093495-250ah-prismatic-v1,PHYSICS_REFERENCE,NEAR_BOUNDARY,25.0,7500.0,6178.310194718999,0.7038775027136328
high_frequency,high-frequency-v1,blast-lite-lfp-gr-250ah-prismatic-2019-v1,blast-lite-b093495-250ah-prismatic-v1,PHYSICS_REFERENCE,NEAR_BOUNDARY,0.0,0.0,0.0,1.0
high_frequency,high-frequency-v1,blast-lite-lfp-gr-250ah-prismatic-2019-v1,blast-lite-b093495-250ah-prismatic-v1,PHYSICS_REFERENCE,NEAR_BOUNDARY,0.08333333333333333,33.333333333333336,33.33333333333332,0.9943140524499272
high_frequency,high-frequency-v1,blast-lite-lfp-gr-250ah-prismatic-2019-v1,blast-lite-b093495-250ah-prismatic-v1,PHYSICS_REFERENCE,NEAR_BOUNDARY,0.16666666666666666,66.66666666666667,66.47713508166422,0.9903298080711029
high_frequency,high-frequency-v1,blast-lite-lfp-gr-250ah-prismatic-2019-v1,blast-lite-b093495-250ah-prismatic-v1,PHYSICS_REFERENCE,NEAR_BOUNDARY,0.25,100.0,99.48812868403431,0.986925043644564
high_frequency,high-frequency-v1,blast-lite-lfp-gr-250ah-prismatic-2019-v1,blast-lite-b093495-250ah-prismatic-v1,PHYSICS_REFERENCE,NEAR_BOUNDARY,0.3333333333333333,133.33333333333334,132.3856301388531,0.9838139653051317
high_frequency,high-frequency-v1,blast-lite-lfp-gr-250ah-prismatic-2019-v1,blast-lite-b093495-250ah-prismatic-v1,PHYSICS_REFERENCE,NEAR_BOUNDARY,0.4166666666666667,166.66666666666669,165.17942898235748,0.980896646765975
high_frequency,high-frequency-v1,blast-lite-lfp-gr-250ah-prismatic-2019-v1,blast-lite-b093495-250ah-prismatic-v1,PHYSICS_REFERENCE,NEAR_BOUNDARY,0.5,200.00000000000003,197.87598387455662,0.9781224319627182
high_frequency,high-frequency-v1,blast-lite-lfp-gr-250ah-prismatic-2019-v1,blast-lite-b093495-250ah-prismatic-v1,PHYSICS_REFERENCE,NEAR_BOUNDARY,0.5833333333333334,233.33333333333337,230.48006493998054,0.9754609405177531
high_frequency,high-frequency-v1,blast-lite-lfp-gr-250ah-prismatic-2019-v1,blast-lite-b093495-250ah-prismatic-v1,PHYSICS_REFERENCE,NEAR_BOUNDARY,0.6666666666666666,266.6666666666667,262.99542962390564,0.9728920458675072
high_frequency,high-frequency-v1,blast-lite-lfp-gr-250ah-prismatic-2019-v1,blast-lite-b093495-250ah-prismatic-v1,PHYSICS_REFERENCE,NEAR_BOUNDARY,0.75,300.0,295.42516448615584,0.9704014972789232
high_frequency,high-frequency-v1,blast-lite-lfp-gr-250ah-prismatic-2019-v1,blast-lite-b093495-250ah-prismatic-v1,PHYSICS_REFERENCE,NEAR_BOUNDARY,0.8333333333333334,333.3333333333333,327.7718810621199,0.9679787099830168
high_frequency,high-frequency-v1,blast-lite-lfp-gr-250ah-prismatic-2019-v1,blast-lite-b093495-250ah-prismatic-v1,PHYSICS_REFERENCE,NEAR_BOUNDARY,0.9166666666666666,366.66666666666663,360.03783806155377,0.9656155327385894
high_frequency,high-frequency-v1,blast-lite-lfp-gr-250ah-prismatic-2019-v1,blast-lite-b093495-250ah-prismatic-v1,PHYSICS_REFERENCE,NEAR_BOUNDARY,1.0,399.99999999999994,392.22502248617343,0.9633055080818012
high_frequency,high-frequency-v1,blast-lite-lfp-gr-250ah-prismatic-2019-v1,blast-lite-b093495-250ah-prismatic-v1,PHYSICS_REFERENCE,NEAR_BOUNDARY,1.0833333333333333,433.33333333333326,424.3352060889001,0.9610434024198259
high_frequency,high-frequency-v1,blast-lite-lfp-gr-250ah-prismatic-2019-v1,blast-lite-b093495-250ah-prismatic-v1,PHYSICS_REFERENCE,NEAR_BOUNDARY,1.1666666666666667,466.6666666666666,456.369986169561,0.9588248937610906
high_frequency,high-frequency-v1,blast-lite-lfp-gr-250ah-prismatic-2019-v1,blast-lite-b093495-250ah-prismatic-v1,PHYSICS_REFERENCE,NEAR_BOUNDARY,1.25,499.9999999999999,488.33081596159735,0.9566463564158132
high_frequency,high-frequency-v1,blast-lite-lfp-gr-250ah-prismatic-2019-v1,blast-lite-b093495-250ah-prismatic-v1,PHYSICS_REFERENCE,NEAR_BOUNDARY,1.3333333333333333,533.3333333333333,520.2190278421244,0.954504707931808
high_frequency,high-frequency-v1,blast-lite-lfp-gr-250ah-prismatic-2019-v1,blast-lite-b093495-250ah-prismatic-v1,PHYSICS_REFERENCE,NEAR_BOUNDARY,1.4166666666666667,566.6666666666666,552.0358514398514,0.9523972974150462
high_frequency,high-frequency-v1,blast-lite-lfp-gr-250ah-prismatic-2019-v1,blast-lite-b093495-250ah-prismatic-v1,PHYSICS_REFERENCE,NEAR_BOUNDARY,1.5,600.0,583.7824280203529,0.950321822212023
high_frequency,high-frequency-v1,blast-lite-lfp-gr-250ah-prismatic-2019-v1,blast-lite-b093495-250ah-prismatic-v1,PHYSICS_REFERENCE,NEAR_BOUNDARY,1.5833333333333333,633.3333333333334,615.4598220940869,0.9482762645398493
high_frequency,high-frequency-v1,blast-lite-lfp-gr-250ah-prismatic-2019-v1,blast-lite-b093495-250ah-prismatic-v1,PHYSICS_REFERENCE,NEAR_BOUNDARY,1.6666666666666667,666.6666666666667,647.0690309120819,0.9462588424664985
high_frequency,high-frequency-v1,blast-lite-lfp-gr-250ah-prismatic-2019-v1,blast-lite-b093495-250ah-prismatic-v1,PHYSICS_REFERENCE,NEAR_BOUNDARY,1.75,700.0000000000001,678.6109923276318,0.9442679714211167
high_frequency,high-frequency-v1,blast-lite-lfp-gr-250ah-prismatic-2019-v1,blast-lite-b093495-250ah-prismatic-v1,PHYSICS_REFERENCE,NEAR_BOUNDARY,1.8333333333333333,733.3333333333335,710.0865913750024,0.9423022335681236
high_frequency,high-frequency-v1,blast-lite-lfp-gr-250ah-prismatic-2019-v1,blast-lite-b093495-250ah-prismatic-v1,PHYSICS_REFERENCE,NEAR_BOUNDARY,1.9166666666666667,766.6666666666669,741.4966658272732,0.9403603531466544
high_frequency,high-frequency-v1,blast-lite-lfp-gr-250ah-prismatic-2019-v1,blast-lite-b093495-250ah-prismatic-v1,PHYSICS_REFERENCE,NEAR_BOUNDARY,2.0,800.0000000000002,772.8420109321617,0.9384411763992934
high_frequency,high-frequency-v1,blast-lite-lfp-gr-250ah-prismatic-2019-v1,blast-lite-b093495-250ah-prismatic-v1,PHYSICS_REFERENCE,NEAR_BOUNDARY,2.0833333333333335,833.3333333333336,804.1233834788047,0.936543655076567
high_frequency,high-frequency-v1,blast-lite-lfp-gr-250ah-prismatic-2019-v1,blast-lite-b093495-250ah-prismatic-v1,PHYSICS_REFERENCE,NEAR_BOUNDARY,2.1666666666666665,866.666666666667,835.3415053146903,0.934666832759782
high_frequency,high-frequency-v1,blast-lite-lfp-gr-250ah-prismatic-2019-v1,blast-lite-b093495-250ah-prismatic-v1,PHYSICS_REFERENCE,NEAR_BOUNDARY,2.25,900.0000000000003,866.497066406683,0.9328098334286711
high_frequency,high-frequency-v1,blast-lite-lfp-gr-250ah-prismatic-2019-v1,blast-lite-b093495-250ah-prismatic-v1,PHYSICS_REFERENCE,NEAR_BOUNDARY,2.3333333333333335,933.3333333333337,897.590727520972,0.9309718518342954
high_frequency,high-frequency-v1,blast-lite-lfp-gr-250ah-prismatic-2019-v1,blast-lite-b093495-250ah-prismatic-v1,PHYSICS_REFERENCE,NEAR_BOUNDARY,2.4166666666666665,966.6666666666671,928.6231225821151,0.9291521453365993
high_frequency,high-frequency-v1,blast-lite-lfp-gr-250ah-prismatic-2019-v1,blast-lite-b093495-250ah-prismatic-v1,PHYSICS_REFERENCE,NEAR_BOUNDARY,2.5,1000.0000000000005,959.5948607600018,0.9273500269399895
high_frequency,high-frequency-v1,blast-lite-lfp-gr-250ah-prismatic-2019-v1,blast-lite-b093495-250ah-prismatic-v1,PHYSICS_REFERENCE,NEAR_BOUNDARY,2.5833333333333335,1033.3333333333337,990.5065283246681,0.9255648593162628
high_frequency,high-frequency-v1,blast-lite-lfp-gr-250ah-prismatic-2019-v1,blast-lite-b093495-250ah-prismatic-v1,PHYSICS_REFERENCE,NEAR_BOUNDARY,2.6666666666666665,1066.666666666667,1021.3586903018769,0.9237960496469576
high_frequency,high-frequency-v1,blast-lite-lfp-gr-250ah-prismatic-2019-v1,blast-lite-b093495-250ah-prismatic-v1,PHYSICS_REFERENCE,NEAR_BOUNDARY,2.75,1100.0000000000002,1052.1518919567754,0.9220430451502045
high_frequency,high-frequency-v1,blast-lite-lfp-gr-250ah-prismatic-2019-v1,blast-lite-b093495-250ah-prismatic-v1,PHYSICS_REFERENCE,NEAR_BOUNDARY,2.8333333333333335,1133.3333333333335,1082.886660128449,0.920305329182843
high_frequency,high-frequency-v1,blast-lite-lfp-gr-250ah-prismatic-2019-v1,blast-lite-b093495-250ah-prismatic-v1,PHYSICS_REFERENCE,NEAR_BOUNDARY,2.9166666666666665,1166.6666666666667,1113.5635044345438,0.9185824178287556
high_frequency,high-frequency-v1,blast-lite-lfp-gr-250ah-prismatic-2019-v1,blast-lite-b093495-250ah-prismatic-v1,PHYSICS_REFERENCE,NEAR_BOUNDARY,3.0,1200.0,1144.182918362169,0.9168738569003398
high_frequency,high-frequency-v1,blast-lite-lfp-gr-250ah-prismatic-2019-v1,blast-lite-b093495-250ah-prismatic-v1,PHYSICS_REFERENCE,NEAR_BOUNDARY,3.0833333333333335,1233.3333333333333,1174.745380258847,0.9151792192927845
high_frequency,high-frequency-v1,blast-lite-lfp-gr-250ah-prismatic-2019-v1,blast-lite-b093495-250ah-prismatic-v1,PHYSICS_REFERENCE,NEAR_BOUNDARY,3.1666666666666665,1266.6666666666665,1205.251354235273,0.9134981026410361
high_frequency,high-frequency-v1,blast-lite-lfp-gr-250ah-prismatic-2019-v1,blast-lite-b093495-250ah-prismatic-v1,PHYSICS_REFERENCE,NEAR_BOUNDARY,3.25,1299.9999999999998,1235.7012909899743,0.9118301272376217
high_frequency,high-frequency-v1,blast-lite-lfp-gr-250ah-prismatic-2019-v1,blast-lite-b093495-250ah-prismatic-v1,PHYSICS_REFERENCE,NEAR_BOUNDARY,3.3333333333333335,1333.333333333333,1266.0956285645616,0.910174934176206
high_frequency,high-frequency-v1,blast-lite-lfp-gr-250ah-prismatic-2019-v1,blast-lite-b093495-250ah-prismatic-v1,PHYSICS_REFERENCE,NEAR_BOUNDARY,3.4166666666666665,1366.6666666666663,1296.4347930371018,0.908532183691272
high_frequency,high-frequency-v1,blast-lite-lfp-gr-250ah-prismatic-2019-v1,blast-lite-b093495-250ah-prismatic-v1,PHYSICS_REFERENCE,NEAR_BOUNDARY,3.5,1399.9999999999995,1326.7191991601442,0.9069015536688294
high_frequency,high-frequency-v1,blast-lite-lfp-gr-250ah-prismatic-2019-v1,blast-lite-b093495-250ah-prismatic-v1,PHYSICS_REFERENCE,NEAR_BOUNDARY,3.5833333333333335,1433.3333333333328,1356.9492509491051,0.9052827383068024
high_frequency,high-frequency-v1,blast-lite-lfp-gr-250ah-prismatic-2019-v1,blast-lite-b093495-250ah-prismatic-v1,PHYSICS_REFERENCE,NEAR_BOUNDARY,3.6666666666666665,1466.666666666666,1387.1253422259986,0.90367544690685
high_frequency,high-frequency-v1,blast-lite-lfp-gr-250ah-prismatic-2019-v1,blast-lite-b093495-250ah-prismatic-v1,PHYSICS_REFERENCE,NEAR_BOUNDARY,3.75,1499.9999999999993,1417.2478571228935,0.9020794027819713
high_frequency,high-frequency-v1,blast-lite-lfp-gr-250ah-prismatic-2019-v1,blast-lite-b093495-250ah-prismatic-v1,PHYSICS_REFERENCE,NEAR_BOUNDARY,3.8333333333333335,1533.3333333333326,1447.3171705489592,0.9004943422664199
high_frequency,high-frequency-v1,blast-lite-lfp-gr-250ah-prismatic-2019-v1,blast-lite-b093495-250ah-prismatic-v1,PHYSICS_REFERENCE,NEAR_BOUNDARY,3.9166666666666665,1566.6666666666658,1477.3336486245066,0.898920013816284
high_frequency,high-frequency-v1,blast-lite-lfp-gr-250ah-prismatic-2019-v1,blast-lite-b093495-250ah-prismatic-v1,PHYSICS_REFERENCE,NEAR_BOUNDARY,4.0,1599.999999999999,1507.2976490850494,0.8973561771906372
high_frequency,high-frequency-v1,blast-lite-lfp-gr-250ah-prismatic-2019-v1,blast-lite-b093495-250ah-prismatic-v1,PHYSICS_REFERENCE,NEAR_BOUNDARY,4.083333333333333,1633.3333333333323,1537.2095216580706,0.8958026027044808
high_frequency,high-frequency-v1,blast-lite-lfp-gr-250ah-prismatic-2019-v1,blast-lite-b093495-250ah-prismatic-v1,PHYSICS_REFERENCE,NEAR_BOUNDARY,4.166666666666667,1666.6666666666656,1567.0696084148865,0.8942590705458124
high_frequency,high-frequency-v1,blast-lite-lfp-gr-250ah-prismatic-2019-v1,blast-lite-b093495-250ah-prismatic-v1,PHYSICS_REFERENCE,NEAR_BOUNDARY,4.25,1699.9999999999989,1596.878244099747,0.8927253701501217
high_frequency,high-frequency-v1,blast-lite-lfp-gr-250ah-prismatic-2019-v1,blast-lite-b093495-250ah-prismatic-v1,PHYSICS_REFERENCE,NEAR_BOUNDARY,4.333333333333333,1733.3333333333321,1626.6357564380844,0.8912012996264238
high_frequency,high-frequency-v1,blast-lite-lfp-gr-250ah-prismatic-2019-v1,blast-lite-b093495-250ah-prismatic-v1,PHYSICS_REFERENCE,NEAR_BOUNDARY,4.416666666666667,1766.6666666666654,1656.3424664256318,0.8896866652296562
high_frequency,high-frequency-v1,blast-lite-lfp-gr-250ah-prismatic-2019-v1,blast-lite-b093495-250ah-prismatic-v1,PHYSICS_REFERENCE,NEAR_BOUNDARY,4.5,1799.9999999999986,1685.9986885999535,0.8881812808748708
high_frequency,high-frequency-v1,blast-lite-lfp-gr-250ah-prismatic-2019-v1,blast-lite-b093495-250ah-prismatic-v1,PHYSICS_REFERENCE,NEAR_BOUNDARY,4.583333333333333,1833.333333333332,1715.6047312957826,0.8866849676891787
high_frequency,high-frequency-v1,blast-lite-lfp-gr-250ah-prismatic-2019-v1,blast-lite-b093495-250ah-prismatic-v1,PHYSICS_REFERENCE,NEAR_BOUNDARY,4.666666666666667,1866.6666666666652,1745.1608968854218,0.8851975535978674
high_frequency,high-frequency-v1,blast-lite-lfp-gr-250ah-prismatic-2019-v1,blast-lite-b093495-250ah-prismatic-v1,PHYSICS_REFERENCE,NEAR_BOUNDARY,4.75,1899.9999999999984,1774.6674820053508,0.8837188729415066
high_frequency,high-frequency-v1,blast-lite-lfp-gr-250ah-prismatic-2019-v1,blast-lite-b093495-250ah-prismatic-v1,PHYSICS_REFERENCE,NEAR_BOUNDARY,4.833333333333333,1933.3333333333317,1804.1247777700678,0.8822487661212055
high_frequency,high-frequency-v1,blast-lite-lfp-gr-250ah-prismatic-2019-v1,blast-lite-b093495-250ah-prismatic-v1,PHYSICS_REFERENCE,NEAR_BOUNDARY,4.916666666666667,1966.666666666665,1833.533069974108,0.8807870792694935
high_frequency,high-frequency-v1,blast-lite-lfp-gr-250ah-prismatic-2019-v1,blast-lite-b093495-250ah-prismatic-v1,PHYSICS_REFERENCE,NEAR_BOUNDARY,5.0,1999.9999999999982,1862.892639283091,0.8793336639445589
high_frequency,high-frequency-v1,blast-lite-lfp-gr-250ah-prismatic-2019-v1,blast-lite-b093495-250ah-prismatic-v1,PHYSICS_REFERENCE,NEAR_BOUNDARY,5.083333333333333,2033.3333333333314,1892.2037614145763,0.8778883768458179
high_frequency,high-frequency-v1,blast-lite-lfp-gr-250ah-prismatic-2019-v1,blast-lite-b093495-250ah-prismatic-v1,PHYSICS_REFERENCE,NEAR_BOUNDARY,5.166666666666667,2066.6666666666647,1921.466707309437,0.8764510795489919
high_frequency,high-frequency-v1,blast-lite-lfp-gr-250ah-prismatic-2019-v1,blast-lite-b093495-250ah-prismatic-v1,PHYSICS_REFERENCE,NEAR_BOUNDARY,5.25,2099.999999999998,1950.6817432944033,0.8750216382590544
high_frequency,high-frequency-v1,blast-lite-lfp-gr-250ah-prismatic-2019-v1,blast-lite-b093495-250ah-prismatic-v1,PHYSICS_REFERENCE,NEAR_BOUNDARY,5.333333333333333,2133.3333333333317,1979.8491312363717,0.8735999235795731
high_frequency,high-frequency-v1,blast-lite-lfp-gr-250ah-prismatic-2019-v1,blast-lite-b093495-250ah-prismatic-v1,PHYSICS_REFERENCE,NEAR_BOUNDARY,5.416666666666667,2166.666666666665,2008.969128689024,0.8721858102971093
high_frequency,high-frequency-v1,blast-lite-lfp-gr-250ah-prismatic-2019-v1,blast-lite-b093495-250ah-prismatic-v1,PHYSICS_REFERENCE,NEAR_BOUNDARY,5.5,2199.9999999999986,2038.041989032261,0.8707791771794747
high_frequency,high-frequency-v1,blast-lite-lfp-gr-250ah-prismatic-2019-v1,blast-lite-b093495-250ah-prismatic-v1,PHYSICS_REFERENCE,NEAR_BOUNDARY,5.583333333333333,2233.333333333332,2067.06796160491,0.8693799067867495
high_frequency,high-frequency-v1,blast-lite-lfp-gr-250ah-prismatic-2019-v1,blast-lite-b093495-250ah-prismatic-v1,PHYSICS_REFERENCE,NEAR_BOUNDARY,5.666666666666667,2266.6666666666656,2096.047291831135,0.8679878852940731
high_frequency,high-frequency-v1,blast-lite-lfp-gr-250ah-prismatic-2019-v1,blast-lite-b093495-250ah-prismatic-v1,PHYSICS_REFERENCE,NEAR_BOUNDARY,5.75,2299.999999999999,2124.9802213409375,0.8666030023253073
high_frequency,high-frequency-v1,blast-lite-lfp-gr-250ah-prismatic-2019-v1,blast-lite-b093495-250ah-prismatic-v1,PHYSICS_REFERENCE,NEAR_BOUNDARY,5.833333333333333,2333.3333333333326,2153.8669880851144,0.8652251507967522
high_frequency,high-frequency-v1,blast-lite-lfp-gr-250ah-prismatic-2019-v1,blast-lite-b093495-250ah-prismatic-v1,PHYSICS_REFERENCE,NEAR_BOUNDARY,5.916666666666667,2366.666666666666,2182.707826445006,0.8638542267701699
high_frequency,high-frequency-v1,blast-lite-lfp-gr-250ah-prismatic-2019-v1,blast-lite-b093495-250ah-prismatic-v1,PHYSICS_REFERENCE,NEAR_BOUNDARY,6.0,2399.9999999999995,2211.502967337345,0.8624901293144341
high_frequency,high-frequency-v1,blast-lite-lfp-gr-250ah-prismatic-2019-v1,blast-lite-b093495-250ah-prismatic-v1,PHYSICS_REFERENCE,NEAR_BOUNDARY,6.083333333333333,2433.333333333333,2240.2526383144927,0.8611327603751842
high_frequency,high-frequency-v1,blast-lite-lfp-gr-250ah-prismatic-2019-v1,blast-lite-b093495-250ah-prismatic-v1,PHYSICS_REFERENCE,NEAR_BOUNDARY,6.166666666666667,2466.6666666666665,2268.957063660332,0.8597820246519128
high_frequency,high-frequency-v1,blast-lite-lfp-gr-250ah-prismatic-2019-v1,blast-lite-b093495-250ah-prismatic-v1,PHYSICS_REFERENCE,NEAR_BOUNDARY,6.25,2500.0,2297.6164644820624,0.8584378294819688
high_frequency,high-frequency-v1,blast-lite-lfp-gr-250ah-prismatic-2019-v1,blast-lite-b093495-250ah-prismatic-v1,PHYSICS_REFERENCE,NEAR_BOUNDARY,6.333333333333333,2533.3333333333335,2326.231058798128,0.857100084730993
high_frequency,high-frequency-v1,blast-lite-lfp-gr-250ah-prismatic-2019-v1,blast-lite-b093495-250ah-prismatic-v1,PHYSICS_REFERENCE,NEAR_BOUNDARY,6.416666666666667,2566.666666666667,2354.801061622494,0.8557687026893519
high_frequency,high-frequency-v1,blast-lite-lfp-gr-250ah-prismatic-2019-v1,blast-lite-b093495-250ah-prismatic-v1,PHYSICS_REFERENCE,NEAR_BOUNDARY,6.5,2600.0000000000005,2383.3266850454725,0.8544435979741625
high_frequency,high-frequency-v1,blast-lite-lfp-gr-250ah-prismatic-2019-v1,blast-lite-b093495-250ah-prismatic-v1,PHYSICS_REFERENCE,NEAR_BOUNDARY,6.583333333333333,2633.333333333334,2411.808138311278,0.8531246874365359
high_frequency,high-frequency-v1,blast-lite-lfp-gr-250ah-prismatic-2019-v1,blast-lite-b093495-250ah-prismatic-v1,PHYSICS_REFERENCE,NEAR_BOUNDARY,6.666666666666667,2666.6666666666674,2440.245627892496,0.8518118900737015
high_frequency,high-frequency-v1,blast-lite-lfp-gr-250ah-prismatic-2019-v1,blast-lite-b093495-250ah-prismatic-v1,PHYSICS_REFERENCE,NEAR_BOUNDARY,6.75,2700.000000000001,2468.6393575616194,0.8505051269456909
high_frequency,high-frequency-v1,blast-lite-lfp-gr-250ah-prismatic-2019-v1,blast-lite-b093495-250ah-prismatic-v1,PHYSICS_REFERENCE,NEAR_BOUNDARY,6.833333333333333,2733.3333333333344,2496.989528459809,0.8492043210962926
high_frequency,high-frequency-v1,blast-lite-lfp-gr-250ah-prismatic-2019-v1,blast-lite-b093495-250ah-prismatic-v1,PHYSICS_REFERENCE,NEAR_BOUNDARY,6.916666666666667,2766.666666666668,2525.2963391630187,0.8479093974780065
high_frequency,high-frequency-v1,blast-lite-lfp-gr-250ah-prismatic-2019-v1,blast-lite-b093495-250ah-prismatic-v1,PHYSICS_REFERENCE,NEAR_BOUNDARY,7.0,2800.0000000000014,2553.559985745619,0.8466202828807499
high_frequency,high-frequency-v1,blast-lite-lfp-gr-250ah-prismatic-2019-v1,blast-lite-b093495-250ah-prismatic-v1,PHYSICS_REFERENCE,NEAR_BOUNDARY,7.083333333333333,2833.333333333335,2581.780661841644,0.8453369058640814
high_frequency,high-frequency-v1,blast-lite-lfp-gr-250ah-prismatic-2019-v1,blast-lite-b093495-250ah-prismatic-v1,PHYSICS_REFERENCE,NEAR_BOUNDARY,7.166666666666667,2866.6666666666683,2609.95855870378,0.8440591966927333
high_frequency,high-frequency-v1,blast-lite-lfp-gr-250ah-prismatic-2019-v1,blast-lite-b093495-250ah-prismatic-v1,PHYSICS_REFERENCE,NEAR_BOUNDARY,7.25,2900.000000000002,2638.0938652602044,0.8427870872752461
high_frequency,high-frequency-v1,blast-lite-lfp-gr-250ah-prismatic-2019-v1,blast-lite-b093495-250ah-prismatic-v1,PHYSICS_REFERENCE,NEAR_BOUNDARY,7.333333333333333,2933.3333333333353,2666.1867681693793,0.841520511105528
high_frequency,high-frequency-v1,blast-lite-lfp-gr-250ah-prismatic-2019-v1,blast-lite-b093495-250ah-prismatic-v1,PHYSICS_REFERENCE,NEAR_BOUNDARY,7.416666666666667,2966.666666666669,2694.237451872897,0.840259403207163
high_frequency,high-frequency-v1,blast-lite-lfp-gr-250ah-prismatic-2019-v1,blast-lite-b093495-250ah-prismatic-v1,PHYSICS_REFERENCE,NEAR_BOUNDARY,7.5,3000.0000000000023,2722.2460986464694,0.8390037000803088
high_frequency,high-frequency-v1,blast-lite-lfp-gr-250ah-prismatic-2019-v1,blast-lite-b093495-250ah-prismatic-v1,PHYSICS_REFERENCE,NEAR_BOUNDARY,7.583333333333333,3033.3333333333358,2750.2128886491464,0.8377533396510377
high_frequency,high-frequency-v1,blast-lite-lfp-gr-250ah-prismatic-2019-v1,blast-lite-b093495-250ah-prismatic-v1,PHYSICS_REFERENCE,NEAR_BOUNDARY,7.666666666666667,3066.6666666666692,2778.1379999708474,0.8365082612229782
high_frequency,high-frequency-v1,blast-lite-lfp-gr-250ah-prismatic-2019-v1,blast-lite-b093495-250ah-prismatic-v1,PHYSICS_REFERENCE,NEAR_BOUNDARY,7.75,3100.0000000000027,2806.0216086782802,0.8352684054311315
high_frequency,high-frequency-v1,blast-lite-lfp-gr-250ah-prismatic-2019-v1,blast-lite-b093495-250ah-prismatic-v1,PHYSICS_REFERENCE,NEAR_BOUNDARY,7.833333333333333,3133.333333333336,2833.8638888593177,0.8340337141977398
high_frequency,high-frequency-v1,blast-lite-lfp-gr-250ah-prismatic-2019-v1,blast-lite-b093495-250ah-prismatic-v1,PHYSICS_REFERENCE,NEAR_BOUNDARY,7.916666666666667,3166.6666666666697,2861.665012665909,0.8328041306900952
high_frequency,high-frequency-v1,blast-lite-lfp-gr-250ah-prismatic-2019-v1,blast-lite-b093495-250ah-prismatic-v1,PHYSICS_REFERENCE,NEAR_BOUNDARY,8.0,3200.000000000003,2889.4251503555793,0.8315795992801833
high_frequency,high-frequency-v1,blast-lite-lfp-gr-250ah-prismatic-2019-v1,blast-lite-b093495-250ah-prismatic-v1,PHYSICS_REFERENCE,NEAR_BOUNDARY,8.083333333333334,3233.3333333333367,2917.1444703315856,0.830360065506061
high_frequency,high-frequency-v1,blast-lite-lfp-gr-250ah-prismatic-2019-v1,blast-lite-b093495-250ah-prismatic-v1,PHYSICS_REFERENCE,NEAR_BOUNDARY,8.166666666666666,3266.66666666667,2944.8231391817876,0.8291454760348799
high_frequency,high-frequency-v1,blast-lite-lfp-gr-250ah-prismatic-2019-v1,blast-lite-b093495-250ah-prismatic-v1,PHYSICS_REFERENCE,NEAR_BOUNDARY,8.25,3300.0000000000036,2972.4613217162837,0.8279357786274647
high_frequency,high-frequency-v1,blast-lite-lfp-gr-250ah-prismatic-2019-v1,blast-lite-b093495-250ah-prismatic-v1,PHYSICS_REFERENCE,NEAR_BOUNDARY,8.333333333333334,3333.333333333337,3000.059181003866,0.8267309221043695
high_frequency,high-frequency-v1,blast-lite-lfp-gr-250ah-prismatic-2019-v1,blast-lite-b093495-250ah-prismatic-v1,PHYSICS_REFERENCE,NEAR_BOUNDARY,8.416666666666666,3366.6666666666706,3027.6168784073448,0.8255308563133317
high_frequency,high-frequency-v1,blast-lite-lfp-gr-250ah-prismatic-2019-v1,blast-lite-b093495-250ah-prismatic-v1,PHYSICS_REFERENCE,NEAR_BOUNDARY,8.5,3400.000000000004,3055.134573617789,0.8243355320980555
high_frequency,high-frequency-v1,blast-lite-lfp-gr-250ah-prismatic-2019-v1,blast-lite-b093495-250ah-prismatic-v1,PHYSICS_REFERENCE,NEAR_BOUNDARY,8.583333333333334,3433.3333333333376,3082.6124246877243,0.8231449012682566
high_frequency,high-frequency-v1,blast-lite-lfp-gr-250ah-prismatic-2019-v1,blast-lite-b093495-250ah-prismatic-v1,PHYSICS_REFERENCE,NEAR_BOUNDARY,8.666666666666666,3466.666666666671,3110.0505880633327,0.8219589165709033
high_frequency,high-frequency-v1,blast-lite-lfp-gr-250ah-prismatic-2019-v1,blast-lite-b093495-250ah-prismatic-v1,PHYSICS_REFERENCE,NEAR_BOUNDARY,8.75,3500.0000000000045,3137.4492186156963,0.8207775316625987
high_frequency,high-frequency-v1,blast-lite-lfp-gr-250ah-prismatic-2019-v1,blast-lite-b093495-250ah-prismatic-v1,PHYSICS_REFERENCE,NEAR_BOUNDARY,8.833333333333334,3533.333333333338,3164.808469671116,0.8196007010830438
high_frequency,high-frequency-v1,blast-lite-lfp-gr-250ah-prismatic-2019-v1,blast-lite-b093495-250ah-prismatic-v1,PHYSICS_REFERENCE,NEAR_BOUNDARY,8.916666666666666,3566.6666666666715,3192.128493040551,0.8184283802295313
high_frequency,high-frequency-v1,blast-lite-lfp-gr-250ah-prismatic-2019-v1,blast-lite-b093495-250ah-prismatic-v1,PHYSICS_REFERENCE,NEAR_BOUNDARY,9.0,3600.000000000005,3219.409439048202,0.8172605253324207
high_frequency,high-frequency-v1,blast-lite-lfp-gr-250ah-prismatic-2019-v1,blast-lite-b093495-250ah-prismatic-v1,PHYSICS_REFERENCE,NEAR_BOUNDARY,9.083333333333334,3633.3333333333385,3246.6514565592825,0.816097093431546
high_frequency,high-frequency-v1,blast-lite-lfp-gr-250ah-prismatic-2019-v1,blast-lite-b093495-250ah-prismatic-v1,PHYSICS_REFERENCE,NEAR_BOUNDARY,9.166666666666666,3666.666666666672,3273.8546930070006,0.8149380423535143
high_frequency,high-frequency-v1,blast-lite-lfp-gr-250ah-prismatic-2019-v1,blast-lite-b093495-250ah-prismatic-v1,PHYSICS_REFERENCE,NEAR_BOUNDARY,9.25,3700.0000000000055,3301.0192944187843,0.8137833306898524
high_frequency,high-frequency-v1,blast-lite-lfp-gr-250ah-prismatic-2019-v1,blast-lite-b093495-250ah-prismatic-v1,PHYSICS_REFERENCE,NEAR_BOUNDARY,9.333333333333334,3733.333333333339,3328.1454054417795,0.8126329177759612
high_frequency,high-frequency-v1,blast-lite-lfp-gr-250ah-prismatic-2019-v1,blast-lite-b093495-250ah-prismatic-v1,PHYSICS_REFERENCE,NEAR_BOUNDARY,9.416666666666666,3766.6666666666724,3355.2331693676447,0.8114867636708436
high_frequency,high-frequency-v1,blast-lite-lfp-gr-250ah-prismatic-2019-v1,blast-lite-b093495-250ah-prismatic-v1,PHYSICS_REFERENCE,NEAR_BOUNDARY,9.5,3800.000000000006,3382.282728156673,0.8103448291375666
high_frequency,high-frequency-v1,blast-lite-lfp-gr-250ah-prismatic-2019-v1,blast-lite-b093495-250ah-prismatic-v1,PHYSICS_REFERENCE,NEAR_BOUNDARY,9.583333333333334,3833.3333333333394,3409.2942224612584,0.8092070756244294
high_frequency,high-frequency-v1,blast-lite-lfp-gr-250ah-prismatic-2019-v1,blast-lite-b093495-250ah-prismatic-v1,PHYSICS_REFERENCE,NEAR_BOUNDARY,9.666666666666666,3866.666666666673,3436.2677916487396,0.8080734652468018
high_frequency,high-frequency-v1,blast-lite-lfp-gr-250ah-prismatic-2019-v1,blast-lite-b093495-250ah-prismatic-v1,PHYSICS_REFERENCE,NEAR_BOUNDARY,9.75,3900.0000000000064,3463.203573823633,0.8069439607696044
high_frequency,high-frequency-v1,blast-lite-lfp-gr-250ah-prismatic-2019-v1,blast-lite-b093495-250ah-prismatic-v1,PHYSICS_REFERENCE,NEAR_BOUNDARY,9.833333333333334,3933.33333333334,3490.1017058492866,0.8058185255904046
high_frequency,high-frequency-v1,blast-lite-lfp-gr-250ah-prismatic-2019-v1,blast-lite-b093495-250ah-prismatic-v1,PHYSICS_REFERENCE,NEAR_BOUNDARY,9.916666666666666,3966.6666666666733,3516.9623233689667,0.8046971237230975
high_frequency,high-frequency-v1,blast-lite-lfp-gr-250ah-prismatic-2019-v1,blast-lite-b093495-250ah-prismatic-v1,PHYSICS_REFERENCE,NEAR_BOUNDARY,10.0,4000.000000000007,3543.7855608264035,0.803579719782151
high_frequency,high-frequency-v1,blast-lite-lfp-gr-250ah-prismatic-2019-v1,blast-lite-b093495-250ah-prismatic-v1,PHYSICS_REFERENCE,NEAR_BOUNDARY,10.083333333333334,4033.3333333333403,3570.5715514858084,0.8024662789673869
high_frequency,high-frequency-v1,blast-lite-lfp-gr-250ah-prismatic-2019-v1,blast-lite-b093495-250ah-prismatic-v1,PHYSICS_REFERENCE,NEAR_BOUNDARY,10.166666666666666,4066.666666666674,3597.320427451388,0.8013567670492778
high_frequency,high-frequency-v1,blast-lite-lfp-gr-250ah-prismatic-2019-v1,blast-lite-b093495-250ah-prismatic-v1,PHYSICS_REFERENCE,NEAR_BOUNDARY,10.25,4100.000000000007,3624.0323196863637,0.8002511503547378
high_frequency,high-frequency-v1,blast-lite-lfp-gr-250ah-prismatic-2019-v1,blast-lite-b093495-250ah-prismatic-v1,PHYSICS_REFERENCE,NEAR_BOUNDARY,10.333333333333334,4133.33333333334,3650.707358031522,0.7991493957533851
high_frequency,high-frequency-v1,blast-lite-lfp-gr-250ah-prismatic-2019-v1,blast-lite-b093495-250ah-prismatic-v1,PHYSICS_REFERENCE,NEAR_BOUNDARY,10.416666666666666,4166.666666666673,3677.3456712233015,0.7980514706442583
high_frequency,high-frequency-v1,blast-lite-lfp-gr-250ah-prismatic-2019-v1,blast-lite-b093495-250ah-prismatic-v1,PHYSICS_REFERENCE,NEAR_BOUNDARY,10.5,4200.000000000006,3703.9473869114436,0.7969573429429676
high_frequency,high-frequency-v1,blast-lite-lfp-gr-250ah-prismatic-2019-v1,blast-lite-b093495-250ah-prismatic-v1,PHYSICS_REFERENCE,NEAR_BOUNDARY,10.583333333333334,4233.333333333339,3730.5126316762094,0.795866981069262
high_frequency,high-frequency-v1,blast-lite-lfp-gr-250ah-prismatic-2019-v1,blast-lite-b093495-250ah-prismatic-v1,PHYSICS_REFERENCE,NEAR_BOUNDARY,10.666666666666666,4266.666666666672,3757.041531045185,0.7947803539349979
high_frequency,high-frequency-v1,blast-lite-lfp-gr-250ah-prismatic-2019-v1,blast-lite-b093495-250ah-prismatic-v1,PHYSICS_REFERENCE,NEAR_BOUNDARY,10.75,4300.0000000000055,3783.534209509685,0.7936974309324906
high_frequency,high-frequency-v1,blast-lite-lfp-gr-250ah-prismatic-2019-v1,blast-lite-b093495-250ah-prismatic-v1,PHYSICS_REFERENCE,NEAR_BOUNDARY,10.833333333333334,4333.3333333333385,3809.9907905407676,0.7926181819232352
high_frequency,high-frequency-v1,blast-lite-lfp-gr-250ah-prismatic-2019-v1,blast-lite-b093495-250ah-prismatic-v1,PHYSICS_REFERENCE,NEAR_BOUNDARY,10.916666666666666,4366.6666666666715,3836.4113966048753,0.7915425772269822
high_frequency,high-frequency-v1,blast-lite-lfp-gr-250ah-prismatic-2019-v1,blast-lite-b093495-250ah-prismatic-v1,PHYSICS_REFERENCE,NEAR_BOUNDARY,11.0,4400.000000000005,3862.796149179108,0.7904705876111525
high_frequency,high-frequency-v1,blast-lite-lfp-gr-250ah-prismatic-2019-v1,blast-lite-b093495-250ah-prismatic-v1,PHYSICS_REFERENCE,NEAR_BOUNDARY,11.083333333333334,4433.333333333338,3889.1451687661465,0.7894021842805805
high_frequency,high-frequency-v1,blast-lite-lfp-gr-250ah-prismatic-2019-v1,blast-lite-b093495-250ah-prismatic-v1,PHYSICS_REFERENCE,NEAR_BOUNDARY,11.166666666666666,4466.666666666671,3915.4585749088324,0.7883373388675715
high_frequency,high-frequency-v1,blast-lite-lfp-gr-250ah-prismatic-2019-v1,blast-lite-b093495-250ah-prismatic-v1,PHYSICS_REFERENCE,NEAR_BOUNDARY,11.25,4500.000000000004,3941.7364862044183,0.7872760234222616
high_frequency,high-frequency-v1,blast-lite-lfp-gr-250ah-prismatic-2019-v1,blast-lite-b093495-250ah-prismatic-v1,PHYSICS_REFERENCE,NEAR_BOUNDARY,11.333333333333334,4533.333333333337,3967.9790203184934,0.7862182104032691
high_frequency,high-frequency-v1,blast-lite-lfp-gr-250ah-prismatic-2019-v1,blast-lite-b093495-250ah-prismatic-v1,PHYSICS_REFERENCE,NEAR_BOUNDARY,11.416666666666666,4566.66666666667,3994.186293998602,0.7851638726686261
high_frequency,high-frequency-v1,blast-lite-lfp-gr-250ah-prismatic-2019-v1,blast-lite-b093495-250ah-prismatic-v1,PHYSICS_REFERENCE,NEAR_BOUNDARY,11.5,4600.000000000003,4020.3584230875563,0.7841129834669789
high_frequency,high-frequency-v1,blast-lite-lfp-gr-250ah-prismatic-2019-v1,blast-lite-b093495-250ah-prismatic-v1,PHYSICS_REFERENCE,NEAR_BOUNDARY,11.583333333333334,4633.333333333336,4046.4955225364556,0.7830655164290494
high_frequency,high-frequency-v1,blast-lite-lfp-gr-250ah-prismatic-2019-v1,blast-lite-b093495-250ah-prismatic-v1,PHYSICS_REFERENCE,NEAR_BOUNDARY,11.666666666666666,4666.666666666669,4072.597706417424,0.7820214455593462
high_frequency,high-frequency-v1,blast-lite-lfp-gr-250ah-prismatic-2019-v1,blast-lite-b093495-250ah-prismatic-v1,PHYSICS_REFERENCE,NEAR_BOUNDARY,11.75,4700.000000000002,4098.665087936069,0.7809807452281161
high_frequency,high-frequency-v1,blast-lite-lfp-gr-250ah-prismatic-2019-v1,blast-lite-b093495-250ah-prismatic-v1,PHYSICS_REFERENCE,NEAR_BOUNDARY,11.833333333333334,4733.333333333335,4124.6977794436725,0.7799433901635291
high_frequency,high-frequency-v1,blast-lite-lfp-gr-250ah-prismatic-2019-v1,blast-lite-b093495-250ah-prismatic-v1,PHYSICS_REFERENCE,NEAR_BOUNDARY,11.916666666666666,4766.666666666668,4150.695892449124,0.7789093554440861
high_frequency,high-frequency-v1,blast-lite-lfp-gr-250ah-prismatic-2019-v1,blast-lite-b093495-250ah-prismatic-v1,PHYSICS_REFERENCE,NEAR_BOUNDARY,12.0,4800.000000000001,4176.659537630593,0.7778786164912435
high_frequency,high-frequency-v1,blast-lite-lfp-gr-250ah-prismatic-2019-v1,blast-lite-b093495-250ah-prismatic-v1,PHYSICS_REFERENCE,NEAR_BOUNDARY,12.083333333333334,4833.333333333334,4202.588824846968,0.7768511490622455
high_frequency,high-frequency-v1,blast-lite-lfp-gr-250ah-prismatic-2019-v1,blast-lite-b093495-250ah-prismatic-v1,PHYSICS_REFERENCE,NEAR_BOUNDARY,12.166666666666666,4866.666666666667,4228.483863149043,0.7758269292431579
high_frequency,high-frequency-v1,blast-lite-lfp-gr-250ah-prismatic-2019-v1,blast-lite-b093495-250ah-prismatic-v1,PHYSICS_REFERENCE,NEAR_BOUNDARY,12.25,4900.0,4254.344760790482,0.7748059334420945
high_frequency,high-frequency-v1,blast-lite-lfp-gr-250ah-prismatic-2019-v1,blast-lite-b093495-250ah-prismatic-v1,PHYSICS_REFERENCE,NEAR_BOUNDARY,12.333333333333334,4933.333333333333,4280.171625238551,0.7737881383826328
high_frequency,high-frequency-v1,blast-lite-lfp-gr-250ah-prismatic-2019-v1,blast-lite-b093495-250ah-prismatic-v1,PHYSICS_REFERENCE,NEAR_BOUNDARY,12.416666666666666,4966.666666666666,4305.964563184639,0.7727735210974089
high_frequency,high-frequency-v1,blast-lite-lfp-gr-250ah-prismatic-2019-v1,blast-lite-b093495-250ah-prismatic-v1,PHYSICS_REFERENCE,NEAR_BOUNDARY,12.5,4999.999999999999,4331.723680554553,0.7717620589218867
high_frequency,high-frequency-v1,blast-lite-lfp-gr-250ah-prismatic-2019-v1,blast-lite-b093495-250ah-prismatic-v1,PHYSICS_REFERENCE,NEAR_BOUNDARY,12.583333333333334,5033.333333333332,4357.449082518616,0.7707537294882965
high_frequency,high-frequency-v1,blast-lite-lfp-gr-250ah-prismatic-2019-v1,blast-lite-b093495-250ah-prismatic-v1,PHYSICS_REFERENCE,NEAR_BOUNDARY,12.666666666666666,5066.666666666665,4383.140873501559,0.7697485107197368
high_frequency,high-frequency-v1,blast-lite-lfp-gr-250ah-prismatic-2019-v1,blast-lite-b093495-250ah-prismatic-v1,PHYSICS_REFERENCE,NEAR_BOUNDARY,12.75,5099.999999999998,4408.7991571922175,0.7687463808244327
high_frequency,high-frequency-v1,blast-lite-lfp-gr-250ah-prismatic-2019-v1,blast-lite-b093495-250ah-prismatic-v1,PHYSICS_REFERENCE,NEAR_BOUNDARY,12.833333333333334,5133.333333333331,4434.424036553032,0.7677473182901464
high_frequency,high-frequency-v1,blast-lite-lfp-gr-250ah-prismatic-2019-v1,blast-lite-b093495-250ah-prismatic-v1,PHYSICS_REFERENCE,NEAR_BOUNDARY,12.916666666666666,5166.666666666664,4460.0156138293705,0.7667513018787355
high_frequency,high-frequency-v1,blast-lite-lfp-gr-250ah-prismatic-2019-v1,blast-lite-b093495-250ah-prismatic-v1,PHYSICS_REFERENCE,NEAR_BOUNDARY,13.0,5199.999999999997,4485.5739905586615,0.7657583106208541
high_frequency,high-frequency-v1,blast-lite-lfp-gr-250ah-prismatic-2019-v1,blast-lite-b093495-250ah-prismatic-v1,PHYSICS_REFERENCE,NEAR_BOUNDARY,13.083333333333334,5233.33333333333,4511.099267579357,0.7647683238107891
high_frequency,high-frequency-v1,blast-lite-lfp-gr-250ah-prismatic-2019-v1,blast-lite-b093495-250ah-prismatic-v1,PHYSICS_REFERENCE,NEAR_BOUNDARY,13.166666666666666,5266.666666666663,4536.591545039716,0.763781321001433
high_frequency,high-frequency-v1,blast-lite-lfp-gr-250ah-prismatic-2019-v1,blast-lite-b093495-250ah-prismatic-v1,PHYSICS_REFERENCE,NEAR_BOUNDARY,13.25,5299.999999999996,4562.050922406431,0.7627972819993835
high_frequency,high-frequency-v1,blast-lite-lfp-gr-250ah-prismatic-2019-v1,blast-lite-b093495-250ah-prismatic-v1,PHYSICS_REFERENCE,NEAR_BOUNDARY,13.333333333333334,5333.333333333329,4587.477498473077,0.7618161868601676
high_frequency,high-frequency-v1,blast-lite-lfp-gr-250ah-prismatic-2019-v1,blast-lite-b093495-250ah-prismatic-v1,PHYSICS_REFERENCE,NEAR_BOUNDARY,13.416666666666666,5366.666666666662,4612.871371368416,0.7608380158835887
high_frequency,high-frequency-v1,blast-lite-lfp-gr-250ah-prismatic-2019-v1,blast-lite-b093495-250ah-prismatic-v1,PHYSICS_REFERENCE,NEAR_BOUNDARY,13.5,5399.999999999995,4638.232638564536,0.7598627496091878
high_frequency,high-frequency-v1,blast-lite-lfp-gr-250ah-prismatic-2019-v1,blast-lite-b093495-250ah-prismatic-v1,PHYSICS_REFERENCE,NEAR_BOUNDARY,13.583333333333334,5433.3333333333285,4663.561396884842,0.7588903688118204
high_frequency,high-frequency-v1,blast-lite-lfp-gr-250ah-prismatic-2019-v1,blast-lite-b093495-250ah-prismatic-v1,PHYSICS_REFERENCE,NEAR_BOUNDARY,13.666666666666666,5466.6666666666615,4688.857742511903,0.7579208544973421
high_frequency,high-frequency-v1,blast-lite-lfp-gr-250ah-prismatic-2019-v1,blast-lite-b093495-250ah-prismatic-v1,PHYSICS_REFERENCE,NEAR_BOUNDARY,13.75,5499.9999999999945,4714.121770995148,0.7569541878984
high_frequency,high-frequency-v1,blast-lite-lfp-gr-250ah-prismatic-2019-v1,blast-lite-b093495-250ah-prismatic-v1,PHYSICS_REFERENCE,NEAR_BOUNDARY,13.833333333333334,5533.333333333328,4739.353577258428,0.7559903504703287
high_frequency,high-frequency-v1,blast-lite-lfp-gr-250ah-prismatic-2019-v1,blast-lite-b093495-250ah-prismatic-v1,PHYSICS_REFERENCE,NEAR_BOUNDARY,13.916666666666666,5566.666666666661,4764.5532556074395,0.7550293238871449
high_frequency,high-frequency-v1,blast-lite-lfp-gr-250ah-prismatic-2019-v1,blast-lite-b093495-250ah-prismatic-v1,PHYSICS_REFERENCE,NEAR_BOUNDARY,14.0,5599.999999999994,4789.720899737011,0.7540710900376395
high_frequency,high-frequency-v1,blast-lite-lfp-gr-250ah-prismatic-2019-v1,blast-lite-b093495-250ah-prismatic-v1,PHYSICS_REFERENCE,NEAR_BOUNDARY,14.083333333333334,5633.333333333327,4814.856602738266,0.7531156310215631
high_frequency,high-frequency-v1,blast-lite-lfp-gr-250ah-prismatic-2019-v1,blast-lite-b093495-250ah-prismatic-v1,PHYSICS_REFERENCE,NEAR_BOUNDARY,14.166666666666666,5666.66666666666,4839.960457105652,0.752162929145904
high_frequency,high-frequency-v1,blast-lite-lfp-gr-250ah-prismatic-2019-v1,blast-lite-b093495-250ah-prismatic-v1,PHYSICS_REFERENCE,NEAR_BOUNDARY,14.25,5699.999999999993,4865.032554743849,0.7512129669212525
high_frequency,high-frequency-v1,blast-lite-lfp-gr-250ah-prismatic-2019-v1,blast-lite-b093495-250ah-prismatic-v1,PHYSICS_REFERENCE,NEAR_BOUNDARY,14.333333333333334,5733.333333333326,4890.072986974557,0.7502657270582527
high_frequency,high-frequency-v1,blast-lite-lfp-gr-250ah-prismatic-2019-v1,blast-lite-b093495-250ah-prismatic-v1,PHYSICS_REFERENCE,NEAR_BOUNDARY,14.416666666666666,5766.666666666659,4915.081844543166,0.7493211924641372
high_frequency,high-frequency-v1,blast-lite-lfp-gr-250ah-prismatic-2019-v1,blast-lite-b093495-250ah-prismatic-v1,PHYSICS_REFERENCE,NEAR_BOUNDARY,14.5,5799.999999999992,4940.059217625304,0.7483793462393414
high_frequency,high-frequency-v1,blast-lite-lfp-gr-250ah-prismatic-2019-v1,blast-lite-b093495-250ah-prismatic-v1,PHYSICS_REFERENCE,NEAR_BOUNDARY,14.583333333333334,5833.333333333325,4965.005195833282,0.7474401716741982
high_frequency,high-frequency-v1,blast-lite-lfp-gr-250ah-prismatic-2019-v1,blast-lite-b093495-250ah-prismatic-v1,PHYSICS_REFERENCE,NEAR_BOUNDARY,14.666666666666666,5866.666666666658,4989.919868222422,0.7465036522457069
high_frequency,high-frequency-v1,blast-lite-lfp-gr-250ah-prismatic-2019-v1,blast-lite-b093495-250ah-prismatic-v1,PHYSICS_REFERENCE,NEAR_BOUNDARY,14.75,5899.999999999991,5014.803323297279,0.7455697716143779
high_frequency,high-frequency-v1,blast-lite-lfp-gr-250ah-prismatic-2019-v1,blast-lite-b093495-250ah-prismatic-v1,PHYSICS_REFERENCE,NEAR_BOUNDARY,14.833333333333334,5933.333333333324,5039.655649017758,0.7446385136211477
high_frequency,high-frequency-v1,blast-lite-lfp-gr-250ah-prismatic-2019-v1,blast-lite-b093495-250ah-prismatic-v1,PHYSICS_REFERENCE,NEAR_BOUNDARY,14.916666666666666,5966.666666666657,5064.47693280513,0.7437098622843644
high_frequency,high-frequency-v1,blast-lite-lfp-gr-250ah-prismatic-2019-v1,blast-lite-b093495-250ah-prismatic-v1,PHYSICS_REFERENCE,NEAR_BOUNDARY,15.0,5999.99999999999,5089.267261547942,0.7427838017968411
high_frequency,high-frequency-v1,blast-lite-lfp-gr-250ah-prismatic-2019-v1,blast-lite-b093495-250ah-prismatic-v1,PHYSICS_REFERENCE,NEAR_BOUNDARY,15.083333333333334,6033.333333333323,5114.026721607837,0.7418603165229753
high_frequency,high-frequency-v1,blast-lite-lfp-gr-250ah-prismatic-2019-v1,blast-lite-b093495-250ah-prismatic-v1,PHYSICS_REFERENCE,NEAR_BOUNDARY,15.166666666666666,6066.666666666656,5138.755398825269,0.7409393909959314
high_frequency,high-frequency-v1,blast-lite-lfp-gr-250ah-prismatic-2019-v1,blast-lite-b093495-250ah-prismatic-v1,PHYSICS_REFERENCE,NEAR_BOUNDARY,15.25,6099.999999999989,5163.453378525133,0.7400210099148867
high_frequency,high-frequency-v1,blast-lite-lfp-gr-250ah-prismatic-2019-v1,blast-lite-b093495-250ah-prismatic-v1,PHYSICS_REFERENCE,NEAR_BOUNDARY,15.333333333333334,6133.333333333322,5188.120745522297,0.7391051581423378
high_frequency,high-frequency-v1,blast-lite-lfp-gr-250ah-prismatic-2019-v1,blast-lite-b093495-250ah-prismatic-v1,PHYSICS_REFERENCE,NEAR_BOUNDARY,15.416666666666666,6166.666666666655,5212.757584127041,0.7381918207014645
high_frequency,high-frequency-v1,blast-lite-lfp-gr-250ah-prismatic-2019-v1,blast-lite-b093495-250ah-prismatic-v1,PHYSICS_REFERENCE,NEAR_BOUNDARY,15.5,6199.999999999988,5237.3639781504235,0.7372809827735528
high_frequency,high-frequency-v1,blast-lite-lfp-gr-250ah-prismatic-2019-v1,blast-lite-b093495-250ah-prismatic-v1,PHYSICS_REFERENCE,NEAR_BOUNDARY,15.583333333333334,6233.333333333321,5261.940010909542,0.7363726296954727
high_frequency,high-frequency-v1,blast-lite-lfp-gr-250ah-prismatic-2019-v1,blast-lite-b093495-250ah-prismatic-v1,PHYSICS_REFERENCE,NEAR_BOUNDARY,15.666666666666666,6266.666666666654,5286.485765232725,0.7354667469572098
high_frequency,high-frequency-v1,blast-lite-lfp-gr-250ah-prismatic-2019-v1,blast-lite-b093495-250ah-prismatic-v1,PHYSICS_REFERENCE,NEAR_BOUNDARY,15.75,6299.999999999987,5311.001323464631,0.734563320199451
high_frequency,high-frequency-v1,blast-lite-lfp-gr-250ah-prismatic-2019-v1,blast-lite-b093495-250ah-prismatic-v1,PHYSICS_REFERENCE,NEAR_BOUNDARY,15.833333333333334,6333.33333333332,5335.48676747128,0.7336623352112198
high_frequency,high-frequency-v1,blast-lite-lfp-gr-250ah-prismatic-2019-v1,blast-lite-b093495-250ah-prismatic-v1,PHYSICS_REFERENCE,NEAR_BOUNDARY,15.916666666666666,6366.666666666653,5359.942178644987,0.7327637779275629
high_frequency,high-frequency-v1,blast-lite-lfp-gr-250ah-prismatic-2019-v1,blast-lite-b093495-250ah-prismatic-v1,PHYSICS_REFERENCE,NEAR_BOUNDARY,16.0,6399.999999999986,5384.3676379092385,0.7318676344272849
high_frequency,high-frequency-v1,blast-lite-lfp-gr-250ah-prismatic-2019-v1,blast-lite-b093495-250ah-prismatic-v1,PHYSICS_REFERENCE,NEAR_BOUNDARY,16.083333333333332,6433.333333333319,5408.763225723481,0.7309738909307301
high_frequency,high-frequency-v1,blast-lite-lfp-gr-250ah-prismatic-2019-v1,blast-lite-b093495-250ah-prismatic-v1,PHYSICS_REFERENCE,NEAR_BOUNDARY,16.166666666666668,6466.666666666652,5433.129022087838,0.7300825337976115
high_frequency,high-frequency-v1,blast-lite-lfp-gr-250ah-prismatic-2019-v1,blast-lite-b093495-250ah-prismatic-v1,PHYSICS_REFERENCE,NEAR_BOUNDARY,16.25,6499.999999999985,5457.465106547758,0.729193549524883
high_frequency,high-frequency-v1,blast-lite-lfp-gr-250ah-prismatic-2019-v1,blast-lite-b093495-250ah-prismatic-v1,PHYSICS_REFERENCE,NEAR_BOUNDARY,16.333333333333332,6533.3333333333185,5481.771558198588,0.7283069247446569
high_frequency,high-frequency-v1,blast-lite-lfp-gr-250ah-prismatic-2019-v1,blast-lite-b093495-250ah-prismatic-v1,PHYSICS_REFERENCE,NEAR_BOUNDARY,16.416666666666668,6566.6666666666515,5506.0484556900765,0.7274226462221631
high_frequency,high-frequency-v1,blast-lite-lfp-gr-250ah-prismatic-2019-v1,blast-lite-b093495-250ah-prismatic-v1,PHYSICS_REFERENCE,NEAR_BOUNDARY,16.5,6599.9999999999845,5530.295877230816,0.7265407008537503
high_frequency,high-frequency-v1,blast-lite-lfp-gr-250ah-prismatic-2019-v1,blast-lite-b093495-250ah-prismatic-v1,PHYSICS_REFERENCE,NEAR_BOUNDARY,16.583333333333332,6633.333333333318,5554.513900592608,0.7256610756649275
high_frequency,high-frequency-v1,blast-lite-lfp-gr-250ah-prismatic-2019-v1,blast-lite-b093495-250ah-prismatic-v1,PHYSICS_REFERENCE,NEAR_BOUNDARY,16.666666666666668,6666.666666666651,5578.702603114772,0.7247837578084445
high_frequency,high-frequency-v1,blast-lite-lfp-gr-250ah-prismatic-2019-v1,blast-lite-b093495-250ah-prismatic-v1,PHYSICS_REFERENCE,NEAR_BOUNDARY,16.75,6699.999999999984,5602.862061708386,0.7239087345624119
high_frequency,high-frequency-v1,blast-lite-lfp-gr-250ah-prismatic-2019-v1,blast-lite-b093495-250ah-prismatic-v1,PHYSICS_REFERENCE,NEAR_BOUNDARY,16.833333333333332,6733.333333333317,5626.992352860467,0.7230359933284574
high_frequency,high-frequency-v1,blast-lite-lfp-gr-250ah-prismatic-2019-v1,blast-lite-b093495-250ah-prismatic-v1,PHYSICS_REFERENCE,NEAR_BOUNDARY,16.916666666666668,6766.66666666665,5651.093552638082,0.722165521629919
high_frequency,high-frequency-v1,blast-lite-lfp-gr-250ah-prismatic-2019-v1,blast-lite-b093495-250ah-prismatic-v1,PHYSICS_REFERENCE,NEAR_BOUNDARY,17.0,6799.999999999983,5675.165736692413,0.7212973071100752
high_frequency,high-frequency-v1,blast-lite-lfp-gr-250ah-prismatic-2019-v1,blast-lite-b093495-250ah-prismatic-v1,PHYSICS_REFERENCE,NEAR_BOUNDARY,17.083333333333332,6833.333333333316,5699.208980262749,0.7204313375304072
high_frequency,high-frequency-v1,blast-lite-lfp-gr-250ah-prismatic-2019-v1,blast-lite-b093495-250ah-prismatic-v1,PHYSICS_REFERENCE,NEAR_BOUNDARY,17.166666666666668,6866.666666666649,5723.223358180429,0.7195676007688969
high_frequency,high-frequency-v1,blast-lite-lfp-gr-250ah-prismatic-2019-v1,blast-lite-b093495-250ah-prismatic-v1,PHYSICS_REFERENCE,NEAR_BOUNDARY,17.25,6899.999999999982,5747.208944872726,0.7187060848183588
high_frequency,high-frequency-v1,blast-lite-lfp-gr-250ah-prismatic-2019-v1,blast-lite-b093495-250ah-prismatic-v1,PHYSICS_REFERENCE,NEAR_BOUNDARY,17.333333333333332,6933.333333333315,5771.165814366671,0.717846777784801
high_frequency,high-frequency-v1,blast-lite-lfp-gr-250ah-prismatic-2019-v1,blast-lite-b093495-250ah-prismatic-v1,PHYSICS_REFERENCE,NEAR_BOUNDARY,17.416666666666668,6966.666666666648,5795.094040292831,0.716989667885821
high_frequency,high-frequency-v1,blast-lite-lfp-gr-250ah-prismatic-2019-v1,blast-lite-b093495-250ah-prismatic-v1,PHYSICS_REFERENCE,NEAR_BOUNDARY,17.5,6999.999999999981,5818.993695889025,0.7161347434490302
high_frequency,high-frequency-v1,blast-lite-lfp-gr-250ah-prismatic-2019-v1,blast-lite-b093495-250ah-prismatic-v1,PHYSICS_REFERENCE,NEAR_BOUNDARY,17.583333333333332,7033.333333333314,5842.864854003992,0.7152819929105091
high_frequency,high-frequency-v1,blast-lite-lfp-gr-250ah-prismatic-2019-v1,blast-lite-b093495-250ah-prismatic-v1,PHYSICS_REFERENCE,NEAR_BOUNDARY,17.666666666666668,7066.666666666647,5866.707587101009,0.7144314048132918
high_frequency,high-frequency-v1,blast-lite-lfp-gr-250ah-prismatic-2019-v1,blast-lite-b093495-250ah-prismatic-v1,PHYSICS_REFERENCE,NEAR_BOUNDARY,17.75,7099.99999999998,5890.521967261452,0.7135829678058787
high_frequency,high-frequency-v1,blast-lite-lfp-gr-250ah-prismatic-2019-v1,blast-lite-b093495-250ah-prismatic-v1,PHYSICS_REFERENCE,NEAR_BOUNDARY,17.833333333333332,7133.333333333313,5914.308066188315,0.712736670640777
high_frequency,high-frequency-v1,blast-lite-lfp-gr-250ah-prismatic-2019-v1,blast-lite-b093495-250ah-prismatic-v1,PHYSICS_REFERENCE,NEAR_BOUNDARY,17.916666666666668,7166.666666666646,5938.065955209674,0.7118925021730693
high_frequency,high-frequency-v1,blast-lite-lfp-gr-250ah-prismatic-2019-v1,blast-lite-b093495-250ah-prismatic-v1,PHYSICS_REFERENCE,NEAR_BOUNDARY,18.0,7199.999999999979,5961.795705282109,0.7110504513590079
high_frequency,high-frequency-v1,blast-lite-lfp-gr-250ah-prismatic-2019-v1,blast-lite-b093495-250ah-prismatic-v1,PHYSICS_REFERENCE,NEAR_BOUNDARY,18.083333333333332,7233.333333333312,5985.497386994076,0.7102105072546352
high_frequency,high-frequency-v1,blast-lite-lfp-gr-250ah-prismatic-2019-v1,blast-lite-b093495-250ah-prismatic-v1,PHYSICS_REFERENCE,NEAR_BOUNDARY,18.166666666666668,7266.666666666645,6009.17107056923,0.7093726590144296
high_frequency,high-frequency-v1,blast-lite-lfp-gr-250ah-prismatic-2019-v1,blast-lite-b093495-250ah-prismatic-v1,PHYSICS_REFERENCE,NEAR_BOUNDARY,18.25,7299.999999999978,6032.8168258697115,0.7085368958899767
high_frequency,high-frequency-v1,blast-lite-lfp-gr-250ah-prismatic-2019-v1,blast-lite-b093495-250ah-prismatic-v1,PHYSICS_REFERENCE,NEAR_BOUNDARY,18.333333333333332,7333.333333333311,6056.434722399377,0.7077032072286635
high_frequency,high-frequency-v1,blast-lite-lfp-gr-250ah-prismatic-2019-v1,blast-lite-b093495-250ah-prismatic-v1,PHYSICS_REFERENCE,NEAR_BOUNDARY,18.416666666666668,7366.666666666644,6080.024829306999,0.7068715824723978
high_frequency,high-frequency-v1,blast-lite-lfp-gr-250ah-prismatic-2019-v1,blast-lite-b093495-250ah-prismatic-v1,PHYSICS_REFERENCE,NEAR_BOUNDARY,18.5,7399.999999999977,6103.587215389412,0.7060420111563488
high_frequency,high-frequency-v1,blast-lite-lfp-gr-250ah-prismatic-2019-v1,blast-lite-b093495-250ah-prismatic-v1,PHYSICS_REFERENCE,NEAR_BOUNDARY,18.583333333333332,7433.33333333331,6127.121949094624,0.7052144829077124
high_frequency,high-frequency-v1,blast-lite-lfp-gr-250ah-prismatic-2019-v1,blast-lite-b093495-250ah-prismatic-v1,PHYSICS_REFERENCE,NEAR_BOUNDARY,18.666666666666668,7466.666666666643,6150.629098524882,0.7043889874444969
high_frequency,high-frequency-v1,blast-lite-lfp-gr-250ah-prismatic-2019-v1,blast-lite-b093495-250ah-prismatic-v1,PHYSICS_REFERENCE,NEAR_BOUNDARY,18.75,7499.999999999976,6174.108731439698,0.7035655145743311
high_frequency,high-frequency-v1,blast-lite-lfp-gr-250ah-prismatic-2019-v1,blast-lite-b093495-250ah-prismatic-v1,PHYSICS_REFERENCE,NEAR_BOUNDARY,18.833333333333332,7533.333333333309,6197.560915258842,0.7027440541932937
high_frequency,high-frequency-v1,blast-lite-lfp-gr-250ah-prismatic-2019-v1,blast-lite-b093495-250ah-prismatic-v1,PHYSICS_REFERENCE,NEAR_BOUNDARY,18.916666666666668,7566.666666666642,6220.985717065285,0.7019245962847624
high_frequency,high-frequency-v1,blast-lite-lfp-gr-250ah-prismatic-2019-v1,blast-lite-b093495-250ah-prismatic-v1,PHYSICS_REFERENCE,NEAR_BOUNDARY,19.0,7599.999999999975,6244.38320360811,0.7011071309182844
high_frequency,high-frequency-v1,blast-lite-lfp-gr-250ah-prismatic-2019-v1,blast-lite-b093495-250ah-prismatic-v1,PHYSICS_REFERENCE,NEAR_BOUNDARY,19.083333333333332,7633.3333333333085,6267.753441305386,0.7002916482484649
high_frequency,high-frequency-v1,blast-lite-lfp-gr-250ah-prismatic-2019-v1,blast-lite-b093495-250ah-prismatic-v1,PHYSICS_REFERENCE,NEAR_BOUNDARY,19.166666666666668,7666.6666666666415,6291.096496247002,0.6994781385138774
high_frequency,high-frequency-v1,blast-lite-lfp-gr-250ah-prismatic-2019-v1,blast-lite-b093495-250ah-prismatic-v1,PHYSICS_REFERENCE,NEAR_BOUNDARY,19.25,7699.9999999999745,6314.412434197464,0.6986665920359905
high_frequency,high-frequency-v1,blast-lite-lfp-gr-250ah-prismatic-2019-v1,blast-lite-b093495-250ah-prismatic-v1,PHYSICS_REFERENCE,NEAR_BOUNDARY,19.333333333333332,7733.333333333308,6337.701320598663,0.6978569992181141
high_frequency,high-frequency-v1,blast-lite-lfp-gr-250ah-prismatic-2019-v1,blast-lite-b093495-250ah-prismatic-v1,PHYSICS_REFERENCE,NEAR_BOUNDARY,19.416666666666668,7766.666666666641,6360.9632205726,0.6970493505443645
high_frequency,high-frequency-v1,blast-lite-lfp-gr-250ah-prismatic-2019-v1,blast-lite-b093495-250ah-prismatic-v1,PHYSICS_REFERENCE,NEAR_BOUNDARY,19.5,7799.999999999974,6384.198198924079,0.6962436365786455
high_frequency,high-frequency-v1,blast-lite-lfp-gr-250ah-prismatic-2019-v1,blast-lite-b093495-250ah-prismatic-v1,PHYSICS_REFERENCE,NEAR_BOUNDARY,19.583333333333332,7833.333333333307,6407.406320143367,0.6954398479636481
high_frequency,high-frequency-v1,blast-lite-lfp-gr-250ah-prismatic-2019-v1,blast-lite-b093495-250ah-prismatic-v1,PHYSICS_REFERENCE,NEAR_BOUNDARY,19.666666666666668,7866.66666666664,6430.587648408822,0.6946379754198665
high_frequency,high-frequency-v1,blast-lite-lfp-gr-250ah-prismatic-2019-v1,blast-lite-b093495-250ah-prismatic-v1,PHYSICS_REFERENCE,NEAR_BOUNDARY,19.75,7899.999999999973,6453.742247589485,0.6938380097446311
high_frequency,high-frequency-v1,blast-lite-lfp-gr-250ah-prismatic-2019-v1,blast-lite-b093495-250ah-prismatic-v1,PHYSICS_REFERENCE,NEAR_BOUNDARY,19.833333333333332,7933.333333333306,6476.870181247639,0.693039941811157
high_frequency,high-frequency-v1,blast-lite-lfp-gr-250ah-prismatic-2019-v1,blast-lite-b093495-250ah-prismatic-v1,PHYSICS_REFERENCE,NEAR_BOUNDARY,19.916666666666668,7966.666666666639,6499.971512641345,0.6922437625676098
high_frequency,high-frequency-v1,blast-lite-lfp-gr-250ah-prismatic-2019-v1,blast-lite-b093495-250ah-prismatic-v1,PHYSICS_REFERENCE,NEAR_BOUNDARY,20.0,7999.999999999972,6523.046304726932,0.6914494630361847
high_frequency,high-frequency-v1,blast-lite-lfp-gr-250ah-prismatic-2019-v1,blast-lite-b093495-250ah-prismatic-v1,PHYSICS_REFERENCE,NEAR_BOUNDARY,20.083333333333332,8033.333333333305,6546.0946201614715,0.6906570343122033
high_frequency,high-frequency-v1,blast-lite-lfp-gr-250ah-prismatic-2019-v1,blast-lite-b093495-250ah-prismatic-v1,PHYSICS_REFERENCE,NEAR_BOUNDARY,20.166666666666668,8066.666666666638,6569.116521305212,0.6898664675632232
high_frequency,high-frequency-v1,blast-lite-lfp-gr-250ah-prismatic-2019-v1,blast-lite-b093495-250ah-prismatic-v1,PHYSICS_REFERENCE,NEAR_BOUNDARY,20.25,8099.999999999971,6592.112070223986,0.6890777540281636
high_frequency,high-frequency-v1,blast-lite-lfp-gr-250ah-prismatic-2019-v1,blast-lite-b093495-250ah-prismatic-v1,PHYSICS_REFERENCE,NEAR_BOUNDARY,20.333333333333332,8133.333333333304,6615.081328691592,0.6882908850164445
high_frequency,high-frequency-v1,blast-lite-lfp-gr-250ah-prismatic-2019-v1,blast-lite-b093495-250ah-prismatic-v1,PHYSICS_REFERENCE,NEAR_BOUNDARY,20.416666666666668,8166.666666666637,6638.0243581921395,0.6875058519071404
high_frequency,high-frequency-v1,blast-lite-lfp-gr-250ah-prismatic-2019-v1,blast-lite-b093495-250ah-prismatic-v1,PHYSICS_REFERENCE,NEAR_BOUNDARY,20.5,8199.99999999997,6660.941219922378,0.6867226461481469
high_frequency,high-frequency-v1,blast-lite-lfp-gr-250ah-prismatic-2019-v1,blast-lite-b093495-250ah-prismatic-v1,PHYSICS_REFERENCE,NEAR_BOUNDARY,20.583333333333332,8233.333333333305,6683.831974793983,0.6859412592553613
high_frequency,high-frequency-v1,blast-lite-lfp-gr-250ah-prismatic-2019-v1,blast-lite-b093495-250ah-prismatic-v1,PHYSICS_REFERENCE,NEAR_BOUNDARY,20.666666666666668,8266.666666666639,6706.696683435828,0.6851616828118765
high_frequency,high-frequency-v1,blast-lite-lfp-gr-250ah-prismatic-2019-v1,blast-lite-b093495-250ah-prismatic-v1,PHYSICS_REFERENCE,NEAR_BOUNDARY,20.75,8299.999999999973,6729.535406196224,0.6843839084671879
high_frequency,high-frequency-v1,blast-lite-lfp-gr-250ah-prismatic-2019-v1,blast-lite-b093495-250ah-prismatic-v1,PHYSICS_REFERENCE,NEAR_BOUNDARY,20.833333333333332,8333.333333333307,6752.34820314513,0.6836079279364115
high_frequency,high-frequency-v1,blast-lite-lfp-gr-250ah-prismatic-2019-v1,blast-lite-b093495-250ah-prismatic-v1,PHYSICS_REFERENCE,NEAR_BOUNDARY,20.916666666666668,8366.66666666664,6775.135134076344,0.6828337329995164
high_frequency,high-frequency-v1,blast-lite-lfp-gr-250ah-prismatic-2019-v1,blast-lite-b093495-250ah-prismatic-v1,PHYSICS_REFERENCE,NEAR_BOUNDARY,21.0,8399.999999999975,6797.8962585096615,0.6820613155005686
high_frequency,high-frequency-v1,blast-lite-lfp-gr-250ah-prismatic-2019-v1,blast-lite-b093495-250ah-prismatic-v1,PHYSICS_REFERENCE,NEAR_BOUNDARY,21.083333333333332,8433.333333333308,6820.631635693014,0.6812906673469858
high_frequency,high-frequency-v1,blast-lite-lfp-gr-250ah-prismatic-2019-v1,blast-lite-b093495-250ah-prismatic-v1,PHYSICS_REFERENCE,NEAR_BOUNDARY,21.166666666666668,8466.666666666642,6843.34132460458,0.6805217805088051
high_frequency,high-frequency-v1,blast-lite-lfp-gr-250ah-prismatic-2019-v1,blast-lite-b093495-250ah-prismatic-v1,PHYSICS_REFERENCE,NEAR_BOUNDARY,21.25,8499.999999999976,6866.025383954874,0.6797546470179621
high_frequency,high-frequency-v1,blast-lite-lfp-gr-250ah-prismatic-2019-v1,blast-lite-b093495-250ah-prismatic-v1,PHYSICS_REFERENCE,NEAR_BOUNDARY,21.333333333333332,8533.33333333331,6888.683872188806,0.6789892589675798
high_frequency,high-frequency-v1,blast-lite-lfp-gr-250ah-prismatic-2019-v1,blast-lite-b093495-250ah-prismatic-v1,PHYSICS_REFERENCE,NEAR_BOUNDARY,21.416666666666668,8566.666666666644,6911.316847487726,0.6782256085112705
high_frequency,high-frequency-v1,blast-lite-lfp-gr-250ah-prismatic-2019-v1,blast-lite-b093495-250ah-prismatic-v1,PHYSICS_REFERENCE,NEAR_BOUNDARY,21.5,8599.999999999978,6933.924367771435,0.6774636878624465
high_frequency,high-frequency-v1,blast-lite-lfp-gr-250ah-prismatic-2019-v1,blast-lite-b093495-250ah-prismatic-v1,PHYSICS_REFERENCE,NEAR_BOUNDARY,21.583333333333332,8633.333333333312,6956.506490700183,0.6767034892936431
high_frequency,high-frequency-v1,blast-lite-lfp-gr-250ah-prismatic-2019-v1,blast-lite-b093495-250ah-prismatic-v1,PHYSICS_REFERENCE,NEAR_BOUNDARY,21.666666666666668,8666.666666666646,6979.063273676638,0.6759450051358505
high_frequency,high-frequency-v1,blast-lite-lfp-gr-250ah-prismatic-2019-v1,blast-lite-b093495-250ah-prismatic-v1,PHYSICS_REFERENCE,NEAR_BOUNDARY,21.75,8699.99999999998,7001.5947738478335,0.6751882277778569
high_frequency,high-frequency-v1,blast-lite-lfp-gr-250ah-prismatic-2019-v1,blast-lite-b093495-250ah-prismatic-v1,PHYSICS_REFERENCE,NEAR_BOUNDARY,21.833333333333332,8733.333333333314,7024.101048107095,0.6744331496656009
high_frequency,high-frequency-v1,blast-lite-lfp-gr-250ah-prismatic-2019-v1,blast-lite-b093495-250ah-prismatic-v1,PHYSICS_REFERENCE,NEAR_BOUNDARY,21.916666666666668,8766.666666666648,7046.582153095948,0.6736797633015341
high_frequency,high-frequency-v1,blast-lite-lfp-gr-250ah-prismatic-2019-v1,blast-lite-b093495-250ah-prismatic-v1,PHYSICS_REFERENCE,NEAR_BOUNDARY,22.0,8799.999999999982,7069.038145205999,0.6729280612439934
high_frequency,high-frequency-v1,blast-lite-lfp-gr-250ah-prismatic-2019-v1,blast-lite-b093495-250ah-prismatic-v1,PHYSICS_REFERENCE,NEAR_BOUNDARY,22.083333333333332,8833.333333333316,7091.469080580799,0.6721780361065812
high_frequency,high-frequency-v1,blast-lite-lfp-gr-250ah-prismatic-2019-v1,blast-lite-b093495-250ah-prismatic-v1,PHYSICS_REFERENCE,NEAR_BOUNDARY,22.166666666666668,8866.66666666665,7113.875015117685,0.6714296805575578
high_frequency,high-frequency-v1,blast-lite-lfp-gr-250ah-prismatic-2019-v1,blast-lite-b093495-250ah-prismatic-v1,PHYSICS_REFERENCE,NEAR_BOUNDARY,22.25,8899.999999999984,7136.256004469603,0.6706829873192398
high_frequency,high-frequency-v1,blast-lite-lfp-gr-250ah-prismatic-2019-v1,blast-lite-b093495-250ah-prismatic-v1,PHYSICS_REFERENCE,NEAR_BOUNDARY,22.333333333333332,8933.333333333318,7158.612104046911,0.6699379491674092
high_frequency,high-frequency-v1,blast-lite-lfp-gr-250ah-prismatic-2019-v1,blast-lite-b093495-250ah-prismatic-v1,PHYSICS_REFERENCE,NEAR_BOUNDARY,22.416666666666668,8966.666666666652,7180.943369019157,0.6691945589307308
high_frequency,high-frequency-v1,blast-lite-lfp-gr-250ah-prismatic-2019-v1,blast-lite-b093495-250ah-prismatic-v1,PHYSICS_REFERENCE,NEAR_BOUNDARY,22.5,8999.999999999985,7203.2498543168485,0.6684528094901772
high_frequency,high-frequency-v1,blast-lite-lfp-gr-250ah-prismatic-2019-v1,blast-lite-b093495-250ah-prismatic-v1,PHYSICS_REFERENCE,NEAR_BOUNDARY,22.583333333333332,9033.33333333332,7225.531614633188,0.6677126937784645
high_frequency,high-frequency-v1,blast-lite-lfp-gr-250ah-prismatic-2019-v1,blast-lite-b093495-250ah-prismatic-v1,PHYSICS_REFERENCE,NEAR_BOUNDARY,22.666666666666668,9066.666666666653,7247.788704425803,0.6669742047794939
high_frequency,high-frequency-v1,blast-lite-lfp-gr-250ah-prismatic-2019-v1,blast-lite-b093495-250ah-prismatic-v1,PHYSICS_REFERENCE,NEAR_BOUNDARY,22.75,9099.999999999987,7270.021177918453,0.6662373355278016
high_frequency,high-frequency-v1,blast-lite-lfp-gr-250ah-prismatic-2019-v1,blast-lite-b093495-250ah-prismatic-v1,PHYSICS_REFERENCE,NEAR_BOUNDARY,22.833333333333332,9133.333333333321,7292.229089102713,0.6655020791080191
high_frequency,high-frequency-v1,blast-lite-lfp-gr-250ah-prismatic-2019-v1,blast-lite-b093495-250ah-prismatic-v1,PHYSICS_REFERENCE,NEAR_BOUNDARY,22.916666666666668,9166.666666666655,7314.4124917396475,0.664768428654338
high_frequency,high-frequency-v1,blast-lite-lfp-gr-250ah-prismatic-2019-v1,blast-lite-b093495-250ah-prismatic-v1,PHYSICS_REFERENCE,NEAR_BOUNDARY,23.0,9199.999999999989,7336.571439361459,0.6640363773499851
high_frequency,high-frequency-v1,blast-lite-lfp-gr-250ah-prismatic-2019-v1,blast-lite-b093495-250ah-prismatic-v1,PHYSICS_REFERENCE,NEAR_BOUNDARY,23.083333333333332,9233.333333333323,7358.705985273125,0.6633059184267025
high_frequency,high-frequency-v1,blast-lite-lfp-gr-250ah-prismatic-2019-v1,blast-lite-b093495-250ah-prismatic-v1,PHYSICS_REFERENCE,NEAR_BOUNDARY,23.166666666666668,9266.666666666657,7380.8161825540155,0.6625770451642383
high_frequency,high-frequency-v1,blast-lite-lfp-gr-250ah-prismatic-2019-v1,blast-lite-b093495-250ah-prismatic-v1,PHYSICS_REFERENCE,NEAR_BOUNDARY,23.25,9299.99999999999,7402.90208405949,0.661849750889841
high_frequency,high-frequency-v1,blast-lite-lfp-gr-250ah-prismatic-2019-v1,blast-lite-b093495-250ah-prismatic-v1,PHYSICS_REFERENCE,NEAR_BOUNDARY,23.333333333333332,9333.333333333325,7424.963742422485,0.661124028977764
high_frequency,high-frequency-v1,blast-lite-lfp-gr-250ah-prismatic-2019-v1,blast-lite-b093495-250ah-prismatic-v1,PHYSICS_REFERENCE,NEAR_BOUNDARY,23.416666666666668,9366.666666666659,7447.001210055077,0.6603998728487758
high_frequency,high-frequency-v1,blast-lite-lfp-gr-250ah-prismatic-2019-v1,blast-lite-b093495-250ah-prismatic-v1,PHYSICS_REFERENCE,NEAR_BOUNDARY,23.5,9399.999999999993,7469.0145391500355,0.6596772759696758
high_frequency,high-frequency-v1,blast-lite-lfp-gr-250ah-prismatic-2019-v1,blast-lite-b093495-250ah-prismatic-v1,PHYSICS_REFERENCE,NEAR_BOUNDARY,23.583333333333332,9433.333333333327,7491.003781682358,0.6589562318528202
high_frequency,high-frequency-v1,blast-lite-lfp-gr-250ah-prismatic-2019-v1,blast-lite-b093495-250ah-prismatic-v1,PHYSICS_REFERENCE,NEAR_BOUNDARY,23.666666666666668,9466.66666666666,7512.968989410785,0.6582367340556503
high_frequency,high-frequency-v1,blast-lite-lfp-gr-250ah-prismatic-2019-v1,blast-lite-b093495-250ah-prismatic-v1,PHYSICS_REFERENCE,NEAR_BOUNDARY,23.75,9499.999999999995,7534.910213879307,0.6575187761802319
high_frequency,high-frequency-v1,blast-lite-lfp-gr-250ah-prismatic-2019-v1,blast-lite-b093495-250ah-prismatic-v1,PHYSICS_REFERENCE,NEAR_BOUNDARY,23.833333333333332,9533.333333333328,7556.827506418648,0.6568023518727968
high_frequency,high-frequency-v1,blast-lite-lfp-gr-250ah-prismatic-2019-v1,blast-lite-b093495-250ah-prismatic-v1,PHYSICS_REFERENCE,NEAR_BOUNDARY,23.916666666666668,9566.666666666662,7578.720918147741,0.656087454823293
high_frequency,high-frequency-v1,blast-lite-lfp-gr-250ah-prismatic-2019-v1,blast-lite-b093495-250ah-prismatic-v1,PHYSICS_REFERENCE,NEAR_BOUNDARY,24.0,9599.999999999996,7600.590499975184,0.6553740787649416
high_frequency,high-frequency-v1,blast-lite-lfp-gr-250ah-prismatic-2019-v1,blast-lite-b093495-250ah-prismatic-v1,PHYSICS_REFERENCE,NEAR_BOUNDARY,24.083333333333332,9633.33333333333,7622.436302600682,0.6546622174737973
high_frequency,high-frequency-v1,blast-lite-lfp-gr-250ah-prismatic-2019-v1,blast-lite-b093495-250ah-prismatic-v1,PHYSICS_REFERENCE,NEAR_BOUNDARY,24.166666666666668,9666.666666666664,7644.258376516475,0.6539518647683171
high_frequency,high-frequency-v1,blast-lite-lfp-gr-250ah-prismatic-2019-v1,blast-lite-b093495-250ah-prismatic-v1,PHYSICS_REFERENCE,NEAR_BOUNDARY,24.25,9699.999999999998,7666.056772008753,0.6532430145089345
high_frequency,high-frequency-v1,blast-lite-lfp-gr-250ah-prismatic-2019-v1,blast-lite-b093495-250ah-prismatic-v1,PHYSICS_REFERENCE,NEAR_BOUNDARY,24.333333333333332,9733.333333333332,7687.83153915905,0.6525356605976381
high_frequency,high-frequency-v1,blast-lite-lfp-gr-250ah-prismatic-2019-v1,blast-lite-b093495-250ah-prismatic-v1,PHYSICS_REFERENCE,NEAR_BOUNDARY,24.416666666666668,9766.666666666666,7709.582727845638,0.6518297969775575
high_frequency,high-frequency-v1,blast-lite-lfp-gr-250ah-prismatic-2019-v1,blast-lite-b093495-250ah-prismatic-v1,PHYSICS_REFERENCE,NEAR_BOUNDARY,24.5,9800.0,7731.31038774489,0.6511254176325536
high_frequency,high-frequency-v1,blast-lite-lfp-gr-250ah-prismatic-2019-v1,blast-lite-b093495-250ah-prismatic-v1,PHYSICS_REFERENCE,NEAR_BOUNDARY,24.583333333333332,9833.333333333334,7753.014568332642,0.6504225165868156
high_frequency,high-frequency-v1,blast-lite-lfp-gr-250ah-prismatic-2019-v1,blast-lite-b093495-250ah-prismatic-v1,PHYSICS_REFERENCE,NEAR_BOUNDARY,24.666666666666668,9866.666666666668,7774.695318885536,0.6497210879044621
high_frequency,high-frequency-v1,blast-lite-lfp-gr-250ah-prismatic-2019-v1,blast-lite-b093495-250ah-prismatic-v1,PHYSICS_REFERENCE,NEAR_BOUNDARY,24.75,9900.000000000002,7796.352688482351,0.6490211256891483
high_frequency,high-frequency-v1,blast-lite-lfp-gr-250ah-prismatic-2019-v1,blast-lite-b093495-250ah-prismatic-v1,PHYSICS_REFERENCE,NEAR_BOUNDARY,24.833333333333332,9933.333333333336,7817.986726005323,0.6483226240836777
high_frequency,high-frequency-v1,blast-lite-lfp-gr-250ah-prismatic-2019-v1,blast-lite-b093495-250ah-prismatic-v1,PHYSICS_REFERENCE,NEAR_BOUNDARY,24.916666666666668,9966.66666666667,7839.597480141446,0.64762557726962
high_frequency,high-frequency-v1,blast-lite-lfp-gr-250ah-prismatic-2019-v1,blast-lite-b093495-250ah-prismatic-v1,PHYSICS_REFERENCE,NEAR_BOUNDARY,25.0,10000.000000000004,7861.184999383767,0.6469299794669332
