scenario_id,scenario_version,route_id,route_version,evidence_level,support_status,natural_year,scheduled_efc,model_effective_efc,soh
baseline,baseline-v1,blast-lite-lfp-gr-250ah-prismatic-2019-v1,blast-lite-b093495-250ah-prismatic-v1,PHYSICS_REFERENCE,NEAR_BOUNDARY,0.0,0.0,0.0,1.0
baseline,baseline-v1,blast-lite-lfp-gr-250ah-prismatic-2019-v1,blast-lite-b093495-250ah-prismatic-v1,PHYSICS_REFERENCE,NEAR_BOUNDARY,0.08333333333333333,25.0,24.999999999999996,0.9953353589478184
baseline,baseline-v1,blast-lite-lfp-gr-250ah-prismatic-2019-v1,blast-lite-b093495-250ah-prismatic-v1,PHYSICS_REFERENCE,NEAR_BOUNDARY,0.16666666666666666,50.0,49.88338397369546,0.9921185777140046
baseline,baseline-v1,blast-lite-lfp-gr-250ah-prismatic-2019-v1,blast-lite-b093495-250ah-prismatic-v1,PHYSICS_REFERENCE,NEAR_BOUNDARY,0.25,75.0,74.68634841654557,0.9893728239965662
baseline,baseline-v1,blast-lite-lfp-gr-250ah-prismatic-2019-v1,blast-lite-b093495-250ah-prismatic-v1,PHYSICS_REFERENCE,NEAR_BOUNDARY,0.3333333333333333,100.0,99.42066901645973,0.9868655710691638
baseline,baseline-v1,blast-lite-lfp-gr-250ah-prismatic-2019-v1,blast-lite-b093495-250ah-prismatic-v1,PHYSICS_REFERENCE,NEAR_BOUNDARY,0.4166666666666667,125.0,124.09230829318882,0.9845151873161788
baseline,baseline-v1,blast-lite-lfp-gr-250ah-prismatic-2019-v1,blast-lite-b093495-250ah-prismatic-v1,PHYSICS_REFERENCE,NEAR_BOUNDARY,0.5,150.0,148.7051879760933,0.9822802898904411
baseline,baseline-v1,blast-lite-lfp-gr-250ah-prismatic-2019-v1,blast-lite-b093495-250ah-prismatic-v1,PHYSICS_REFERENCE,NEAR_BOUNDARY,0.5833333333333334,175.0,173.26219522335433,0.9801360829595658
baseline,baseline-v1,blast-lite-lfp-gr-250ah-prismatic-2019-v1,blast-lite-b093495-250ah-prismatic-v1,PHYSICS_REFERENCE,NEAR_BOUNDARY,0.6666666666666666,200.0,197.76559729734348,0.9780661601863301
baseline,baseline-v1,blast-lite-lfp-gr-250ah-prismatic-2019-v1,blast-lite-b093495-250ah-prismatic-v1,PHYSICS_REFERENCE,NEAR_BOUNDARY,0.75,225.0,222.21725130200173,0.9760589208488192
baseline,baseline-v1,blast-lite-lfp-gr-250ah-prismatic-2019-v1,blast-lite-b093495-250ah-prismatic-v1,PHYSICS_REFERENCE,NEAR_BOUNDARY,0.8333333333333334,250.0,246.6187243232222,0.9741057605621203
baseline,baseline-v1,blast-lite-lfp-gr-250ah-prismatic-2019-v1,blast-lite-b093495-250ah-prismatic-v1,PHYSICS_REFERENCE,NEAR_BOUNDARY,0.9166666666666666,275.0,270.97136833727524,0.9722000624471582
baseline,baseline-v1,blast-lite-lfp-gr-250ah-prismatic-2019-v1,blast-lite-b093495-250ah-prismatic-v1,PHYSICS_REFERENCE,NEAR_BOUNDARY,1.0,300.0,295.27636989845416,0.9703365918267383
baseline,baseline-v1,blast-lite-lfp-gr-250ah-prismatic-2019-v1,blast-lite-b093495-250ah-prismatic-v1,PHYSICS_REFERENCE,NEAR_BOUNDARY,1.0833333333333333,325.0,319.5347846941226,0.9685111119105568
baseline,baseline-v1,blast-lite-lfp-gr-250ah-prismatic-2019-v1,blast-lite-b093495-250ah-prismatic-v1,PHYSICS_REFERENCE,NEAR_BOUNDARY,1.1666666666666667,350.0,343.7475624918865,0.9667201285449637
baseline,baseline-v1,blast-lite-lfp-gr-250ah-prismatic-2019-v1,blast-lite-b093495-250ah-prismatic-v1,PHYSICS_REFERENCE,NEAR_BOUNDARY,1.25,375.0,367.91556570551063,0.9649607143302427
baseline,baseline-v1,blast-lite-lfp-gr-250ah-prismatic-2019-v1,blast-lite-b093495-250ah-prismatic-v1,PHYSICS_REFERENCE,NEAR_BOUNDARY,1.3333333333333333,400.0,392.0395835637667,0.9632303836555489
baseline,baseline-v1,blast-lite-lfp-gr-250ah-prismatic-2019-v1,blast-lite-b093495-250ah-prismatic-v1,PHYSICS_REFERENCE,NEAR_BOUNDARY,1.4166666666666667,425.0,416.1203431551554,0.9615270015779684
baseline,baseline-v1,blast-lite-lfp-gr-250ah-prismatic-2019-v1,blast-lite-b093495-250ah-prismatic-v1,PHYSICS_REFERENCE,NEAR_BOUNDARY,1.5,450.0,440.1585181946046,0.9598487158849589
baseline,baseline-v1,blast-lite-lfp-gr-250ah-prismatic-2019-v1,blast-lite-b093495-250ah-prismatic-v1,PHYSICS_REFERENCE,NEAR_BOUNDARY,1.5833333333333333,475.0,464.1547360917286,0.9581939054546055
baseline,baseline-v1,blast-lite-lfp-gr-250ah-prismatic-2019-v1,blast-lite-b093495-250ah-prismatic-v1,PHYSICS_REFERENCE,NEAR_BOUNDARY,1.6666666666666667,500.0,488.1095837280937,0.9565611403346311
baseline,baseline-v1,blast-lite-lfp-gr-250ah-prismatic-2019-v1,blast-lite-b093495-250ah-prismatic-v1,PHYSICS_REFERENCE,NEAR_BOUNDARY,1.75,525.0,512.0236122364595,0.9549491504163385
baseline,baseline-v1,blast-lite-lfp-gr-250ah-prismatic-2019-v1,blast-lite-b093495-250ah-prismatic-v1,PHYSICS_REFERENCE,NEAR_BOUNDARY,1.8333333333333333,550.0,535.8973409968679,0.9533568005240277
baseline,baseline-v1,blast-lite-lfp-gr-250ah-prismatic-2019-v1,blast-lite-b093495-250ah-prismatic-v1,PHYSICS_REFERENCE,NEAR_BOUNDARY,1.9166666666666667,575.0,559.7312610099686,0.9517830703686873
baseline,baseline-v1,blast-lite-lfp-gr-250ah-prismatic-2019-v1,blast-lite-b093495-250ah-prismatic-v1,PHYSICS_REFERENCE,NEAR_BOUNDARY,2.0,600.0,583.5258377691858,0.9502270382420523
baseline,baseline-v1,blast-lite-lfp-gr-250ah-prismatic-2019-v1,blast-lite-b093495-250ah-prismatic-v1,PHYSICS_REFERENCE,NEAR_BOUNDARY,2.0833333333333335,625.0,607.2815137252371,0.9486878676235591
baseline,baseline-v1,blast-lite-lfp-gr-250ah-prismatic-2019-v1,blast-lite-b093495-250ah-prismatic-v1,PHYSICS_REFERENCE,NEAR_BOUNDARY,2.1666666666666665,650.0,630.998710415826,0.9471647960820665
baseline,baseline-v1,blast-lite-lfp-gr-250ah-prismatic-2019-v1,blast-lite-b093495-250ah-prismatic-v1,PHYSICS_REFERENCE,NEAR_BOUNDARY,2.25,675.0,654.6778303178777,0.9456571260044817
baseline,baseline-v1,blast-lite-lfp-gr-250ah-prismatic-2019-v1,blast-lite-b093495-250ah-prismatic-v1,PHYSICS_REFERENCE,NEAR_BOUNDARY,2.3333333333333335,700.0,678.3192584679897,0.9441642167928626
baseline,baseline-v1,blast-lite-lfp-gr-250ah-prismatic-2019-v1,blast-lite-b093495-250ah-prismatic-v1,PHYSICS_REFERENCE,NEAR_BOUNDARY,2.4166666666666665,725.0,701.9233638878112,0.9426854782523701
baseline,baseline-v1,blast-lite-lfp-gr-250ah-prismatic-2019-v1,blast-lite-b093495-250ah-prismatic-v1,PHYSICS_REFERENCE,NEAR_BOUNDARY,2.5,750.0,725.4905008441204,0.9412203649528347
baseline,baseline-v1,blast-lite-lfp-gr-250ah-prismatic-2019-v1,blast-lite-b093495-250ah-prismatic-v1,PHYSICS_REFERENCE,NEAR_BOUNDARY,2.5833333333333335,775.0,749.0210099679413,0.9397683713923466
baseline,baseline-v1,blast-lite-lfp-gr-250ah-prismatic-2019-v1,blast-lite-b093495-250ah-prismatic-v1,PHYSICS_REFERENCE,NEAR_BOUNDARY,2.6666666666666665,800.0,772.51521925275,0.9383290278261638
baseline,baseline-v1,blast-lite-lfp-gr-250ah-prismatic-2019-v1,blast-lite-b093495-250ah-prismatic-v1,PHYSICS_REFERENCE,NEAR_BOUNDARY,2.75,825.0,795.973444948404,0.9369018966511337
baseline,baseline-v1,blast-lite-lfp-gr-250ah-prismatic-2019-v1,blast-lite-b093495-250ah-prismatic-v1,PHYSICS_REFERENCE,NEAR_BOUNDARY,2.8333333333333335,850.0,819.3959923646823,0.9354865692567705
baseline,baseline-v1,blast-lite-lfp-gr-250ah-prismatic-2019-v1,blast-lite-b093495-250ah-prismatic-v1,PHYSICS_REFERENCE,NEAR_BOUNDARY,2.9166666666666665,875.0,842.7831565961015,0.9340826632705754
baseline,baseline-v1,blast-lite-lfp-gr-250ah-prismatic-2019-v1,blast-lite-b093495-250ah-prismatic-v1,PHYSICS_REFERENCE,NEAR_BOUNDARY,3.0,900.0,866.1352231778659,0.9326898201381996
baseline,baseline-v1,blast-lite-lfp-gr-250ah-prismatic-2019-v1,blast-lite-b093495-250ah-prismatic-v1,PHYSICS_REFERENCE,NEAR_BOUNDARY,3.0833333333333335,925.0,889.4524686813209,0.9313077029894216
baseline,baseline-v1,blast-lite-lfp-gr-250ah-prismatic-2019-v1,blast-lite-b093495-250ah-prismatic-v1,PHYSICS_REFERENCE,NEAR_BOUNDARY,3.1666666666666665,950.0,912.7351612560564,0.9299359947492407
baseline,baseline-v1,blast-lite-lfp-gr-250ah-prismatic-2019-v1,blast-lite-b093495-250ah-prismatic-v1,PHYSICS_REFERENCE,NEAR_BOUNDARY,3.25,975.0,935.9835611247873,0.9285743964601137
baseline,baseline-v1,blast-lite-lfp-gr-250ah-prismatic-2019-v1,blast-lite-b093495-250ah-prismatic-v1,PHYSICS_REFERENCE,NEAR_BOUNDARY,3.3333333333333335,1000.0,959.1979210362902,0.927222625786834
baseline,baseline-v1,blast-lite-lfp-gr-250ah-prismatic-2019-v1,blast-lite-b093495-250ah-prismatic-v1,PHYSICS_REFERENCE,NEAR_BOUNDARY,3.4166666666666665,1025.0,982.378486680961,0.9258804156800251
baseline,baseline-v1,blast-lite-lfp-gr-250ah-prismatic-2019-v1,blast-lite-b093495-250ah-prismatic-v1,PHYSICS_REFERENCE,NEAR_BOUNDARY,3.5,1050.0,1005.5254970729617,0.9245475131778966
baseline,baseline-v1,blast-lite-lfp-gr-250ah-prismatic-2019-v1,blast-lite-b093495-250ah-prismatic-v1,PHYSICS_REFERENCE,NEAR_BOUNDARY,3.5833333333333335,1075.0,1028.6391849024092,0.923223678328956
baseline,baseline-v1,blast-lite-lfp-gr-250ah-prismatic-2019-v1,blast-lite-b093495-250ah-prismatic-v1,PHYSICS_REFERENCE,NEAR_BOUNDARY,3.6666666666666665,1100.0,1051.7197768606331,0.921908683220883
baseline,baseline-v1,blast-lite-lfp-gr-250ah-prismatic-2019-v1,blast-lite-b093495-250ah-prismatic-v1,PHYSICS_REFERENCE,NEAR_BOUNDARY,3.75,1125.0,1074.7674939411552,0.9206023111028958
baseline,baseline-v1,blast-lite-lfp-gr-250ah-prismatic-2019-v1,blast-lite-b093495-250ah-prismatic-v1,PHYSICS_REFERENCE,NEAR_BOUNDARY,3.8333333333333335,1150.0,1097.7825517187275,0.9193043555906896
baseline,baseline-v1,blast-lite-lfp-gr-250ah-prismatic-2019-v1,blast-lite-b093495-250ah-prismatic-v1,PHYSICS_REFERENCE,NEAR_BOUNDARY,3.9166666666666665,1175.0,1120.7651606084949,0.9180146199445245
baseline,baseline-v1,blast-lite-lfp-gr-250ah-prismatic-2019-v1,blast-lite-b093495-250ah-prismatic-v1,PHYSICS_REFERENCE,NEAR_BOUNDARY,4.0,1200.0,1143.715526107108,0.9167329164122916
baseline,baseline-v1,blast-lite-lfp-gr-250ah-prismatic-2019-v1,blast-lite-b093495-250ah-prismatic-v1,PHYSICS_REFERENCE,NEAR_BOUNDARY,4.083333333333333,1225.0,1166.6338490174153,0.9154590656304528
baseline,baseline-v1,blast-lite-lfp-gr-250ah-prismatic-2019-v1,blast-lite-b093495-250ah-prismatic-v1,PHYSICS_REFERENCE,NEAR_BOUNDARY,4.166666666666667,1250.0,1189.5203256581767,0.914192896076659
baseline,baseline-v1,blast-lite-lfp-gr-250ah-prismatic-2019-v1,blast-lite-b093495-250ah-prismatic-v1,PHYSICS_REFERENCE,NEAR_BOUNDARY,4.25,1275.0,1212.3751480600931,0.9129342435686247
baseline,baseline-v1,blast-lite-lfp-gr-250ah-prismatic-2019-v1,blast-lite-b093495-250ah-prismatic-v1,PHYSICS_REFERENCE,NEAR_BOUNDARY,4.333333333333333,1300.0,1235.1985041493087,0.9116829508045052
baseline,baseline-v1,blast-lite-lfp-gr-250ah-prismatic-2019-v1,blast-lite-b093495-250ah-prismatic-v1,PHYSICS_REFERENCE,NEAR_BOUNDARY,4.416666666666667,1325.0,1257.9905779194214,0.910438866940591
baseline,baseline-v1,blast-lite-lfp-gr-250ah-prismatic-2019-v1,blast-lite-b093495-250ah-prismatic-v1,PHYSICS_REFERENCE,NEAR_BOUNDARY,4.5,1350.0,1280.7515495929363,0.9092018472026311
baseline,baseline-v1,blast-lite-lfp-gr-250ah-prismatic-2019-v1,blast-lite-b093495-250ah-prismatic-v1,PHYSICS_REFERENCE,NEAR_BOUNDARY,4.583333333333333,1375.0,1303.481595773002,0.9079717525275235
baseline,baseline-v1,blast-lite-lfp-gr-250ah-prismatic-2019-v1,blast-lite-b093495-250ah-prismatic-v1,PHYSICS_REFERENCE,NEAR_BOUNDARY,4.666666666666667,1400.0,1326.18088958619,0.9067484492324793
baseline,baseline-v1,blast-lite-lfp-gr-250ah-prismatic-2019-v1,blast-lite-b093495-250ah-prismatic-v1,PHYSICS_REFERENCE,NEAR_BOUNDARY,4.75,1425.0,1348.849600817002,0.9055318087090931
baseline,baseline-v1,blast-lite-lfp-gr-250ah-prismatic-2019-v1,blast-lite-b093495-250ah-prismatic-v1,PHYSICS_REFERENCE,NEAR_BOUNDARY,4.833333333333333,1450.0,1371.4878960347294,0.904321707140032
baseline,baseline-v1,blast-lite-lfp-gr-250ah-prismatic-2019-v1,blast-lite-b093495-250ah-prismatic-v1,PHYSICS_REFERENCE,NEAR_BOUNDARY,4.916666666666667,1475.0,1394.0959387132302,0.9031180252363034
baseline,baseline-v1,blast-lite-lfp-gr-250ah-prismatic-2019-v1,blast-lite-b093495-250ah-prismatic-v1,PHYSICS_REFERENCE,NEAR_BOUNDARY,5.0,1500.0,1416.6738893441377,0.9019206479932745
baseline,baseline-v1,blast-lite-lfp-gr-250ah-prismatic-2019-v1,blast-lite-b093495-250ah-prismatic-v1,PHYSICS_REFERENCE,NEAR_BOUNDARY,5.083333333333333,1525.0,1439.2219055439696,0.9007294644638135
baseline,baseline-v1,blast-lite-lfp-gr-250ah-prismatic-2019-v1,blast-lite-b093495-250ah-prismatic-v1,PHYSICS_REFERENCE,NEAR_BOUNDARY,5.166666666666667,1550.0,1461.7401421555649,0.8995443675470777
baseline,baseline-v1,blast-lite-lfp-gr-250ah-prismatic-2019-v1,blast-lite-b093495-250ah-prismatic-v1,PHYSICS_REFERENCE,NEAR_BOUNDARY,5.25,1575.0,1484.2287513442418,0.8983652537916363
baseline,baseline-v1,blast-lite-lfp-gr-250ah-prismatic-2019-v1,blast-lite-b093495-250ah-prismatic-v1,PHYSICS_REFERENCE,NEAR_BOUNDARY,5.333333333333333,1600.0,1506.6878826890327,0.897192023211735
baseline,baseline-v1,blast-lite-lfp-gr-250ah-prismatic-2019-v1,blast-lite-b093495-250ah-prismatic-v1,PHYSICS_REFERENCE,NEAR_BOUNDARY,5.416666666666667,1625.0,1529.117683269326,0.8960245791156292
baseline,baseline-v1,blast-lite-lfp-gr-250ah-prismatic-2019-v1,blast-lite-b093495-250ah-prismatic-v1,PHYSICS_REFERENCE,NEAR_BOUNDARY,5.5,1650.0,1551.5182977472168,0.8948628279450173
baseline,baseline-v1,blast-lite-lfp-gr-250ah-prismatic-2019-v1,blast-lite-b093495-250ah-prismatic-v1,PHYSICS_REFERENCE,NEAR_BOUNDARY,5.583333333333333,1675.0,1573.8898684458422,0.8937066791246959
baseline,baseline-v1,blast-lite-lfp-gr-250ah-prismatic-2019-v1,blast-lite-b093495-250ah-prismatic-v1,PHYSICS_REFERENCE,NEAR_BOUNDARY,5.666666666666667,1700.0,1596.2325354239597,0.8925560449216383
baseline,baseline-v1,blast-lite-lfp-gr-250ah-prismatic-2019-v1,blast-lite-b093495-250ah-prismatic-v1,PHYSICS_REFERENCE,NEAR_BOUNDARY,5.75,1725.0,1618.5464365470007,0.8914108403127754
baseline,baseline-v1,blast-lite-lfp-gr-250ah-prismatic-2019-v1,blast-lite-b093495-250ah-prismatic-v1,PHYSICS_REFERENCE,NEAR_BOUNDARY,5.833333333333333,1750.0,1640.83170755482,0.8902709828608181
baseline,baseline-v1,blast-lite-lfp-gr-250ah-prismatic-2019-v1,blast-lite-b093495-250ah-prismatic-v1,PHYSICS_REFERENCE,NEAR_BOUNDARY,5.916666666666667,1775.0,1663.0884821263405,0.8891363925975251
baseline,baseline-v1,blast-lite-lfp-gr-250ah-prismatic-2019-v1,blast-lite-b093495-250ah-prismatic-v1,PHYSICS_REFERENCE,NEAR_BOUNDARY,6.0,1800.0,1685.3168919412788,0.8880069919138649
baseline,baseline-v1,blast-lite-lfp-gr-250ah-prismatic-2019-v1,blast-lite-b093495-250ah-prismatic-v1,PHYSICS_REFERENCE,NEAR_BOUNDARY,6.083333333333333,1825.0,1707.5170667391253,0.8868827054565773
baseline,baseline-v1,blast-lite-lfp-gr-250ah-prismatic-2019-v1,blast-lite-b093495-250ah-prismatic-v1,PHYSICS_REFERENCE,NEAR_BOUNDARY,6.166666666666667,1850.0,1729.6891343755397,0.8857634600306724
baseline,baseline-v1,blast-lite-lfp-gr-250ah-prismatic-2019-v1,blast-lite-b093495-250ah-prismatic-v1,PHYSICS_REFERENCE,NEAR_BOUNDARY,6.25,1875.0,1751.8332208763065,0.8846491845074528
baseline,baseline-v1,blast-lite-lfp-gr-250ah-prismatic-2019-v1,blast-lite-b093495-250ah-prismatic-v1,PHYSICS_REFERENCE,NEAR_BOUNDARY,6.333333333333333,1900.0,1773.9494504889929,0.8835398097376733
baseline,baseline-v1,blast-lite-lfp-gr-250ah-prismatic-2019-v1,blast-lite-b093495-250ah-prismatic-v1,PHYSICS_REFERENCE,NEAR_BOUNDARY,6.416666666666667,1925.0,1796.0379457324348,0.8824352684694856
baseline,baseline-v1,blast-lite-lfp-gr-250ah-prismatic-2019-v1,blast-lite-b093495-250ah-prismatic-v1,PHYSICS_REFERENCE,NEAR_BOUNDARY,6.5,1950.0,1818.098827444172,0.8813354952708454
baseline,baseline-v1,blast-lite-lfp-gr-250ah-prismatic-2019-v1,blast-lite-b093495-250ah-prismatic-v1,PHYSICS_REFERENCE,NEAR_BOUNDARY,6.583333333333333,1975.0,1840.132214825943,0.8802404264560829
baseline,baseline-v1,blast-lite-lfp-gr-250ah-prismatic-2019-v1,blast-lite-b093495-250ah-prismatic-v1,PHYSICS_REFERENCE,NEAR_BOUNDARY,6.666666666666667,2000.0,1862.1382254873452,0.8791500000163623
baseline,baseline-v1,blast-lite-lfp-gr-250ah-prismatic-2019-v1,blast-lite-b093495-250ah-prismatic-v1,PHYSICS_REFERENCE,NEAR_BOUNDARY,6.75,2025.0,1884.1169754877542,0.8780641555537783
baseline,baseline-v1,blast-lite-lfp-gr-250ah-prismatic-2019-v1,blast-lite-b093495-250ah-prismatic-v1,PHYSICS_REFERENCE,NEAR_BOUNDARY,6.833333333333333,2050.0,1906.0685793765986,0.8769828342188541
baseline,baseline-v1,blast-lite-lfp-gr-250ah-prismatic-2019-v1,blast-lite-b093495-250ah-prismatic-v1,PHYSICS_REFERENCE,NEAR_BOUNDARY,6.916666666666667,2075.0,1927.9931502320699,0.8759059786512274
baseline,baseline-v1,blast-lite-lfp-gr-250ah-prismatic-2019-v1,blast-lite-b093495-250ah-prismatic-v1,PHYSICS_REFERENCE,NEAR_BOUNDARY,7.0,2100.0,1949.8907996983505,0.8748335329233208
baseline,baseline-v1,blast-lite-lfp-gr-250ah-prismatic-2019-v1,blast-lite-b093495-250ah-prismatic-v1,PHYSICS_REFERENCE,NEAR_BOUNDARY,7.083333333333333,2125.0,1971.7616380214336,0.8737654424868164
baseline,baseline-v1,blast-lite-lfp-gr-250ah-prismatic-2019-v1,blast-lite-b093495-250ah-prismatic-v1,PHYSICS_REFERENCE,NEAR_BOUNDARY,7.166666666666667,2150.0,1993.605774083604,0.8727016541217595
baseline,baseline-v1,blast-lite-lfp-gr-250ah-prismatic-2019-v1,blast-lite-b093495-250ah-prismatic-v1,PHYSICS_REFERENCE,NEAR_BOUNDARY,7.25,2175.0,2015.423315436648,0.8716421158881329
baseline,baseline-v1,blast-lite-lfp-gr-250ah-prismatic-2019-v1,blast-lite-b093495-250ah-prismatic-v1,PHYSICS_REFERENCE,NEAR_BOUNDARY,7.333333333333333,2200.0,2037.2143683338513,0.8705867770797566
baseline,baseline-v1,blast-lite-lfp-gr-250ah-prismatic-2019-v1,blast-lite-b093495-250ah-prismatic-v1,PHYSICS_REFERENCE,NEAR_BOUNDARY,7.416666666666667,2225.0,2058.979037760845,0.8695355881803729
baseline,baseline-v1,blast-lite-lfp-gr-250ah-prismatic-2019-v1,blast-lite-b093495-250ah-prismatic-v1,PHYSICS_REFERENCE,NEAR_BOUNDARY,7.5,2250.0,2080.7174274653544,0.8684885008217891
baseline,baseline-v1,blast-lite-lfp-gr-250ah-prismatic-2019-v1,blast-lite-b093495-250ah-prismatic-v1,PHYSICS_REFERENCE,NEAR_BOUNDARY,7.583333333333333,2275.0,2102.429639985899,0.8674454677439615
baseline,baseline-v1,blast-lite-lfp-gr-250ah-prismatic-2019-v1,blast-lite-b093495-250ah-prismatic-v1,PHYSICS_REFERENCE,NEAR_BOUNDARY,7.666666666666667,2300.0,2124.115776679498,0.8664064427569081
baseline,baseline-v1,blast-lite-lfp-gr-250ah-prismatic-2019-v1,blast-lite-b093495-250ah-prismatic-v1,PHYSICS_REFERENCE,NEAR_BOUNDARY,7.75,2325.0,2145.775937748421,0.8653713807043465
baseline,baseline-v1,blast-lite-lfp-gr-250ah-prismatic-2019-v1,blast-lite-b093495-250ah-prismatic-v1,PHYSICS_REFERENCE,NEAR_BOUNDARY,7.833333333333333,2350.0,2167.4102222660295,0.864340237428962
baseline,baseline-v1,blast-lite-lfp-gr-250ah-prismatic-2019-v1,blast-lite-b093495-250ah-prismatic-v1,PHYSICS_REFERENCE,NEAR_BOUNDARY,7.916666666666667,2375.0,2189.0187282017537,0.8633129697392139
baseline,baseline-v1,blast-lite-lfp-gr-250ah-prismatic-2019-v1,blast-lite-b093495-250ah-prismatic-v1,PHYSICS_REFERENCE,NEAR_BOUNDARY,8.0,2400.0,2210.601552445234,0.8622895353775987
baseline,baseline-v1,blast-lite-lfp-gr-250ah-prismatic-2019-v1,blast-lite-b093495-250ah-prismatic-v1,PHYSICS_REFERENCE,NEAR_BOUNDARY,8.083333333333334,2425.0,2232.158790829674,0.8612698929902887
baseline,baseline-v1,blast-lite-lfp-gr-250ah-prismatic-2019-v1,blast-lite-b093495-250ah-prismatic-v1,PHYSICS_REFERENCE,NEAR_BOUNDARY,8.166666666666666,2450.0,2253.6905381544316,0.8602540020980735
baseline,baseline-v1,blast-lite-lfp-gr-250ah-prismatic-2019-v1,blast-lite-b093495-250ah-prismatic-v1,PHYSICS_REFERENCE,NEAR_BOUNDARY,8.25,2475.0,2275.1968882068836,0.8592418230685365
baseline,baseline-v1,blast-lite-lfp-gr-250ah-prismatic-2019-v1,blast-lite-b093495-250ah-prismatic-v1,PHYSICS_REFERENCE,NEAR_BOUNDARY,8.333333333333334,2500.0,2296.677933783597,0.8582333170893998
baseline,baseline-v1,blast-lite-lfp-gr-250ah-prismatic-2019-v1,blast-lite-b093495-250ah-prismatic-v1,PHYSICS_REFERENCE,NEAR_BOUNDARY,8.416666666666666,2525.0,2318.133766710832,0.8572284461429778
baseline,baseline-v1,blast-lite-lfp-gr-250ah-prismatic-2019-v1,blast-lite-b093495-250ah-prismatic-v1,PHYSICS_REFERENCE,NEAR_BOUNDARY,8.5,2550.0,2339.5644778644064,0.8562271729816833
baseline,baseline-v1,blast-lite-lfp-gr-250ah-prismatic-2019-v1,blast-lite-b093495-250ah-prismatic-v1,PHYSICS_REFERENCE,NEAR_BOUNDARY,8.583333333333334,2575.0,2360.9701571889486,0.8552294611045307
baseline,baseline-v1,blast-lite-lfp-gr-250ah-prismatic-2019-v1,blast-lite-b093495-250ah-prismatic-v1,PHYSICS_REFERENCE,NEAR_BOUNDARY,8.666666666666666,2600.0,2382.350893716562,0.8542352747345883
baseline,baseline-v1,blast-lite-lfp-gr-250ah-prismatic-2019-v1,blast-lite-b093495-250ah-prismatic-v1,PHYSICS_REFERENCE,NEAR_BOUNDARY,8.75,2625.0,2403.7067755849266,0.8532445787973312
baseline,baseline-v1,blast-lite-lfp-gr-250ah-prismatic-2019-v1,blast-lite-b093495-250ah-prismatic-v1,PHYSICS_REFERENCE,NEAR_BOUNDARY,8.833333333333334,2650.0,2425.03789005486,0.8522573388998498
baseline,baseline-v1,blast-lite-lfp-gr-250ah-prismatic-2019-v1,blast-lite-b093495-250ah-prismatic-v1,PHYSICS_REFERENCE,NEAR_BOUNDARY,8.916666666666666,2675.0,2446.344323527356,0.8512735213108737
baseline,baseline-v1,blast-lite-lfp-gr-250ah-prismatic-2019-v1,blast-lite-b093495-250ah-prismatic-v1,PHYSICS_REFERENCE,NEAR_BOUNDARY,9.0,2700.0,2467.626161560128,0.8502930929415705
baseline,baseline-v1,blast-lite-lfp-gr-250ah-prismatic-2019-v1,blast-lite-b093495-250ah-prismatic-v1,PHYSICS_REFERENCE,NEAR_BOUNDARY,9.083333333333334,2725.0,2488.8834888836673,0.8493160213270813
baseline,baseline-v1,blast-lite-lfp-gr-250ah-prismatic-2019-v1,blast-lite-b093495-250ah-prismatic-v1,PHYSICS_REFERENCE,NEAR_BOUNDARY,9.166666666666666,2750.0,2510.1163894168444,0.8483422746087612
baseline,baseline-v1,blast-lite-lfp-gr-250ah-prismatic-2019-v1,blast-lite-b093495-250ah-prismatic-v1,PHYSICS_REFERENCE,NEAR_BOUNDARY,9.25,2775.0,2531.3249462820636,0.847371821517088
baseline,baseline-v1,blast-lite-lfp-gr-250ah-prismatic-2019-v1,blast-lite-b093495-250ah-prismatic-v1,PHYSICS_REFERENCE,NEAR_BOUNDARY,9.333333333333334,2800.0,2552.5092418199906,0.8464046313552096
baseline,baseline-v1,blast-lite-lfp-gr-250ah-prismatic-2019-v1,blast-lite-b093495-250ah-prismatic-v1,PHYSICS_REFERENCE,NEAR_BOUNDARY,9.416666666666666,2825.0,2573.669357603871,0.8454406739831006
baseline,baseline-v1,blast-lite-lfp-gr-250ah-prismatic-2019-v1,blast-lite-b093495-250ah-prismatic-v1,PHYSICS_REFERENCE,NEAR_BOUNDARY,9.5,2850.0,2594.8053744534486,0.8444799198023004
baseline,baseline-v1,blast-lite-lfp-gr-250ah-prismatic-2019-v1,blast-lite-b093495-250ah-prismatic-v1,PHYSICS_REFERENCE,NEAR_BOUNDARY,9.583333333333334,2875.0,2615.9173724485063,0.8435223397412057
baseline,baseline-v1,blast-lite-lfp-gr-250ah-prismatic-2019-v1,blast-lite-b093495-250ah-prismatic-v1,PHYSICS_REFERENCE,NEAR_BOUNDARY,9.666666666666666,2900.0,2637.0054309420366,0.8425679052408925
baseline,baseline-v1,blast-lite-lfp-gr-250ah-prismatic-2019-v1,blast-lite-b093495-250ah-prismatic-v1,PHYSICS_REFERENCE,NEAR_BOUNDARY,9.75,2925.0,2658.0696285730587,0.8416165882414451
baseline,baseline-v1,blast-lite-lfp-gr-250ah-prismatic-2019-v1,blast-lite-b093495-250ah-prismatic-v1,PHYSICS_REFERENCE,NEAR_BOUNDARY,9.833333333333334,2950.0,2679.110043279095,0.8406683611687682
baseline,baseline-v1,blast-lite-lfp-gr-250ah-prismatic-2019-v1,blast-lite-b093495-250ah-prismatic-v1,PHYSICS_REFERENCE,NEAR_BOUNDARY,9.916666666666666,2975.0,2700.1267523083143,0.8397231969218618
baseline,baseline-v1,blast-lite-lfp-gr-250ah-prismatic-2019-v1,blast-lite-b093495-250ah-prismatic-v1,PHYSICS_REFERENCE,NEAR_BOUNDARY,10.0,3000.0,2721.1198322313608,0.838781068860539
baseline,baseline-v1,blast-lite-lfp-gr-250ah-prismatic-2019-v1,blast-lite-b093495-250ah-prismatic-v1,PHYSICS_REFERENCE,NEAR_BOUNDARY,10.083333333333334,3025.0,2742.089358952874,0.837841950793567
baseline,baseline-v1,blast-lite-lfp-gr-250ah-prismatic-2019-v1,blast-lite-b093495-250ah-prismatic-v1,PHYSICS_REFERENCE,NEAR_BOUNDARY,10.166666666666666,3050.0,2763.0354077227134,0.8369058169672128
baseline,baseline-v1,blast-lite-lfp-gr-250ah-prismatic-2019-v1,blast-lite-b093495-250ah-prismatic-v1,PHYSICS_REFERENCE,NEAR_BOUNDARY,10.25,3075.0,2783.9580531468937,0.8359726420541789
baseline,baseline-v1,blast-lite-lfp-gr-250ah-prismatic-2019-v1,blast-lite-b093495-250ah-prismatic-v1,PHYSICS_REFERENCE,NEAR_BOUNDARY,10.333333333333334,3100.0,2804.8573691982483,0.8350424011429087
baseline,baseline-v1,blast-lite-lfp-gr-250ah-prismatic-2019-v1,blast-lite-b093495-250ah-prismatic-v1,PHYSICS_REFERENCE,NEAR_BOUNDARY,10.416666666666666,3125.0,2825.733429226821,0.8341150697272502
baseline,baseline-v1,blast-lite-lfp-gr-250ah-prismatic-2019-v1,blast-lite-b093495-250ah-prismatic-v1,PHYSICS_REFERENCE,NEAR_BOUNDARY,10.5,3150.0,2846.5863059700023,0.8331906236964604
baseline,baseline-v1,blast-lite-lfp-gr-250ah-prismatic-2019-v1,blast-lite-b093495-250ah-prismatic-v1,PHYSICS_REFERENCE,NEAR_BOUNDARY,10.583333333333334,3175.0,2867.416071562414,0.8322690393255374
baseline,baseline-v1,blast-lite-lfp-gr-250ah-prismatic-2019-v1,blast-lite-b093495-250ah-prismatic-v1,PHYSICS_REFERENCE,NEAR_BOUNDARY,10.666666666666666,3200.0,2888.222797545552,0.8313502932658674
baseline,baseline-v1,blast-lite-lfp-gr-250ah-prismatic-2019-v1,blast-lite-b093495-250ah-prismatic-v1,PHYSICS_REFERENCE,NEAR_BOUNDARY,10.75,3225.0,2909.0065548771986,0.8304343625361728
baseline,baseline-v1,blast-lite-lfp-gr-250ah-prismatic-2019-v1,blast-lite-b093495-250ah-prismatic-v1,PHYSICS_REFERENCE,NEAR_BOUNDARY,10.833333333333334,3250.0,2929.767413940603,0.8295212245137511
baseline,baseline-v1,blast-lite-lfp-gr-250ah-prismatic-2019-v1,blast-lite-b093495-250ah-prismatic-v1,PHYSICS_REFERENCE,NEAR_BOUNDARY,10.916666666666666,3275.0,2950.505444553447,0.8286108569259898
baseline,baseline-v1,blast-lite-lfp-gr-250ah-prismatic-2019-v1,blast-lite-b093495-250ah-prismatic-v1,PHYSICS_REFERENCE,NEAR_BOUNDARY,11.0,3300.0,2971.2207159765967,0.8277032378421508
baseline,baseline-v1,blast-lite-lfp-gr-250ah-prismatic-2019-v1,blast-lite-b093495-250ah-prismatic-v1,PHYSICS_REFERENCE,NEAR_BOUNDARY,11.083333333333334,3325.0,2991.9132969226503,0.8267983456654102
baseline,baseline-v1,blast-lite-lfp-gr-250ah-prismatic-2019-v1,blast-lite-b093495-250ah-prismatic-v1,PHYSICS_REFERENCE,NEAR_BOUNDARY,11.166666666666666,3350.0,3012.5832555642855,0.8258961591251449
baseline,baseline-v1,blast-lite-lfp-gr-250ah-prismatic-2019-v1,blast-lite-b093495-250ah-prismatic-v1,PHYSICS_REFERENCE,NEAR_BOUNDARY,11.25,3375.0,3033.2306595424143,0.8249966572694578
baseline,baseline-v1,blast-lite-lfp-gr-250ah-prismatic-2019-v1,blast-lite-b093495-250ah-prismatic-v1,PHYSICS_REFERENCE,NEAR_BOUNDARY,11.333333333333334,3400.0,3053.8555759741507,0.8240998194579291
baseline,baseline-v1,blast-lite-lfp-gr-250ah-prismatic-2019-v1,blast-lite-b093495-250ah-prismatic-v1,PHYSICS_REFERENCE,NEAR_BOUNDARY,11.416666666666666,3425.0,3074.458071460599,0.8232056253545892
baseline,baseline-v1,blast-lite-lfp-gr-250ah-prismatic-2019-v1,blast-lite-b093495-250ah-prismatic-v1,PHYSICS_REFERENCE,NEAR_BOUNDARY,11.5,3450.0,3095.0382120944637,0.8223140549211014
baseline,baseline-v1,blast-lite-lfp-gr-250ah-prismatic-2019-v1,blast-lite-b093495-250ah-prismatic-v1,PHYSICS_REFERENCE,NEAR_BOUNDARY,11.583333333333334,3475.0,3115.596063467491,0.8214250884101497
baseline,baseline-v1,blast-lite-lfp-gr-250ah-prismatic-2019-v1,blast-lite-b093495-250ah-prismatic-v1,PHYSICS_REFERENCE,NEAR_BOUNDARY,11.666666666666666,3500.0,3136.1316906777447,0.8205387063590204
baseline,baseline-v1,blast-lite-lfp-gr-250ah-prismatic-2019-v1,blast-lite-b093495-250ah-prismatic-v1,PHYSICS_REFERENCE,NEAR_BOUNDARY,11.75,3525.0,3156.64515833672,0.8196548895833744
baseline,baseline-v1,blast-lite-lfp-gr-250ah-prismatic-2019-v1,blast-lite-b093495-250ah-prismatic-v1,PHYSICS_REFERENCE,NEAR_BOUNDARY,11.833333333333334,3550.0,3177.1365305763047,0.8187736191711998
baseline,baseline-v1,blast-lite-lfp-gr-250ah-prismatic-2019-v1,blast-lite-b093495-250ah-prismatic-v1,PHYSICS_REFERENCE,NEAR_BOUNDARY,11.916666666666666,3575.0,3197.605871055585,0.8178948764769409
baseline,baseline-v1,blast-lite-lfp-gr-250ah-prismatic-2019-v1,blast-lite-b093495-250ah-prismatic-v1,PHYSICS_REFERENCE,NEAR_BOUNDARY,12.0,3600.0,3218.0532429675086,0.8170186431157951
baseline,baseline-v1,blast-lite-lfp-gr-250ah-prismatic-2019-v1,blast-lite-b093495-250ah-prismatic-v1,PHYSICS_REFERENCE,NEAR_BOUNDARY,12.083333333333334,3625.0,3238.4787090454033,0.8161449009581727
baseline,baseline-v1,blast-lite-lfp-gr-250ah-prismatic-2019-v1,blast-lite-b093495-250ah-prismatic-v1,PHYSICS_REFERENCE,NEAR_BOUNDARY,12.166666666666666,3650.0,3258.8823315693576,0.8152736321243156
baseline,baseline-v1,blast-lite-lfp-gr-250ah-prismatic-2019-v1,blast-lite-b093495-250ah-prismatic-v1,PHYSICS_REFERENCE,NEAR_BOUNDARY,12.25,3675.0,3279.2641723724655,0.8144048189790646
baseline,baseline-v1,blast-lite-lfp-gr-250ah-prismatic-2019-v1,blast-lite-b093495-250ah-prismatic-v1,PHYSICS_REFERENCE,NEAR_BOUNDARY,12.333333333333334,3700.0,3299.624292846942,0.8135384441267748
baseline,baseline-v1,blast-lite-lfp-gr-250ah-prismatic-2019-v1,blast-lite-b093495-250ah-prismatic-v1,PHYSICS_REFERENCE,NEAR_BOUNDARY,12.416666666666666,3725.0,3319.962753950111,0.8126744904063727
baseline,baseline-v1,blast-lite-lfp-gr-250ah-prismatic-2019-v1,blast-lite-b093495-250ah-prismatic-v1,PHYSICS_REFERENCE,NEAR_BOUNDARY,12.5,3750.0,3340.2796162102704,0.8118129408865475
baseline,baseline-v1,blast-lite-lfp-gr-250ah-prismatic-2019-v1,blast-lite-b093495-250ah-prismatic-v1,PHYSICS_REFERENCE,NEAR_BOUNDARY,12.583333333333334,3775.0,3360.574939732434,0.8109537788610761
baseline,baseline-v1,blast-lite-lfp-gr-250ah-prismatic-2019-v1,blast-lite-b093495-250ah-prismatic-v1,PHYSICS_REFERENCE,NEAR_BOUNDARY,12.666666666666666,3800.0,3380.848784203961,0.8100969878442736
baseline,baseline-v1,blast-lite-lfp-gr-250ah-prismatic-2019-v1,blast-lite-b093495-250ah-prismatic-v1,PHYSICS_REFERENCE,NEAR_BOUNDARY,12.75,3825.0,3401.101208900068,0.8092425515665683
baseline,baseline-v1,blast-lite-lfp-gr-250ah-prismatic-2019-v1,blast-lite-b093495-250ah-prismatic-v1,PHYSICS_REFERENCE,NEAR_BOUNDARY,12.833333333333334,3850.0,3421.332272689232,0.8083904539701936
baseline,baseline-v1,blast-lite-lfp-gr-250ah-prismatic-2019-v1,blast-lite-b093495-250ah-prismatic-v1,PHYSICS_REFERENCE,NEAR_BOUNDARY,12.916666666666666,3875.0,3441.5420340384867,0.8075406792049955
baseline,baseline-v1,blast-lite-lfp-gr-250ah-prismatic-2019-v1,blast-lite-b093495-250ah-prismatic-v1,PHYSICS_REFERENCE,NEAR_BOUNDARY,13.0,3900.0,3461.7305510186115,0.8066932116243524
baseline,baseline-v1,blast-lite-lfp-gr-250ah-prismatic-2019-v1,blast-lite-b093495-250ah-prismatic-v1,PHYSICS_REFERENCE,NEAR_BOUNDARY,13.083333333333334,3925.0,3481.8978813092203,0.8058480357811991
baseline,baseline-v1,blast-lite-lfp-gr-250ah-prismatic-2019-v1,blast-lite-b093495-250ah-prismatic-v1,PHYSICS_REFERENCE,NEAR_BOUNDARY,13.166666666666666,3950.0,3502.0440822037503,0.8050051364241575
baseline,baseline-v1,blast-lite-lfp-gr-250ah-prismatic-2019-v1,blast-lite-b093495-250ah-prismatic-v1,PHYSICS_REFERENCE,NEAR_BOUNDARY,13.25,3975.0,3522.169210614354,0.8041644984937661
baseline,baseline-v1,blast-lite-lfp-gr-250ah-prismatic-2019-v1,blast-lite-b093495-250ah-prismatic-v1,PHYSICS_REFERENCE,NEAR_BOUNDARY,13.333333333333334,4000.0,3542.2733230766985,0.8033261071188071
baseline,baseline-v1,blast-lite-lfp-gr-250ah-prismatic-2019-v1,blast-lite-b093495-250ah-prismatic-v1,PHYSICS_REFERENCE,NEAR_BOUNDARY,13.416666666666666,4025.0,3562.3564757546687,0.802489947612728
baseline,baseline-v1,blast-lite-lfp-gr-250ah-prismatic-2019-v1,blast-lite-b093495-250ah-prismatic-v1,PHYSICS_REFERENCE,NEAR_BOUNDARY,13.5,4050.0,3582.4187244449868,0.8016560054701526
baseline,baseline-v1,blast-lite-lfp-gr-250ah-prismatic-2019-v1,blast-lite-b093495-250ah-prismatic-v1,PHYSICS_REFERENCE,NEAR_BOUNDARY,13.583333333333334,4075.0,3602.4601245817407,0.8008242663634828
baseline,baseline-v1,blast-lite-lfp-gr-250ah-prismatic-2019-v1,blast-lite-b093495-250ah-prismatic-v1,PHYSICS_REFERENCE,NEAR_BOUNDARY,13.666666666666666,4100.0,3622.480731240828,0.7999947161395838
baseline,baseline-v1,blast-lite-lfp-gr-250ah-prismatic-2019-v1,blast-lite-b093495-250ah-prismatic-v1,PHYSICS_REFERENCE,NEAR_BOUNDARY,13.75,4125.0,3642.4805991443177,0.7991673408165519
baseline,baseline-v1,blast-lite-lfp-gr-250ah-prismatic-2019-v1,blast-lite-b093495-250ah-prismatic-v1,PHYSICS_REFERENCE,NEAR_BOUNDARY,13.833333333333334,4150.0,3662.4597826647314,0.7983421265805641
baseline,baseline-v1,blast-lite-lfp-gr-250ah-prismatic-2019-v1,blast-lite-b093495-250ah-prismatic-v1,PHYSICS_REFERENCE,NEAR_BOUNDARY,13.916666666666666,4175.0,3682.4183358292453,0.7975190597828035
baseline,baseline-v1,blast-lite-lfp-gr-250ah-prismatic-2019-v1,blast-lite-b093495-250ah-prismatic-v1,PHYSICS_REFERENCE,NEAR_BOUNDARY,14.0,4200.0,3702.3563123238155,0.7966981269364617
baseline,baseline-v1,blast-lite-lfp-gr-250ah-prismatic-2019-v1,blast-lite-b093495-250ah-prismatic-v1,PHYSICS_REFERENCE,NEAR_BOUNDARY,14.083333333333334,4225.0,3722.273765497227,0.795879314713812
baseline,baseline-v1,blast-lite-lfp-gr-250ah-prismatic-2019-v1,blast-lite-b093495-250ah-prismatic-v1,PHYSICS_REFERENCE,NEAR_BOUNDARY,14.166666666666666,4250.0,3742.1707483650725,0.7950626099433566
baseline,baseline-v1,blast-lite-lfp-gr-250ah-prismatic-2019-v1,blast-lite-b093495-250ah-prismatic-v1,PHYSICS_REFERENCE,NEAR_BOUNDARY,14.25,4275.0,3762.0473136136566,0.7942479996070388
baseline,baseline-v1,blast-lite-lfp-gr-250ah-prismatic-2019-v1,blast-lite-b093495-250ah-prismatic-v1,PHYSICS_REFERENCE,NEAR_BOUNDARY,14.333333333333334,4300.0,3781.9035136038324,0.7934354708375242
baseline,baseline-v1,blast-lite-lfp-gr-250ah-prismatic-2019-v1,blast-lite-b093495-250ah-prismatic-v1,PHYSICS_REFERENCE,NEAR_BOUNDARY,14.416666666666666,4325.0,3801.7394003747704,0.7926250109155459
baseline,baseline-v1,blast-lite-lfp-gr-250ah-prismatic-2019-v1,blast-lite-b093495-250ah-prismatic-v1,PHYSICS_REFERENCE,NEAR_BOUNDARY,14.5,4350.0,3821.555025647659,0.7918166072673121
baseline,baseline-v1,blast-lite-lfp-gr-250ah-prismatic-2019-v1,blast-lite-b093495-250ah-prismatic-v1,PHYSICS_REFERENCE,NEAR_BOUNDARY,14.583333333333334,4375.0,3841.350440829342,0.7910102474619745
baseline,baseline-v1,blast-lite-lfp-gr-250ah-prismatic-2019-v1,blast-lite-b093495-250ah-prismatic-v1,PHYSICS_REFERENCE,NEAR_BOUNDARY,14.666666666666666,4400.0,3861.1256970158915,0.7902059192091565
baseline,baseline-v1,blast-lite-lfp-gr-250ah-prismatic-2019-v1,blast-lite-b093495-250ah-prismatic-v1,PHYSICS_REFERENCE,NEAR_BOUNDARY,14.75,4425.0,3880.8808449961202,0.7894036103565378
baseline,baseline-v1,blast-lite-lfp-gr-250ah-prismatic-2019-v1,blast-lite-b093495-250ah-prismatic-v1,PHYSICS_REFERENCE,NEAR_BOUNDARY,14.833333333333334,4450.0,3900.6159352550335,0.7886033088874954
baseline,baseline-v1,blast-lite-lfp-gr-250ah-prismatic-2019-v1,blast-lite-b093495-250ah-prismatic-v1,PHYSICS_REFERENCE,NEAR_BOUNDARY,14.916666666666666,4475.0,3920.3310179772207,0.7878050029187977
baseline,baseline-v1,blast-lite-lfp-gr-250ah-prismatic-2019-v1,blast-lite-b093495-250ah-prismatic-v1,PHYSICS_REFERENCE,NEAR_BOUNDARY,15.0,4500.0,3940.0261430501905,0.7870086806983525
baseline,baseline-v1,blast-lite-lfp-gr-250ah-prismatic-2019-v1,blast-lite-b093495-250ah-prismatic-v1,PHYSICS_REFERENCE,NEAR_BOUNDARY,15.083333333333334,4525.0,3959.701360067649,0.7862143306030052
baseline,baseline-v1,blast-lite-lfp-gr-250ah-prismatic-2019-v1,blast-lite-b093495-250ah-prismatic-v1,PHYSICS_REFERENCE,NEAR_BOUNDARY,15.166666666666666,4550.0,3979.356718332724,0.7854219411363862
baseline,baseline-v1,blast-lite-lfp-gr-250ah-prismatic-2019-v1,blast-lite-b093495-250ah-prismatic-v1,PHYSICS_REFERENCE,NEAR_BOUNDARY,15.25,4575.0,3998.992266861134,0.7846315009268078
baseline,baseline-v1,blast-lite-lfp-gr-250ah-prismatic-2019-v1,blast-lite-b093495-250ah-prismatic-v1,PHYSICS_REFERENCE,NEAR_BOUNDARY,15.333333333333334,4600.0,4018.608054384304,0.7838429987252064
baseline,baseline-v1,blast-lite-lfp-gr-250ah-prismatic-2019-v1,blast-lite-b093495-250ah-prismatic-v1,PHYSICS_REFERENCE,NEAR_BOUNDARY,15.416666666666666,4625.0,4038.2041293524344,0.7830564234031315
baseline,baseline-v1,blast-lite-lfp-gr-250ah-prismatic-2019-v1,blast-lite-b093495-250ah-prismatic-v1,PHYSICS_REFERENCE,NEAR_BOUNDARY,15.5,4650.0,4057.7805399375125,0.7822717639507787
baseline,baseline-v1,blast-lite-lfp-gr-250ah-prismatic-2019-v1,blast-lite-b093495-250ah-prismatic-v1,PHYSICS_REFERENCE,NEAR_BOUNDARY,15.583333333333334,4675.0,4077.337334036282,0.7814890094750646
baseline,baseline-v1,blast-lite-lfp-gr-250ah-prismatic-2019-v1,blast-lite-b093495-250ah-prismatic-v1,PHYSICS_REFERENCE,NEAR_BOUNDARY,15.666666666666666,4700.0,4096.874559273158,0.7807081491977461
baseline,baseline-v1,blast-lite-lfp-gr-250ah-prismatic-2019-v1,blast-lite-b093495-250ah-prismatic-v1,PHYSICS_REFERENCE,NEAR_BOUNDARY,15.75,4725.0,4116.392263003102,0.7799291724535771
baseline,baseline-v1,blast-lite-lfp-gr-250ah-prismatic-2019-v1,blast-lite-b093495-250ah-prismatic-v1,PHYSICS_REFERENCE,NEAR_BOUNDARY,15.833333333333334,4750.0,4135.890492314442,0.7791520686885085
baseline,baseline-v1,blast-lite-lfp-gr-250ah-prismatic-2019-v1,blast-lite-b093495-250ah-prismatic-v1,PHYSICS_REFERENCE,NEAR_BOUNDARY,15.916666666666666,4775.0,4155.369294031654,0.7783768274579235
baseline,baseline-v1,blast-lite-lfp-gr-250ah-prismatic-2019-v1,blast-lite-b093495-250ah-prismatic-v1,PHYSICS_REFERENCE,NEAR_BOUNDARY,16.0,4800.0,4174.828714718102,0.777603438424913
baseline,baseline-v1,blast-lite-lfp-gr-250ah-prismatic-2019-v1,blast-lite-b093495-250ah-prismatic-v1,PHYSICS_REFERENCE,NEAR_BOUNDARY,16.083333333333332,4825.0,4194.268800678725,0.7768318913585858
baseline,baseline-v1,blast-lite-lfp-gr-250ah-prismatic-2019-v1,blast-lite-b093495-250ah-prismatic-v1,PHYSICS_REFERENCE,NEAR_BOUNDARY,16.166666666666668,4850.0,4213.68959796269,0.7760621761324151
baseline,baseline-v1,blast-lite-lfp-gr-250ah-prismatic-2019-v1,blast-lite-b093495-250ah-prismatic-v1,PHYSICS_REFERENCE,NEAR_BOUNDARY,16.25,4875.0,4233.091152366,0.7752942827226204
baseline,baseline-v1,blast-lite-lfp-gr-250ah-prismatic-2019-v1,blast-lite-b093495-250ah-prismatic-v1,PHYSICS_REFERENCE,NEAR_BOUNDARY,16.333333333333332,4900.0,4252.473509434065,0.7745282012065811
baseline,baseline-v1,blast-lite-lfp-gr-250ah-prismatic-2019-v1,blast-lite-b093495-250ah-prismatic-v1,PHYSICS_REFERENCE,NEAR_BOUNDARY,16.416666666666668,4925.0,4271.83671446423,0.7737639217612853
baseline,baseline-v1,blast-lite-lfp-gr-250ah-prismatic-2019-v1,blast-lite-b093495-250ah-prismatic-v1,PHYSICS_REFERENCE,NEAR_BOUNDARY,16.5,4950.0,4291.180812508262,0.773001434661809
baseline,baseline-v1,blast-lite-lfp-gr-250ah-prismatic-2019-v1,blast-lite-b093495-250ah-prismatic-v1,PHYSICS_REFERENCE,NEAR_BOUNDARY,16.583333333333332,4975.0,4310.505848374807,0.7722407302798273
baseline,baseline-v1,blast-lite-lfp-gr-250ah-prismatic-2019-v1,blast-lite-b093495-250ah-prismatic-v1,PHYSICS_REFERENCE,NEAR_BOUNDARY,16.666666666666668,5000.0,4329.811866631802,0.7714817990821554
baseline,baseline-v1,blast-lite-lfp-gr-250ah-prismatic-2019-v1,blast-lite-b093495-250ah-prismatic-v1,PHYSICS_REFERENCE,NEAR_BOUNDARY,16.75,5025.0,4349.098911608856,0.7707246316293199
baseline,baseline-v1,blast-lite-lfp-gr-250ah-prismatic-2019-v1,blast-lite-b093495-250ah-prismatic-v1,PHYSICS_REFERENCE,NEAR_BOUNDARY,16.833333333333332,5050.0,4368.367027399589,0.769969218574158
baseline,baseline-v1,blast-lite-lfp-gr-250ah-prismatic-2019-v1,blast-lite-b093495-250ah-prismatic-v1,PHYSICS_REFERENCE,NEAR_BOUNDARY,16.916666666666668,5075.0,4387.616257863942,0.7692155506604464
baseline,baseline-v1,blast-lite-lfp-gr-250ah-prismatic-2019-v1,blast-lite-b093495-250ah-prismatic-v1,PHYSICS_REFERENCE,NEAR_BOUNDARY,17.0,5100.0,4406.8466466304535,0.7684636187215557
baseline,baseline-v1,blast-lite-lfp-gr-250ah-prismatic-2019-v1,blast-lite-b093495-250ah-prismatic-v1,PHYSICS_REFERENCE,NEAR_BOUNDARY,17.083333333333332,5125.0,4426.058237098492,0.7677134136791327
baseline,baseline-v1,blast-lite-lfp-gr-250ah-prismatic-2019-v1,blast-lite-b093495-250ah-prismatic-v1,PHYSICS_REFERENCE,NEAR_BOUNDARY,17.166666666666668,5150.0,4445.25107244047,0.7669649265418091
baseline,baseline-v1,blast-lite-lfp-gr-250ah-prismatic-2019-v1,blast-lite-b093495-250ah-prismatic-v1,PHYSICS_REFERENCE,NEAR_BOUNDARY,17.25,5175.0,4464.425195604015,0.7662181484039345
baseline,baseline-v1,blast-lite-lfp-gr-250ah-prismatic-2019-v1,blast-lite-b093495-250ah-prismatic-v1,PHYSICS_REFERENCE,NEAR_BOUNDARY,17.333333333333332,5200.0,4483.5806493141135,0.7654730704443347
baseline,baseline-v1,blast-lite-lfp-gr-250ah-prismatic-2019-v1,blast-lite-b093495-250ah-prismatic-v1,PHYSICS_REFERENCE,NEAR_BOUNDARY,17.416666666666668,5225.0,4502.717476075222,0.764729683925095
baseline,baseline-v1,blast-lite-lfp-gr-250ah-prismatic-2019-v1,blast-lite-b093495-250ah-prismatic-v1,PHYSICS_REFERENCE,NEAR_BOUNDARY,17.5,5250.0,4521.83571817335,0.7639879801903657
baseline,baseline-v1,blast-lite-lfp-gr-250ah-prismatic-2019-v1,blast-lite-b093495-250ah-prismatic-v1,PHYSICS_REFERENCE,NEAR_BOUNDARY,17.583333333333332,5275.0,4540.935417678109,0.7632479506651917
baseline,baseline-v1,blast-lite-lfp-gr-250ah-prismatic-2019-v1,blast-lite-b093495-250ah-prismatic-v1,PHYSICS_REFERENCE,NEAR_BOUNDARY,17.666666666666668,5300.0,4560.016616444739,0.7625095868543641
baseline,baseline-v1,blast-lite-lfp-gr-250ah-prismatic-2019-v1,blast-lite-b093495-250ah-prismatic-v1,PHYSICS_REFERENCE,NEAR_BOUNDARY,17.75,5325.0,4579.079356116098,0.7617728803412935
baseline,baseline-v1,blast-lite-lfp-gr-250ah-prismatic-2019-v1,blast-lite-b093495-250ah-prismatic-v1,PHYSICS_REFERENCE,NEAR_BOUNDARY,17.833333333333332,5350.0,4598.123678124631,0.7610378227869058
baseline,baseline-v1,blast-lite-lfp-gr-250ah-prismatic-2019-v1,blast-lite-b093495-250ah-prismatic-v1,PHYSICS_REFERENCE,NEAR_BOUNDARY,17.916666666666668,5375.0,4617.149623694303,0.7603044059285573
baseline,baseline-v1,blast-lite-lfp-gr-250ah-prismatic-2019-v1,blast-lite-b093495-250ah-prismatic-v1,PHYSICS_REFERENCE,NEAR_BOUNDARY,18.0,5400.0,4636.157233842517,0.7595726215789718
baseline,baseline-v1,blast-lite-lfp-gr-250ah-prismatic-2019-v1,blast-lite-b093495-250ah-prismatic-v1,PHYSICS_REFERENCE,NEAR_BOUNDARY,18.083333333333332,5425.0,4655.146549381991,0.7588424616251964
baseline,baseline-v1,blast-lite-lfp-gr-250ah-prismatic-2019-v1,blast-lite-b093495-250ah-prismatic-v1,PHYSICS_REFERENCE,NEAR_BOUNDARY,18.166666666666668,5450.0,4674.117610922621,0.7581139180275773
baseline,baseline-v1,blast-lite-lfp-gr-250ah-prismatic-2019-v1,blast-lite-b093495-250ah-prismatic-v1,PHYSICS_REFERENCE,NEAR_BOUNDARY,18.25,5475.0,4693.070458873311,0.7573869828187548
baseline,baseline-v1,blast-lite-lfp-gr-250ah-prismatic-2019-v1,blast-lite-b093495-250ah-prismatic-v1,PHYSICS_REFERENCE,NEAR_BOUNDARY,18.333333333333332,5500.0,4712.005133443779,0.7566616481026764
baseline,baseline-v1,blast-lite-lfp-gr-250ah-prismatic-2019-v1,blast-lite-b093495-250ah-prismatic-v1,PHYSICS_REFERENCE,NEAR_BOUNDARY,18.416666666666668,5525.0,4730.921674646346,0.7559379060536283
baseline,baseline-v1,blast-lite-lfp-gr-250ah-prismatic-2019-v1,blast-lite-b093495-250ah-prismatic-v1,PHYSICS_REFERENCE,NEAR_BOUNDARY,18.5,5550.0,4749.820122297687,0.7552157489152846
baseline,baseline-v1,blast-lite-lfp-gr-250ah-prismatic-2019-v1,blast-lite-b093495-250ah-prismatic-v1,PHYSICS_REFERENCE,NEAR_BOUNDARY,18.583333333333332,5575.0,4768.700516020569,0.7544951689997734
baseline,baseline-v1,blast-lite-lfp-gr-250ah-prismatic-2019-v1,blast-lite-b093495-250ah-prismatic-v1,PHYSICS_REFERENCE,NEAR_BOUNDARY,18.666666666666668,5600.0,4787.562895245564,0.753776158686761
baseline,baseline-v1,blast-lite-lfp-gr-250ah-prismatic-2019-v1,blast-lite-b093495-250ah-prismatic-v1,PHYSICS_REFERENCE,NEAR_BOUNDARY,18.75,5625.0,4806.407299212733,0.7530587104225509
baseline,baseline-v1,blast-lite-lfp-gr-250ah-prismatic-2019-v1,blast-lite-b093495-250ah-prismatic-v1,PHYSICS_REFERENCE,NEAR_BOUNDARY,18.833333333333332,5650.0,4825.233766973297,0.7523428167192006
baseline,baseline-v1,blast-lite-lfp-gr-250ah-prismatic-2019-v1,blast-lite-b093495-250ah-prismatic-v1,PHYSICS_REFERENCE,NEAR_BOUNDARY,18.916666666666668,5675.0,4844.042337391277,0.751628470153653
baseline,baseline-v1,blast-lite-lfp-gr-250ah-prismatic-2019-v1,blast-lite-b093495-250ah-prismatic-v1,PHYSICS_REFERENCE,NEAR_BOUNDARY,19.0,5700.0,4862.833049145119,0.7509156633668839
baseline,baseline-v1,blast-lite-lfp-gr-250ah-prismatic-2019-v1,blast-lite-b093495-250ah-prismatic-v1,PHYSICS_REFERENCE,NEAR_BOUNDARY,19.083333333333332,5725.0,4881.6059407292905,0.7502043890630645
baseline,baseline-v1,blast-lite-lfp-gr-250ah-prismatic-2019-v1,blast-lite-b093495-250ah-prismatic-v1,PHYSICS_REFERENCE,NEAR_BOUNDARY,19.166666666666668,5750.0,4900.361050455867,0.7494946400087386
baseline,baseline-v1,blast-lite-lfp-gr-250ah-prismatic-2019-v1,blast-lite-b093495-250ah-prismatic-v1,PHYSICS_REFERENCE,NEAR_BOUNDARY,19.25,5775.0,4919.098416456086,0.7487864090320135
baseline,baseline-v1,blast-lite-lfp-gr-250ah-prismatic-2019-v1,blast-lite-b093495-250ah-prismatic-v1,PHYSICS_REFERENCE,NEAR_BOUNDARY,19.333333333333332,5800.0,4937.818076681886,0.748079689021767
baseline,baseline-v1,blast-lite-lfp-gr-250ah-prismatic-2019-v1,blast-lite-b093495-250ah-prismatic-v1,PHYSICS_REFERENCE,NEAR_BOUNDARY,19.416666666666668,5825.0,4956.52006890743,0.7473744729268657
baseline,baseline-v1,blast-lite-lfp-gr-250ah-prismatic-2019-v1,blast-lite-b093495-250ah-prismatic-v1,PHYSICS_REFERENCE,NEAR_BOUNDARY,19.5,5850.0,4975.204430730601,0.7466707537553988
baseline,baseline-v1,blast-lite-lfp-gr-250ah-prismatic-2019-v1,blast-lite-b093495-250ah-prismatic-v1,PHYSICS_REFERENCE,NEAR_BOUNDARY,19.583333333333332,5875.0,4993.871199574486,0.7459685245739244
baseline,baseline-v1,blast-lite-lfp-gr-250ah-prismatic-2019-v1,blast-lite-b093495-250ah-prismatic-v1,PHYSICS_REFERENCE,NEAR_BOUNDARY,19.666666666666668,5900.0,5012.520412688834,0.7452677785067277
baseline,baseline-v1,blast-lite-lfp-gr-250ah-prismatic-2019-v1,blast-lite-b093495-250ah-prismatic-v1,PHYSICS_REFERENCE,NEAR_BOUNDARY,19.75,5925.0,5031.152107151502,0.7445685087350942
baseline,baseline-v1,blast-lite-lfp-gr-250ah-prismatic-2019-v1,blast-lite-b093495-250ah-prismatic-v1,PHYSICS_REFERENCE,NEAR_BOUNDARY,19.833333333333332,5950.0,5049.766319869879,0.743870708496593
baseline,baseline-v1,blast-lite-lfp-gr-250ah-prismatic-2019-v1,blast-lite-b093495-250ah-prismatic-v1,PHYSICS_REFERENCE,NEAR_BOUNDARY,19.916666666666668,5975.0,5068.363087582294,0.7431743710843737
baseline,baseline-v1,blast-lite-lfp-gr-250ah-prismatic-2019-v1,blast-lite-b093495-250ah-prismatic-v1,PHYSICS_REFERENCE,NEAR_BOUNDARY,20.0,6000.0,5086.942446859403,0.7424794898464737
baseline,baseline-v1,blast-lite-lfp-gr-250ah-prismatic-2019-v1,blast-lite-b093495-250ah-prismatic-v1,PHYSICS_REFERENCE,NEAR_BOUNDARY,20.083333333333332,6025.0,5105.504434105565,0.7417860581851393
baseline,baseline-v1,blast-lite-lfp-gr-250ah-prismatic-2019-v1,blast-lite-b093495-250ah-prismatic-v1,PHYSICS_REFERENCE,NEAR_BOUNDARY,20.166666666666668,6050.0,5124.049085560194,0.7410940695561561
baseline,baseline-v1,blast-lite-lfp-gr-250ah-prismatic-2019-v1,blast-lite-b093495-250ah-prismatic-v1,PHYSICS_REFERENCE,NEAR_BOUNDARY,20.25,6075.0,5142.576437299098,0.7404035174681907
baseline,baseline-v1,blast-lite-lfp-gr-250ah-prismatic-2019-v1,blast-lite-b093495-250ah-prismatic-v1,PHYSICS_REFERENCE,NEAR_BOUNDARY,20.333333333333332,6100.0,5161.086525235803,0.7397143954821452
baseline,baseline-v1,blast-lite-lfp-gr-250ah-prismatic-2019-v1,blast-lite-b093495-250ah-prismatic-v1,PHYSICS_REFERENCE,NEAR_BOUNDARY,20.416666666666668,6125.0,5179.579385122856,0.7390266972105203
baseline,baseline-v1,blast-lite-lfp-gr-250ah-prismatic-2019-v1,blast-lite-b093495-250ah-prismatic-v1,PHYSICS_REFERENCE,NEAR_BOUNDARY,20.5,6150.0,5198.05505255312,0.7383404163167898
baseline,baseline-v1,blast-lite-lfp-gr-250ah-prismatic-2019-v1,blast-lite-b093495-250ah-prismatic-v1,PHYSICS_REFERENCE,NEAR_BOUNDARY,20.583333333333332,6175.0,5216.5135629610395,0.7376555465147849
baseline,baseline-v1,blast-lite-lfp-gr-250ah-prismatic-2019-v1,blast-lite-b093495-250ah-prismatic-v1,PHYSICS_REFERENCE,NEAR_BOUNDARY,20.666666666666668,6200.0,5234.954951623909,0.7369720815680889
baseline,baseline-v1,blast-lite-lfp-gr-250ah-prismatic-2019-v1,blast-lite-b093495-250ah-prismatic-v1,PHYSICS_REFERENCE,NEAR_BOUNDARY,20.75,6225.0,5253.379253663112,0.7362900152894418
baseline,baseline-v1,blast-lite-lfp-gr-250ah-prismatic-2019-v1,blast-lite-b093495-250ah-prismatic-v1,PHYSICS_REFERENCE,NEAR_BOUNDARY,20.833333333333332,6250.0,5271.786504045348,0.7356093415401539
baseline,baseline-v1,blast-lite-lfp-gr-250ah-prismatic-2019-v1,blast-lite-b093495-250ah-prismatic-v1,PHYSICS_REFERENCE,NEAR_BOUNDARY,20.916666666666668,6275.0,5290.176737583852,0.7349300542295296
baseline,baseline-v1,blast-lite-lfp-gr-250ah-prismatic-2019-v1,blast-lite-b093495-250ah-prismatic-v1,PHYSICS_REFERENCE,NEAR_BOUNDARY,21.0,6300.0,5308.54998893959,0.7342521473142997
baseline,baseline-v1,blast-lite-lfp-gr-250ah-prismatic-2019-v1,blast-lite-b093495-250ah-prismatic-v1,PHYSICS_REFERENCE,NEAR_BOUNDARY,21.083333333333332,6325.0,5326.906292622447,0.733575614798063
baseline,baseline-v1,blast-lite-lfp-gr-250ah-prismatic-2019-v1,blast-lite-b093495-250ah-prismatic-v1,PHYSICS_REFERENCE,NEAR_BOUNDARY,21.166666666666668,6350.0,5345.2456829923985,0.7329004507307377
baseline,baseline-v1,blast-lite-lfp-gr-250ah-prismatic-2019-v1,blast-lite-b093495-250ah-prismatic-v1,PHYSICS_REFERENCE,NEAR_BOUNDARY,21.25,6375.0,5363.568194260667,0.7322266492080196
baseline,baseline-v1,blast-lite-lfp-gr-250ah-prismatic-2019-v1,blast-lite-b093495-250ah-prismatic-v1,PHYSICS_REFERENCE,NEAR_BOUNDARY,21.333333333333332,6400.0,5381.873860490868,0.7315542043708503
baseline,baseline-v1,blast-lite-lfp-gr-250ah-prismatic-2019-v1,blast-lite-b093495-250ah-prismatic-v1,PHYSICS_REFERENCE,NEAR_BOUNDARY,21.416666666666668,6425.0,5400.162715600139,0.7308831104048936
baseline,baseline-v1,blast-lite-lfp-gr-250ah-prismatic-2019-v1,blast-lite-b093495-250ah-prismatic-v1,PHYSICS_REFERENCE,NEAR_BOUNDARY,21.5,6450.0,5418.434793360261,0.7302133615400191
baseline,baseline-v1,blast-lite-lfp-gr-250ah-prismatic-2019-v1,blast-lite-b093495-250ah-prismatic-v1,PHYSICS_REFERENCE,NEAR_BOUNDARY,21.583333333333332,6475.0,5436.690127398761,0.7295449520497956
baseline,baseline-v1,blast-lite-lfp-gr-250ah-prismatic-2019-v1,blast-lite-b093495-250ah-prismatic-v1,PHYSICS_REFERENCE,NEAR_BOUNDARY,21.666666666666668,6500.0,5454.928751200006,0.7288778762509898
baseline,baseline-v1,blast-lite-lfp-gr-250ah-prismatic-2019-v1,blast-lite-b093495-250ah-prismatic-v1,PHYSICS_REFERENCE,NEAR_BOUNDARY,21.75,6525.0,5473.150698106281,0.7282121285030756
baseline,baseline-v1,blast-lite-lfp-gr-250ah-prismatic-2019-v1,blast-lite-b093495-250ah-prismatic-v1,PHYSICS_REFERENCE,NEAR_BOUNDARY,21.833333333333332,6550.0,5491.356001318858,0.7275477032077485
baseline,baseline-v1,blast-lite-lfp-gr-250ah-prismatic-2019-v1,blast-lite-b093495-250ah-prismatic-v1,PHYSICS_REFERENCE,NEAR_BOUNDARY,21.916666666666668,6575.0,5509.544693899052,0.7268845948084495
baseline,baseline-v1,blast-lite-lfp-gr-250ah-prismatic-2019-v1,blast-lite-b093495-250ah-prismatic-v1,PHYSICS_REFERENCE,NEAR_BOUNDARY,22.0,6600.0,5527.716808769263,0.7262227977898943
baseline,baseline-v1,blast-lite-lfp-gr-250ah-prismatic-2019-v1,blast-lite-b093495-250ah-prismatic-v1,PHYSICS_REFERENCE,NEAR_BOUNDARY,22.083333333333332,6625.0,5545.87237871401,0.7255623066776109
baseline,baseline-v1,blast-lite-lfp-gr-250ah-prismatic-2019-v1,blast-lite-b093495-250ah-prismatic-v1,PHYSICS_REFERENCE,NEAR_BOUNDARY,22.166666666666668,6650.0,5564.01143638095,0.7249031160374846
baseline,baseline-v1,blast-lite-lfp-gr-250ah-prismatic-2019-v1,blast-lite-b093495-250ah-prismatic-v1,PHYSICS_REFERENCE,NEAR_BOUNDARY,22.25,6675.0,5582.134014281887,0.7242452204753077
baseline,baseline-v1,blast-lite-lfp-gr-250ah-prismatic-2019-v1,blast-lite-b093495-250ah-prismatic-v1,PHYSICS_REFERENCE,NEAR_BOUNDARY,22.333333333333332,6700.0,5600.24014479377,0.7235886146363387
baseline,baseline-v1,blast-lite-lfp-gr-250ah-prismatic-2019-v1,blast-lite-b093495-250ah-prismatic-v1,PHYSICS_REFERENCE,NEAR_BOUNDARY,22.416666666666668,6725.0,5618.329860159679,0.7229332932048664
baseline,baseline-v1,blast-lite-lfp-gr-250ah-prismatic-2019-v1,blast-lite-b093495-250ah-prismatic-v1,PHYSICS_REFERENCE,NEAR_BOUNDARY,22.5,6750.0,5636.403192489801,0.7222792509037803
baseline,baseline-v1,blast-lite-lfp-gr-250ah-prismatic-2019-v1,blast-lite-b093495-250ah-prismatic-v1,PHYSICS_REFERENCE,NEAR_BOUNDARY,22.583333333333332,6775.0,5654.460173762395,0.7216264824941492
baseline,baseline-v1,blast-lite-lfp-gr-250ah-prismatic-2019-v1,blast-lite-b093495-250ah-prismatic-v1,PHYSICS_REFERENCE,NEAR_BOUNDARY,22.666666666666668,6800.0,5672.500835824749,0.7209749827748035
baseline,baseline-v1,blast-lite-lfp-gr-250ah-prismatic-2019-v1,blast-lite-b093495-250ah-prismatic-v1,PHYSICS_REFERENCE,NEAR_BOUNDARY,22.75,6825.0,5690.525210394118,0.7203247465819254
baseline,baseline-v1,blast-lite-lfp-gr-250ah-prismatic-2019-v1,blast-lite-b093495-250ah-prismatic-v1,PHYSICS_REFERENCE,NEAR_BOUNDARY,22.833333333333332,6850.0,5708.533329058667,0.719675768788645
baseline,baseline-v1,blast-lite-lfp-gr-250ah-prismatic-2019-v1,blast-lite-b093495-250ah-prismatic-v1,PHYSICS_REFERENCE,NEAR_BOUNDARY,22.916666666666668,6875.0,5726.525223278383,0.7190280443046417
baseline,baseline-v1,blast-lite-lfp-gr-250ah-prismatic-2019-v1,blast-lite-b093495-250ah-prismatic-v1,PHYSICS_REFERENCE,NEAR_BOUNDARY,23.0,6900.0,5744.5009243859995,0.7183815680757513
baseline,baseline-v1,blast-lite-lfp-gr-250ah-prismatic-2019-v1,blast-lite-b093495-250ah-prismatic-v1,PHYSICS_REFERENCE,NEAR_BOUNDARY,23.083333333333332,6925.0,5762.460463587893,0.7177363350835797
baseline,baseline-v1,blast-lite-lfp-gr-250ah-prismatic-2019-v1,blast-lite-b093495-250ah-prismatic-v1,PHYSICS_REFERENCE,NEAR_BOUNDARY,23.166666666666668,6950.0,5780.4038719649825,0.7170923403451213
baseline,baseline-v1,blast-lite-lfp-gr-250ah-prismatic-2019-v1,blast-lite-b093495-250ah-prismatic-v1,PHYSICS_REFERENCE,NEAR_BOUNDARY,23.25,6975.0,5798.33118047361,0.7164495789123833
baseline,baseline-v1,blast-lite-lfp-gr-250ah-prismatic-2019-v1,blast-lite-b093495-250ah-prismatic-v1,PHYSICS_REFERENCE,NEAR_BOUNDARY,23.333333333333332,7000.0,5816.24241994642,0.7158080458720146
baseline,baseline-v1,blast-lite-lfp-gr-250ah-prismatic-2019-v1,blast-lite-b093495-250ah-prismatic-v1,PHYSICS_REFERENCE,NEAR_BOUNDARY,23.416666666666668,7025.0,5834.13762109322,0.7151677363449425
baseline,baseline-v1,blast-lite-lfp-gr-250ah-prismatic-2019-v1,blast-lite-b093495-250ah-prismatic-v1,PHYSICS_REFERENCE,NEAR_BOUNDARY,23.5,7050.0,5852.016814501844,0.7145286454860107
baseline,baseline-v1,blast-lite-lfp-gr-250ah-prismatic-2019-v1,blast-lite-b093495-250ah-prismatic-v1,PHYSICS_REFERENCE,NEAR_BOUNDARY,23.583333333333332,7075.0,5869.880030638995,0.7138907684836258
baseline,baseline-v1,blast-lite-lfp-gr-250ah-prismatic-2019-v1,blast-lite-b093495-250ah-prismatic-v1,PHYSICS_REFERENCE,NEAR_BOUNDARY,23.666666666666668,7100.0,5887.727299851085,0.7132541005594066
baseline,baseline-v1,blast-lite-lfp-gr-250ah-prismatic-2019-v1,blast-lite-b093495-250ah-prismatic-v1,PHYSICS_REFERENCE,NEAR_BOUNDARY,23.75,7125.0,5905.55865236507,0.7126186369678404
baseline,baseline-v1,blast-lite-lfp-gr-250ah-prismatic-2019-v1,blast-lite-b093495-250ah-prismatic-v1,PHYSICS_REFERENCE,NEAR_BOUNDARY,23.833333333333332,7150.0,5923.374118289266,0.7119843729959416
baseline,baseline-v1,blast-lite-lfp-gr-250ah-prismatic-2019-v1,blast-lite-b093495-250ah-prismatic-v1,PHYSICS_REFERENCE,NEAR_BOUNDARY,23.916666666666668,7175.0,5941.173727614165,0.7113513039629173
baseline,baseline-v1,blast-lite-lfp-gr-250ah-prismatic-2019-v1,blast-lite-b093495-250ah-prismatic-v1,PHYSICS_REFERENCE,NEAR_BOUNDARY,24.0,7200.0,5958.957510213238,0.7107194252198363
baseline,baseline-v1,blast-lite-lfp-gr-250ah-prismatic-2019-v1,blast-lite-b093495-250ah-prismatic-v1,PHYSICS_REFERENCE,NEAR_BOUNDARY,24.083333333333332,7225.0,5976.725495843733,0.7100887321493028
baseline,baseline-v1,blast-lite-lfp-gr-250ah-prismatic-2019-v1,blast-lite-b093495-250ah-prismatic-v1,PHYSICS_REFERENCE,NEAR_BOUNDARY,24.166666666666668,7250.0,5994.477714147466,0.7094592201651359
baseline,baseline-v1,blast-lite-lfp-gr-250ah-prismatic-2019-v1,blast-lite-b093495-250ah-prismatic-v1,PHYSICS_REFERENCE,NEAR_BOUNDARY,24.25,7275.0,6012.214194651595,0.7088308847120508
baseline,baseline-v1,blast-lite-lfp-gr-250ah-prismatic-2019-v1,blast-lite-b093495-250ah-prismatic-v1,PHYSICS_REFERENCE,NEAR_BOUNDARY,24.333333333333332,7300.0,6029.934966769396,0.7082037212653475
baseline,baseline-v1,blast-lite-lfp-gr-250ah-prismatic-2019-v1,blast-lite-b093495-250ah-prismatic-v1,PHYSICS_REFERENCE,NEAR_BOUNDARY,24.416666666666668,7325.0,6047.64005980103,0.7075777253306017
baseline,baseline-v1,blast-lite-lfp-gr-250ah-prismatic-2019-v1,blast-lite-b093495-250ah-prismatic-v1,PHYSICS_REFERENCE,NEAR_BOUNDARY,24.5,7350.0,6065.329502934294,0.7069528924433606
baseline,baseline-v1,blast-lite-lfp-gr-250ah-prismatic-2019-v1,blast-lite-b093495-250ah-prismatic-v1,PHYSICS_REFERENCE,NEAR_BOUNDARY,24.583333333333332,7375.0,6083.003325245379,0.7063292181688421
baseline,baseline-v1,blast-lite-lfp-gr-250ah-prismatic-2019-v1,blast-lite-b093495-250ah-prismatic-v1,PHYSICS_REFERENCE,NEAR_BOUNDARY,24.666666666666668,7400.0,6100.661555699599,0.7057066981016401
baseline,baseline-v1,blast-lite-lfp-gr-250ah-prismatic-2019-v1,blast-lite-b093495-250ah-prismatic-v1,PHYSICS_REFERENCE,NEAR_BOUNDARY,24.75,7425.0,6118.30422315214,0.7050853278654309
baseline,baseline-v1,blast-lite-lfp-gr-250ah-prismatic-2019-v1,blast-lite-b093495-250ah-prismatic-v1,PHYSICS_REFERENCE,NEAR_BOUNDARY,24.833333333333332,7450.0,6135.931356348776,0.7044651031126856
baseline,baseline-v1,blast-lite-lfp-gr-250ah-prismatic-2019-v1,blast-lite-b093495-250ah-prismatic-v1,PHYSICS_REFERENCE,NEAR_BOUNDARY,24.916666666666668,7475.0,6153.542983926593,0.7038460195243861
baseline,baseline-v1,blast-lite-lfp-gr-250ah-prismatic-2019-v1,blast-lite-b093495-250ah-prismatic-v1,PHYSICS_REFERENCE,NEAR_BOUNDARY,25.0,7500.0,6171.139134414702,0.703228072809744
temperature_20c,temperature-20c-v1,blast-lite-lfp-gr-250ah-prismatic-2019-v1,blast-lite-b093495-250ah-prismatic-v1,PHYSICS_REFERENCE,NEAR_BOUNDARY,0.0,0.0,0.0,1.0
temperature_20c,temperature-20c-v1,blast-lite-lfp-gr-250ah-prismatic-2019-v1,blast-lite-b093495-250ah-prismatic-v1,PHYSICS_REFERENCE,NEAR_BOUNDARY,0.08333333333333333,25.0,24.999999999999996,0.995359350549016
temperature_20c,temperature-20c-v1,blast-lite-lfp-gr-250ah-prismatic-2019-v1,blast-lite-b093495-250ah-prismatic-v1,PHYSICS_REFERENCE,NEAR_BOUNDARY,0.16666666666666666,50.0,49.883983763725396,0.9919915422208341
temperature_20c,temperature-20c-v1,blast-lite-lfp-gr-250ah-prismatic-2019-v1,blast-lite-b093495-250ah-prismatic-v1,PHYSICS_REFERENCE,NEAR_BOUNDARY,0.25,75.0,74.68377231924624,0.9890921882976675
temperature_20c,temperature-20c-v1,blast-lite-lfp-gr-250ah-prismatic-2019-v1,blast-lite-b093495-250ah-prismatic-v1,PHYSICS_REFERENCE,NEAR_BOUNDARY,0.3333333333333333,100.0,99.41107702668793,0.9864311164789061
temperature_20c,temperature-20c-v1,blast-lite-lfp-gr-250ah-prismatic-2019-v1,blast-lite-b093495-250ah-prismatic-v1,PHYSICS_REFERENCE,NEAR_BOUNDARY,0.4166666666666667,125.0,124.07185493866058,0.9839277388282234
temperature_20c,temperature-20c-v1,blast-lite-lfp-gr-250ah-prismatic-2019-v1,blast-lite-b093495-250ah-prismatic-v1,PHYSICS_REFERENCE,NEAR_BOUNDARY,0.5,150.0,148.67004840936616,0.9815411195960307
temperature_20c,temperature-20c-v1,blast-lite-lfp-gr-250ah-prismatic-2019-v1,blast-lite-b093495-250ah-prismatic-v1,PHYSICS_REFERENCE,NEAR_BOUNDARY,0.5833333333333334,175.0,173.20857639926692,0.9792466601507743
temperature_20c,temperature-20c-v1,blast-lite-lfp-gr-250ah-prismatic-2019-v1,blast-lite-b093495-250ah-prismatic-v1,PHYSICS_REFERENCE,NEAR_BOUNDARY,0.6666666666666666,200.0,197.68974290303626,0.9770280354608587
temperature_20c,temperature-20c-v1,blast-lite-lfp-gr-250ah-prismatic-2019-v1,blast-lite-b093495-250ah-prismatic-v1,PHYSICS_REFERENCE,NEAR_BOUNDARY,0.75,225.0,222.11544378955773,0.9748736682341052
temperature_20c,temperature-20c-v1,blast-lite-lfp-gr-250ah-prismatic-2019-v1,blast-lite-b093495-250ah-prismatic-v1,PHYSICS_REFERENCE,NEAR_BOUNDARY,0.8333333333333334,250.0,246.48728549541036,0.9727749472788028
temperature_20c,temperature-20c-v1,blast-lite-lfp-gr-250ah-prismatic-2019-v1,blast-lite-b093495-250ah-prismatic-v1,PHYSICS_REFERENCE,NEAR_BOUNDARY,0.9166666666666666,275.0,270.8066591773804,0.9707252328153504
temperature_20c,temperature-20c-v1,blast-lite-lfp-gr-250ah-prismatic-2019-v1,blast-lite-b093495-250ah-prismatic-v1,PHYSICS_REFERENCE,NEAR_BOUNDARY,1.0,300.0,295.0747899977642,0.9687192588001784
temperature_20c,temperature-20c-v1,blast-lite-lfp-gr-250ah-prismatic-2019-v1,blast-lite-b093495-250ah-prismatic-v1,PHYSICS_REFERENCE,NEAR_BOUNDARY,1.0833333333333333,325.0,319.29277146776866,0.9667527528833402
temperature_20c,temperature-20c-v1,blast-lite-lfp-gr-250ah-prismatic-2019-v1,blast-lite-b093495-250ah-prismatic-v1,PHYSICS_REFERENCE,NEAR_BOUNDARY,1.1666666666666667,350.0,343.46159028985215,0.964822183612606
temperature_20c,temperature-20c-v1,blast-lite-lfp-gr-250ah-prismatic-2019-v1,blast-lite-b093495-250ah-prismatic-v1,PHYSICS_REFERENCE,NEAR_BOUNDARY,1.25,375.0,367.5821448801673,0.9629245859794172
temperature_20c,temperature-20c-v1,blast-lite-lfp-gr-250ah-prismatic-2019-v1,blast-lite-b093495-250ah-prismatic-v1,PHYSICS_REFERENCE,NEAR_BOUNDARY,1.3333333333333333,400.0,391.6552595296527,0.9610574372854613
temperature_20c,temperature-20c-v1,blast-lite-lfp-gr-250ah-prismatic-2019-v1,blast-lite-b093495-250ah-prismatic-v1,PHYSICS_REFERENCE,NEAR_BOUNDARY,1.4166666666666667,425.0,415.6816954617892,0.9592185664973665
temperature_20c,temperature-20c-v1,blast-lite-lfp-gr-250ah-prismatic-2019-v1,blast-lite-b093495-250ah-prismatic-v1,PHYSICS_REFERENCE,NEAR_BOUNDARY,1.5,450.0,439.66215962422336,0.9574060865687736
temperature_20c,temperature-20c-v1,blast-lite-lfp-gr-250ah-prismatic-2019-v1,blast-lite-b093495-250ah-prismatic-v1,PHYSICS_REFERENCE,NEAR_BOUNDARY,1.5833333333333333,475.0,463.5973117884427,0.9556183429277397
temperature_20c,temperature-20c-v1,blast-lite-lfp-gr-250ah-prismatic-2019-v1,blast-lite-b093495-250ah-prismatic-v1,PHYSICS_REFERENCE,NEAR_BOUNDARY,1.6666666666666667,500.0,487.4877703616362,0.9538538736013259
temperature_20c,temperature-20c-v1,blast-lite-lfp-gr-250ah-prismatic-2019-v1,blast-lite-b093495-250ah-prismatic-v1,PHYSICS_REFERENCE,NEAR_BOUNDARY,1.75,525.0,511.33411720166936,0.9521113778851468
temperature_20c,temperature-20c-v1,blast-lite-lfp-gr-250ah-prismatic-2019-v1,blast-lite-b093495-250ah-prismatic-v1,PHYSICS_REFERENCE,NEAR_BOUNDARY,1.8333333333333333,550.0,535.136901648798,0.9503896913982904
temperature_20c,temperature-20c-v1,blast-lite-lfp-gr-250ah-prismatic-2019-v1,blast-lite-b093495-250ah-prismatic-v1,PHYSICS_REFERENCE,NEAR_BOUNDARY,1.9166666666666667,575.0,558.8966439337553,0.948687765985023
temperature_20c,temperature-20c-v1,blast-lite-lfp-gr-250ah-prismatic-2019-v1,blast-lite-b093495-250ah-prismatic-v1,PHYSICS_REFERENCE,NEAR_BOUNDARY,2.0,600.0,582.6138380833809,0.947004653347416
temperature_20c,temperature-20c-v1,blast-lite-lfp-gr-250ah-prismatic-2019-v1,blast-lite-b093495-250ah-prismatic-v1,PHYSICS_REFERENCE,NEAR_BOUNDARY,2.0833333333333335,625.0,606.2889544170663,0.9453394915865593
temperature_20c,temperature-20c-v1,blast-lite-lfp-gr-250ah-prismatic-2019-v1,blast-lite-b093495-250ah-prismatic-v1,PHYSICS_REFERENCE,NEAR_BOUNDARY,2.1666666666666665,650.0,629.9224417067303,0.9436914940374913
temperature_20c,temperature-20c-v1,blast-lite-lfp-gr-250ah-prismatic-2019-v1,blast-lite-b093495-250ah-prismatic-v1,PHYSICS_REFERENCE,NEAR_BOUNDARY,2.25,675.0,653.5147290576675,0.942059939932014
temperature_20c,temperature-20c-v1,blast-lite-lfp-gr-250ah-prismatic-2019-v1,blast-lite-b093495-250ah-prismatic-v1,PHYSICS_REFERENCE,NEAR_BOUNDARY,2.3333333333333335,700.0,677.0662275559679,0.9404441665322024
temperature_20c,temperature-20c-v1,blast-lite-lfp-gr-250ah-prismatic-2019-v1,blast-lite-b093495-250ah-prismatic-v1,PHYSICS_REFERENCE,NEAR_BOUNDARY,2.4166666666666665,725.0,700.5773317192729,0.9388435624576955
temperature_20c,temperature-20c-v1,blast-lite-lfp-gr-250ah-prismatic-2019-v1,blast-lite-b093495-250ah-prismatic-v1,PHYSICS_REFERENCE,NEAR_BOUNDARY,2.5,750.0,724.0484207807153,0.9372575619898964
temperature_20c,temperature-20c-v1,blast-lite-lfp-gr-250ah-prismatic-2019-v1,blast-lite-b093495-250ah-prismatic-v1,PHYSICS_REFERENCE,NEAR_BOUNDARY,2.5833333333333335,775.0,747.4798598304627,0.9356856401816438
temperature_20c,temperature-20c-v1,blast-lite-lfp-gr-250ah-prismatic-2019-v1,blast-lite-b093495-250ah-prismatic-v1,PHYSICS_REFERENCE,NEAR_BOUNDARY,2.6666666666666665,800.0,770.8720008350039,0.9341273086356467
temperature_20c,temperature-20c-v1,blast-lite-lfp-gr-250ah-prismatic-2019-v1,blast-lite-b093495-250ah-prismatic-v1,PHYSICS_REFERENCE,NEAR_BOUNDARY,2.75,825.0,794.225183550895,0.9325821118417918
temperature_20c,temperature-20c-v1,blast-lite-lfp-gr-250ah-prismatic-2019-v1,blast-lite-b093495-250ah-prismatic-v1,PHYSICS_REFERENCE,NEAR_BOUNDARY,2.8333333333333335,850.0,817.5397363469399,0.9310496239843257
temperature_20c,temperature-20c-v1,blast-lite-lfp-gr-250ah-prismatic-2019-v1,blast-lite-b093495-250ah-prismatic-v1,PHYSICS_REFERENCE,NEAR_BOUNDARY,2.9166666666666665,875.0,840.8159769465481,0.929529446146324
temperature_20c,temperature-20c-v1,blast-lite-lfp-gr-250ah-prismatic-2019-v1,blast-lite-b093495-250ah-prismatic-v1,PHYSICS_REFERENCE,NEAR_BOUNDARY,3.0,900.0,864.0542131002062,0.9280212038518648
temperature_20c,temperature-20c-v1,blast-lite-lfp-gr-250ah-prismatic-2019-v1,blast-lite-b093495-250ah-prismatic-v1,PHYSICS_REFERENCE,NEAR_BOUNDARY,3.0833333333333335,925.0,887.2547431965028,0.926524544896682
temperature_20c,temperature-20c-v1,blast-lite-lfp-gr-250ah-prismatic-2019-v1,blast-lite-b093495-250ah-prismatic-v1,PHYSICS_REFERENCE,NEAR_BOUNDARY,3.1666666666666665,950.0,910.4178568189199,0.9250391374264153
temperature_20c,temperature-20c-v1,blast-lite-lfp-gr-250ah-prismatic-2019-v1,blast-lite-b093495-250ah-prismatic-v1,PHYSICS_REFERENCE,NEAR_BOUNDARY,3.25,975.0,933.5438352545802,0.9235646682283007
temperature_20c,temperature-20c-v1,blast-lite-lfp-gr-250ah-prismatic-2019-v1,blast-lite-b093495-250ah-prismatic-v1,PHYSICS_REFERENCE,NEAR_BOUNDARY,3.3333333333333335,1000.0,956.6329519602878,0.9221008412076277
temperature_20c,temperature-20c-v1,blast-lite-lfp-gr-250ah-prismatic-2019-v1,blast-lite-b093495-250ah-prismatic-v1,PHYSICS_REFERENCE,NEAR_BOUNDARY,3.4166666666666665,1025.0,979.6854729904785,0.9206473760247719
temperature_20c,temperature-20c-v1,blast-lite-lfp-gr-250ah-prismatic-2019-v1,blast-lite-b093495-250ah-prismatic-v1,PHYSICS_REFERENCE,NEAR_BOUNDARY,3.5,1050.0,1002.7016573910978,0.9192040068723022
temperature_20c,temperature-20c-v1,blast-lite-lfp-gr-250ah-prismatic-2019-v1,blast-lite-b093495-250ah-prismatic-v1,PHYSICS_REFERENCE,NEAR_BOUNDARY,3.5833333333333335,1075.0,1025.6817575629054,0.9177704813747091
temperature_20c,temperature-20c-v1,blast-lite-lfp-gr-250ah-prismatic-2019-v1,blast-lite-b093495-250ah-prismatic-v1,PHYSICS_REFERENCE,NEAR_BOUNDARY,3.6666666666666665,1100.0,1048.6260195972732,0.9163465595958391
temperature_20c,temperature-20c-v1,blast-lite-lfp-gr-250ah-prismatic-2019-v1,blast-lite-b093495-250ah-prismatic-v1,PHYSICS_REFERENCE,NEAR_BOUNDARY,3.75,1125.0,1071.5346835871692,0.9149320131412377
temperature_20c,temperature-20c-v1,blast-lite-lfp-gr-250ah-prismatic-2019-v1,blast-lite-b093495-250ah-prismatic-v1,PHYSICS_REFERENCE,NEAR_BOUNDARY,3.8333333333333335,1150.0,1094.4079839157,0.9135266243443755
temperature_20c,temperature-20c-v1,blast-lite-lfp-gr-250ah-prismatic-2019-v1,blast-lite-b093495-250ah-prismatic-v1,PHYSICS_REFERENCE,NEAR_BOUNDARY,3.9166666666666665,1175.0,1117.2461495243094,0.9121301855272309
temperature_20c,temperature-20c-v1,blast-lite-lfp-gr-250ah-prismatic-2019-v1,blast-lite-b093495-250ah-prismatic-v1,PHYSICS_REFERENCE,NEAR_BOUNDARY,4.0,1200.0,1140.0494041624902,0.9107424983269691
temperature_20c,temperature-20c-v1,blast-lite-lfp-gr-250ah-prismatic-2019-v1,blast-lite-b093495-250ah-prismatic-v1,PHYSICS_REFERENCE,NEAR_BOUNDARY,4.083333333333333,1225.0,1162.8179666206645,0.9093633730815233
temperature_20c,temperature-20c-v1,blast-lite-lfp-gr-250ah-prismatic-2019-v1,blast-lite-b093495-250ah-prismatic-v1,PHYSICS_REFERENCE,NEAR_BOUNDARY,4.166666666666667,1250.0,1185.5520509477026,0.9079926282678094
temperature_20c,temperature-20c-v1,blast-lite-lfp-gr-250ah-prismatic-2019-v1,blast-lite-b093495-250ah-prismatic-v1,PHYSICS_REFERENCE,NEAR_BOUNDARY,4.25,1275.0,1208.2518666543979,0.9066300899870793
temperature_20c,temperature-20c-v1,blast-lite-lfp-gr-250ah-prismatic-2019-v1,blast-lite-b093495-250ah-prismatic-v1,PHYSICS_REFERENCE,NEAR_BOUNDARY,4.333333333333333,1300.0,1230.9176189040747,0.9052755914925918
temperature_20c,temperature-20c-v1,blast-lite-lfp-gr-250ah-prismatic-2019-v1,blast-lite-b093495-250ah-prismatic-v1,PHYSICS_REFERENCE,NEAR_BOUNDARY,4.416666666666667,1325.0,1253.5495086913895,0.9039289727553609
temperature_20c,temperature-20c-v1,blast-lite-lfp-gr-250ah-prismatic-2019-v1,blast-lite-b093495-250ah-prismatic-v1,PHYSICS_REFERENCE,NEAR_BOUNDARY,4.5,1350.0,1276.1477330102734,0.902590080064232
temperature_20c,temperature-20c-v1,blast-lite-lfp-gr-250ah-prismatic-2019-v1,blast-lite-b093495-250ah-prismatic-v1,PHYSICS_REFERENCE,NEAR_BOUNDARY,4.583333333333333,1375.0,1298.7124850118792,0.90125876565698
temperature_20c,temperature-20c-v1,blast-lite-lfp-gr-250ah-prismatic-2019-v1,blast-lite-b093495-250ah-prismatic-v1,PHYSICS_REFERENCE,NEAR_BOUNDARY,4.666666666666667,1400.0,1321.2439541533035,0.8999348873794848
temperature_20c,temperature-20c-v1,blast-lite-lfp-gr-250ah-prismatic-2019-v1,blast-lite-b093495-250ah-prismatic-v1,PHYSICS_REFERENCE,NEAR_BOUNDARY,4.75,1425.0,1343.7423263377907,0.8986183083703783
temperature_20c,temperature-20c-v1,blast-lite-lfp-gr-250ah-prismatic-2019-v1,blast-lite-b093495-250ah-prismatic-v1,PHYSICS_REFERENCE,NEAR_BOUNDARY,4.833333333333333,1450.0,1366.2077840470502,0.8973088967688327
temperature_20c,temperature-20c-v1,blast-lite-lfp-gr-250ah-prismatic-2019-v1,blast-lite-b093495-250ah-prismatic-v1,PHYSICS_REFERENCE,NEAR_BOUNDARY,4.916666666666667,1475.0,1388.640506466271,0.8960065254434179
temperature_20c,temperature-20c-v1,blast-lite-lfp-gr-250ah-prismatic-2019-v1,blast-lite-b093495-250ah-prismatic-v1,PHYSICS_REFERENCE,NEAR_BOUNDARY,5.0,1500.0,1411.0406696023565,0.8947110717401654
temperature_20c,temperature-20c-v1,blast-lite-lfp-gr-250ah-prismatic-2019-v1,blast-lite-b093495-250ah-prismatic-v1,PHYSICS_REFERENCE,NEAR_BOUNDARY,5.083333333333333,1525.0,1433.4084463958607,0.8934224172481772
temperature_20c,temperature-20c-v1,blast-lite-lfp-gr-250ah-prismatic-2019-v1,blast-lite-b093495-250ah-prismatic-v1,PHYSICS_REFERENCE,NEAR_BOUNDARY,5.166666666666667,1550.0,1455.744006827065,0.8921404475812829
temperature_20c,temperature-20c-v1,blast-lite-lfp-gr-250ah-prismatic-2019-v1,blast-lite-b093495-250ah-prismatic-v1,PHYSICS_REFERENCE,NEAR_BOUNDARY,5.25,1575.0,1478.0475180165972,0.8908650521743985
temperature_20c,temperature-20c-v1,blast-lite-lfp-gr-250ah-prismatic-2019-v1,blast-lite-b093495-250ah-prismatic-v1,PHYSICS_REFERENCE,NEAR_BOUNDARY,5.333333333333333,1600.0,1500.319144320957,0.8895961240933766
temperature_20c,temperature-20c-v1,blast-lite-lfp-gr-250ah-prismatic-2019-v1,blast-lite-b093495-250ah-prismatic-v1,PHYSICS_REFERENCE,NEAR_BOUNDARY,5.416666666666667,1625.0,1522.5590474232915,0.8883335598572497
temperature_20c,temperature-20c-v1,blast-lite-lfp-gr-250ah-prismatic-2019-v1,blast-lite-b093495-250ah-prismatic-v1,PHYSICS_REFERENCE,NEAR_BOUNDARY,5.5,1650.0,1544.7673864197227,0.8870772592718786
temperature_20c,temperature-20c-v1,blast-lite-lfp-gr-250ah-prismatic-2019-v1,blast-lite-b093495-250ah-prismatic-v1,PHYSICS_REFERENCE,NEAR_BOUNDARY,5.583333333333333,1675.0,1566.9443179015198,0.8858271252741078
temperature_20c,temperature-20c-v1,blast-lite-lfp-gr-250ah-prismatic-2019-v1,blast-lite-b093495-250ah-prismatic-v1,PHYSICS_REFERENCE,NEAR_BOUNDARY,5.666666666666667,1700.0,1589.0899960333725,0.8845830637856131
temperature_20c,temperature-20c-v1,blast-lite-lfp-gr-250ah-prismatic-2019-v1,blast-lite-b093495-250ah-prismatic-v1,PHYSICS_REFERENCE,NEAR_BOUNDARY,5.75,1725.0,1611.2045726280128,0.8833449835757032
temperature_20c,temperature-20c-v1,blast-lite-lfp-gr-250ah-prismatic-2019-v1,blast-lite-b093495-250ah-prismatic-v1,PHYSICS_REFERENCE,NEAR_BOUNDARY,5.833333333333333,1750.0,1633.2881972174055,0.8821127961323997
temperature_20c,temperature-20c-v1,blast-lite-lfp-gr-250ah-prismatic-2019-v1,blast-lite-b093495-250ah-prismatic-v1,PHYSICS_REFERENCE,NEAR_BOUNDARY,5.916666666666667,1775.0,1655.3410171207154,0.880886415541185
temperature_20c,temperature-20c-v1,blast-lite-lfp-gr-250ah-prismatic-2019-v1,blast-lite-b093495-250ah-prismatic-v1,PHYSICS_REFERENCE,NEAR_BOUNDARY,6.0,1800.0,1677.363177509245,0.8796657583708547
temperature_20c,temperature-20c-v1,blast-lite-lfp-gr-250ah-prismatic-2019-v1,blast-lite-b093495-250ah-prismatic-v1,PHYSICS_REFERENCE,NEAR_BOUNDARY,6.083333333333333,1825.0,1699.3548214685163,0.8784507435659661
temperature_20c,temperature-20c-v1,blast-lite-lfp-gr-250ah-prismatic-2019-v1,blast-lite-b093495-250ah-prismatic-v1,PHYSICS_REFERENCE,NEAR_BOUNDARY,6.166666666666667,1850.0,1721.3160900576654,0.8772412923454117
temperature_20c,temperature-20c-v1,blast-lite-lfp-gr-250ah-prismatic-2019-v1,blast-lite-b093495-250ah-prismatic-v1,PHYSICS_REFERENCE,NEAR_BOUNDARY,6.25,1875.0,1743.2471223663008,0.8760373281066897
temperature_20c,temperature-20c-v1,blast-lite-lfp-gr-250ah-prismatic-2019-v1,blast-lite-b093495-250ah-prismatic-v1,PHYSICS_REFERENCE,NEAR_BOUNDARY,6.333333333333333,1900.0,1765.148055568968,0.87483877633548
temperature_20c,temperature-20c-v1,blast-lite-lfp-gr-250ah-prismatic-2019-v1,blast-lite-b093495-250ah-prismatic-v1,PHYSICS_REFERENCE,NEAR_BOUNDARY,6.416666666666667,1925.0,1787.019024977355,0.8736455645201603
temperature_20c,temperature-20c-v1,blast-lite-lfp-gr-250ah-prismatic-2019-v1,blast-lite-b093495-250ah-prismatic-v1,PHYSICS_REFERENCE,NEAR_BOUNDARY,6.5,1950.0,1808.860164090359,0.8724576220709328
temperature_20c,temperature-20c-v1,blast-lite-lfp-gr-250ah-prismatic-2019-v1,blast-lite-b093495-250ah-prismatic-v1,PHYSICS_REFERENCE,NEAR_BOUNDARY,6.583333333333333,1975.0,1830.6716046421323,0.8712748802432551
temperature_20c,temperature-20c-v1,blast-lite-lfp-gr-250ah-prismatic-2019-v1,blast-lite-b093495-250ah-prismatic-v1,PHYSICS_REFERENCE,NEAR_BOUNDARY,6.666666666666667,2000.0,1852.4534766482136,0.8700972720652922
temperature_20c,temperature-20c-v1,blast-lite-lfp-gr-250ah-prismatic-2019-v1,blast-lite-b093495-250ah-prismatic-v1,PHYSICS_REFERENCE,NEAR_BOUNDARY,6.75,2025.0,1874.205908449846,0.8689247322691308
temperature_20c,temperature-20c-v1,blast-lite-lfp-gr-250ah-prismatic-2019-v1,blast-lite-b093495-250ah-prismatic-v1,PHYSICS_REFERENCE,NEAR_BOUNDARY,6.833333333333333,2050.0,1895.9290267565743,0.867757197225514
temperature_20c,temperature-20c-v1,blast-lite-lfp-gr-250ah-prismatic-2019-v1,blast-lite-b093495-250ah-prismatic-v1,PHYSICS_REFERENCE,NEAR_BOUNDARY,6.916666666666667,2075.0,1917.622956687212,0.8665946048818769
temperature_20c,temperature-20c-v1,blast-lite-lfp-gr-250ah-prismatic-2019-v1,blast-lite-b093495-250ah-prismatic-v1,PHYSICS_REFERENCE,NEAR_BOUNDARY,7.0,2100.0,1939.287821809259,0.8654368947034741
temperature_20c,temperature-20c-v1,blast-lite-lfp-gr-250ah-prismatic-2019-v1,blast-lite-b093495-250ah-prismatic-v1,PHYSICS_REFERENCE,NEAR_BOUNDARY,7.083333333333333,2125.0,1960.9237441768457,0.8642840076174119
temperature_20c,temperature-20c-v1,blast-lite-lfp-gr-250ah-prismatic-2019-v1,blast-lite-b093495-250ah-prismatic-v1,PHYSICS_REFERENCE,NEAR_BOUNDARY,7.166666666666667,2150.0,1982.5308443672811,0.8631358859594066
temperature_20c,temperature-20c-v1,blast-lite-lfp-gr-250ah-prismatic-2019-v1,blast-lite-b093495-250ah-prismatic-v1,PHYSICS_REFERENCE,NEAR_BOUNDARY,7.25,2175.0,2004.1092415162664,0.8619924734231054
temperature_20c,temperature-20c-v1,blast-lite-lfp-gr-250ah-prismatic-2019-v1,blast-lite-b093495-250ah-prismatic-v1,PHYSICS_REFERENCE,NEAR_BOUNDARY,7.333333333333333,2200.0,2025.659053351844,0.8608537150118187
temperature_20c,temperature-20c-v1,blast-lite-lfp-gr-250ah-prismatic-2019-v1,blast-lite-b093495-250ah-prismatic-v1,PHYSICS_REFERENCE,NEAR_BOUNDARY,7.416666666666667,2225.0,2047.1803962271395,0.8597195569925213
temperature_20c,temperature-20c-v1,blast-lite-lfp-gr-250ah-prismatic-2019-v1,blast-lite-b093495-250ah-prismatic-v1,PHYSICS_REFERENCE,NEAR_BOUNDARY,7.5,2250.0,2068.6733851519525,0.8585899468519909
temperature_20c,temperature-20c-v1,blast-lite-lfp-gr-250ah-prismatic-2019-v1,blast-lite-b093495-250ah-prismatic-v1,PHYSICS_REFERENCE,NEAR_BOUNDARY,7.583333333333333,2275.0,2090.1381338232522,0.8574648332549613
temperature_20c,temperature-20c-v1,blast-lite-lfp-gr-250ah-prismatic-2019-v1,blast-lite-b093495-250ah-prismatic-v1,PHYSICS_REFERENCE,NEAR_BOUNDARY,7.666666666666667,2300.0,2111.5747546546263,0.8563441660041773
temperature_20c,temperature-20c-v1,blast-lite-lfp-gr-250ah-prismatic-2019-v1,blast-lite-b093495-250ah-prismatic-v1,PHYSICS_REFERENCE,NEAR_BOUNDARY,7.75,2325.0,2132.983358804731,0.8552278960022421
temperature_20c,temperature-20c-v1,blast-lite-lfp-gr-250ah-prismatic-2019-v1,blast-lite-b093495-250ah-prismatic-v1,PHYSICS_REFERENCE,NEAR_BOUNDARY,7.833333333333333,2350.0,2154.3640562047867,0.8541159752151599
temperature_20c,temperature-20c-v1,blast-lite-lfp-gr-250ah-prismatic-2019-v1,blast-lite-b093495-250ah-prismatic-v1,PHYSICS_REFERENCE,NEAR_BOUNDARY,7.916666666666667,2375.0,2175.7169555851656,0.8530083566374801
temperature_20c,temperature-20c-v1,blast-lite-lfp-gr-250ah-prismatic-2019-v1,blast-lite-b093495-250ah-prismatic-v1,PHYSICS_REFERENCE,NEAR_BOUNDARY,8.0,2400.0,2197.0421645011024,0.8519049942589556
temperature_20c,temperature-20c-v1,blast-lite-lfp-gr-250ah-prismatic-2019-v1,blast-lite-b093495-250ah-prismatic-v1,PHYSICS_REFERENCE,NEAR_BOUNDARY,8.083333333333334,2425.0,2218.339789357576,0.8508058430326344
temperature_20c,temperature-20c-v1,blast-lite-lfp-gr-250ah-prismatic-2019-v1,blast-lite-b093495-250ah-prismatic-v1,PHYSICS_REFERENCE,NEAR_BOUNDARY,8.166666666666666,2450.0,2239.609935433392,0.8497108588443083
temperature_20c,temperature-20c-v1,blast-lite-lfp-gr-250ah-prismatic-2019-v1,blast-lite-b093495-250ah-prismatic-v1,PHYSICS_REFERENCE,NEAR_BOUNDARY,8.25,2475.0,2260.8527069044994,0.8486199984832467
temperature_20c,temperature-20c-v1,blast-lite-lfp-gr-250ah-prismatic-2019-v1,blast-lite-b093495-250ah-prismatic-v1,PHYSICS_REFERENCE,NEAR_BOUNDARY,8.333333333333334,2500.0,2282.0682068665806,0.84753321961415
temperature_20c,temperature-20c-v1,blast-lite-lfp-gr-250ah-prismatic-2019-v1,blast-lite-b093495-250ah-prismatic-v1,PHYSICS_REFERENCE,NEAR_BOUNDARY,8.416666666666666,2525.0,2303.256537356934,0.8464504807502579
temperature_20c,temperature-20c-v1,blast-lite-lfp-gr-250ah-prismatic-2019-v1,blast-lite-b093495-250ah-prismatic-v1,PHYSICS_REFERENCE,NEAR_BOUNDARY,8.5,2550.0,2324.4177993756907,0.8453717412275554
temperature_20c,temperature-20c-v1,blast-lite-lfp-gr-250ah-prismatic-2019-v1,blast-lite-b093495-250ah-prismatic-v1,PHYSICS_REFERENCE,NEAR_BOUNDARY,8.583333333333334,2575.0,2345.5520929063796,0.8442969611800202
temperature_20c,temperature-20c-v1,blast-lite-lfp-gr-250ah-prismatic-2019-v1,blast-lite-b093495-250ah-prismatic-v1,PHYSICS_REFERENCE,NEAR_BOUNDARY,8.666666666666666,2600.0,2366.65951693588,0.843226101515859
temperature_20c,temperature-20c-v1,blast-lite-lfp-gr-250ah-prismatic-2019-v1,blast-lite-b093495-250ah-prismatic-v1,PHYSICS_REFERENCE,NEAR_BOUNDARY,8.75,2625.0,2387.740169473777,0.8421591238946851
temperature_20c,temperature-20c-v1,blast-lite-lfp-gr-250ah-prismatic-2019-v1,blast-lite-b093495-250ah-prismatic-v1,PHYSICS_REFERENCE,NEAR_BOUNDARY,8.833333333333334,2650.0,2408.794147571144,0.8410959907055897
temperature_20c,temperature-20c-v1,blast-lite-lfp-gr-250ah-prismatic-2019-v1,blast-lite-b093495-250ah-prismatic-v1,PHYSICS_REFERENCE,NEAR_BOUNDARY,8.916666666666666,2675.0,2429.821547338784,0.8400366650460657
temperature_20c,temperature-20c-v1,blast-lite-lfp-gr-250ah-prismatic-2019-v1,blast-lite-b093495-250ah-prismatic-v1,PHYSICS_REFERENCE,NEAR_BOUNDARY,9.0,2700.0,2450.8224639649357,0.8389811107017391
temperature_20c,temperature-20c-v1,blast-lite-lfp-gr-250ah-prismatic-2019-v1,blast-lite-b093495-250ah-prismatic-v1,PHYSICS_REFERENCE,NEAR_BOUNDARY,9.083333333333334,2725.0,2471.796991732479,0.837929292126874
temperature_20c,temperature-20c-v1,blast-lite-lfp-gr-250ah-prismatic-2019-v1,blast-lite-b093495-250ah-prismatic-v1,PHYSICS_REFERENCE,NEAR_BOUNDARY,9.166666666666666,2750.0,2492.745224035651,0.8368811744256117
temperature_20c,temperature-20c-v1,blast-lite-lfp-gr-250ah-prismatic-2019-v1,blast-lite-b093495-250ah-prismatic-v1,PHYSICS_REFERENCE,NEAR_BOUNDARY,9.25,2775.0,2513.6672533962915,0.8358367233339112
temperature_20c,temperature-20c-v1,blast-lite-lfp-gr-250ah-prismatic-2019-v1,blast-lite-b093495-250ah-prismatic-v1,PHYSICS_REFERENCE,NEAR_BOUNDARY,9.333333333333334,2800.0,2534.563171479639,0.834795905202157
temperature_20c,temperature-20c-v1,blast-lite-lfp-gr-250ah-prismatic-2019-v1,blast-lite-b093495-250ah-prismatic-v1,PHYSICS_REFERENCE,NEAR_BOUNDARY,9.416666666666666,2825.0,2555.433069109693,0.8337586869784052
temperature_20c,temperature-20c-v1,blast-lite-lfp-gr-250ah-prismatic-2019-v1,blast-lite-b093495-250ah-prismatic-v1,PHYSICS_REFERENCE,NEAR_BOUNDARY,9.5,2850.0,2576.277036284153,0.8327250361922387
temperature_20c,temperature-20c-v1,blast-lite-lfp-gr-250ah-prismatic-2019-v1,blast-lite-b093495-250ah-prismatic-v1,PHYSICS_REFERENCE,NEAR_BOUNDARY,9.583333333333334,2875.0,2597.095162188959,0.8316949209392025
temperature_20c,temperature-20c-v1,blast-lite-lfp-gr-250ah-prismatic-2019-v1,blast-lite-b093495-250ah-prismatic-v1,PHYSICS_REFERENCE,NEAR_BOUNDARY,9.666666666666666,2900.0,2617.887535212439,0.8306683098657945
temperature_20c,temperature-20c-v1,blast-lite-lfp-gr-250ah-prismatic-2019-v1,blast-lite-b093495-250ah-prismatic-v1,PHYSICS_REFERENCE,NEAR_BOUNDARY,9.75,2925.0,2638.654242959084,0.829645172154988
temperature_20c,temperature-20c-v1,blast-lite-lfp-gr-250ah-prismatic-2019-v1,blast-lite-b093495-250ah-prismatic-v1,PHYSICS_REFERENCE,NEAR_BOUNDARY,9.833333333333334,2950.0,2659.395372262959,0.82862547751226
temperature_20c,temperature-20c-v1,blast-lite-lfp-gr-250ah-prismatic-2019-v1,blast-lite-b093495-250ah-prismatic-v1,PHYSICS_REFERENCE,NEAR_BOUNDARY,9.916666666666666,2975.0,2680.1110092007657,0.8276091961521057
temperature_20c,temperature-20c-v1,blast-lite-lfp-gr-250ah-prismatic-2019-v1,blast-lite-b093495-250ah-prismatic-v1,PHYSICS_REFERENCE,NEAR_BOUNDARY,10.0,3000.0,2700.801239104568,0.8265962987850177
temperature_20c,temperature-20c-v1,blast-lite-lfp-gr-250ah-prismatic-2019-v1,blast-lite-b093495-250ah-prismatic-v1,PHYSICS_REFERENCE,NEAR_BOUNDARY,10.083333333333334,3025.0,2721.4661465741938,0.8255867566049092
temperature_20c,temperature-20c-v1,blast-lite-lfp-gr-250ah-prismatic-2019-v1,blast-lite-b093495-250ah-prismatic-v1,PHYSICS_REFERENCE,NEAR_BOUNDARY,10.166666666666666,3050.0,2742.1058154893167,0.8245805412769617
temperature_20c,temperature-20c-v1,blast-lite-lfp-gr-250ah-prismatic-2019-v1,blast-lite-b093495-250ah-prismatic-v1,PHYSICS_REFERENCE,NEAR_BOUNDARY,10.25,3075.0,2762.7203290212406,0.8235776249258836
temperature_20c,temperature-20c-v1,blast-lite-lfp-gr-250ah-prismatic-2019-v1,blast-lite-b093495-250ah-prismatic-v1,PHYSICS_REFERENCE,NEAR_BOUNDARY,10.333333333333334,3100.0,2783.309769644388,0.8225779801245561
temperature_20c,temperature-20c-v1,blast-lite-lfp-gr-250ah-prismatic-2019-v1,blast-lite-b093495-250ah-prismatic-v1,PHYSICS_REFERENCE,NEAR_BOUNDARY,10.416666666666666,3125.0,2803.8742191475017,0.8215815798830555
temperature_20c,temperature-20c-v1,blast-lite-lfp-gr-250ah-prismatic-2019-v1,blast-lite-b093495-250ah-prismatic-v1,PHYSICS_REFERENCE,NEAR_BOUNDARY,10.5,3150.0,2824.413758644578,0.8205883976380355
temperature_20c,temperature-20c-v1,blast-lite-lfp-gr-250ah-prismatic-2019-v1,blast-lite-b093495-250ah-prismatic-v1,PHYSICS_REFERENCE,NEAR_BOUNDARY,10.583333333333334,3175.0,2844.928468585529,0.8195984072424514
temperature_20c,temperature-20c-v1,blast-lite-lfp-gr-250ah-prismatic-2019-v1,blast-lite-b093495-250ah-prismatic-v1,PHYSICS_REFERENCE,NEAR_BOUNDARY,10.666666666666666,3200.0,2865.4184287665903,0.8186115829556183
temperature_20c,temperature-20c-v1,blast-lite-lfp-gr-250ah-prismatic-2019-v1,blast-lite-b093495-250ah-prismatic-v1,PHYSICS_REFERENCE,NEAR_BOUNDARY,10.75,3225.0,2885.8837183404808,0.8176278994335845
temperature_20c,temperature-20c-v1,blast-lite-lfp-gr-250ah-prismatic-2019-v1,blast-lite-b093495-250ah-prismatic-v1,PHYSICS_REFERENCE,NEAR_BOUNDARY,10.833333333333334,3250.0,2906.3244158263205,0.8166473317198101
temperature_20c,temperature-20c-v1,blast-lite-lfp-gr-250ah-prismatic-2019-v1,blast-lite-b093495-250ah-prismatic-v1,PHYSICS_REFERENCE,NEAR_BOUNDARY,10.916666666666666,3275.0,2926.740599119316,0.8156698552361396
temperature_20c,temperature-20c-v1,blast-lite-lfp-gr-250ah-prismatic-2019-v1,blast-lite-b093495-250ah-prismatic-v1,PHYSICS_REFERENCE,NEAR_BOUNDARY,11.0,3300.0,2947.1323455002193,0.8146954457740548
temperature_20c,temperature-20c-v1,blast-lite-lfp-gr-250ah-prismatic-2019-v1,blast-lite-b093495-250ah-prismatic-v1,PHYSICS_REFERENCE,NEAR_BOUNDARY,11.083333333333334,3325.0,2967.4997316445706,0.8137240794861988
temperature_20c,temperature-20c-v1,blast-lite-lfp-gr-250ah-prismatic-2019-v1,blast-lite-b093495-250ah-prismatic-v1,PHYSICS_REFERENCE,NEAR_BOUNDARY,11.166666666666666,3350.0,2987.8428336317256,0.8127557328781597
temperature_20c,temperature-20c-v1,blast-lite-lfp-gr-250ah-prismatic-2019-v1,blast-lite-b093495-250ah-prismatic-v1,PHYSICS_REFERENCE,NEAR_BOUNDARY,11.25,3375.0,3008.1617269536796,0.8117903828005042
temperature_20c,temperature-20c-v1,blast-lite-lfp-gr-250ah-prismatic-2019-v1,blast-lite-b093495-250ah-prismatic-v1,PHYSICS_REFERENCE,NEAR_BOUNDARY,11.333333333333334,3400.0,3028.456486523692,0.8108280064410536
temperature_20c,temperature-20c-v1,blast-lite-lfp-gr-250ah-prismatic-2019-v1,blast-lite-b093495-250ah-prismatic-v1,PHYSICS_REFERENCE,NEAR_BOUNDARY,11.416666666666666,3425.0,3048.7271866847186,0.8098685813173885
temperature_20c,temperature-20c-v1,blast-lite-lfp-gr-250ah-prismatic-2019-v1,blast-lite-b093495-250ah-prismatic-v1,PHYSICS_REFERENCE,NEAR_BOUNDARY,11.5,3450.0,3068.9739012176533,0.8089120852695796
temperature_20c,temperature-20c-v1,blast-lite-lfp-gr-250ah-prismatic-2019-v1,blast-lite-b093495-250ah-prismatic-v1,PHYSICS_REFERENCE,NEAR_BOUNDARY,11.583333333333334,3475.0,3089.196703349393,0.8079584964531308
temperature_20c,temperature-20c-v1,blast-lite-lfp-gr-250ah-prismatic-2019-v1,blast-lite-b093495-250ah-prismatic-v1,PHYSICS_REFERENCE,NEAR_BOUNDARY,11.666666666666666,3500.0,3109.3956657607214,0.8070077933321304
temperature_20c,temperature-20c-v1,blast-lite-lfp-gr-250ah-prismatic-2019-v1,blast-lite-b093495-250ah-prismatic-v1,PHYSICS_REFERENCE,NEAR_BOUNDARY,11.75,3525.0,3129.5708605940245,0.806059954672601
temperature_20c,temperature-20c-v1,blast-lite-lfp-gr-250ah-prismatic-2019-v1,blast-lite-b093495-250ah-prismatic-v1,PHYSICS_REFERENCE,NEAR_BOUNDARY,11.833333333333334,3550.0,3149.7223594608395,0.8051149595360425
temperature_20c,temperature-20c-v1,blast-lite-lfp-gr-250ah-prismatic-2019-v1,blast-lite-b093495-250ah-prismatic-v1,PHYSICS_REFERENCE,NEAR_BOUNDARY,11.916666666666666,3575.0,3169.8502334492405,0.8041727872731579
temperature_20c,temperature-20c-v1,blast-lite-lfp-gr-250ah-prismatic-2019-v1,blast-lite-b093495-250ah-prismatic-v1,PHYSICS_REFERENCE,NEAR_BOUNDARY,12.0,3600.0,3189.9545531310696,0.8032334175177609
temperature_20c,temperature-20c-v1,blast-lite-lfp-gr-250ah-prismatic-2019-v1,blast-lite-b093495-250ah-prismatic-v1,PHYSICS_REFERENCE,NEAR_BOUNDARY,12.083333333333334,3625.0,3210.035388569014,0.8022968301808523
temperature_20c,temperature-20c-v1,blast-lite-lfp-gr-250ah-prismatic-2019-v1,blast-lite-b093495-250ah-prismatic-v1,PHYSICS_REFERENCE,NEAR_BOUNDARY,12.166666666666666,3650.0,3230.092809323535,0.8013630054448654
temperature_20c,temperature-20c-v1,blast-lite-lfp-gr-250ah-prismatic-2019-v1,blast-lite-b093495-250ah-prismatic-v1,PHYSICS_REFERENCE,NEAR_BOUNDARY,12.25,3675.0,3250.126884459657,0.8004319237580695
temperature_20c,temperature-20c-v1,blast-lite-lfp-gr-250ah-prismatic-2019-v1,blast-lite-b093495-250ah-prismatic-v1,PHYSICS_REFERENCE,NEAR_BOUNDARY,12.333333333333334,3700.0,3270.137682553609,0.7995035658291298
temperature_20c,temperature-20c-v1,blast-lite-lfp-gr-250ah-prismatic-2019-v1,blast-lite-b093495-250ah-prismatic-v1,PHYSICS_REFERENCE,NEAR_BOUNDARY,12.416666666666666,3725.0,3290.125271699337,0.7985779126218159
temperature_20c,temperature-20c-v1,blast-lite-lfp-gr-250ah-prismatic-2019-v1,blast-lite-b093495-250ah-prismatic-v1,PHYSICS_REFERENCE,NEAR_BOUNDARY,12.5,3750.0,3310.0897195148827,0.797654945349854
temperature_20c,temperature-20c-v1,blast-lite-lfp-gr-250ah-prismatic-2019-v1,blast-lite-b093495-250ah-prismatic-v1,PHYSICS_REFERENCE,NEAR_BOUNDARY,12.583333333333334,3775.0,3330.031093148629,0.7967346454719203
temperature_20c,temperature-20c-v1,blast-lite-lfp-gr-250ah-prismatic-2019-v1,blast-lite-b093495-250ah-prismatic-v1,PHYSICS_REFERENCE,NEAR_BOUNDARY,12.666666666666666,3800.0,3349.949459285427,0.795816994686767
temperature_20c,temperature-20c-v1,blast-lite-lfp-gr-250ah-prismatic-2019-v1,blast-lite-b093495-250ah-prismatic-v1,PHYSICS_REFERENCE,NEAR_BOUNDARY,12.75,3825.0,3369.8448841525965,0.79490197492848
temperature_20c,temperature-20c-v1,blast-lite-lfp-gr-250ah-prismatic-2019-v1,blast-lite-b093495-250ah-prismatic-v1,PHYSICS_REFERENCE,NEAR_BOUNDARY,12.833333333333334,3850.0,3389.7174335258087,0.7939895683618614
temperature_20c,temperature-20c-v1,blast-lite-lfp-gr-250ah-prismatic-2019-v1,blast-lite-b093495-250ah-prismatic-v1,PHYSICS_REFERENCE,NEAR_BOUNDARY,12.916666666666666,3875.0,3409.5671727348554,0.7930797573779348
temperature_20c,temperature-20c-v1,blast-lite-lfp-gr-250ah-prismatic-2019-v1,blast-lite-b093495-250ah-prismatic-v1,PHYSICS_REFERENCE,NEAR_BOUNDARY,13.0,3900.0,3429.3941666693036,0.7921725245895666
temperature_20c,temperature-20c-v1,blast-lite-lfp-gr-250ah-prismatic-2019-v1,blast-lite-b093495-250ah-prismatic-v1,PHYSICS_REFERENCE,NEAR_BOUNDARY,13.083333333333334,3925.0,3449.198479784043,0.7912678528272025
temperature_20c,temperature-20c-v1,blast-lite-lfp-gr-250ah-prismatic-2019-v1,blast-lite-b093495-250ah-prismatic-v1,PHYSICS_REFERENCE,NEAR_BOUNDARY,13.166666666666666,3950.0,3468.980176104723,0.7903657251347139
temperature_20c,temperature-20c-v1,blast-lite-lfp-gr-250ah-prismatic-2019-v1,blast-lite-b093495-250ah-prismatic-v1,PHYSICS_REFERENCE,NEAR_BOUNDARY,13.25,3975.0,3488.7393192330906,0.7894661247653504
temperature_20c,temperature-20c-v1,blast-lite-lfp-gr-250ah-prismatic-2019-v1,blast-lite-b093495-250ah-prismatic-v1,PHYSICS_REFERENCE,NEAR_BOUNDARY,13.333333333333334,4000.0,3508.4759723522243,0.7885690351777954
temperature_20c,temperature-20c-v1,blast-lite-lfp-gr-250ah-prismatic-2019-v1,blast-lite-b093495-250ah-prismatic-v1,PHYSICS_REFERENCE,NEAR_BOUNDARY,13.416666666666666,4025.0,3528.190198231669,0.7876744400323222
temperature_20c,temperature-20c-v1,blast-lite-lfp-gr-250ah-prismatic-2019-v1,blast-lite-b093495-250ah-prismatic-v1,PHYSICS_REFERENCE,NEAR_BOUNDARY,13.5,4050.0,3547.882059232477,0.7867823231870464
temperature_20c,temperature-20c-v1,blast-lite-lfp-gr-250ah-prismatic-2019-v1,blast-lite-b093495-250ah-prismatic-v1,PHYSICS_REFERENCE,NEAR_BOUNDARY,13.583333333333334,4075.0,3567.551617312153,0.7858926686942718
temperature_20c,temperature-20c-v1,blast-lite-lfp-gr-250ah-prismatic-2019-v1,blast-lite-b093495-250ah-prismatic-v1,PHYSICS_REFERENCE,NEAR_BOUNDARY,13.666666666666666,4100.0,3587.19893402951,0.7850054607969275
temperature_20c,temperature-20c-v1,blast-lite-lfp-gr-250ah-prismatic-2019-v1,blast-lite-b093495-250ah-prismatic-v1,PHYSICS_REFERENCE,NEAR_BOUNDARY,13.75,4125.0,3606.824070549433,0.7841206839250923
temperature_20c,temperature-20c-v1,blast-lite-lfp-gr-250ah-prismatic-2019-v1,blast-lite-b093495-250ah-prismatic-v1,PHYSICS_REFERENCE,NEAR_BOUNDARY,13.833333333333334,4150.0,3626.4270876475603,0.7832383226926052
temperature_20c,temperature-20c-v1,blast-lite-lfp-gr-250ah-prismatic-2019-v1,blast-lite-b093495-250ah-prismatic-v1,PHYSICS_REFERENCE,NEAR_BOUNDARY,13.916666666666666,4175.0,3646.0080457148756,0.7823583618937575
temperature_20c,temperature-20c-v1,blast-lite-lfp-gr-250ah-prismatic-2019-v1,blast-lite-b093495-250ah-prismatic-v1,PHYSICS_REFERENCE,NEAR_BOUNDARY,14.0,4200.0,3665.5670047622198,0.7814807865000664
temperature_20c,temperature-20c-v1,blast-lite-lfp-gr-250ah-prismatic-2019-v1,blast-lite-b093495-250ah-prismatic-v1,PHYSICS_REFERENCE,NEAR_BOUNDARY,14.083333333333334,4225.0,3685.1040244247215,0.7806055816571237
temperature_20c,temperature-20c-v1,blast-lite-lfp-gr-250ah-prismatic-2019-v1,blast-lite-b093495-250ah-prismatic-v1,PHYSICS_REFERENCE,NEAR_BOUNDARY,14.166666666666666,4250.0,3704.6191639661497,0.779732732681523
temperature_20c,temperature-20c-v1,blast-lite-lfp-gr-250ah-prismatic-2019-v1,blast-lite-b093495-250ah-prismatic-v1,PHYSICS_REFERENCE,NEAR_BOUNDARY,14.25,4275.0,3724.1124822831875,0.7788622250578578
temperature_20c,temperature-20c-v1,blast-lite-lfp-gr-250ah-prismatic-2019-v1,blast-lite-b093495-250ah-prismatic-v1,PHYSICS_REFERENCE,NEAR_BOUNDARY,14.333333333333334,4300.0,3743.584037909634,0.7779940444357911
temperature_20c,temperature-20c-v1,blast-lite-lfp-gr-250ah-prismatic-2019-v1,blast-lite-b093495-250ah-prismatic-v1,PHYSICS_REFERENCE,NEAR_BOUNDARY,14.416666666666666,4325.0,3763.033889020529,0.7771281766271944
temperature_20c,temperature-20c-v1,blast-lite-lfp-gr-250ah-prismatic-2019-v1,blast-lite-b093495-250ah-prismatic-v1,PHYSICS_REFERENCE,NEAR_BOUNDARY,14.5,4350.0,3782.4620934362088,0.7762646076033519
temperature_20c,temperature-20c-v1,blast-lite-lfp-gr-250ah-prismatic-2019-v1,blast-lite-b093495-250ah-prismatic-v1,PHYSICS_REFERENCE,NEAR_BOUNDARY,14.583333333333334,4375.0,3801.8687086262926,0.7754033234922317
temperature_20c,temperature-20c-v1,blast-lite-lfp-gr-250ah-prismatic-2019-v1,blast-lite-b093495-250ah-prismatic-v1,PHYSICS_REFERENCE,NEAR_BOUNDARY,14.666666666666666,4400.0,3821.2537917135983,0.774544310575818
temperature_20c,temperature-20c-v1,blast-lite-lfp-gr-250ah-prismatic-2019-v1,blast-lite-b093495-250ah-prismatic-v1,PHYSICS_REFERENCE,NEAR_BOUNDARY,14.75,4425.0,3840.617399477994,0.7736875552875058
temperature_20c,temperature-20c-v1,blast-lite-lfp-gr-250ah-prismatic-2019-v1,blast-lite-b093495-250ah-prismatic-v1,PHYSICS_REFERENCE,NEAR_BOUNDARY,14.833333333333334,4450.0,3859.9595883601814,0.7728330442095541
temperature_20c,temperature-20c-v1,blast-lite-lfp-gr-250ah-prismatic-2019-v1,blast-lite-b093495-250ah-prismatic-v1,PHYSICS_REFERENCE,NEAR_BOUNDARY,14.916666666666666,4475.0,3879.28041446542,0.7719807640705976
temperature_20c,temperature-20c-v1,blast-lite-lfp-gr-250ah-prismatic-2019-v1,blast-lite-b093495-250ah-prismatic-v1,PHYSICS_REFERENCE,NEAR_BOUNDARY,15.0,4500.0,3898.579933567185,0.7711307017432131
temperature_20c,temperature-20c-v1,blast-lite-lfp-gr-250ah-prismatic-2019-v1,blast-lite-b093495-250ah-prismatic-v1,PHYSICS_REFERENCE,NEAR_BOUNDARY,15.083333333333334,4525.0,3917.858201110765,0.770282844241542
temperature_20c,temperature-20c-v1,blast-lite-lfp-gr-250ah-prismatic-2019-v1,blast-lite-b093495-250ah-prismatic-v1,PHYSICS_REFERENCE,NEAR_BOUNDARY,15.166666666666666,4550.0,3937.1152722168035,0.7694371787189653
temperature_20c,temperature-20c-v1,blast-lite-lfp-gr-250ah-prismatic-2019-v1,blast-lite-b093495-250ah-prismatic-v1,PHYSICS_REFERENCE,NEAR_BOUNDARY,15.25,4575.0,3956.3512016847776,0.7685936924658288
temperature_20c,temperature-20c-v1,blast-lite-lfp-gr-250ah-prismatic-2019-v1,blast-lite-b093495-250ah-prismatic-v1,PHYSICS_REFERENCE,NEAR_BOUNDARY,15.333333333333334,4600.0,3975.566043996423,0.76775237290722
temperature_20c,temperature-20c-v1,blast-lite-lfp-gr-250ah-prismatic-2019-v1,blast-lite-b093495-250ah-prismatic-v1,PHYSICS_REFERENCE,NEAR_BOUNDARY,15.416666666666666,4625.0,3994.7598533191035,0.766913207600793
temperature_20c,temperature-20c-v1,blast-lite-lfp-gr-250ah-prismatic-2019-v1,blast-lite-b093495-250ah-prismatic-v1,PHYSICS_REFERENCE,NEAR_BOUNDARY,15.5,4650.0,4013.9326835091233,0.7660761842346403
temperature_20c,temperature-20c-v1,blast-lite-lfp-gr-250ah-prismatic-2019-v1,blast-lite-b093495-250ah-prismatic-v1,PHYSICS_REFERENCE,NEAR_BOUNDARY,15.583333333333334,4675.0,4033.0845881149894,0.7652412906252114
temperature_20c,temperature-20c-v1,blast-lite-lfp-gr-250ah-prismatic-2019-v1,blast-lite-b093495-250ah-prismatic-v1,PHYSICS_REFERENCE,NEAR_BOUNDARY,15.666666666666666,4700.0,4052.21562038062,0.7644085147152758
temperature_20c,temperature-20c-v1,blast-lite-lfp-gr-250ah-prismatic-2019-v1,blast-lite-b093495-250ah-prismatic-v1,PHYSICS_REFERENCE,NEAR_BOUNDARY,15.75,4725.0,4071.3258332485016,0.7635778445719296
temperature_20c,temperature-20c-v1,blast-lite-lfp-gr-250ah-prismatic-2019-v1,blast-lite-b093495-250ah-prismatic-v1,PHYSICS_REFERENCE,NEAR_BOUNDARY,15.833333333333334,4750.0,4090.4152793628,0.7627492683846444
temperature_20c,temperature-20c-v1,blast-lite-lfp-gr-250ah-prismatic-2019-v1,blast-lite-b093495-250ah-prismatic-v1,PHYSICS_REFERENCE,NEAR_BOUNDARY,15.916666666666666,4775.0,4109.484011072416,0.7619227744633581
temperature_20c,temperature-20c-v1,blast-lite-lfp-gr-250ah-prismatic-2019-v1,blast-lite-b093495-250ah-prismatic-v1,PHYSICS_REFERENCE,NEAR_BOUNDARY,16.0,4800.0,4128.532080434,0.7610983512366047
temperature_20c,temperature-20c-v1,blast-lite-lfp-gr-250ah-prismatic-2019-v1,blast-lite-b093495-250ah-prismatic-v1,PHYSICS_REFERENCE,NEAR_BOUNDARY,16.083333333333332,4825.0,4147.559539214915,0.7602759872496849
temperature_20c,temperature-20c-v1,blast-lite-lfp-gr-250ah-prismatic-2019-v1,blast-lite-b093495-250ah-prismatic-v1,PHYSICS_REFERENCE,NEAR_BOUNDARY,16.166666666666668,4850.0,4166.566438896158,0.7594556711628728
temperature_20c,temperature-20c-v1,blast-lite-lfp-gr-250ah-prismatic-2019-v1,blast-lite-b093495-250ah-prismatic-v1,PHYSICS_REFERENCE,NEAR_BOUNDARY,16.25,4875.0,4185.552830675229,0.7586373917496618
temperature_20c,temperature-20c-v1,blast-lite-lfp-gr-250ah-prismatic-2019-v1,blast-lite-b093495-250ah-prismatic-v1,PHYSICS_REFERENCE,NEAR_BOUNDARY,16.333333333333332,4900.0,4204.518765468971,0.7578211378950447
temperature_20c,temperature-20c-v1,blast-lite-lfp-gr-250ah-prismatic-2019-v1,blast-lite-b093495-250ah-prismatic-v1,PHYSICS_REFERENCE,NEAR_BOUNDARY,16.416666666666668,4925.0,4223.464293916347,0.7570068985938307
temperature_20c,temperature-20c-v1,blast-lite-lfp-gr-250ah-prismatic-2019-v1,blast-lite-b093495-250ah-prismatic-v1,PHYSICS_REFERENCE,NEAR_BOUNDARY,16.5,4950.0,4242.3894663811925,0.7561946629489955
temperature_20c,temperature-20c-v1,blast-lite-lfp-gr-250ah-prismatic-2019-v1,blast-lite-b093495-250ah-prismatic-v1,PHYSICS_REFERENCE,NEAR_BOUNDARY,16.583333333333332,4975.0,4261.294332954917,0.7553844201700654
temperature_20c,temperature-20c-v1,blast-lite-lfp-gr-250ah-prismatic-2019-v1,blast-lite-b093495-250ah-prismatic-v1,PHYSICS_REFERENCE,NEAR_BOUNDARY,16.666666666666668,5000.0,4280.178943459168,0.7545761595715337
temperature_20c,temperature-20c-v1,blast-lite-lfp-gr-250ah-prismatic-2019-v1,blast-lite-b093495-250ah-prismatic-v1,PHYSICS_REFERENCE,NEAR_BOUNDARY,16.75,5025.0,4299.043347448456,0.7537698705713093
temperature_20c,temperature-20c-v1,blast-lite-lfp-gr-250ah-prismatic-2019-v1,blast-lite-b093495-250ah-prismatic-v1,PHYSICS_REFERENCE,NEAR_BOUNDARY,16.833333333333332,5050.0,4317.887594212739,0.7529655426891958
temperature_20c,temperature-20c-v1,blast-lite-lfp-gr-250ah-prismatic-2019-v1,blast-lite-b093495-250ah-prismatic-v1,PHYSICS_REFERENCE,NEAR_BOUNDARY,16.916666666666668,5075.0,4336.711732779969,0.7521631655454011
temperature_20c,temperature-20c-v1,blast-lite-lfp-gr-250ah-prismatic-2019-v1,blast-lite-b093495-250ah-prismatic-v1,PHYSICS_REFERENCE,NEAR_BOUNDARY,17.0,5100.0,4355.5158119186035,0.7513627288590755
temperature_20c,temperature-20c-v1,blast-lite-lfp-gr-250ah-prismatic-2019-v1,blast-lite-b093495-250ah-prismatic-v1,PHYSICS_REFERENCE,NEAR_BOUNDARY,17.083333333333332,5125.0,4374.29988014008,0.750564222446881
temperature_20c,temperature-20c-v1,blast-lite-lfp-gr-250ah-prismatic-2019-v1,blast-lite-b093495-250ah-prismatic-v1,PHYSICS_REFERENCE,NEAR_BOUNDARY,17.166666666666668,5150.0,4393.063985701252,0.749767636221585
temperature_20c,temperature-20c-v1,blast-lite-lfp-gr-250ah-prismatic-2019-v1,blast-lite-b093495-250ah-prismatic-v1,PHYSICS_REFERENCE,NEAR_BOUNDARY,17.25,5175.0,4411.808176606792,0.7489729601906844
temperature_20c,temperature-20c-v1,blast-lite-lfp-gr-250ah-prismatic-2019-v1,blast-lite-b093495-250ah-prismatic-v1,PHYSICS_REFERENCE,NEAR_BOUNDARY,17.333333333333332,5200.0,4430.532500611559,0.7481801844550547
temperature_20c,temperature-20c-v1,blast-lite-lfp-gr-250ah-prismatic-2019-v1,blast-lite-b093495-250ah-prismatic-v1,PHYSICS_REFERENCE,NEAR_BOUNDARY,17.416666666666668,5225.0,4449.237005222935,0.7473892992076254
temperature_20c,temperature-20c-v1,blast-lite-lfp-gr-250ah-prismatic-2019-v1,blast-lite-b093495-250ah-prismatic-v1,PHYSICS_REFERENCE,NEAR_BOUNDARY,17.5,5250.0,4467.9217377031255,0.7466002947320816
temperature_20c,temperature-20c-v1,blast-lite-lfp-gr-250ah-prismatic-2019-v1,blast-lite-b093495-250ah-prismatic-v1,PHYSICS_REFERENCE,NEAR_BOUNDARY,17.583333333333332,5275.0,4486.586745071428,0.7458131614015885
temperature_20c,temperature-20c-v1,blast-lite-lfp-gr-250ah-prismatic-2019-v1,blast-lite-b093495-250ah-prismatic-v1,PHYSICS_REFERENCE,NEAR_BOUNDARY,17.666666666666668,5300.0,4505.232074106468,0.7450278896775424
temperature_20c,temperature-20c-v1,blast-lite-lfp-gr-250ah-prismatic-2019-v1,blast-lite-b093495-250ah-prismatic-v1,PHYSICS_REFERENCE,NEAR_BOUNDARY,17.75,5325.0,4523.8577713484065,0.7442444701083433
temperature_20c,temperature-20c-v1,blast-lite-lfp-gr-250ah-prismatic-2019-v1,blast-lite-b093495-250ah-prismatic-v1,PHYSICS_REFERENCE,NEAR_BOUNDARY,17.833333333333332,5350.0,4542.463883101115,0.7434628933281919
temperature_20c,temperature-20c-v1,blast-lite-lfp-gr-250ah-prismatic-2019-v1,blast-lite-b093495-250ah-prismatic-v1,PHYSICS_REFERENCE,NEAR_BOUNDARY,17.916666666666668,5375.0,4561.05045543432,0.742683150055908
temperature_20c,temperature-20c-v1,blast-lite-lfp-gr-250ah-prismatic-2019-v1,blast-lite-b093495-250ah-prismatic-v1,PHYSICS_REFERENCE,NEAR_BOUNDARY,18.0,5400.0,4579.617534185717,0.7419052310937718
temperature_20c,temperature-20c-v1,blast-lite-lfp-gr-250ah-prismatic-2019-v1,blast-lite-b093495-250ah-prismatic-v1,PHYSICS_REFERENCE,NEAR_BOUNDARY,18.083333333333332,5425.0,4598.165164963061,0.7411291273263861
temperature_20c,temperature-20c-v1,blast-lite-lfp-gr-250ah-prismatic-2019-v1,blast-lite-b093495-250ah-prismatic-v1,PHYSICS_REFERENCE,NEAR_BOUNDARY,18.166666666666668,5450.0,4616.693393146221,0.7403548297195596
temperature_20c,temperature-20c-v1,blast-lite-lfp-gr-250ah-prismatic-2019-v1,blast-lite-b093495-250ah-prismatic-v1,PHYSICS_REFERENCE,NEAR_BOUNDARY,18.25,5475.0,4635.2022638892095,0.7395823293192103
temperature_20c,temperature-20c-v1,blast-lite-lfp-gr-250ah-prismatic-2019-v1,blast-lite-b093495-250ah-prismatic-v1,PHYSICS_REFERENCE,NEAR_BOUNDARY,18.333333333333332,5500.0,4653.6918221221895,0.7388116172502902
temperature_20c,temperature-20c-v1,blast-lite-lfp-gr-250ah-prismatic-2019-v1,blast-lite-b093495-250ah-prismatic-v1,PHYSICS_REFERENCE,NEAR_BOUNDARY,18.416666666666668,5525.0,4672.162112553447,0.7380426847157278
temperature_20c,temperature-20c-v1,blast-lite-lfp-gr-250ah-prismatic-2019-v1,blast-lite-b093495-250ah-prismatic-v1,PHYSICS_REFERENCE,NEAR_BOUNDARY,18.5,5550.0,4690.61317967134,0.7372755229953899
temperature_20c,temperature-20c-v1,blast-lite-lfp-gr-250ah-prismatic-2019-v1,blast-lite-b093495-250ah-prismatic-v1,PHYSICS_REFERENCE,NEAR_BOUNDARY,18.583333333333332,5575.0,4709.045067746225,0.7365101234450644
temperature_20c,temperature-20c-v1,blast-lite-lfp-gr-250ah-prismatic-2019-v1,blast-lite-b093495-250ah-prismatic-v1,PHYSICS_REFERENCE,NEAR_BOUNDARY,18.666666666666668,5600.0,4727.457820832352,0.7357464774954579
temperature_20c,temperature-20c-v1,blast-lite-lfp-gr-250ah-prismatic-2019-v1,blast-lite-b093495-250ah-prismatic-v1,PHYSICS_REFERENCE,NEAR_BOUNDARY,18.75,5625.0,4745.851482769738,0.7349845766512136
temperature_20c,temperature-20c-v1,blast-lite-lfp-gr-250ah-prismatic-2019-v1,blast-lite-b093495-250ah-prismatic-v1,PHYSICS_REFERENCE,NEAR_BOUNDARY,18.833333333333332,5650.0,4764.226097186019,0.7342244124899457
temperature_20c,temperature-20c-v1,blast-lite-lfp-gr-250ah-prismatic-2019-v1,blast-lite-b093495-250ah-prismatic-v1,PHYSICS_REFERENCE,NEAR_BOUNDARY,18.916666666666668,5675.0,4782.581707498267,0.7334659766612908
temperature_20c,temperature-20c-v1,blast-lite-lfp-gr-250ah-prismatic-2019-v1,blast-lite-b093495-250ah-prismatic-v1,PHYSICS_REFERENCE,NEAR_BOUNDARY,19.0,5700.0,4800.918356914799,0.7327092608859759
temperature_20c,temperature-20c-v1,blast-lite-lfp-gr-250ah-prismatic-2019-v1,blast-lite-b093495-250ah-prismatic-v1,PHYSICS_REFERENCE,NEAR_BOUNDARY,19.083333333333332,5725.0,4819.236088436948,0.7319542569549036
temperature_20c,temperature-20c-v1,blast-lite-lfp-gr-250ah-prismatic-2019-v1,blast-lite-b093495-250ah-prismatic-v1,PHYSICS_REFERENCE,NEAR_BOUNDARY,19.166666666666668,5750.0,4837.53494486082,0.7312009567282519
temperature_20c,temperature-20c-v1,blast-lite-lfp-gr-250ah-prismatic-2019-v1,blast-lite-b093495-250ah-prismatic-v1,PHYSICS_REFERENCE,NEAR_BOUNDARY,19.25,5775.0,4855.8149687790265,0.7304493521345905
temperature_20c,temperature-20c-v1,blast-lite-lfp-gr-250ah-prismatic-2019-v1,blast-lite-b093495-250ah-prismatic-v1,PHYSICS_REFERENCE,NEAR_BOUNDARY,19.333333333333332,5800.0,4874.0762025823915,0.7296994351700118
temperature_20c,temperature-20c-v1,blast-lite-lfp-gr-250ah-prismatic-2019-v1,blast-lite-b093495-250ah-prismatic-v1,PHYSICS_REFERENCE,NEAR_BOUNDARY,19.416666666666668,5825.0,4892.318688461642,0.7289511978972776
temperature_20c,temperature-20c-v1,blast-lite-lfp-gr-250ah-prismatic-2019-v1,blast-lite-b093495-250ah-prismatic-v1,PHYSICS_REFERENCE,NEAR_BOUNDARY,19.5,5850.0,4910.542468409074,0.7282046324449793
temperature_20c,temperature-20c-v1,blast-lite-lfp-gr-250ah-prismatic-2019-v1,blast-lite-b093495-250ah-prismatic-v1,PHYSICS_REFERENCE,NEAR_BOUNDARY,19.583333333333332,5875.0,4928.747584220198,0.7274597310067134
temperature_20c,temperature-20c-v1,blast-lite-lfp-gr-250ah-prismatic-2019-v1,blast-lite-b093495-250ah-prismatic-v1,PHYSICS_REFERENCE,NEAR_BOUNDARY,19.666666666666668,5900.0,4946.934077495366,0.7267164858402698
temperature_20c,temperature-20c-v1,blast-lite-lfp-gr-250ah-prismatic-2019-v1,blast-lite-b093495-250ah-prismatic-v1,PHYSICS_REFERENCE,NEAR_BOUNDARY,19.75,5925.0,4965.101989641373,0.7259748892668358
temperature_20c,temperature-20c-v1,blast-lite-lfp-gr-250ah-prismatic-2019-v1,blast-lite-b093495-250ah-prismatic-v1,PHYSICS_REFERENCE,NEAR_BOUNDARY,19.833333333333332,5950.0,4983.251361873044,0.7252349336702107
temperature_20c,temperature-20c-v1,blast-lite-lfp-gr-250ah-prismatic-2019-v1,blast-lite-b093495-250ah-prismatic-v1,PHYSICS_REFERENCE,NEAR_BOUNDARY,19.916666666666668,5975.0,5001.382235214799,0.7244966114960363
temperature_20c,temperature-20c-v1,blast-lite-lfp-gr-250ah-prismatic-2019-v1,blast-lite-b093495-250ah-prismatic-v1,PHYSICS_REFERENCE,NEAR_BOUNDARY,20.0,6000.0,5019.4946505022,0.7237599152510377
temperature_20c,temperature-20c-v1,blast-lite-lfp-gr-250ah-prismatic-2019-v1,blast-lite-b093495-250ah-prismatic-v1,PHYSICS_REFERENCE,NEAR_BOUNDARY,20.083333333333332,6025.0,5037.588648383476,0.7230248375022786
temperature_20c,temperature-20c-v1,blast-lite-lfp-gr-250ah-prismatic-2019-v1,blast-lite-b093495-250ah-prismatic-v1,PHYSICS_REFERENCE,NEAR_BOUNDARY,20.166666666666668,6050.0,5055.664269321032,0.7222913708764287
temperature_20c,temperature-20c-v1,blast-lite-lfp-gr-250ah-prismatic-2019-v1,blast-lite-b093495-250ah-prismatic-v1,PHYSICS_REFERENCE,NEAR_BOUNDARY,20.25,6075.0,5073.721553592944,0.7215595080590411
temperature_20c,temperature-20c-v1,blast-lite-lfp-gr-250ah-prismatic-2019-v1,blast-lite-b093495-250ah-prismatic-v1,PHYSICS_REFERENCE,NEAR_BOUNDARY,20.333333333333332,6100.0,5091.760541294419,0.7208292417938442
temperature_20c,temperature-20c-v1,blast-lite-lfp-gr-250ah-prismatic-2019-v1,blast-lite-b093495-250ah-prismatic-v1,PHYSICS_REFERENCE,NEAR_BOUNDARY,20.416666666666668,6125.0,5109.781272339265,0.720100564882044
temperature_20c,temperature-20c-v1,blast-lite-lfp-gr-250ah-prismatic-2019-v1,blast-lite-b093495-250ah-prismatic-v1,PHYSICS_REFERENCE,NEAR_BOUNDARY,20.5,6150.0,5127.783786461317,0.7193734701816368
temperature_20c,temperature-20c-v1,blast-lite-lfp-gr-250ah-prismatic-2019-v1,blast-lite-b093495-250ah-prismatic-v1,PHYSICS_REFERENCE,NEAR_BOUNDARY,20.583333333333332,6175.0,5145.7681232158575,0.7186479506067343
temperature_20c,temperature-20c-v1,blast-lite-lfp-gr-250ah-prismatic-2019-v1,blast-lite-b093495-250ah-prismatic-v1,PHYSICS_REFERENCE,NEAR_BOUNDARY,20.666666666666668,6200.0,5163.7343219810255,0.7179239991268995
temperature_20c,temperature-20c-v1,blast-lite-lfp-gr-250ah-prismatic-2019-v1,blast-lite-b093495-250ah-prismatic-v1,PHYSICS_REFERENCE,NEAR_BOUNDARY,20.75,6225.0,5181.682421959198,0.7172016087664924
temperature_20c,temperature-20c-v1,blast-lite-lfp-gr-250ah-prismatic-2019-v1,blast-lite-b093495-250ah-prismatic-v1,PHYSICS_REFERENCE,NEAR_BOUNDARY,20.833333333333332,6250.0,5199.61246217836,0.7164807726040268
temperature_20c,temperature-20c-v1,blast-lite-lfp-gr-250ah-prismatic-2019-v1,blast-lite-b093495-250ah-prismatic-v1,PHYSICS_REFERENCE,NEAR_BOUNDARY,20.916666666666668,6275.0,5217.52448149346,0.7157614837715364
temperature_20c,temperature-20c-v1,blast-lite-lfp-gr-250ah-prismatic-2019-v1,blast-lite-b093495-250ah-prismatic-v1,PHYSICS_REFERENCE,NEAR_BOUNDARY,21.0,6300.0,5235.418518587749,0.7150437354539529
temperature_20c,temperature-20c-v1,blast-lite-lfp-gr-250ah-prismatic-2019-v1,blast-lite-b093495-250ah-prismatic-v1,PHYSICS_REFERENCE,NEAR_BOUNDARY,21.083333333333332,6325.0,5253.294611974097,0.7143275208884916
temperature_20c,temperature-20c-v1,blast-lite-lfp-gr-250ah-prismatic-2019-v1,blast-lite-b093495-250ah-prismatic-v1,PHYSICS_REFERENCE,NEAR_BOUNDARY,21.166666666666668,6350.0,5271.152799996309,0.7136128333640476
temperature_20c,temperature-20c-v1,blast-lite-lfp-gr-250ah-prismatic-2019-v1,blast-lite-b093495-250ah-prismatic-v1,PHYSICS_REFERENCE,NEAR_BOUNDARY,21.25,6375.0,5288.993120830411,0.712899666220602
temperature_20c,temperature-20c-v1,blast-lite-lfp-gr-250ah-prismatic-2019-v1,blast-lite-b093495-250ah-prismatic-v1,PHYSICS_REFERENCE,NEAR_BOUNDARY,21.333333333333332,6400.0,5306.815612485926,0.7121880128486366
temperature_20c,temperature-20c-v1,blast-lite-lfp-gr-250ah-prismatic-2019-v1,blast-lite-b093495-250ah-prismatic-v1,PHYSICS_REFERENCE,NEAR_BOUNDARY,21.416666666666668,6425.0,5324.620312807142,0.7114778666885575
temperature_20c,temperature-20c-v1,blast-lite-lfp-gr-250ah-prismatic-2019-v1,blast-lite-b093495-250ah-prismatic-v1,PHYSICS_REFERENCE,NEAR_BOUNDARY,21.5,6450.0,5342.407259474356,0.7107692212301286
temperature_20c,temperature-20c-v1,blast-lite-lfp-gr-250ah-prismatic-2019-v1,blast-lite-b093495-250ah-prismatic-v1,PHYSICS_REFERENCE,NEAR_BOUNDARY,21.583333333333332,6475.0,5360.1764900051085,0.7100620700119126
temperature_20c,temperature-20c-v1,blast-lite-lfp-gr-250ah-prismatic-2019-v1,blast-lite-b093495-250ah-prismatic-v1,PHYSICS_REFERENCE,NEAR_BOUNDARY,21.666666666666668,6500.0,5377.928041755406,0.7093564066207207
temperature_20c,temperature-20c-v1,blast-lite-lfp-gr-250ah-prismatic-2019-v1,blast-lite-b093495-250ah-prismatic-v1,PHYSICS_REFERENCE,NEAR_BOUNDARY,21.75,6525.0,5395.661951920924,0.7086522246910729
temperature_20c,temperature-20c-v1,blast-lite-lfp-gr-250ah-prismatic-2019-v1,blast-lite-b093495-250ah-prismatic-v1,PHYSICS_REFERENCE,NEAR_BOUNDARY,21.833333333333332,6550.0,5413.378257538201,0.7079495179046621
temperature_20c,temperature-20c-v1,blast-lite-lfp-gr-250ah-prismatic-2019-v1,blast-lite-b093495-250ah-prismatic-v1,PHYSICS_REFERENCE,NEAR_BOUNDARY,21.916666666666668,6575.0,5431.076995485818,0.7072482799898308
temperature_20c,temperature-20c-v1,blast-lite-lfp-gr-250ah-prismatic-2019-v1,blast-lite-b093495-250ah-prismatic-v1,PHYSICS_REFERENCE,NEAR_BOUNDARY,22.0,6600.0,5448.758202485564,0.7065485047210527
temperature_20c,temperature-20c-v1,blast-lite-lfp-gr-250ah-prismatic-2019-v1,blast-lite-b093495-250ah-prismatic-v1,PHYSICS_REFERENCE,NEAR_BOUNDARY,22.083333333333332,6625.0,5466.42191510359,0.7058501859184243
temperature_20c,temperature-20c-v1,blast-lite-lfp-gr-250ah-prismatic-2019-v1,blast-lite-b093495-250ah-prismatic-v1,PHYSICS_REFERENCE,NEAR_BOUNDARY,22.166666666666668,6650.0,5484.068169751551,0.7051533174471611
temperature_20c,temperature-20c-v1,blast-lite-lfp-gr-250ah-prismatic-2019-v1,blast-lite-b093495-250ah-prismatic-v1,PHYSICS_REFERENCE,NEAR_BOUNDARY,22.25,6675.0,5501.69700268773,0.7044578932171048
temperature_20c,temperature-20c-v1,blast-lite-lfp-gr-250ah-prismatic-2019-v1,blast-lite-b093495-250ah-prismatic-v1,PHYSICS_REFERENCE,NEAR_BOUNDARY,22.333333333333332,6700.0,5519.308450018158,0.7037639071822352
temperature_20c,temperature-20c-v1,blast-lite-lfp-gr-250ah-prismatic-2019-v1,blast-lite-b093495-250ah-prismatic-v1,PHYSICS_REFERENCE,NEAR_BOUNDARY,22.416666666666668,6725.0,5536.902547697713,0.7030713533401904
temperature_20c,temperature-20c-v1,blast-lite-lfp-gr-250ah-prismatic-2019-v1,blast-lite-b093495-250ah-prismatic-v1,PHYSICS_REFERENCE,NEAR_BOUNDARY,22.5,6750.0,5554.479331531218,0.7023802257317939
temperature_20c,temperature-20c-v1,blast-lite-lfp-gr-250ah-prismatic-2019-v1,blast-lite-b093495-250ah-prismatic-v1,PHYSICS_REFERENCE,NEAR_BOUNDARY,22.583333333333332,6775.0,5572.038837174513,0.7016905184405884
temperature_20c,temperature-20c-v1,blast-lite-lfp-gr-250ah-prismatic-2019-v1,blast-lite-b093495-250ah-prismatic-v1,PHYSICS_REFERENCE,NEAR_BOUNDARY,22.666666666666668,6800.0,5589.581100135528,0.7010022255923771
temperature_20c,temperature-20c-v1,blast-lite-lfp-gr-250ah-prismatic-2019-v1,blast-lite-b093495-250ah-prismatic-v1,PHYSICS_REFERENCE,NEAR_BOUNDARY,22.75,6825.0,5607.106155775337,0.7003153413547707
temperature_20c,temperature-20c-v1,blast-lite-lfp-gr-250ah-prismatic-2019-v1,blast-lite-b093495-250ah-prismatic-v1,PHYSICS_REFERENCE,NEAR_BOUNDARY,22.833333333333332,6850.0,5624.614039309206,0.699629859936741
temperature_20c,temperature-20c-v1,blast-lite-lfp-gr-250ah-prismatic-2019-v1,blast-lite-b093495-250ah-prismatic-v1,PHYSICS_REFERENCE,NEAR_BOUNDARY,22.916666666666668,6875.0,5642.104785807625,0.6989457755881825
temperature_20c,temperature-20c-v1,blast-lite-lfp-gr-250ah-prismatic-2019-v1,blast-lite-b093495-250ah-prismatic-v1,PHYSICS_REFERENCE,NEAR_BOUNDARY,23.0,6900.0,5659.57843019733,0.698263082599478
temperature_20c,temperature-20c-v1,blast-lite-lfp-gr-250ah-prismatic-2019-v1,blast-lite-b093495-250ah-prismatic-v1,PHYSICS_REFERENCE,NEAR_BOUNDARY,23.083333333333332,6925.0,5677.035007262317,0.6975817753010725
temperature_20c,temperature-20c-v1,blast-lite-lfp-gr-250ah-prismatic-2019-v1,blast-lite-b093495-250ah-prismatic-v1,PHYSICS_REFERENCE,NEAR_BOUNDARY,23.166666666666668,6950.0,5694.474551644844,0.6969018480630514
temperature_20c,temperature-20c-v1,blast-lite-lfp-gr-250ah-prismatic-2019-v1,blast-lite-b093495-250ah-prismatic-v1,PHYSICS_REFERENCE,NEAR_BOUNDARY,23.25,6975.0,5711.89709784642,0.696223295294726
temperature_20c,temperature-20c-v1,blast-lite-lfp-gr-250ah-prismatic-2019-v1,blast-lite-b093495-250ah-prismatic-v1,PHYSICS_REFERENCE,NEAR_BOUNDARY,23.333333333333332,7000.0,5729.302680228789,0.6955461114442247
temperature_20c,temperature-20c-v1,blast-lite-lfp-gr-250ah-prismatic-2019-v1,blast-lite-b093495-250ah-prismatic-v1,PHYSICS_REFERENCE,NEAR_BOUNDARY,23.416666666666668,7025.0,5746.691333014895,0.6948702909980886
temperature_20c,temperature-20c-v1,blast-lite-lfp-gr-250ah-prismatic-2019-v1,blast-lite-b093495-250ah-prismatic-v1,PHYSICS_REFERENCE,NEAR_BOUNDARY,23.5,7050.0,5764.0630902898465,0.6941958284808747
temperature_20c,temperature-20c-v1,blast-lite-lfp-gr-250ah-prismatic-2019-v1,blast-lite-b093495-250ah-prismatic-v1,PHYSICS_REFERENCE,NEAR_BOUNDARY,23.583333333333332,7075.0,5781.4179860018685,0.6935227184547639
temperature_20c,temperature-20c-v1,blast-lite-lfp-gr-250ah-prismatic-2019-v1,blast-lite-b093495-250ah-prismatic-v1,PHYSICS_REFERENCE,NEAR_BOUNDARY,23.666666666666668,7100.0,5798.756053963238,0.6928509555191735
temperature_20c,temperature-20c-v1,blast-lite-lfp-gr-250ah-prismatic-2019-v1,blast-lite-b093495-250ah-prismatic-v1,PHYSICS_REFERENCE,NEAR_BOUNDARY,23.75,7125.0,5816.077327851217,0.6921805343103768
temperature_20c,temperature-20c-v1,blast-lite-lfp-gr-250ah-prismatic-2019-v1,blast-lite-b093495-250ah-prismatic-v1,PHYSICS_REFERENCE,NEAR_BOUNDARY,23.833333333333332,7150.0,5833.381841208977,0.6915114495011268
temperature_20c,temperature-20c-v1,blast-lite-lfp-gr-250ah-prismatic-2019-v1,blast-lite-b093495-250ah-prismatic-v1,PHYSICS_REFERENCE,NEAR_BOUNDARY,23.916666666666668,7175.0,5850.669627446505,0.6908436958002848
temperature_20c,temperature-20c-v1,blast-lite-lfp-gr-250ah-prismatic-2019-v1,blast-lite-b093495-250ah-prismatic-v1,PHYSICS_REFERENCE,NEAR_BOUNDARY,24.0,7200.0,5867.940719841512,0.6901772679524557
temperature_20c,temperature-20c-v1,blast-lite-lfp-gr-250ah-prismatic-2019-v1,blast-lite-b093495-250ah-prismatic-v1,PHYSICS_REFERENCE,NEAR_BOUNDARY,24.083333333333332,7225.0,5885.195151540323,0.6895121607376268
temperature_20c,temperature-20c-v1,blast-lite-lfp-gr-250ah-prismatic-2019-v1,blast-lite-b093495-250ah-prismatic-v1,PHYSICS_REFERENCE,NEAR_BOUNDARY,24.166666666666668,7250.0,5902.432955558764,0.6888483689708115
temperature_20c,temperature-20c-v1,blast-lite-lfp-gr-250ah-prismatic-2019-v1,blast-lite-b093495-250ah-prismatic-v1,PHYSICS_REFERENCE,NEAR_BOUNDARY,24.25,7275.0,5919.654164783034,0.6881858875016993
temperature_20c,temperature-20c-v1,blast-lite-lfp-gr-250ah-prismatic-2019-v1,blast-lite-b093495-250ah-prismatic-v1,PHYSICS_REFERENCE,NEAR_BOUNDARY,24.333333333333332,7300.0,5936.858811970576,0.6875247112143088
temperature_20c,temperature-20c-v1,blast-lite-lfp-gr-250ah-prismatic-2019-v1,blast-lite-b093495-250ah-prismatic-v1,PHYSICS_REFERENCE,NEAR_BOUNDARY,24.416666666666668,7325.0,5954.046929750934,0.6868648350266467
temperature_20c,temperature-20c-v1,blast-lite-lfp-gr-250ah-prismatic-2019-v1,blast-lite-b093495-250ah-prismatic-v1,PHYSICS_REFERENCE,NEAR_BOUNDARY,24.5,7350.0,5971.2185506266005,0.6862062538903704
temperature_20c,temperature-20c-v1,blast-lite-lfp-gr-250ah-prismatic-2019-v1,blast-lite-b093495-250ah-prismatic-v1,PHYSICS_REFERENCE,NEAR_BOUNDARY,24.583333333333332,7375.0,5988.37370697386,0.6855489627904559
temperature_20c,temperature-20c-v1,blast-lite-lfp-gr-250ah-prismatic-2019-v1,blast-lite-b093495-250ah-prismatic-v1,PHYSICS_REFERENCE,NEAR_BOUNDARY,24.666666666666668,7400.0,6005.512431043621,0.6848929567448695
temperature_20c,temperature-20c-v1,blast-lite-lfp-gr-250ah-prismatic-2019-v1,blast-lite-b093495-250ah-prismatic-v1,PHYSICS_REFERENCE,NEAR_BOUNDARY,24.75,7425.0,6022.634754962243,0.6842382308042445
temperature_20c,temperature-20c-v1,blast-lite-lfp-gr-250ah-prismatic-2019-v1,blast-lite-b093495-250ah-prismatic-v1,PHYSICS_REFERENCE,NEAR_BOUNDARY,24.833333333333332,7450.0,6039.74071073235,0.6835847800515618
temperature_20c,temperature-20c-v1,blast-lite-lfp-gr-250ah-prismatic-2019-v1,blast-lite-b093495-250ah-prismatic-v1,PHYSICS_REFERENCE,NEAR_BOUNDARY,24.916666666666668,7475.0,6056.830330233639,0.6829325996018343
temperature_20c,temperature-20c-v1,blast-lite-lfp-gr-250ah-prismatic-2019-v1,blast-lite-b093495-250ah-prismatic-v1,PHYSICS_REFERENCE,NEAR_BOUNDARY,25.0,7500.0,6073.903645223685,0.6822816846017965
temperature_35c,temperature-35c-v1,blast-lite-lfp-gr-250ah-prismatic-2019-v1,blast-lite-b093495-250ah-prismatic-v1,PHYSICS_REFERENCE,NEAR_BOUNDARY,0.0,0.0,0.0,1.0
temperature_35c,temperature-35c-v1,blast-lite-lfp-gr-250ah-prismatic-2019-v1,blast-lite-b093495-250ah-prismatic-v1,PHYSICS_REFERENCE,NEAR_BOUNDARY,0.08333333333333333,25.0,24.999999999999996,0.9946416431799961
temperature_35c,temperature-35c-v1,blast-lite-lfp-gr-250ah-prismatic-2019-v1,blast-lite-b093495-250ah-prismatic-v1,PHYSICS_REFERENCE,NEAR_BOUNDARY,0.16666666666666666,50.0,49.866041079499894,0.9913853256508267
temperature_35c,temperature-35c-v1,blast-lite-lfp-gr-250ah-prismatic-2019-v1,blast-lite-b093495-250ah-prismatic-v1,PHYSICS_REFERENCE,NEAR_BOUNDARY,0.25,75.0,74.65067422077055,0.9886714796838156
temperature_35c,temperature-35c-v1,blast-lite-lfp-gr-250ah-prismatic-2019-v1,blast-lite-b093495-250ah-prismatic-v1,PHYSICS_REFERENCE,NEAR_BOUNDARY,0.3333333333333333,100.0,99.36746121286595,0.9862300453983348
temperature_35c,temperature-35c-v1,blast-lite-lfp-gr-250ah-prismatic-2019-v1,blast-lite-b093495-250ah-prismatic-v1,PHYSICS_REFERENCE,NEAR_BOUNDARY,0.4166666666666667,125.0,124.02321234782431,0.9839655429264591
temperature_35c,temperature-35c-v1,blast-lite-lfp-gr-250ah-prismatic-2019-v1,blast-lite-b093495-250ah-prismatic-v1,PHYSICS_REFERENCE,NEAR_BOUNDARY,0.5,150.0,148.62235092098578,0.9818297495908418
temperature_35c,temperature-35c-v1,blast-lite-lfp-gr-250ah-prismatic-2019-v1,blast-lite-b093495-250ah-prismatic-v1,PHYSICS_REFERENCE,NEAR_BOUNDARY,0.5833333333333334,175.0,173.16809466075682,0.9797939388316926
temperature_35c,temperature-35c-v1,blast-lite-lfp-gr-250ah-prismatic-2019-v1,blast-lite-b093495-250ah-prismatic-v1,PHYSICS_REFERENCE,NEAR_BOUNDARY,0.6666666666666666,200.0,197.66294313154913,0.9778392214885986
temperature_35c,temperature-35c-v1,blast-lite-lfp-gr-250ah-prismatic-2019-v1,blast-lite-b093495-250ah-prismatic-v1,PHYSICS_REFERENCE,NEAR_BOUNDARY,0.75,225.0,222.10892366876408,0.9759523231121484
temperature_35c,temperature-35c-v1,blast-lite-lfp-gr-250ah-prismatic-2019-v1,blast-lite-b093495-250ah-prismatic-v1,PHYSICS_REFERENCE,NEAR_BOUNDARY,0.8333333333333334,250.0,246.5077317465678,0.9741234559013899
temperature_35c,temperature-35c-v1,blast-lite-lfp-gr-250ah-prismatic-2019-v1,blast-lite-b093495-250ah-prismatic-v1,PHYSICS_REFERENCE,NEAR_BOUNDARY,0.9166666666666666,275.0,270.86081814410255,0.9723451351408791
temperature_35c,temperature-35c-v1,blast-lite-lfp-gr-250ah-prismatic-2019-v1,blast-lite-b093495-250ah-prismatic-v1,PHYSICS_REFERENCE,NEAR_BOUNDARY,1.0,300.0,295.1694465226245,0.9706114711348444
temperature_35c,temperature-35c-v1,blast-lite-lfp-gr-250ah-prismatic-2019-v1,blast-lite-b093495-250ah-prismatic-v1,PHYSICS_REFERENCE,NEAR_BOUNDARY,1.0833333333333333,325.0,319.4347333009956,0.9689177210399686
temperature_35c,temperature-35c-v1,blast-lite-lfp-gr-250ah-prismatic-2019-v1,blast-lite-b093495-250ah-prismatic-v1,PHYSICS_REFERENCE,NEAR_BOUNDARY,1.1666666666666667,350.0,343.6576763269948,0.9672599921457314
temperature_35c,temperature-35c-v1,blast-lite-lfp-gr-250ah-prismatic-2019-v1,blast-lite-b093495-250ah-prismatic-v1,PHYSICS_REFERENCE,NEAR_BOUNDARY,1.25,375.0,367.8391761306381,0.9656350380608728
temperature_35c,temperature-35c-v1,blast-lite-lfp-gr-250ah-prismatic-2019-v1,blast-lite-b093495-250ah-prismatic-v1,PHYSICS_REFERENCE,NEAR_BOUNDARY,1.3333333333333333,400.0,391.98005208215994,0.9640401143536713
temperature_35c,temperature-35c-v1,blast-lite-lfp-gr-250ah-prismatic-2019-v1,blast-lite-b093495-250ah-prismatic-v1,PHYSICS_REFERENCE,NEAR_BOUNDARY,1.4166666666666667,425.0,416.08105494100175,0.9624728736098234
temperature_35c,temperature-35c-v1,blast-lite-lfp-gr-250ah-prismatic-2019-v1,blast-lite-b093495-250ah-prismatic-v1,PHYSICS_REFERENCE,NEAR_BOUNDARY,1.5,450.0,440.1428767812473,0.9609312874229983
temperature_35c,temperature-35c-v1,blast-lite-lfp-gr-250ah-prismatic-2019-v1,blast-lite-b093495-250ah-prismatic-v1,PHYSICS_REFERENCE,NEAR_BOUNDARY,1.5833333333333333,475.0,464.16615896682225,0.9594135872712753
temperature_35c,temperature-35c-v1,blast-lite-lfp-gr-250ah-prismatic-2019-v1,blast-lite-b093495-250ah-prismatic-v1,PHYSICS_REFERENCE,NEAR_BOUNDARY,1.6666666666666667,500.0,488.15149864860416,0.9579182189395307
temperature_35c,temperature-35c-v1,blast-lite-lfp-gr-250ah-prismatic-2019-v1,blast-lite-b093495-250ah-prismatic-v1,PHYSICS_REFERENCE,NEAR_BOUNDARY,1.75,525.0,512.0994541220924,0.956443806852635
temperature_35c,temperature-35c-v1,blast-lite-lfp-gr-250ah-prismatic-2019-v1,blast-lite-b093495-250ah-prismatic-v1,PHYSICS_REFERENCE,NEAR_BOUNDARY,1.8333333333333333,550.0,536.0105492934083,0.9549891257886357
temperature_35c,temperature-35c-v1,blast-lite-lfp-gr-250ah-prismatic-2019-v1,blast-lite-b093495-250ah-prismatic-v1,PHYSICS_REFERENCE,NEAR_BOUNDARY,1.9166666666666667,575.0,559.8852774381241,0.9535530781744002
temperature_35c,temperature-35c-v1,blast-lite-lfp-gr-250ah-prismatic-2019-v1,blast-lite-b093495-250ah-prismatic-v1,PHYSICS_REFERENCE,NEAR_BOUNDARY,2.0,600.0,583.7241043924842,0.9521346756640457
temperature_35c,temperature-35c-v1,blast-lite-lfp-gr-250ah-prismatic-2019-v1,blast-lite-b093495-250ah-prismatic-v1,PHYSICS_REFERENCE,NEAR_BOUNDARY,2.0833333333333335,625.0,607.5274712840853,0.9507330240452142
temperature_35c,temperature-35c-v1,blast-lite-lfp-gr-250ah-prismatic-2019-v1,blast-lite-b093495-250ah-prismatic-v1,PHYSICS_REFERENCE,NEAR_BOUNDARY,2.1666666666666665,650.0,631.2957968852156,0.9493473107612803
temperature_35c,temperature-35c-v1,blast-lite-lfp-gr-250ah-prismatic-2019-v1,blast-lite-b093495-250ah-prismatic-v1,PHYSICS_REFERENCE,NEAR_BOUNDARY,2.25,675.0,655.0294796542477,0.9479767945116925
temperature_35c,temperature-35c-v1,blast-lite-lfp-gr-250ah-prismatic-2019-v1,blast-lite-b093495-250ah-prismatic-v1,PHYSICS_REFERENCE,NEAR_BOUNDARY,2.3333333333333335,700.0,678.72889951704,0.9466207965192462
temperature_35c,temperature-35c-v1,blast-lite-lfp-gr-250ah-prismatic-2019-v1,blast-lite-b093495-250ah-prismatic-v1,PHYSICS_REFERENCE,NEAR_BOUNDARY,2.4166666666666665,725.0,702.3944194300211,0.945278693146385
temperature_35c,temperature-35c-v1,blast-lite-lfp-gr-250ah-prismatic-2019-v1,blast-lite-b093495-250ah-prismatic-v1,PHYSICS_REFERENCE,NEAR_BOUNDARY,2.5,750.0,726.0263867586807,0.9439499096122356
temperature_35c,temperature-35c-v1,blast-lite-lfp-gr-250ah-prismatic-2019-v1,blast-lite-b093495-250ah-prismatic-v1,PHYSICS_REFERENCE,NEAR_BOUNDARY,2.5833333333333335,775.0,749.6251344989865,0.9426339146146206
temperature_35c,temperature-35c-v1,blast-lite-lfp-gr-250ah-prismatic-2019-v1,blast-lite-b093495-250ah-prismatic-v1,PHYSICS_REFERENCE,NEAR_BOUNDARY,2.6666666666666665,800.0,773.1909823643521,0.9413302157013593
temperature_35c,temperature-35c-v1,blast-lite-lfp-gr-250ah-prismatic-2019-v1,blast-lite-b093495-250ah-prismatic-v1,PHYSICS_REFERENCE,NEAR_BOUNDARY,2.75,825.0,796.724237756886,0.9400383552660284
temperature_35c,temperature-35c-v1,blast-lite-lfp-gr-250ah-prismatic-2019-v1,blast-lite-b093495-250ah-prismatic-v1,PHYSICS_REFERENCE,NEAR_BOUNDARY,2.8333333333333335,850.0,820.2251966385368,0.9387579070673399
temperature_35c,temperature-35c-v1,blast-lite-lfp-gr-250ah-prismatic-2019-v1,blast-lite-b093495-250ah-prismatic-v1,PHYSICS_REFERENCE,NEAR_BOUNDARY,2.9166666666666665,875.0,843.6941443152202,0.937488473190092
temperature_35c,temperature-35c-v1,blast-lite-lfp-gr-250ah-prismatic-2019-v1,blast-lite-b093495-250ah-prismatic-v1,PHYSICS_REFERENCE,NEAR_BOUNDARY,3.0,900.0,867.1313561449725,0.9362296813805084
temperature_35c,temperature-35c-v1,blast-lite-lfp-gr-250ah-prismatic-2019-v1,blast-lite-b093495-250ah-prismatic-v1,PHYSICS_REFERENCE,NEAR_BOUNDARY,3.0833333333333335,925.0,890.5370981794853,0.9349811827005967
temperature_35c,temperature-35c-v1,blast-lite-lfp-gr-250ah-prismatic-2019-v1,blast-lite-b093495-250ah-prismatic-v1,PHYSICS_REFERENCE,NEAR_BOUNDARY,3.1666666666666665,950.0,913.9116277470002,0.9337426494556404
temperature_35c,temperature-35c-v1,blast-lite-lfp-gr-250ah-prismatic-2019-v1,blast-lite-b093495-250ah-prismatic-v1,PHYSICS_REFERENCE,NEAR_BOUNDARY,3.25,975.0,937.2551939833912,0.9325137733565833
temperature_35c,temperature-35c-v1,blast-lite-lfp-gr-250ah-prismatic-2019-v1,blast-lite-b093495-250ah-prismatic-v1,PHYSICS_REFERENCE,NEAR_BOUNDARY,3.3333333333333335,1000.0,960.5680383173058,0.9312942638852674
temperature_35c,temperature-35c-v1,blast-lite-lfp-gr-250ah-prismatic-2019-v1,blast-lite-b093495-250ah-prismatic-v1,PHYSICS_REFERENCE,NEAR_BOUNDARY,3.4166666666666665,1025.0,983.8503949144374,0.9300838468355622
temperature_35c,temperature-35c-v1,blast-lite-lfp-gr-250ah-prismatic-2019-v1,blast-lite-b093495-250ah-prismatic-v1,PHYSICS_REFERENCE,NEAR_BOUNDARY,3.5,1050.0,1007.1024910853265,0.9288822630075756
temperature_35c,temperature-35c-v1,blast-lite-lfp-gr-250ah-prismatic-2019-v1,blast-lite-b093495-250ah-prismatic-v1,PHYSICS_REFERENCE,NEAR_BOUNDARY,3.5833333333333335,1075.0,1030.324547660516,0.9276892670355785
temperature_35c,temperature-35c-v1,blast-lite-lfp-gr-250ah-prismatic-2019-v1,blast-lite-b093495-250ah-prismatic-v1,PHYSICS_REFERENCE,NEAR_BOUNDARY,3.6666666666666665,1100.0,1053.5167793364053,0.9265046263331203
temperature_35c,temperature-35c-v1,blast-lite-lfp-gr-250ah-prismatic-2019-v1,blast-lite-b093495-250ah-prismatic-v1,PHYSICS_REFERENCE,NEAR_BOUNDARY,3.75,1125.0,1076.6793949947332,0.9253281201411862
temperature_35c,temperature-35c-v1,blast-lite-lfp-gr-250ah-prismatic-2019-v1,blast-lite-b093495-250ah-prismatic-v1,PHYSICS_REFERENCE,NEAR_BOUNDARY,3.8333333333333335,1150.0,1099.8125979982628,0.9241595386672391
temperature_35c,temperature-35c-v1,blast-lite-lfp-gr-250ah-prismatic-2019-v1,blast-lite-b093495-250ah-prismatic-v1,PHYSICS_REFERENCE,NEAR_BOUNDARY,3.9166666666666665,1175.0,1122.9165864649437,0.9229986823046531
temperature_35c,temperature-35c-v1,blast-lite-lfp-gr-250ah-prismatic-2019-v1,blast-lite-b093495-250ah-prismatic-v1,PHYSICS_REFERENCE,NEAR_BOUNDARY,4.0,1200.0,1145.99155352256,0.9218453609234608
temperature_35c,temperature-35c-v1,blast-lite-lfp-gr-250ah-prismatic-2019-v1,blast-lite-b093495-250ah-prismatic-v1,PHYSICS_REFERENCE,NEAR_BOUNDARY,4.083333333333333,1225.0,1169.0376875456466,0.9206993932245309
temperature_35c,temperature-35c-v1,blast-lite-lfp-gr-250ah-prismatic-2019-v1,blast-lite-b093495-250ah-prismatic-v1,PHYSICS_REFERENCE,NEAR_BOUNDARY,4.166666666666667,1250.0,1192.0551723762599,0.9195606061503065
temperature_35c,temperature-35c-v1,blast-lite-lfp-gr-250ah-prismatic-2019-v1,blast-lite-b093495-250ah-prismatic-v1,PHYSICS_REFERENCE,NEAR_BOUNDARY,4.25,1275.0,1215.0441875300176,0.9184288343461042
temperature_35c,temperature-35c-v1,blast-lite-lfp-gr-250ah-prismatic-2019-v1,blast-lite-b093495-250ah-prismatic-v1,PHYSICS_REFERENCE,NEAR_BOUNDARY,4.333333333333333,1300.0,1238.0049083886702,0.9173039196667164
temperature_35c,temperature-35c-v1,blast-lite-lfp-gr-250ah-prismatic-2019-v1,blast-lite-b093495-250ah-prismatic-v1,PHYSICS_REFERENCE,NEAR_BOUNDARY,4.416666666666667,1325.0,1260.9375063803382,0.916185710723698
temperature_35c,temperature-35c-v1,blast-lite-lfp-gr-250ah-prismatic-2019-v1,blast-lite-b093495-250ah-prismatic-v1,PHYSICS_REFERENCE,NEAR_BOUNDARY,4.5,1350.0,1283.8421491484305,0.9150740624692673
temperature_35c,temperature-35c-v1,blast-lite-lfp-gr-250ah-prismatic-2019-v1,blast-lite-b093495-250ah-prismatic-v1,PHYSICS_REFERENCE,NEAR_BOUNDARY,4.583333333333333,1375.0,1306.7190007101622,0.9139688358132274
temperature_35c,temperature-35c-v1,blast-lite-lfp-gr-250ah-prismatic-2019-v1,blast-lite-b093495-250ah-prismatic-v1,PHYSICS_REFERENCE,NEAR_BOUNDARY,4.666666666666667,1400.0,1329.568221605493,0.9128698972697291
temperature_35c,temperature-35c-v1,blast-lite-lfp-gr-250ah-prismatic-2019-v1,blast-lite-b093495-250ah-prismatic-v1,PHYSICS_REFERENCE,NEAR_BOUNDARY,4.75,1425.0,1352.3899690372361,0.9117771186310477
temperature_35c,temperature-35c-v1,blast-lite-lfp-gr-250ah-prismatic-2019-v1,blast-lite-b093495-250ah-prismatic-v1,PHYSICS_REFERENCE,NEAR_BOUNDARY,4.833333333333333,1450.0,1375.1843970030122,0.9106903766658692
temperature_35c,temperature-35c-v1,blast-lite-lfp-gr-250ah-prismatic-2019-v1,blast-lite-b093495-250ah-prismatic-v1,PHYSICS_REFERENCE,NEAR_BOUNDARY,4.916666666666667,1475.0,1397.951656419659,0.9096095528398414
temperature_35c,temperature-35c-v1,blast-lite-lfp-gr-250ah-prismatic-2019-v1,blast-lite-b093495-250ah-prismatic-v1,PHYSICS_REFERENCE,NEAR_BOUNDARY,5.0,1500.0,1420.691895240655,0.9085345330563986
temperature_35c,temperature-35c-v1,blast-lite-lfp-gr-250ah-prismatic-2019-v1,blast-lite-b093495-250ah-prismatic-v1,PHYSICS_REFERENCE,NEAR_BOUNDARY,5.083333333333333,1525.0,1443.405258567065,0.9074652074160665
temperature_35c,temperature-35c-v1,blast-lite-lfp-gr-250ah-prismatic-2019-v1,blast-lite-b093495-250ah-prismatic-v1,PHYSICS_REFERENCE,NEAR_BOUNDARY,5.166666666666667,1550.0,1466.0918887524665,0.9064014699926438
temperature_35c,temperature-35c-v1,blast-lite-lfp-gr-250ah-prismatic-2019-v1,blast-lite-b093495-250ah-prismatic-v1,PHYSICS_REFERENCE,NEAR_BOUNDARY,5.25,1575.0,1488.7519255022826,0.9053432186248243
temperature_35c,temperature-35c-v1,blast-lite-lfp-gr-250ah-prismatic-2019-v1,blast-lite-b093495-250ah-prismatic-v1,PHYSICS_REFERENCE,NEAR_BOUNDARY,5.333333333333333,1600.0,1511.385505967903,0.9042903547219576
temperature_35c,temperature-35c-v1,blast-lite-lfp-gr-250ah-prismatic-2019-v1,blast-lite-b093495-250ah-prismatic-v1,PHYSICS_REFERENCE,NEAR_BOUNDARY,5.416666666666667,1625.0,1533.9927648359521,0.9032427830827834
temperature_35c,temperature-35c-v1,blast-lite-lfp-gr-250ah-prismatic-2019-v1,blast-lite-b093495-250ah-prismatic-v1,PHYSICS_REFERENCE,NEAR_BOUNDARY,5.5,1650.0,1556.5738344130218,0.9022004117260817
temperature_35c,temperature-35c-v1,blast-lite-lfp-gr-250ah-prismatic-2019-v1,blast-lite-b093495-250ah-prismatic-v1,PHYSICS_REFERENCE,NEAR_BOUNDARY,5.583333333333333,1675.0,1579.1288447061738,0.9011631517322855
temperature_35c,temperature-35c-v1,blast-lite-lfp-gr-250ah-prismatic-2019-v1,blast-lite-b093495-250ah-prismatic-v1,PHYSICS_REFERENCE,NEAR_BOUNDARY,5.666666666666667,1700.0,1601.657923499481,0.9001309170951901
temperature_35c,temperature-35c-v1,blast-lite-lfp-gr-250ah-prismatic-2019-v1,blast-lite-b093495-250ah-prismatic-v1,PHYSICS_REFERENCE,NEAR_BOUNDARY,5.75,1725.0,1624.161196426861,0.8991036245829747
temperature_35c,temperature-35c-v1,blast-lite-lfp-gr-250ah-prismatic-2019-v1,blast-lite-b093495-250ah-prismatic-v1,PHYSICS_REFERENCE,NEAR_BOUNDARY,5.833333333333333,1750.0,1646.6387870414353,0.8980811936078217
temperature_35c,temperature-35c-v1,blast-lite-lfp-gr-250ah-prismatic-2019-v1,blast-lite-b093495-250ah-prismatic-v1,PHYSICS_REFERENCE,NEAR_BOUNDARY,5.916666666666667,1775.0,1669.0908168816309,0.897063546103487
temperature_35c,temperature-35c-v1,blast-lite-lfp-gr-250ah-prismatic-2019-v1,blast-lite-b093495-250ah-prismatic-v1,PHYSICS_REFERENCE,NEAR_BOUNDARY,6.0,1800.0,1691.5174055342181,0.8960506064102274
temperature_35c,temperature-35c-v1,blast-lite-lfp-gr-250ah-prismatic-2019-v1,blast-lite-b093495-250ah-prismatic-v1,PHYSICS_REFERENCE,NEAR_BOUNDARY,6.083333333333333,1825.0,1713.9186706944738,0.8950423011665458
temperature_35c,temperature-35c-v1,blast-lite-lfp-gr-250ah-prismatic-2019-v1,blast-lite-b093495-250ah-prismatic-v1,PHYSICS_REFERENCE,NEAR_BOUNDARY,6.166666666666667,1850.0,1736.2947282236375,0.8940385592072626
temperature_35c,temperature-35c-v1,blast-lite-lfp-gr-250ah-prismatic-2019-v1,blast-lite-b093495-250ah-prismatic-v1,PHYSICS_REFERENCE,NEAR_BOUNDARY,6.25,1875.0,1758.6456922038192,0.8930393114674586
temperature_35c,temperature-35c-v1,blast-lite-lfp-gr-250ah-prismatic-2019-v1,blast-lite-b093495-250ah-prismatic-v1,PHYSICS_REFERENCE,NEAR_BOUNDARY,6.333333333333333,1900.0,1780.9716749905056,0.8920444908918801
temperature_35c,temperature-35c-v1,blast-lite-lfp-gr-250ah-prismatic-2019-v1,blast-lite-b093495-250ah-prismatic-v1,PHYSICS_REFERENCE,NEAR_BOUNDARY,6.416666666666667,1925.0,1803.2727872628025,0.8910540323494222
temperature_35c,temperature-35c-v1,blast-lite-lfp-gr-250ah-prismatic-2019-v1,blast-lite-b093495-250ah-prismatic-v1,PHYSICS_REFERENCE,NEAR_BOUNDARY,6.5,1950.0,1825.549138071538,0.8900678725523469
temperature_35c,temperature-35c-v1,blast-lite-lfp-gr-250ah-prismatic-2019-v1,blast-lite-b093495-250ah-prismatic-v1,PHYSICS_REFERENCE,NEAR_BOUNDARY,6.583333333333333,1975.0,1847.8008348853466,0.8890859499799116
temperature_35c,temperature-35c-v1,blast-lite-lfp-gr-250ah-prismatic-2019-v1,blast-lite-b093495-250ah-prismatic-v1,PHYSICS_REFERENCE,NEAR_BOUNDARY,6.666666666666667,2000.0,1870.0279836348443,0.8881082048061163
temperature_35c,temperature-35c-v1,blast-lite-lfp-gr-250ah-prismatic-2019-v1,blast-lite-b093495-250ah-prismatic-v1,PHYSICS_REFERENCE,NEAR_BOUNDARY,6.75,2025.0,1892.2306887549971,0.8871345788312959
temperature_35c,temperature-35c-v1,blast-lite-lfp-gr-250ah-prismatic-2019-v1,blast-lite-b093495-250ah-prismatic-v1,PHYSICS_REFERENCE,NEAR_BOUNDARY,6.833333333333333,2050.0,1914.4090532257794,0.8861650154173083
temperature_35c,temperature-35c-v1,blast-lite-lfp-gr-250ah-prismatic-2019-v1,blast-lite-b093495-250ah-prismatic-v1,PHYSICS_REFERENCE,NEAR_BOUNDARY,6.916666666666667,2075.0,1936.5631786112122,0.8851994594260871
temperature_35c,temperature-35c-v1,blast-lite-lfp-gr-250ah-prismatic-2019-v1,blast-lite-b093495-250ah-prismatic-v1,PHYSICS_REFERENCE,NEAR_BOUNDARY,7.0,2100.0,1958.6931650968643,0.884237857161344
temperature_35c,temperature-35c-v1,blast-lite-lfp-gr-250ah-prismatic-2019-v1,blast-lite-b093495-250ah-prismatic-v1,PHYSICS_REFERENCE,NEAR_BOUNDARY,7.083333333333333,2125.0,1980.7991115258978,0.8832801563132247
temperature_35c,temperature-35c-v1,blast-lite-lfp-gr-250ah-prismatic-2019-v1,blast-lite-b093495-250ah-prismatic-v1,PHYSICS_REFERENCE,NEAR_BOUNDARY,7.166666666666667,2150.0,2002.8811154337284,0.8823263059057336
temperature_35c,temperature-35c-v1,blast-lite-lfp-gr-250ah-prismatic-2019-v1,blast-lite-b093495-250ah-prismatic-v1,PHYSICS_REFERENCE,NEAR_BOUNDARY,7.25,2175.0,2024.9392730813718,0.8813762562467594
temperature_35c,temperature-35c-v1,blast-lite-lfp-gr-250ah-prismatic-2019-v1,blast-lite-b093495-250ah-prismatic-v1,PHYSICS_REFERENCE,NEAR_BOUNDARY,7.333333333333333,2200.0,2046.9736794875407,0.8804299588805419
temperature_35c,temperature-35c-v1,blast-lite-lfp-gr-250ah-prismatic-2019-v1,blast-lite-b093495-250ah-prismatic-v1,PHYSICS_REFERENCE,NEAR_BOUNDARY,7.416666666666667,2225.0,2068.9844284595542,0.8794873665424353
temperature_35c,temperature-35c-v1,blast-lite-lfp-gr-250ah-prismatic-2019-v1,blast-lite-b093495-250ah-prismatic-v1,PHYSICS_REFERENCE,NEAR_BOUNDARY,7.5,2250.0,2090.971612623115,0.878548433115832
temperature_35c,temperature-35c-v1,blast-lite-lfp-gr-250ah-prismatic-2019-v1,blast-lite-b093495-250ah-prismatic-v1,PHYSICS_REFERENCE,NEAR_BOUNDARY,7.583333333333333,2275.0,2112.935323451011,0.87761311359112
temperature_35c,temperature-35c-v1,blast-lite-lfp-gr-250ah-prismatic-2019-v1,blast-lite-b093495-250ah-prismatic-v1,PHYSICS_REFERENCE,NEAR_BOUNDARY,7.666666666666667,2300.0,2134.875651290789,0.8766813640265556
temperature_35c,temperature-35c-v1,blast-lite-lfp-gr-250ah-prismatic-2019-v1,blast-lite-b093495-250ah-prismatic-v1,PHYSICS_REFERENCE,NEAR_BOUNDARY,7.75,2325.0,2156.792685391453,0.8757531415109433
temperature_35c,temperature-35c-v1,blast-lite-lfp-gr-250ah-prismatic-2019-v1,blast-lite-b093495-250ah-prismatic-v1,PHYSICS_REFERENCE,NEAR_BOUNDARY,7.833333333333333,2350.0,2178.6865139292263,0.8748284041280195
temperature_35c,temperature-35c-v1,blast-lite-lfp-gr-250ah-prismatic-2019-v1,blast-lite-b093495-250ah-prismatic-v1,PHYSICS_REFERENCE,NEAR_BOUNDARY,7.916666666666667,2375.0,2200.557224032427,0.873907110922445
temperature_35c,temperature-35c-v1,blast-lite-lfp-gr-250ah-prismatic-2019-v1,blast-lite-b093495-250ah-prismatic-v1,PHYSICS_REFERENCE,NEAR_BOUNDARY,8.0,2400.0,2222.404901805488,0.8729892218673159
temperature_35c,temperature-35c-v1,blast-lite-lfp-gr-250ah-prismatic-2019-v1,blast-lite-b093495-250ah-prismatic-v1,PHYSICS_REFERENCE,NEAR_BOUNDARY,8.083333333333334,2425.0,2244.229632352171,0.872074697833112
temperature_35c,temperature-35c-v1,blast-lite-lfp-gr-250ah-prismatic-2019-v1,blast-lite-b093495-250ah-prismatic-v1,PHYSICS_REFERENCE,NEAR_BOUNDARY,8.166666666666666,2450.0,2266.0314997979985,0.871163500558003
temperature_35c,temperature-35c-v1,blast-lite-lfp-gr-250ah-prismatic-2019-v1,blast-lite-b093495-250ah-prismatic-v1,PHYSICS_REFERENCE,NEAR_BOUNDARY,8.25,2475.0,2287.8105873119484,0.8702555926194393
temperature_35c,temperature-35c-v1,blast-lite-lfp-gr-250ah-prismatic-2019-v1,blast-lite-b093495-250ah-prismatic-v1,PHYSICS_REFERENCE,NEAR_BOUNDARY,8.333333333333334,2500.0,2309.5669771274343,0.8693509374069613
temperature_35c,temperature-35c-v1,blast-lite-lfp-gr-250ah-prismatic-2019-v1,blast-lite-b093495-250ah-prismatic-v1,PHYSICS_REFERENCE,NEAR_BOUNDARY,8.416666666666666,2525.0,2331.3007505626083,0.8684494990961602
temperature_35c,temperature-35c-v1,blast-lite-lfp-gr-250ah-prismatic-2019-v1,blast-lite-b093495-250ah-prismatic-v1,PHYSICS_REFERENCE,NEAR_BOUNDARY,8.5,2550.0,2353.0119880400125,0.8675512426237322
temperature_35c,temperature-35c-v1,blast-lite-lfp-gr-250ah-prismatic-2019-v1,blast-lite-b093495-250ah-prismatic-v1,PHYSICS_REFERENCE,NEAR_BOUNDARY,8.583333333333334,2575.0,2374.700769105606,0.86665613366357
temperature_35c,temperature-35c-v1,blast-lite-lfp-gr-250ah-prismatic-2019-v1,blast-lite-b093495-250ah-prismatic-v1,PHYSICS_REFERENCE,NEAR_BOUNDARY,8.666666666666666,2600.0,2396.367172447195,0.8657641386038365
temperature_35c,temperature-35c-v1,blast-lite-lfp-gr-250ah-prismatic-2019-v1,blast-lite-b093495-250ah-prismatic-v1,PHYSICS_REFERENCE,NEAR_BOUNDARY,8.75,2625.0,2418.0112759122912,0.8648752245249749
temperature_35c,temperature-35c-v1,blast-lite-lfp-gr-250ah-prismatic-2019-v1,blast-lite-b093495-250ah-prismatic-v1,PHYSICS_REFERENCE,NEAR_BOUNDARY,8.833333333333334,2650.0,2439.6331565254154,0.8639893591786025
temperature_35c,temperature-35c-v1,blast-lite-lfp-gr-250ah-prismatic-2019-v1,blast-lite-b093495-250ah-prismatic-v1,PHYSICS_REFERENCE,NEAR_BOUNDARY,8.916666666666666,2675.0,2461.2328905048803,0.8631065109672511
temperature_35c,temperature-35c-v1,blast-lite-lfp-gr-250ah-prismatic-2019-v1,blast-lite-b093495-250ah-prismatic-v1,PHYSICS_REFERENCE,NEAR_BOUNDARY,9.0,2700.0,2482.8105532790614,0.8622266489249065
temperature_35c,temperature-35c-v1,blast-lite-lfp-gr-250ah-prismatic-2019-v1,blast-lite-b093495-250ah-prismatic-v1,PHYSICS_REFERENCE,NEAR_BOUNDARY,9.083333333333334,2725.0,2504.366219502184,0.8613497426983133
temperature_35c,temperature-35c-v1,blast-lite-lfp-gr-250ah-prismatic-2019-v1,blast-lite-b093495-250ah-prismatic-v1,PHYSICS_REFERENCE,NEAR_BOUNDARY,9.166666666666666,2750.0,2525.8999630696417,0.8604757625290035
temperature_35c,temperature-35c-v1,blast-lite-lfp-gr-250ah-prismatic-2019-v1,blast-lite-b093495-250ah-prismatic-v1,PHYSICS_REFERENCE,NEAR_BOUNDARY,9.25,2775.0,2547.4118571328668,0.8596046792360166
temperature_35c,temperature-35c-v1,blast-lite-lfp-gr-250ah-prismatic-2019-v1,blast-lite-b093495-250ah-prismatic-v1,PHYSICS_REFERENCE,NEAR_BOUNDARY,9.333333333333334,2800.0,2568.901974113767,0.8587364641992807
temperature_35c,temperature-35c-v1,blast-lite-lfp-gr-250ah-prismatic-2019-v1,blast-lite-b093495-250ah-prismatic-v1,PHYSICS_REFERENCE,NEAR_BOUNDARY,9.416666666666666,2825.0,2590.3703857187493,0.8578710893436183
temperature_35c,temperature-35c-v1,blast-lite-lfp-gr-250ah-prismatic-2019-v1,blast-lite-b093495-250ah-prismatic-v1,PHYSICS_REFERENCE,NEAR_BOUNDARY,9.5,2850.0,2611.81716295234,0.8570085271233525
temperature_35c,temperature-35c-v1,blast-lite-lfp-gr-250ah-prismatic-2019-v1,blast-lite-b093495-250ah-prismatic-v1,PHYSICS_REFERENCE,NEAR_BOUNDARY,9.583333333333334,2875.0,2633.2423761304235,0.8561487505074833
temperature_35c,temperature-35c-v1,blast-lite-lfp-gr-250ah-prismatic-2019-v1,blast-lite-b093495-250ah-prismatic-v1,PHYSICS_REFERENCE,NEAR_BOUNDARY,9.666666666666666,2900.0,2654.646094893111,0.8552917329654096
temperature_35c,temperature-35c-v1,blast-lite-lfp-gr-250ah-prismatic-2019-v1,blast-lite-b093495-250ah-prismatic-v1,PHYSICS_REFERENCE,NEAR_BOUNDARY,9.75,2925.0,2676.028388217246,0.8544374484531707
temperature_35c,temperature-35c-v1,blast-lite-lfp-gr-250ah-prismatic-2019-v1,blast-lite-b093495-250ah-prismatic-v1,PHYSICS_REFERENCE,NEAR_BOUNDARY,9.833333333333334,2950.0,2697.3893244285755,0.8535858714001854
temperature_35c,temperature-35c-v1,blast-lite-lfp-gr-250ah-prismatic-2019-v1,blast-lite-b093495-250ah-prismatic-v1,PHYSICS_REFERENCE,NEAR_BOUNDARY,9.916666666666666,2975.0,2718.7289712135803,0.8527369766964653
temperature_35c,temperature-35c-v1,blast-lite-lfp-gr-250ah-prismatic-2019-v1,blast-lite-b093495-250ah-prismatic-v1,PHYSICS_REFERENCE,NEAR_BOUNDARY,10.0,3000.0,2740.047395630992,0.8518907396802824
temperature_35c,temperature-35c-v1,blast-lite-lfp-gr-250ah-prismatic-2019-v1,blast-lite-b093495-250ah-prismatic-v1,PHYSICS_REFERENCE,NEAR_BOUNDARY,10.083333333333334,3025.0,2761.344664122999,0.8510471361262709
temperature_35c,temperature-35c-v1,blast-lite-lfp-gr-250ah-prismatic-2019-v1,blast-lite-b093495-250ah-prismatic-v1,PHYSICS_REFERENCE,NEAR_BOUNDARY,10.166666666666666,3050.0,2782.6208425261557,0.8502061422339433
temperature_35c,temperature-35c-v1,blast-lite-lfp-gr-250ah-prismatic-2019-v1,blast-lite-b093495-250ah-prismatic-v1,PHYSICS_REFERENCE,NEAR_BOUNDARY,10.25,3075.0,2803.8759960820043,0.8493677346166051
temperature_35c,temperature-35c-v1,blast-lite-lfp-gr-250ah-prismatic-2019-v1,blast-lite-b093495-250ah-prismatic-v1,PHYSICS_REFERENCE,NEAR_BOUNDARY,10.333333333333334,3100.0,2825.1101894474195,0.8485318902906492
temperature_35c,temperature-35c-v1,blast-lite-lfp-gr-250ah-prismatic-2019-v1,blast-lite-b093495-250ah-prismatic-v1,PHYSICS_REFERENCE,NEAR_BOUNDARY,10.416666666666666,3125.0,2846.323486704686,0.8476985866652151
temperature_35c,temperature-35c-v1,blast-lite-lfp-gr-250ah-prismatic-2019-v1,blast-lite-b093495-250ah-prismatic-v1,PHYSICS_REFERENCE,NEAR_BOUNDARY,10.5,3150.0,2867.515951371316,0.846867801532196
temperature_35c,temperature-35c-v1,blast-lite-lfp-gr-250ah-prismatic-2019-v1,blast-lite-b093495-250ah-prismatic-v1,PHYSICS_REFERENCE,NEAR_BOUNDARY,10.583333333333334,3175.0,2888.687646409621,0.8460395130565824
temperature_35c,temperature-35c-v1,blast-lite-lfp-gr-250ah-prismatic-2019-v1,blast-lite-b093495-250ah-prismatic-v1,PHYSICS_REFERENCE,NEAR_BOUNDARY,10.666666666666666,3200.0,2909.8386342360354,0.8452136997671249
temperature_35c,temperature-35c-v1,blast-lite-lfp-gr-250ah-prismatic-2019-v1,blast-lite-b093495-250ah-prismatic-v1,PHYSICS_REFERENCE,NEAR_BOUNDARY,10.75,3225.0,2930.9689767302134,0.8443903405473046
temperature_35c,temperature-35c-v1,blast-lite-lfp-gr-250ah-prismatic-2019-v1,blast-lite-b093495-250ah-prismatic-v1,PHYSICS_REFERENCE,NEAR_BOUNDARY,10.833333333333334,3250.0,2952.078735243896,0.8435694146265995
temperature_35c,temperature-35c-v1,blast-lite-lfp-gr-250ah-prismatic-2019-v1,blast-lite-b093495-250ah-prismatic-v1,PHYSICS_REFERENCE,NEAR_BOUNDARY,10.916666666666666,3275.0,2973.167970609561,0.842750901572034
temperature_35c,temperature-35c-v1,blast-lite-lfp-gr-250ah-prismatic-2019-v1,blast-lite-b093495-250ah-prismatic-v1,PHYSICS_REFERENCE,NEAR_BOUNDARY,11.0,3300.0,2994.236743148862,0.8419347812799992
temperature_35c,temperature-35c-v1,blast-lite-lfp-gr-250ah-prismatic-2019-v1,blast-lite-b093495-250ah-prismatic-v1,PHYSICS_REFERENCE,NEAR_BOUNDARY,11.083333333333334,3325.0,3015.285112680862,0.8411210339683356
temperature_35c,temperature-35c-v1,blast-lite-lfp-gr-250ah-prismatic-2019-v1,blast-lite-b093495-250ah-prismatic-v1,PHYSICS_REFERENCE,NEAR_BOUNDARY,11.166666666666666,3350.0,3036.3131385300703,0.8403096401686657
temperature_35c,temperature-35c-v1,blast-lite-lfp-gr-250ah-prismatic-2019-v1,blast-lite-b093495-250ah-prismatic-v1,PHYSICS_REFERENCE,NEAR_BOUNDARY,11.25,3375.0,3057.320879534287,0.839500580718968
temperature_35c,temperature-35c-v1,blast-lite-lfp-gr-250ah-prismatic-2019-v1,blast-lite-b093495-250ah-prismatic-v1,PHYSICS_REFERENCE,NEAR_BOUNDARY,11.333333333333334,3400.0,3078.308394052261,0.8386938367563829
temperature_35c,temperature-35c-v1,blast-lite-lfp-gr-250ah-prismatic-2019-v1,blast-lite-b093495-250ah-prismatic-v1,PHYSICS_REFERENCE,NEAR_BOUNDARY,11.416666666666666,3425.0,3099.2757399711704,0.8378893897102405
temperature_35c,temperature-35c-v1,blast-lite-lfp-gr-250ah-prismatic-2019-v1,blast-lite-b093495-250ah-prismatic-v1,PHYSICS_REFERENCE,NEAR_BOUNDARY,11.5,3450.0,3120.2229747139263,0.8370872212953042
temperature_35c,temperature-35c-v1,blast-lite-lfp-gr-250ah-prismatic-2019-v1,blast-lite-b093495-250ah-prismatic-v1,PHYSICS_REFERENCE,NEAR_BOUNDARY,11.583333333333334,3475.0,3141.1501552463087,0.8362873135052179
temperature_35c,temperature-35c-v1,blast-lite-lfp-gr-250ah-prismatic-2019-v1,blast-lite-b093495-250ah-prismatic-v1,PHYSICS_REFERENCE,NEAR_BOUNDARY,11.666666666666666,3500.0,3162.057338083939,0.8354896486061544
temperature_35c,temperature-35c-v1,blast-lite-lfp-gr-250ah-prismatic-2019-v1,blast-lite-b093495-250ah-prismatic-v1,PHYSICS_REFERENCE,NEAR_BOUNDARY,11.75,3525.0,3182.944579299093,0.8346942091306526
temperature_35c,temperature-35c-v1,blast-lite-lfp-gr-250ah-prismatic-2019-v1,blast-lite-b093495-250ah-prismatic-v1,PHYSICS_REFERENCE,NEAR_BOUNDARY,11.833333333333334,3550.0,3203.8119345273594,0.8339009778716396
temperature_35c,temperature-35c-v1,blast-lite-lfp-gr-250ah-prismatic-2019-v1,blast-lite-b093495-250ah-prismatic-v1,PHYSICS_REFERENCE,NEAR_BOUNDARY,11.916666666666666,3575.0,3224.6594589741503,0.8331099378766293
temperature_35c,temperature-35c-v1,blast-lite-lfp-gr-250ah-prismatic-2019-v1,blast-lite-b093495-250ah-prismatic-v1,PHYSICS_REFERENCE,NEAR_BOUNDARY,12.0,3600.0,3245.487207421066,0.8323210724420923
temperature_35c,temperature-35c-v1,blast-lite-lfp-gr-250ah-prismatic-2019-v1,blast-lite-b093495-250ah-prismatic-v1,PHYSICS_REFERENCE,NEAR_BOUNDARY,12.083333333333334,3625.0,3266.2952342321187,0.8315343651079893
temperature_35c,temperature-35c-v1,blast-lite-lfp-gr-250ah-prismatic-2019-v1,blast-lite-b093495-250ah-prismatic-v1,PHYSICS_REFERENCE,NEAR_BOUNDARY,12.166666666666666,3650.0,3287.083593359818,0.8307497996524638
temperature_35c,temperature-35c-v1,blast-lite-lfp-gr-250ah-prismatic-2019-v1,blast-lite-b093495-250ah-prismatic-v1,PHYSICS_REFERENCE,NEAR_BOUNDARY,12.25,3675.0,3307.8523383511297,0.8299673600866868
temperature_35c,temperature-35c-v1,blast-lite-lfp-gr-250ah-prismatic-2019-v1,blast-lite-b093495-250ah-prismatic-v1,PHYSICS_REFERENCE,NEAR_BOUNDARY,12.333333333333334,3700.0,3328.601522353297,0.8291870306498496
temperature_35c,temperature-35c-v1,blast-lite-lfp-gr-250ah-prismatic-2019-v1,blast-lite-b093495-250ah-prismatic-v1,PHYSICS_REFERENCE,NEAR_BOUNDARY,12.416666666666666,3725.0,3349.331198119543,0.8284087958042985
temperature_35c,temperature-35c-v1,blast-lite-lfp-gr-250ah-prismatic-2019-v1,blast-lite-b093495-250ah-prismatic-v1,PHYSICS_REFERENCE,NEAR_BOUNDARY,12.5,3750.0,3370.0414180146504,0.8276326402308065
temperature_35c,temperature-35c-v1,blast-lite-lfp-gr-250ah-prismatic-2019-v1,blast-lite-b093495-250ah-prismatic-v1,PHYSICS_REFERENCE,NEAR_BOUNDARY,12.583333333333334,3775.0,3390.7322340204205,0.8268585488239769
temperature_35c,temperature-35c-v1,blast-lite-lfp-gr-250ah-prismatic-2019-v1,blast-lite-b093495-250ah-prismatic-v1,PHYSICS_REFERENCE,NEAR_BOUNDARY,12.666666666666666,3800.0,3411.40369774102,0.8260865066877761
temperature_35c,temperature-35c-v1,blast-lite-lfp-gr-250ah-prismatic-2019-v1,blast-lite-b093495-250ah-prismatic-v1,PHYSICS_REFERENCE,NEAR_BOUNDARY,12.75,3825.0,3432.0558604082144,0.8253164991311888
temperature_35c,temperature-35c-v1,blast-lite-lfp-gr-250ah-prismatic-2019-v1,blast-lite-b093495-250ah-prismatic-v1,PHYSICS_REFERENCE,NEAR_BOUNDARY,12.833333333333334,3850.0,3452.688772886494,0.8245485116639919
temperature_35c,temperature-35c-v1,blast-lite-lfp-gr-250ah-prismatic-2019-v1,blast-lite-b093495-250ah-prismatic-v1,PHYSICS_REFERENCE,NEAR_BOUNDARY,12.916666666666666,3875.0,3473.302485678094,0.8237825299926449
temperature_35c,temperature-35c-v1,blast-lite-lfp-gr-250ah-prismatic-2019-v1,blast-lite-b093495-250ah-prismatic-v1,PHYSICS_REFERENCE,NEAR_BOUNDARY,13.0,3900.0,3493.89704892791,0.8230185400162913
temperature_35c,temperature-35c-v1,blast-lite-lfp-gr-250ah-prismatic-2019-v1,blast-lite-b093495-250ah-prismatic-v1,PHYSICS_REFERENCE,NEAR_BOUNDARY,13.083333333333334,3925.0,3514.4725124283173,0.8222565278228655
temperature_35c,temperature-35c-v1,blast-lite-lfp-gr-250ah-prismatic-2019-v1,blast-lite-b093495-250ah-prismatic-v1,PHYSICS_REFERENCE,NEAR_BOUNDARY,13.166666666666666,3950.0,3535.028925623889,0.8214964796853073
temperature_35c,temperature-35c-v1,blast-lite-lfp-gr-250ah-prismatic-2019-v1,blast-lite-b093495-250ah-prismatic-v1,PHYSICS_REFERENCE,NEAR_BOUNDARY,13.25,3975.0,3555.5663376160214,0.8207383820578731
temperature_35c,temperature-35c-v1,blast-lite-lfp-gr-250ah-prismatic-2019-v1,blast-lite-b093495-250ah-prismatic-v1,PHYSICS_REFERENCE,NEAR_BOUNDARY,13.333333333333334,4000.0,3576.0847971674684,0.8199822215725477
temperature_35c,temperature-35c-v1,blast-lite-lfp-gr-250ah-prismatic-2019-v1,blast-lite-b093495-250ah-prismatic-v1,PHYSICS_REFERENCE,NEAR_BOUNDARY,13.416666666666666,4025.0,3596.5843527067823,0.8192279850355477
temperature_35c,temperature-35c-v1,blast-lite-lfp-gr-250ah-prismatic-2019-v1,blast-lite-b093495-250ah-prismatic-v1,PHYSICS_REFERENCE,NEAR_BOUNDARY,13.5,4050.0,3617.065052332671,0.8184756594239169
temperature_35c,temperature-35c-v1,blast-lite-lfp-gr-250ah-prismatic-2019-v1,blast-lite-b093495-250ah-prismatic-v1,PHYSICS_REFERENCE,NEAR_BOUNDARY,13.583333333333334,4075.0,3637.5269438182686,0.8177252318822099
temperature_35c,temperature-35c-v1,blast-lite-lfp-gr-250ah-prismatic-2019-v1,blast-lite-b093495-250ah-prismatic-v1,PHYSICS_REFERENCE,NEAR_BOUNDARY,13.666666666666666,4100.0,3657.970074615324,0.8169766897192609
temperature_35c,temperature-35c-v1,blast-lite-lfp-gr-250ah-prismatic-2019-v1,blast-lite-b093495-250ah-prismatic-v1,PHYSICS_REFERENCE,NEAR_BOUNDARY,13.75,4125.0,3678.3944918583056,0.8162300204050346
temperature_35c,temperature-35c-v1,blast-lite-lfp-gr-250ah-prismatic-2019-v1,blast-lite-b093495-250ah-prismatic-v1,PHYSICS_REFERENCE,NEAR_BOUNDARY,13.833333333333334,4150.0,3698.8002423684316,0.8154852115675572
temperature_35c,temperature-35c-v1,blast-lite-lfp-gr-250ah-prismatic-2019-v1,blast-lite-b093495-250ah-prismatic-v1,PHYSICS_REFERENCE,NEAR_BOUNDARY,13.916666666666666,4175.0,3719.1873726576205,0.8147422509899254
temperature_35c,temperature-35c-v1,blast-lite-lfp-gr-250ah-prismatic-2019-v1,blast-lite-b093495-250ah-prismatic-v1,PHYSICS_REFERENCE,NEAR_BOUNDARY,14.0,4200.0,3739.5559289323687,0.8140011266073894
temperature_35c,temperature-35c-v1,blast-lite-lfp-gr-250ah-prismatic-2019-v1,blast-lite-b093495-250ah-prismatic-v1,PHYSICS_REFERENCE,NEAR_BOUNDARY,14.083333333333334,4225.0,3759.9059570975533,0.8132618265045101
temperature_35c,temperature-35c-v1,blast-lite-lfp-gr-250ah-prismatic-2019-v1,blast-lite-b093495-250ah-prismatic-v1,PHYSICS_REFERENCE,NEAR_BOUNDARY,14.166666666666666,4250.0,3780.237502760166,0.8125243389123842
temperature_35c,temperature-35c-v1,blast-lite-lfp-gr-250ah-prismatic-2019-v1,blast-lite-b093495-250ah-prismatic-v1,PHYSICS_REFERENCE,NEAR_BOUNDARY,14.25,4275.0,3800.550611232976,0.8117886522059407
temperature_35c,temperature-35c-v1,blast-lite-lfp-gr-250ah-prismatic-2019-v1,blast-lite-b093495-250ah-prismatic-v1,PHYSICS_REFERENCE,NEAR_BOUNDARY,14.333333333333334,4300.0,3820.8453275381244,0.8110547549013006
temperature_35c,temperature-35c-v1,blast-lite-lfp-gr-250ah-prismatic-2019-v1,blast-lite-b093495-250ah-prismatic-v1,PHYSICS_REFERENCE,NEAR_BOUNDARY,14.416666666666666,4325.0,3841.121696410657,0.8103226356532037
temperature_35c,temperature-35c-v1,blast-lite-lfp-gr-250ah-prismatic-2019-v1,blast-lite-b093495-250ah-prismatic-v1,PHYSICS_REFERENCE,NEAR_BOUNDARY,14.5,4350.0,3861.3797623019873,0.8095922832524949
temperature_35c,temperature-35c-v1,blast-lite-lfp-gr-250ah-prismatic-2019-v1,blast-lite-b093495-250ah-prismatic-v1,PHYSICS_REFERENCE,NEAR_BOUNDARY,14.583333333333334,4375.0,3881.6195693832997,0.8088636866236723
temperature_35c,temperature-35c-v1,blast-lite-lfp-gr-250ah-prismatic-2019-v1,blast-lite-b093495-250ah-prismatic-v1,PHYSICS_REFERENCE,NEAR_BOUNDARY,14.666666666666666,4400.0,3901.8411615488917,0.8081368348224947
temperature_35c,temperature-35c-v1,blast-lite-lfp-gr-250ah-prismatic-2019-v1,blast-lite-b093495-250ah-prismatic-v1,PHYSICS_REFERENCE,NEAR_BOUNDARY,14.75,4425.0,3922.044582419454,0.8074117170336435
temperature_35c,temperature-35c-v1,blast-lite-lfp-gr-250ah-prismatic-2019-v1,blast-lite-b093495-250ah-prismatic-v1,PHYSICS_REFERENCE,NEAR_BOUNDARY,14.833333333333334,4450.0,3942.229875345295,0.8066883225684424
temperature_35c,temperature-35c-v1,blast-lite-lfp-gr-250ah-prismatic-2019-v1,blast-lite-b093495-250ah-prismatic-v1,PHYSICS_REFERENCE,NEAR_BOUNDARY,14.916666666666666,4475.0,3962.397083409506,0.8059666408626289
temperature_35c,temperature-35c-v1,blast-lite-lfp-gr-250ah-prismatic-2019-v1,blast-lite-b093495-250ah-prismatic-v1,PHYSICS_REFERENCE,NEAR_BOUNDARY,15.0,4500.0,3982.546249431072,0.805246661474179
temperature_35c,temperature-35c-v1,blast-lite-lfp-gr-250ah-prismatic-2019-v1,blast-lite-b093495-250ah-prismatic-v1,PHYSICS_REFERENCE,NEAR_BOUNDARY,15.083333333333334,4525.0,4002.677415967926,0.8045283740811807
temperature_35c,temperature-35c-v1,blast-lite-lfp-gr-250ah-prismatic-2019-v1,blast-lite-b093495-250ah-prismatic-v1,PHYSICS_REFERENCE,NEAR_BOUNDARY,15.166666666666666,4550.0,4022.790625319956,0.8038117684797589
temperature_35c,temperature-35c-v1,blast-lite-lfp-gr-250ah-prismatic-2019-v1,blast-lite-b093495-250ah-prismatic-v1,PHYSICS_REFERENCE,NEAR_BOUNDARY,15.25,4575.0,4042.8859195319496,0.803096834582046
temperature_35c,temperature-35c-v1,blast-lite-lfp-gr-250ah-prismatic-2019-v1,blast-lite-b093495-250ah-prismatic-v1,PHYSICS_REFERENCE,NEAR_BOUNDARY,15.333333333333334,4600.0,4062.963340396501,0.8023835624141995
temperature_35c,temperature-35c-v1,blast-lite-lfp-gr-250ah-prismatic-2019-v1,blast-lite-b093495-250ah-prismatic-v1,PHYSICS_REFERENCE,NEAR_BOUNDARY,15.416666666666666,4625.0,4083.0229294568558,0.8016719421144649
temperature_35c,temperature-35c-v1,blast-lite-lfp-gr-250ah-prismatic-2019-v1,blast-lite-b093495-250ah-prismatic-v1,PHYSICS_REFERENCE,NEAR_BOUNDARY,15.5,4650.0,4103.064728009717,0.8009619639312817
temperature_35c,temperature-35c-v1,blast-lite-lfp-gr-250ah-prismatic-2019-v1,blast-lite-b093495-250ah-prismatic-v1,PHYSICS_REFERENCE,NEAR_BOUNDARY,15.583333333333334,4675.0,4123.088777108,0.8002536182214323
temperature_35c,temperature-35c-v1,blast-lite-lfp-gr-250ah-prismatic-2019-v1,blast-lite-b093495-250ah-prismatic-v1,PHYSICS_REFERENCE,NEAR_BOUNDARY,15.666666666666666,4700.0,4143.0951175635355,0.7995468954482317
temperature_35c,temperature-35c-v1,blast-lite-lfp-gr-250ah-prismatic-2019-v1,blast-lite-b093495-250ah-prismatic-v1,PHYSICS_REFERENCE,NEAR_BOUNDARY,15.75,4725.0,4163.083789949741,0.7988417861797585
temperature_35c,temperature-35c-v1,blast-lite-lfp-gr-250ah-prismatic-2019-v1,blast-lite-b093495-250ah-prismatic-v1,PHYSICS_REFERENCE,NEAR_BOUNDARY,15.833333333333334,4750.0,4183.054834604235,0.7981382810871234
temperature_35c,temperature-35c-v1,blast-lite-lfp-gr-250ah-prismatic-2019-v1,blast-lite-b093495-250ah-prismatic-v1,PHYSICS_REFERENCE,NEAR_BOUNDARY,15.916666666666666,4775.0,4203.008291631413,0.7974363709427772
temperature_35c,temperature-35c-v1,blast-lite-lfp-gr-250ah-prismatic-2019-v1,blast-lite-b093495-250ah-prismatic-v1,PHYSICS_REFERENCE,NEAR_BOUNDARY,16.0,4800.0,4222.944200904983,0.796736046618854
temperature_35c,temperature-35c-v1,blast-lite-lfp-gr-250ah-prismatic-2019-v1,blast-lite-b093495-250ah-prismatic-v1,PHYSICS_REFERENCE,NEAR_BOUNDARY,16.083333333333332,4825.0,4242.862602070454,0.7960372990855527
temperature_35c,temperature-35c-v1,blast-lite-lfp-gr-250ah-prismatic-2019-v1,blast-lite-b093495-250ah-prismatic-v1,PHYSICS_REFERENCE,NEAR_BOUNDARY,16.166666666666668,4850.0,4262.763534547593,0.7953401194095511
temperature_35c,temperature-35c-v1,blast-lite-lfp-gr-250ah-prismatic-2019-v1,blast-lite-b093495-250ah-prismatic-v1,PHYSICS_REFERENCE,NEAR_BOUNDARY,16.25,4875.0,4282.647037532832,0.7946444987524558
temperature_35c,temperature-35c-v1,blast-lite-lfp-gr-250ah-prismatic-2019-v1,blast-lite-b093495-250ah-prismatic-v1,PHYSICS_REFERENCE,NEAR_BOUNDARY,16.333333333333332,4900.0,4302.513150001643,0.793950428369284
temperature_35c,temperature-35c-v1,blast-lite-lfp-gr-250ah-prismatic-2019-v1,blast-lite-b093495-250ah-prismatic-v1,PHYSICS_REFERENCE,NEAR_BOUNDARY,16.416666666666668,4925.0,4322.361910710875,0.7932578996069787
temperature_35c,temperature-35c-v1,blast-lite-lfp-gr-250ah-prismatic-2019-v1,blast-lite-b093495-250ah-prismatic-v1,PHYSICS_REFERENCE,NEAR_BOUNDARY,16.5,4950.0,4342.19335820105,0.7925669039029541
temperature_35c,temperature-35c-v1,blast-lite-lfp-gr-250ah-prismatic-2019-v1,blast-lite-b093495-250ah-prismatic-v1,PHYSICS_REFERENCE,NEAR_BOUNDARY,16.583333333333332,4975.0,4362.0075307986235,0.791877432783673
temperature_35c,temperature-35c-v1,blast-lite-lfp-gr-250ah-prismatic-2019-v1,blast-lite-b093495-250ah-prismatic-v1,PHYSICS_REFERENCE,NEAR_BOUNDARY,16.666666666666668,5000.0,4381.804466618215,0.7911894778632519
temperature_35c,temperature-35c-v1,blast-lite-lfp-gr-250ah-prismatic-2019-v1,blast-lite-b093495-250ah-prismatic-v1,PHYSICS_REFERENCE,NEAR_BOUNDARY,16.75,5025.0,4401.584203564797,0.7905030308420982
temperature_35c,temperature-35c-v1,blast-lite-lfp-gr-250ah-prismatic-2019-v1,blast-lite-b093495-250ah-prismatic-v1,PHYSICS_REFERENCE,NEAR_BOUNDARY,16.833333333333332,5050.0,4421.346779335849,0.7898180835055719
temperature_35c,temperature-35c-v1,blast-lite-lfp-gr-250ah-prismatic-2019-v1,blast-lite-b093495-250ah-prismatic-v1,PHYSICS_REFERENCE,NEAR_BOUNDARY,16.916666666666668,5075.0,4441.092231423488,0.7891346277226787
temperature_35c,temperature-35c-v1,blast-lite-lfp-gr-250ah-prismatic-2019-v1,blast-lite-b093495-250ah-prismatic-v1,PHYSICS_REFERENCE,NEAR_BOUNDARY,17.0,5100.0,4460.820597116554,0.7884526554447863
temperature_35c,temperature-35c-v1,blast-lite-lfp-gr-250ah-prismatic-2019-v1,blast-lite-b093495-250ah-prismatic-v1,PHYSICS_REFERENCE,NEAR_BOUNDARY,17.083333333333332,5125.0,4480.531913502674,0.7877721587043699
temperature_35c,temperature-35c-v1,blast-lite-lfp-gr-250ah-prismatic-2019-v1,blast-lite-b093495-250ah-prismatic-v1,PHYSICS_REFERENCE,NEAR_BOUNDARY,17.166666666666668,5150.0,4500.226217470283,0.7870931296137812
temperature_35c,temperature-35c-v1,blast-lite-lfp-gr-250ah-prismatic-2019-v1,blast-lite-b093495-250ah-prismatic-v1,PHYSICS_REFERENCE,NEAR_BOUNDARY,17.25,5175.0,4519.903545710627,0.7864155603640426
temperature_35c,temperature-35c-v1,blast-lite-lfp-gr-250ah-prismatic-2019-v1,blast-lite-b093495-250ah-prismatic-v1,PHYSICS_REFERENCE,NEAR_BOUNDARY,17.333333333333332,5200.0,4539.563934719728,0.7857394432236671
temperature_35c,temperature-35c-v1,blast-lite-lfp-gr-250ah-prismatic-2019-v1,blast-lite-b093495-250ah-prismatic-v1,PHYSICS_REFERENCE,NEAR_BOUNDARY,17.416666666666668,5225.0,4559.2074208003205,0.7850647705374991
temperature_35c,temperature-35c-v1,blast-lite-lfp-gr-250ah-prismatic-2019-v1,blast-lite-b093495-250ah-prismatic-v1,PHYSICS_REFERENCE,NEAR_BOUNDARY,17.5,5250.0,4578.834040063758,0.784391534725581
temperature_35c,temperature-35c-v1,blast-lite-lfp-gr-250ah-prismatic-2019-v1,blast-lite-b093495-250ah-prismatic-v1,PHYSICS_REFERENCE,NEAR_BOUNDARY,17.583333333333332,5275.0,4598.443828431898,0.7837197282820403
temperature_35c,temperature-35c-v1,blast-lite-lfp-gr-250ah-prismatic-2019-v1,blast-lite-b093495-250ah-prismatic-v1,PHYSICS_REFERENCE,NEAR_BOUNDARY,17.666666666666668,5300.0,4618.036821638949,0.7830493437739998
temperature_35c,temperature-35c-v1,blast-lite-lfp-gr-250ah-prismatic-2019-v1,blast-lite-b093495-250ah-prismatic-v1,PHYSICS_REFERENCE,NEAR_BOUNDARY,17.75,5325.0,4637.613055233299,0.7823803738405081
temperature_35c,temperature-35c-v1,blast-lite-lfp-gr-250ah-prismatic-2019-v1,blast-lite-b093495-250ah-prismatic-v1,PHYSICS_REFERENCE,NEAR_BOUNDARY,17.833333333333332,5350.0,4657.172564579311,0.781712811191492
temperature_35c,temperature-35c-v1,blast-lite-lfp-gr-250ah-prismatic-2019-v1,blast-lite-b093495-250ah-prismatic-v1,PHYSICS_REFERENCE,NEAR_BOUNDARY,17.916666666666668,5375.0,4676.715384859099,0.7810466486067288
temperature_35c,temperature-35c-v1,blast-lite-lfp-gr-250ah-prismatic-2019-v1,blast-lite-b093495-250ah-prismatic-v1,PHYSICS_REFERENCE,NEAR_BOUNDARY,18.0,5400.0,4696.241551074267,0.780381878934838
temperature_35c,temperature-35c-v1,blast-lite-lfp-gr-250ah-prismatic-2019-v1,blast-lite-b093495-250ah-prismatic-v1,PHYSICS_REFERENCE,NEAR_BOUNDARY,18.083333333333332,5425.0,4715.751098047637,0.7797184950922933
temperature_35c,temperature-35c-v1,blast-lite-lfp-gr-250ah-prismatic-2019-v1,blast-lite-b093495-250ah-prismatic-v1,PHYSICS_REFERENCE,NEAR_BOUNDARY,18.166666666666668,5450.0,4735.244060424945,0.7790564900624528
temperature_35c,temperature-35c-v1,blast-lite-lfp-gr-250ah-prismatic-2019-v1,blast-lite-b093495-250ah-prismatic-v1,PHYSICS_REFERENCE,NEAR_BOUNDARY,18.25,5475.0,4754.720472676507,0.7783958568946078
temperature_35c,temperature-35c-v1,blast-lite-lfp-gr-250ah-prismatic-2019-v1,blast-lite-b093495-250ah-prismatic-v1,PHYSICS_REFERENCE,NEAR_BOUNDARY,18.333333333333332,5500.0,4774.180369098872,0.7777365887030498
temperature_35c,temperature-35c-v1,blast-lite-lfp-gr-250ah-prismatic-2019-v1,blast-lite-b093495-250ah-prismatic-v1,PHYSICS_REFERENCE,NEAR_BOUNDARY,18.416666666666668,5525.0,4793.623783816448,0.7770786786661552
temperature_35c,temperature-35c-v1,blast-lite-lfp-gr-250ah-prismatic-2019-v1,blast-lite-b093495-250ah-prismatic-v1,PHYSICS_REFERENCE,NEAR_BOUNDARY,18.5,5550.0,4813.050750783102,0.7764221200254863
temperature_35c,temperature-35c-v1,blast-lite-lfp-gr-250ah-prismatic-2019-v1,blast-lite-b093495-250ah-prismatic-v1,PHYSICS_REFERENCE,NEAR_BOUNDARY,18.583333333333332,5575.0,4832.461303783739,0.7757669060849111
temperature_35c,temperature-35c-v1,blast-lite-lfp-gr-250ah-prismatic-2019-v1,blast-lite-b093495-250ah-prismatic-v1,PHYSICS_REFERENCE,NEAR_BOUNDARY,18.666666666666668,5600.0,4851.855476435861,0.7751130302097364
temperature_35c,temperature-35c-v1,blast-lite-lfp-gr-250ah-prismatic-2019-v1,blast-lite-b093495-250ah-prismatic-v1,PHYSICS_REFERENCE,NEAR_BOUNDARY,18.75,5625.0,4871.2333021911045,0.7744604858258606
temperature_35c,temperature-35c-v1,blast-lite-lfp-gr-250ah-prismatic-2019-v1,blast-lite-b093495-250ah-prismatic-v1,PHYSICS_REFERENCE,NEAR_BOUNDARY,18.833333333333332,5650.0,4890.594814336751,0.7738092664189384
temperature_35c,temperature-35c-v1,blast-lite-lfp-gr-250ah-prismatic-2019-v1,blast-lite-b093495-250ah-prismatic-v1,PHYSICS_REFERENCE,NEAR_BOUNDARY,18.916666666666668,5675.0,4909.940045997225,0.7731593655335645
temperature_35c,temperature-35c-v1,blast-lite-lfp-gr-250ah-prismatic-2019-v1,blast-lite-b093495-250ah-prismatic-v1,PHYSICS_REFERENCE,NEAR_BOUNDARY,19.0,5700.0,4929.269030135564,0.7725107767724684
temperature_35c,temperature-35c-v1,blast-lite-lfp-gr-250ah-prismatic-2019-v1,blast-lite-b093495-250ah-prismatic-v1,PHYSICS_REFERENCE,NEAR_BOUNDARY,19.083333333333332,5725.0,4948.581799554876,0.7718634937957275
temperature_35c,temperature-35c-v1,blast-lite-lfp-gr-250ah-prismatic-2019-v1,blast-lite-b093495-250ah-prismatic-v1,PHYSICS_REFERENCE,NEAR_BOUNDARY,19.166666666666668,5750.0,4967.878386899769,0.7712175103199916
temperature_35c,temperature-35c-v1,blast-lite-lfp-gr-250ah-prismatic-2019-v1,blast-lite-b093495-250ah-prismatic-v1,PHYSICS_REFERENCE,NEAR_BOUNDARY,19.25,5775.0,4987.1588246577685,0.7705728201177233
temperature_35c,temperature-35c-v1,blast-lite-lfp-gr-250ah-prismatic-2019-v1,blast-lite-b093495-250ah-prismatic-v1,PHYSICS_REFERENCE,NEAR_BOUNDARY,19.333333333333332,5800.0,5006.423145160712,0.7699294170164505
temperature_35c,temperature-35c-v1,blast-lite-lfp-gr-250ah-prismatic-2019-v1,blast-lite-b093495-250ah-prismatic-v1,PHYSICS_REFERENCE,NEAR_BOUNDARY,19.416666666666668,5825.0,5025.671380586124,0.7692872948980334
temperature_35c,temperature-35c-v1,blast-lite-lfp-gr-250ah-prismatic-2019-v1,blast-lite-b093495-250ah-prismatic-v1,PHYSICS_REFERENCE,NEAR_BOUNDARY,19.5,5850.0,5044.903562958574,0.7686464476979438
temperature_35c,temperature-35c-v1,blast-lite-lfp-gr-250ah-prismatic-2019-v1,blast-lite-b093495-250ah-prismatic-v1,PHYSICS_REFERENCE,NEAR_BOUNDARY,19.583333333333332,5875.0,5064.119724151023,0.7680068694045579
temperature_35c,temperature-35c-v1,blast-lite-lfp-gr-250ah-prismatic-2019-v1,blast-lite-b093495-250ah-prismatic-v1,PHYSICS_REFERENCE,NEAR_BOUNDARY,19.666666666666668,5900.0,5083.319895886137,0.7673685540584607
temperature_35c,temperature-35c-v1,blast-lite-lfp-gr-250ah-prismatic-2019-v1,blast-lite-b093495-250ah-prismatic-v1,PHYSICS_REFERENCE,NEAR_BOUNDARY,19.75,5925.0,5102.504109737598,0.7667314957517635
temperature_35c,temperature-35c-v1,blast-lite-lfp-gr-250ah-prismatic-2019-v1,blast-lite-b093495-250ah-prismatic-v1,PHYSICS_REFERENCE,NEAR_BOUNDARY,19.833333333333332,5950.0,5121.672397131392,0.7660956886274318
temperature_35c,temperature-35c-v1,blast-lite-lfp-gr-250ah-prismatic-2019-v1,blast-lite-b093495-250ah-prismatic-v1,PHYSICS_REFERENCE,NEAR_BOUNDARY,19.916666666666668,5975.0,5140.824789347078,0.765461126878627
temperature_35c,temperature-35c-v1,blast-lite-lfp-gr-250ah-prismatic-2019-v1,blast-lite-b093495-250ah-prismatic-v1,PHYSICS_REFERENCE,NEAR_BOUNDARY,20.0,6000.0,5159.961317519043,0.7648278047480579
temperature_35c,temperature-35c-v1,blast-lite-lfp-gr-250ah-prismatic-2019-v1,blast-lite-b093495-250ah-prismatic-v1,PHYSICS_REFERENCE,NEAR_BOUNDARY,20.083333333333332,6025.0,5179.082012637745,0.7641957165273439
temperature_35c,temperature-35c-v1,blast-lite-lfp-gr-250ah-prismatic-2019-v1,blast-lite-b093495-250ah-prismatic-v1,PHYSICS_REFERENCE,NEAR_BOUNDARY,20.166666666666668,6050.0,5198.186905550929,0.7635648565563891
temperature_35c,temperature-35c-v1,blast-lite-lfp-gr-250ah-prismatic-2019-v1,blast-lite-b093495-250ah-prismatic-v1,PHYSICS_REFERENCE,NEAR_BOUNDARY,20.25,6075.0,5217.276026964839,0.7629352192227672
temperature_35c,temperature-35c-v1,blast-lite-lfp-gr-250ah-prismatic-2019-v1,blast-lite-b093495-250ah-prismatic-v1,PHYSICS_REFERENCE,NEAR_BOUNDARY,20.333333333333332,6100.0,5236.349407445408,0.7623067989611169
temperature_35c,temperature-35c-v1,blast-lite-lfp-gr-250ah-prismatic-2019-v1,blast-lite-b093495-250ah-prismatic-v1,PHYSICS_REFERENCE,NEAR_BOUNDARY,20.416666666666668,6125.0,5255.407077419436,0.761679590252547
temperature_35c,temperature-35c-v1,blast-lite-lfp-gr-250ah-prismatic-2019-v1,blast-lite-b093495-250ah-prismatic-v1,PHYSICS_REFERENCE,NEAR_BOUNDARY,20.5,6150.0,5274.449067175749,0.7610535876240521
temperature_35c,temperature-35c-v1,blast-lite-lfp-gr-250ah-prismatic-2019-v1,blast-lite-b093495-250ah-prismatic-v1,PHYSICS_REFERENCE,NEAR_BOUNDARY,20.583333333333332,6175.0,5293.475406866351,0.7604287856479386
temperature_35c,temperature-35c-v1,blast-lite-lfp-gr-250ah-prismatic-2019-v1,blast-lite-b093495-250ah-prismatic-v1,PHYSICS_REFERENCE,NEAR_BOUNDARY,20.666666666666668,6200.0,5312.486126507549,0.7598051789412584
temperature_35c,temperature-35c-v1,blast-lite-lfp-gr-250ah-prismatic-2019-v1,blast-lite-b093495-250ah-prismatic-v1,PHYSICS_REFERENCE,NEAR_BOUNDARY,20.75,6225.0,5331.48125598108,0.7591827621652547
temperature_35c,temperature-35c-v1,blast-lite-lfp-gr-250ah-prismatic-2019-v1,blast-lite-b093495-250ah-prismatic-v1,PHYSICS_REFERENCE,NEAR_BOUNDARY,20.833333333333332,6250.0,5350.460825035211,0.7585615300248143
temperature_35c,temperature-35c-v1,blast-lite-lfp-gr-250ah-prismatic-2019-v1,blast-lite-b093495-250ah-prismatic-v1,PHYSICS_REFERENCE,NEAR_BOUNDARY,20.916666666666668,6275.0,5369.424863285832,0.7579414772679313
temperature_35c,temperature-35c-v1,blast-lite-lfp-gr-250ah-prismatic-2019-v1,blast-lite-b093495-250ah-prismatic-v1,PHYSICS_REFERENCE,NEAR_BOUNDARY,21.0,6300.0,5388.37340021753,0.7573225986851779
temperature_35c,temperature-35c-v1,blast-lite-lfp-gr-250ah-prismatic-2019-v1,blast-lite-b093495-250ah-prismatic-v1,PHYSICS_REFERENCE,NEAR_BOUNDARY,21.083333333333332,6325.0,5407.306465184659,0.756704889109185
temperature_35c,temperature-35c-v1,blast-lite-lfp-gr-250ah-prismatic-2019-v1,blast-lite-b093495-250ah-prismatic-v1,PHYSICS_REFERENCE,NEAR_BOUNDARY,21.166666666666668,6350.0,5426.224087412388,0.7560883434141303
temperature_35c,temperature-35c-v1,blast-lite-lfp-gr-250ah-prismatic-2019-v1,blast-lite-b093495-250ah-prismatic-v1,PHYSICS_REFERENCE,NEAR_BOUNDARY,21.25,6375.0,5445.126295997741,0.7554729565152358
temperature_35c,temperature-35c-v1,blast-lite-lfp-gr-250ah-prismatic-2019-v1,blast-lite-b093495-250ah-prismatic-v1,PHYSICS_REFERENCE,NEAR_BOUNDARY,21.333333333333332,6400.0,5464.013119910622,0.7548587233682723
temperature_35c,temperature-35c-v1,blast-lite-lfp-gr-250ah-prismatic-2019-v1,blast-lite-b093495-250ah-prismatic-v1,PHYSICS_REFERENCE,NEAR_BOUNDARY,21.416666666666668,6425.0,5482.8845879948285,0.7542456389690729
temperature_35c,temperature-35c-v1,blast-lite-lfp-gr-250ah-prismatic-2019-v1,blast-lite-b093495-250ah-prismatic-v1,PHYSICS_REFERENCE,NEAR_BOUNDARY,21.5,6450.0,5501.740728969055,0.7536336983530538
temperature_35c,temperature-35c-v1,blast-lite-lfp-gr-250ah-prismatic-2019-v1,blast-lite-b093495-250ah-prismatic-v1,PHYSICS_REFERENCE,NEAR_BOUNDARY,21.583333333333332,6475.0,5520.5815714278815,0.7530228965947424
temperature_35c,temperature-35c-v1,blast-lite-lfp-gr-250ah-prismatic-2019-v1,blast-lite-b093495-250ah-prismatic-v1,PHYSICS_REFERENCE,NEAR_BOUNDARY,21.666666666666668,6500.0,5539.40714384275,0.7524132288073139
temperature_35c,temperature-35c-v1,blast-lite-lfp-gr-250ah-prismatic-2019-v1,blast-lite-b093495-250ah-prismatic-v1,PHYSICS_REFERENCE,NEAR_BOUNDARY,21.75,6525.0,5558.217474562933,0.7518046901421345
temperature_35c,temperature-35c-v1,blast-lite-lfp-gr-250ah-prismatic-2019-v1,blast-lite-b093495-250ah-prismatic-v1,PHYSICS_REFERENCE,NEAR_BOUNDARY,21.833333333333332,6550.0,5577.012591816486,0.7511972757883117
temperature_35c,temperature-35c-v1,blast-lite-lfp-gr-250ah-prismatic-2019-v1,blast-lite-b093495-250ah-prismatic-v1,PHYSICS_REFERENCE,NEAR_BOUNDARY,21.916666666666668,6575.0,5595.792523711194,0.7505909809722526
temperature_35c,temperature-35c-v1,blast-lite-lfp-gr-250ah-prismatic-2019-v1,blast-lite-b093495-250ah-prismatic-v1,PHYSICS_REFERENCE,NEAR_BOUNDARY,22.0,6600.0,5614.557298235501,0.7499858009572278
temperature_35c,temperature-35c-v1,blast-lite-lfp-gr-250ah-prismatic-2019-v1,blast-lite-b093495-250ah-prismatic-v1,PHYSICS_REFERENCE,NEAR_BOUNDARY,22.083333333333332,6625.0,5633.306943259431,0.7493817310429433
temperature_35c,temperature-35c-v1,blast-lite-lfp-gr-250ah-prismatic-2019-v1,blast-lite-b093495-250ah-prismatic-v1,PHYSICS_REFERENCE,NEAR_BOUNDARY,22.166666666666668,6650.0,5652.041486535505,0.7487787665651183
temperature_35c,temperature-35c-v1,blast-lite-lfp-gr-250ah-prismatic-2019-v1,blast-lite-b093495-250ah-prismatic-v1,PHYSICS_REFERENCE,NEAR_BOUNDARY,22.25,6675.0,5670.760955699633,0.7481769028950702
temperature_35c,temperature-35c-v1,blast-lite-lfp-gr-250ah-prismatic-2019-v1,blast-lite-b093495-250ah-prismatic-v1,PHYSICS_REFERENCE,NEAR_BOUNDARY,22.333333333333332,6700.0,5689.46537827201,0.7475761354393051
temperature_35c,temperature-35c-v1,blast-lite-lfp-gr-250ah-prismatic-2019-v1,blast-lite-b093495-250ah-prismatic-v1,PHYSICS_REFERENCE,NEAR_BOUNDARY,22.416666666666668,6725.0,5708.154781657992,0.7469764596391157
temperature_35c,temperature-35c-v1,blast-lite-lfp-gr-250ah-prismatic-2019-v1,blast-lite-b093495-250ah-prismatic-v1,PHYSICS_REFERENCE,NEAR_BOUNDARY,22.5,6750.0,5726.82919314897,0.7463778709701837
temperature_35c,temperature-35c-v1,blast-lite-lfp-gr-250ah-prismatic-2019-v1,blast-lite-b093495-250ah-prismatic-v1,PHYSICS_REFERENCE,NEAR_BOUNDARY,22.583333333333332,6775.0,5745.488639923225,0.745780364942191
temperature_35c,temperature-35c-v1,blast-lite-lfp-gr-250ah-prismatic-2019-v1,blast-lite-b093495-250ah-prismatic-v1,PHYSICS_REFERENCE,NEAR_BOUNDARY,22.666666666666668,6800.0,5764.133149046779,0.7451839370984334
temperature_35c,temperature-35c-v1,blast-lite-lfp-gr-250ah-prismatic-2019-v1,blast-lite-b093495-250ah-prismatic-v1,PHYSICS_REFERENCE,NEAR_BOUNDARY,22.75,6825.0,5782.76274747424,0.7445885830154431
temperature_35c,temperature-35c-v1,blast-lite-lfp-gr-250ah-prismatic-2019-v1,blast-lite-b093495-250ah-prismatic-v1,PHYSICS_REFERENCE,NEAR_BOUNDARY,22.833333333333332,6850.0,5801.377462049626,0.743994298302615
temperature_35c,temperature-35c-v1,blast-lite-lfp-gr-250ah-prismatic-2019-v1,blast-lite-b093495-250ah-prismatic-v1,PHYSICS_REFERENCE,NEAR_BOUNDARY,22.916666666666668,6875.0,5819.977319507191,0.7434010786018396
temperature_35c,temperature-35c-v1,blast-lite-lfp-gr-250ah-prismatic-2019-v1,blast-lite-b093495-250ah-prismatic-v1,PHYSICS_REFERENCE,NEAR_BOUNDARY,23.0,6900.0,5838.562346472238,0.742808919587141
temperature_35c,temperature-35c-v1,blast-lite-lfp-gr-250ah-prismatic-2019-v1,blast-lite-b093495-250ah-prismatic-v1,PHYSICS_REFERENCE,NEAR_BOUNDARY,23.083333333333332,6925.0,5857.132569461916,0.7422178169643202
temperature_35c,temperature-35c-v1,blast-lite-lfp-gr-250ah-prismatic-2019-v1,blast-lite-b093495-250ah-prismatic-v1,PHYSICS_REFERENCE,NEAR_BOUNDARY,23.166666666666668,6950.0,5875.688014886025,0.7416277664706045
temperature_35c,temperature-35c-v1,blast-lite-lfp-gr-250ah-prismatic-2019-v1,blast-lite-b093495-250ah-prismatic-v1,PHYSICS_REFERENCE,NEAR_BOUNDARY,23.25,6975.0,5894.228709047789,0.7410387638743002
temperature_35c,temperature-35c-v1,blast-lite-lfp-gr-250ah-prismatic-2019-v1,blast-lite-b093495-250ah-prismatic-v1,PHYSICS_REFERENCE,NEAR_BOUNDARY,23.333333333333332,7000.0,5912.754678144647,0.7404508049744536
temperature_35c,temperature-35c-v1,blast-lite-lfp-gr-250ah-prismatic-2019-v1,blast-lite-b093495-250ah-prismatic-v1,PHYSICS_REFERENCE,NEAR_BOUNDARY,23.416666666666668,7025.0,5931.265948269009,0.7398638856005126
temperature_35c,temperature-35c-v1,blast-lite-lfp-gr-250ah-prismatic-2019-v1,blast-lite-b093495-250ah-prismatic-v1,PHYSICS_REFERENCE,NEAR_BOUNDARY,23.5,7050.0,5949.762545409021,0.7392780016119983
temperature_35c,temperature-35c-v1,blast-lite-lfp-gr-250ah-prismatic-2019-v1,blast-lite-b093495-250ah-prismatic-v1,PHYSICS_REFERENCE,NEAR_BOUNDARY,23.583333333333332,7075.0,5968.244495449321,0.7386931488981764
temperature_35c,temperature-35c-v1,blast-lite-lfp-gr-250ah-prismatic-2019-v1,blast-lite-b093495-250ah-prismatic-v1,PHYSICS_REFERENCE,NEAR_BOUNDARY,23.666666666666668,7100.0,5986.711824171775,0.7381093233777378
temperature_35c,temperature-35c-v1,blast-lite-lfp-gr-250ah-prismatic-2019-v1,blast-lite-b093495-250ah-prismatic-v1,PHYSICS_REFERENCE,NEAR_BOUNDARY,23.75,7125.0,6005.164557256218,0.7375265209984802
temperature_35c,temperature-35c-v1,blast-lite-lfp-gr-250ah-prismatic-2019-v1,blast-lite-b093495-250ah-prismatic-v1,PHYSICS_REFERENCE,NEAR_BOUNDARY,23.833333333333332,7150.0,6023.60272028118,0.7369447377369969
temperature_35c,temperature-35c-v1,blast-lite-lfp-gr-250ah-prismatic-2019-v1,blast-lite-b093495-250ah-prismatic-v1,PHYSICS_REFERENCE,NEAR_BOUNDARY,23.916666666666668,7175.0,6042.026338724605,0.7363639695983687
temperature_35c,temperature-35c-v1,blast-lite-lfp-gr-250ah-prismatic-2019-v1,blast-lite-b093495-250ah-prismatic-v1,PHYSICS_REFERENCE,NEAR_BOUNDARY,24.0,7200.0,6060.435437964564,0.7357842126158605
temperature_35c,temperature-35c-v1,blast-lite-lfp-gr-250ah-prismatic-2019-v1,blast-lite-b093495-250ah-prismatic-v1,PHYSICS_REFERENCE,NEAR_BOUNDARY,24.083333333333332,7225.0,6078.830043279961,0.7352054628506223
temperature_35c,temperature-35c-v1,blast-lite-lfp-gr-250ah-prismatic-2019-v1,blast-lite-b093495-250ah-prismatic-v1,PHYSICS_REFERENCE,NEAR_BOUNDARY,24.166666666666668,7250.0,6097.210179851226,0.7346277163913942
temperature_35c,temperature-35c-v1,blast-lite-lfp-gr-250ah-prismatic-2019-v1,blast-lite-b093495-250ah-prismatic-v1,PHYSICS_REFERENCE,NEAR_BOUNDARY,24.25,7275.0,6115.575872761011,0.7340509693542167
temperature_35c,temperature-35c-v1,blast-lite-lfp-gr-250ah-prismatic-2019-v1,blast-lite-b093495-250ah-prismatic-v1,PHYSICS_REFERENCE,NEAR_BOUNDARY,24.333333333333332,7300.0,6133.927146994866,0.7334752178821431
temperature_35c,temperature-35c-v1,blast-lite-lfp-gr-250ah-prismatic-2019-v1,blast-lite-b093495-250ah-prismatic-v1,PHYSICS_REFERENCE,NEAR_BOUNDARY,24.416666666666668,7325.0,6152.26402744192,0.7329004581449574
temperature_35c,temperature-35c-v1,blast-lite-lfp-gr-250ah-prismatic-2019-v1,blast-lite-b093495-250ah-prismatic-v1,PHYSICS_REFERENCE,NEAR_BOUNDARY,24.5,7350.0,6170.5865388955435,0.7323266863388965
temperature_35c,temperature-35c-v1,blast-lite-lfp-gr-250ah-prismatic-2019-v1,blast-lite-b093495-250ah-prismatic-v1,PHYSICS_REFERENCE,NEAR_BOUNDARY,24.583333333333332,7375.0,6188.894706054016,0.7317538986863744
temperature_35c,temperature-35c-v1,blast-lite-lfp-gr-250ah-prismatic-2019-v1,blast-lite-b093495-250ah-prismatic-v1,PHYSICS_REFERENCE,NEAR_BOUNDARY,24.666666666666668,7400.0,6207.188553521175,0.7311820914357121
temperature_35c,temperature-35c-v1,blast-lite-lfp-gr-250ah-prismatic-2019-v1,blast-lite-b093495-250ah-prismatic-v1,PHYSICS_REFERENCE,NEAR_BOUNDARY,24.75,7425.0,6225.468105807067,0.7306112608608706
temperature_35c,temperature-35c-v1,blast-lite-lfp-gr-250ah-prismatic-2019-v1,blast-lite-b093495-250ah-prismatic-v1,PHYSICS_REFERENCE,NEAR_BOUNDARY,24.833333333333332,7450.0,6243.733387328589,0.7300414032611872
temperature_35c,temperature-35c-v1,blast-lite-lfp-gr-250ah-prismatic-2019-v1,blast-lite-b093495-250ah-prismatic-v1,PHYSICS_REFERENCE,NEAR_BOUNDARY,24.916666666666668,7475.0,6261.984422410119,0.7294725149611158
temperature_35c,temperature-35c-v1,blast-lite-lfp-gr-250ah-prismatic-2019-v1,blast-lite-b093495-250ah-prismatic-v1,PHYSICS_REFERENCE,NEAR_BOUNDARY,25.0,7500.0,6280.221235284147,0.7289045923099708
temperature_45c,temperature-45c-v1,blast-lite-lfp-gr-250ah-prismatic-2019-v1,blast-lite-b093495-250ah-prismatic-v1,PHYSICS_REFERENCE,NEAR_BOUNDARY,0.0,0.0,0.0,1.0
temperature_45c,temperature-45c-v1,blast-lite-lfp-gr-250ah-prismatic-2019-v1,blast-lite-b093495-250ah-prismatic-v1,PHYSICS_REFERENCE,NEAR_BOUNDARY,0.08333333333333333,25.0,24.999999999999996,0.9928236263083241
temperature_45c,temperature-45c-v1,blast-lite-lfp-gr-250ah-prismatic-2019-v1,blast-lite-b093495-250ah-prismatic-v1,PHYSICS_REFERENCE,NEAR_BOUNDARY,0.16666666666666666,50.0,49.820590657708095,0.9889819645695546
temperature_45c,temperature-45c-v1,blast-lite-lfp-gr-250ah-prismatic-2019-v1,blast-lite-b093495-250ah-prismatic-v1,PHYSICS_REFERENCE,NEAR_BOUNDARY,0.25,75.0,74.54513977194696,0.9858685471953722
temperature_45c,temperature-45c-v1,blast-lite-lfp-gr-250ah-prismatic-2019-v1,blast-lite-b093495-250ah-prismatic-v1,PHYSICS_REFERENCE,NEAR_BOUNDARY,0.3333333333333333,100.0,99.19185345183126,0.9831187537099628
temperature_45c,temperature-45c-v1,blast-lite-lfp-gr-250ah-prismatic-2019-v1,blast-lite-b093495-250ah-prismatic-v1,PHYSICS_REFERENCE,NEAR_BOUNDARY,0.4166666666666667,125.0,123.76982229458034,0.9806027305683496
temperature_45c,temperature-45c-v1,blast-lite-lfp-gr-250ah-prismatic-2019-v1,blast-lite-b093495-250ah-prismatic-v1,PHYSICS_REFERENCE,NEAR_BOUNDARY,0.5,150.0,148.28489055878907,0.9782550662477086
temperature_45c,temperature-45c-v1,blast-lite-lfp-gr-250ah-prismatic-2019-v1,blast-lite-b093495-250ah-prismatic-v1,PHYSICS_REFERENCE,NEAR_BOUNDARY,0.5833333333333334,175.0,172.74126721498178,0.9760369735876748
temperature_45c,temperature-45c-v1,blast-lite-lfp-gr-250ah-prismatic-2019-v1,blast-lite-b093495-250ah-prismatic-v1,PHYSICS_REFERENCE,NEAR_BOUNDARY,0.6666666666666666,200.0,197.14219155467364,0.9739230771231306
temperature_45c,temperature-45c-v1,blast-lite-lfp-gr-250ah-prismatic-2019-v1,blast-lite-b093495-250ah-prismatic-v1,PHYSICS_REFERENCE,NEAR_BOUNDARY,0.75,225.0,221.4902684827519,0.9718956346630917
temperature_45c,temperature-45c-v1,blast-lite-lfp-gr-250ah-prismatic-2019-v1,blast-lite-b093495-250ah-prismatic-v1,PHYSICS_REFERENCE,NEAR_BOUNDARY,0.8333333333333334,250.0,245.7876593493292,0.9699416287556981
temperature_45c,temperature-45c-v1,blast-lite-lfp-gr-250ah-prismatic-2019-v1,blast-lite-b093495-250ah-prismatic-v1,PHYSICS_REFERENCE,NEAR_BOUNDARY,0.9166666666666666,275.0,270.03620006822166,0.96805115221514
temperature_45c,temperature-45c-v1,blast-lite-lfp-gr-250ah-prismatic-2019-v1,blast-lite-b093495-250ah-prismatic-v1,PHYSICS_REFERENCE,NEAR_BOUNDARY,1.0,300.0,294.23747887360014,0.9662164445062617
temperature_45c,temperature-45c-v1,blast-lite-lfp-gr-250ah-prismatic-2019-v1,blast-lite-b093495-250ah-prismatic-v1,PHYSICS_REFERENCE,NEAR_BOUNDARY,1.0833333333333333,325.0,318.3928899862567,0.9644312833527525
temperature_45c,temperature-45c-v1,blast-lite-lfp-gr-250ah-prismatic-2019-v1,blast-lite-b093495-250ah-prismatic-v1,PHYSICS_REFERENCE,NEAR_BOUNDARY,1.1666666666666667,350.0,342.50367207007554,0.9626905829745717
temperature_45c,temperature-45c-v1,blast-lite-lfp-gr-250ah-prismatic-2019-v1,blast-lite-b093495-250ah-prismatic-v1,PHYSICS_REFERENCE,NEAR_BOUNDARY,1.25,375.0,366.5709366444398,0.960990118837594
temperature_45c,temperature-45c-v1,blast-lite-lfp-gr-250ah-prismatic-2019-v1,blast-lite-b093495-250ah-prismatic-v1,PHYSICS_REFERENCE,NEAR_BOUNDARY,1.3333333333333333,400.0,390.5956896153797,0.9593263331986525
temperature_45c,temperature-45c-v1,blast-lite-lfp-gr-250ah-prismatic-2019-v1,blast-lite-b093495-250ah-prismatic-v1,PHYSICS_REFERENCE,NEAR_BOUNDARY,1.4166666666666667,425.0,414.578847945346,0.9576961941065568
temperature_45c,temperature-45c-v1,blast-lite-lfp-gr-250ah-prismatic-2019-v1,blast-lite-b093495-250ah-prismatic-v1,PHYSICS_REFERENCE,NEAR_BOUNDARY,1.5,450.0,438.5212527980099,0.9560970908515029
temperature_45c,temperature-45c-v1,blast-lite-lfp-gr-250ah-prismatic-2019-v1,blast-lite-b093495-250ah-prismatic-v1,PHYSICS_REFERENCE,NEAR_BOUNDARY,1.5833333333333333,475.0,462.4236800692975,0.9545267549198062
temperature_45c,temperature-45c-v1,blast-lite-lfp-gr-250ah-prismatic-2019-v1,blast-lite-b093495-250ah-prismatic-v1,PHYSICS_REFERENCE,NEAR_BOUNDARY,1.6666666666666667,500.0,486.2868489422927,0.9529831992046232
temperature_45c,temperature-45c-v1,blast-lite-lfp-gr-250ah-prismatic-2019-v1,blast-lite-b093495-250ah-prismatic-v1,PHYSICS_REFERENCE,NEAR_BOUNDARY,1.75,525.0,510.11142892240827,0.95146467054631
temperature_45c,temperature-45c-v1,blast-lite-lfp-gr-250ah-prismatic-2019-v1,blast-lite-b093495-250ah-prismatic-v1,PHYSICS_REFERENCE,NEAR_BOUNDARY,1.8333333333333333,550.0,533.898045686066,0.9499696121786225
temperature_45c,temperature-45c-v1,blast-lite-lfp-gr-250ah-prismatic-2019-v1,blast-lite-b093495-250ah-prismatic-v1,PHYSICS_REFERENCE,NEAR_BOUNDARY,1.9166666666666667,575.0,557.6472859905316,0.9484966336532215
temperature_45c,temperature-45c-v1,blast-lite-lfp-gr-250ah-prismatic-2019-v1,blast-lite-b093495-250ah-prismatic-v1,PHYSICS_REFERENCE,NEAR_BOUNDARY,2.0,600.0,581.3597018318621,0.9470444864903048
temperature_45c,temperature-45c-v1,blast-lite-lfp-gr-250ah-prismatic-2019-v1,blast-lite-b093495-250ah-prismatic-v1,PHYSICS_REFERENCE,NEAR_BOUNDARY,2.0833333333333335,625.0,605.0358139941197,0.9456120442701392
temperature_45c,temperature-45c-v1,blast-lite-lfp-gr-250ah-prismatic-2019-v1,blast-lite-b093495-250ah-prismatic-v1,PHYSICS_REFERENCE,NEAR_BOUNDARY,2.1666666666666665,650.0,628.6761151008732,0.9441982862089567
temperature_45c,temperature-45c-v1,blast-lite-lfp-gr-250ah-prismatic-2019-v1,blast-lite-b093495-250ah-prismatic-v1,PHYSICS_REFERENCE,NEAR_BOUNDARY,2.25,675.0,652.2810722560971,0.9428022834978206
temperature_45c,temperature-45c-v1,blast-lite-lfp-gr-250ah-prismatic-2019-v1,blast-lite-b093495-250ah-prismatic-v1,PHYSICS_REFERENCE,NEAR_BOUNDARY,2.3333333333333335,700.0,675.8511293435427,0.9414231878537785
temperature_45c,temperature-45c-v1,blast-lite-lfp-gr-250ah-prismatic-2019-v1,blast-lite-b093495-250ah-prismatic-v1,PHYSICS_REFERENCE,NEAR_BOUNDARY,2.4166666666666665,725.0,699.3867090398871,0.9400602218582514
temperature_45c,temperature-45c-v1,blast-lite-lfp-gr-250ah-prismatic-2019-v1,blast-lite-b093495-250ah-prismatic-v1,PHYSICS_REFERENCE,NEAR_BOUNDARY,2.5,750.0,722.8882145863435,0.9387126707511984
temperature_45c,temperature-45c-v1,blast-lite-lfp-gr-250ah-prismatic-2019-v1,blast-lite-b093495-250ah-prismatic-v1,PHYSICS_REFERENCE,NEAR_BOUNDARY,2.5833333333333335,775.0,746.3560313551234,0.9373798754201429
temperature_45c,temperature-45c-v1,blast-lite-lfp-gr-250ah-prismatic-2019-v1,blast-lite-b093495-250ah-prismatic-v1,PHYSICS_REFERENCE,NEAR_BOUNDARY,2.6666666666666665,800.0,769.7905282406269,0.9360612263768632
temperature_45c,temperature-45c-v1,blast-lite-lfp-gr-250ah-prismatic-2019-v1,blast-lite-b093495-250ah-prismatic-v1,PHYSICS_REFERENCE,NEAR_BOUNDARY,2.75,825.0,793.1920589000486,0.9347561585558705
temperature_45c,temperature-45c-v1,blast-lite-lfp-gr-250ah-prismatic-2019-v1,blast-lite-b093495-250ah-prismatic-v1,PHYSICS_REFERENCE,NEAR_BOUNDARY,2.8333333333333335,850.0,816.5609628639453,0.9334641468008698
temperature_45c,temperature-45c-v1,blast-lite-lfp-gr-250ah-prismatic-2019-v1,blast-lite-b093495-250ah-prismatic-v1,PHYSICS_REFERENCE,NEAR_BOUNDARY,2.9166666666666665,875.0,839.897566533967,0.9321847019305011
temperature_45c,temperature-45c-v1,blast-lite-lfp-gr-250ah-prismatic-2019-v1,blast-lite-b093495-250ah-prismatic-v1,PHYSICS_REFERENCE,NEAR_BOUNDARY,3.0,900.0,863.2021840822296,0.9309173672944676
temperature_45c,temperature-45c-v1,blast-lite-lfp-gr-250ah-prismatic-2019-v1,blast-lite-b093495-250ah-prismatic-v1,PHYSICS_REFERENCE,NEAR_BOUNDARY,3.0833333333333335,925.0,886.4751182645913,0.9296617157469025
temperature_45c,temperature-45c-v1,blast-lite-lfp-gr-250ah-prismatic-2019-v1,blast-lite-b093495-250ah-prismatic-v1,PHYSICS_REFERENCE,NEAR_BOUNDARY,3.1666666666666665,950.0,909.7166611582638,0.928417346976431
temperature_45c,temperature-45c-v1,blast-lite-lfp-gr-250ah-prismatic-2019-v1,blast-lite-b093495-250ah-prismatic-v1,PHYSICS_REFERENCE,NEAR_BOUNDARY,3.25,975.0,932.9270948326746,0.92718388514254
temperature_45c,temperature-45c-v1,blast-lite-lfp-gr-250ah-prismatic-2019-v1,blast-lite-b093495-250ah-prismatic-v1,PHYSICS_REFERENCE,NEAR_BOUNDARY,3.3333333333333335,1000.0,956.1066919612381,0.9259609767761041
temperature_45c,temperature-45c-v1,blast-lite-lfp-gr-250ah-prismatic-2019-v1,blast-lite-b093495-250ah-prismatic-v1,PHYSICS_REFERENCE,NEAR_BOUNDARY,3.4166666666666665,1025.0,979.2557163806407,0.9247482889086283
temperature_45c,temperature-45c-v1,blast-lite-lfp-gr-250ah-prismatic-2019-v1,blast-lite-b093495-250ah-prismatic-v1,PHYSICS_REFERENCE,NEAR_BOUNDARY,3.5,1050.0,1002.3744236033564,0.9235455074002799
temperature_45c,temperature-45c-v1,blast-lite-lfp-gr-250ah-prismatic-2019-v1,blast-lite-b093495-250ah-prismatic-v1,PHYSICS_REFERENCE,NEAR_BOUNDARY,3.5833333333333335,1075.0,1025.4630612883634,0.9223523354413206
temperature_45c,temperature-45c-v1,blast-lite-lfp-gr-250ah-prismatic-2019-v1,blast-lite-b093495-250ah-prismatic-v1,PHYSICS_REFERENCE,NEAR_BOUNDARY,3.6666666666666665,1100.0,1048.5218696743964,0.9211684922053069
temperature_45c,temperature-45c-v1,blast-lite-lfp-gr-250ah-prismatic-2019-v1,blast-lite-b093495-250ah-prismatic-v1,PHYSICS_REFERENCE,NEAR_BOUNDARY,3.75,1125.0,1071.551081979529,0.9199937116355645
temperature_45c,temperature-45c-v1,blast-lite-lfp-gr-250ah-prismatic-2019-v1,blast-lite-b093495-250ah-prismatic-v1,PHYSICS_REFERENCE,NEAR_BOUNDARY,3.8333333333333335,1150.0,1094.550924770418,0.9188277413490551
temperature_45c,temperature-45c-v1,blast-lite-lfp-gr-250ah-prismatic-2019-v1,blast-lite-b093495-250ah-prismatic-v1,PHYSICS_REFERENCE,NEAR_BOUNDARY,3.9166666666666665,1175.0,1117.5216183041443,0.9176703416439544
temperature_45c,temperature-45c-v1,blast-lite-lfp-gr-250ah-prismatic-2019-v1,blast-lite-b093495-250ah-prismatic-v1,PHYSICS_REFERENCE,NEAR_BOUNDARY,4.0,1200.0,1140.4633768452431,0.9165212845991149
temperature_45c,temperature-45c-v1,blast-lite-lfp-gr-250ah-prismatic-2019-v1,blast-lite-b093495-250ah-prismatic-v1,PHYSICS_REFERENCE,NEAR_BOUNDARY,4.083333333333333,1225.0,1163.376408960221,0.9153803532551488
temperature_45c,temperature-45c-v1,blast-lite-lfp-gr-250ah-prismatic-2019-v1,blast-lite-b093495-250ah-prismatic-v1,PHYSICS_REFERENCE,NEAR_BOUNDARY,4.166666666666667,1250.0,1186.2609177915997,0.9142473408682117
temperature_45c,temperature-45c-v1,blast-lite-lfp-gr-250ah-prismatic-2019-v1,blast-lite-b093495-250ah-prismatic-v1,PHYSICS_REFERENCE,NEAR_BOUNDARY,4.25,1275.0,1209.117101313305,0.9131220502286909
temperature_45c,temperature-45c-v1,blast-lite-lfp-gr-250ah-prismatic-2019-v1,blast-lite-b093495-250ah-prismatic-v1,PHYSICS_REFERENCE,NEAR_BOUNDARY,4.333333333333333,1300.0,1231.9451525690224,0.9120042930379819
temperature_45c,temperature-45c-v1,blast-lite-lfp-gr-250ah-prismatic-2019-v1,blast-lite-b093495-250ah-prismatic-v1,PHYSICS_REFERENCE,NEAR_BOUNDARY,4.416666666666667,1325.0,1254.745259894972,0.910893889337371
temperature_45c,temperature-45c-v1,blast-lite-lfp-gr-250ah-prismatic-2019-v1,blast-lite-b093495-250ah-prismatic-v1,PHYSICS_REFERENCE,NEAR_BOUNDARY,4.5,1350.0,1277.517607128406,0.9097906669837551
temperature_45c,temperature-45c-v1,blast-lite-lfp-gr-250ah-prismatic-2019-v1,blast-lite-b093495-250ah-prismatic-v1,PHYSICS_REFERENCE,NEAR_BOUNDARY,4.583333333333333,1375.0,1300.262373803,0.9086944611675568
temperature_45c,temperature-45c-v1,blast-lite-lfp-gr-250ah-prismatic-2019-v1,blast-lite-b093495-250ah-prismatic-v1,PHYSICS_REFERENCE,NEAR_BOUNDARY,4.666666666666667,1400.0,1322.979735332189,0.9076051139687255
temperature_45c,temperature-45c-v1,blast-lite-lfp-gr-250ah-prismatic-2019-v1,blast-lite-b093495-250ah-prismatic-v1,PHYSICS_REFERENCE,NEAR_BOUNDARY,4.75,1425.0,1345.6698631814072,0.9065224739471821
temperature_45c,temperature-45c-v1,blast-lite-lfp-gr-250ah-prismatic-2019-v1,blast-lite-b093495-250ah-prismatic-v1,PHYSICS_REFERENCE,NEAR_BOUNDARY,4.833333333333333,1450.0,1368.3329250300867,0.9054463957644754
temperature_45c,temperature-45c-v1,blast-lite-lfp-gr-250ah-prismatic-2019-v1,blast-lite-b093495-250ah-prismatic-v1,PHYSICS_REFERENCE,NEAR_BOUNDARY,4.916666666666667,1475.0,1390.9690849241986,0.9043767398337663
temperature_45c,temperature-45c-v1,blast-lite-lfp-gr-250ah-prismatic-2019-v1,blast-lite-b093495-250ah-prismatic-v1,PHYSICS_REFERENCE,NEAR_BOUNDARY,5.0,1500.0,1413.5785034200428,0.9033133719955736
temperature_45c,temperature-45c-v1,blast-lite-lfp-gr-250ah-prismatic-2019-v1,blast-lite-b093495-250ah-prismatic-v1,PHYSICS_REFERENCE,NEAR_BOUNDARY,5.083333333333333,1525.0,1436.1613377199321,0.90225616321698
temperature_45c,temperature-45c-v1,blast-lite-lfp-gr-250ah-prismatic-2019-v1,blast-lite-b093495-250ah-prismatic-v1,PHYSICS_REFERENCE,NEAR_BOUNDARY,5.166666666666667,1550.0,1458.7177418003566,0.9012049893122444
temperature_45c,temperature-45c-v1,blast-lite-lfp-gr-250ah-prismatic-2019-v1,blast-lite-b093495-250ah-prismatic-v1,PHYSICS_REFERENCE,NEAR_BOUNDARY,5.25,1575.0,1481.2478665331628,0.90015973068297
temperature_45c,temperature-45c-v1,blast-lite-lfp-gr-250ah-prismatic-2019-v1,blast-lite-b093495-250ah-prismatic-v1,PHYSICS_REFERENCE,NEAR_BOUNDARY,5.333333333333333,1600.0,1503.751859800237,0.8991202720761696
temperature_45c,temperature-45c-v1,blast-lite-lfp-gr-250ah-prismatic-2019-v1,blast-lite-b093495-250ah-prismatic-v1,PHYSICS_REFERENCE,NEAR_BOUNDARY,5.416666666666667,1625.0,1526.2298666021413,0.8980865023587321
temperature_45c,temperature-45c-v1,blast-lite-lfp-gr-250ah-prismatic-2019-v1,blast-lite-b093495-250ah-prismatic-v1,PHYSICS_REFERENCE,NEAR_BOUNDARY,5.5,1650.0,1548.6820291611095,0.8970583143069393
temperature_45c,temperature-45c-v1,blast-lite-lfp-gr-250ah-prismatic-2019-v1,blast-lite-b093495-250ah-prismatic-v1,PHYSICS_REFERENCE,NEAR_BOUNDARY,5.583333333333333,1675.0,1571.108487018783,0.8960356044098158
temperature_45c,temperature-45c-v1,blast-lite-lfp-gr-250ah-prismatic-2019-v1,blast-lite-b093495-250ah-prismatic-v1,PHYSICS_REFERENCE,NEAR_BOUNDARY,5.666666666666667,1700.0,1593.5093771290285,0.895018272685206
temperature_45c,temperature-45c-v1,blast-lite-lfp-gr-250ah-prismatic-2019-v1,blast-lite-b093495-250ah-prismatic-v1,PHYSICS_REFERENCE,NEAR_BOUNDARY,5.75,1725.0,1615.8848339461586,0.8940062225075789
temperature_45c,temperature-45c-v1,blast-lite-lfp-gr-250ah-prismatic-2019-v1,blast-lite-b093495-250ah-prismatic-v1,PHYSICS_REFERENCE,NEAR_BOUNDARY,5.833333333333333,1750.0,1638.234989508848,0.892999360446651
temperature_45c,temperature-45c-v1,blast-lite-lfp-gr-250ah-prismatic-2019-v1,blast-lite-b093495-250ah-prismatic-v1,PHYSICS_REFERENCE,NEAR_BOUNDARY,5.916666666666667,1775.0,1660.5599735200142,0.8919975961160024
temperature_45c,temperature-45c-v1,blast-lite-lfp-gr-250ah-prismatic-2019-v1,blast-lite-b093495-250ah-prismatic-v1,PHYSICS_REFERENCE,NEAR_BOUNDARY,6.0,1800.0,1682.8599134229141,0.8910008420309333
temperature_45c,temperature-45c-v1,blast-lite-lfp-gr-250ah-prismatic-2019-v1,blast-lite-b093495-250ah-prismatic-v1,PHYSICS_REFERENCE,NEAR_BOUNDARY,6.083333333333333,1825.0,1705.1349344736875,0.8900090134748734
temperature_45c,temperature-45c-v1,blast-lite-lfp-gr-250ah-prismatic-2019-v1,blast-lite-b093495-250ah-prismatic-v1,PHYSICS_REFERENCE,NEAR_BOUNDARY,6.166666666666667,1850.0,1727.3851598105593,0.8890220283737222
temperature_45c,temperature-45c-v1,blast-lite-lfp-gr-250ah-prismatic-2019-v1,blast-lite-b093495-250ah-prismatic-v1,PHYSICS_REFERENCE,NEAR_BOUNDARY,6.25,1875.0,1749.6107105199023,0.8880398071775425
temperature_45c,temperature-45c-v1,blast-lite-lfp-gr-250ah-prismatic-2019-v1,blast-lite-b093495-250ah-prismatic-v1,PHYSICS_REFERENCE,NEAR_BOUNDARY,6.333333333333333,1900.0,1771.8117056993408,0.887062272749088
temperature_45c,temperature-45c-v1,blast-lite-lfp-gr-250ah-prismatic-2019-v1,blast-lite-b093495-250ah-prismatic-v1,PHYSICS_REFERENCE,NEAR_BOUNDARY,6.416666666666667,1925.0,1793.988262518068,0.8860893502586807
temperature_45c,temperature-45c-v1,blast-lite-lfp-gr-250ah-prismatic-2019-v1,blast-lite-b093495-250ah-prismatic-v1,PHYSICS_REFERENCE,NEAR_BOUNDARY,6.5,1950.0,1816.140496274535,0.8851209670850014
temperature_45c,temperature-45c-v1,blast-lite-lfp-gr-250ah-prismatic-2019-v1,blast-lite-b093495-250ah-prismatic-v1,PHYSICS_REFERENCE,NEAR_BOUNDARY,6.583333333333333,1975.0,1838.2685204516602,0.8841570527213843
temperature_45c,temperature-45c-v1,blast-lite-lfp-gr-250ah-prismatic-2019-v1,blast-lite-b093495-250ah-prismatic-v1,PHYSICS_REFERENCE,NEAR_BOUNDARY,6.666666666666667,2000.0,1860.3724467696948,0.8831975386872474
temperature_45c,temperature-45c-v1,blast-lite-lfp-gr-250ah-prismatic-2019-v1,blast-lite-b093495-250ah-prismatic-v1,PHYSICS_REFERENCE,NEAR_BOUNDARY,6.75,2025.0,1882.452385236876,0.8822423584443138
temperature_45c,temperature-45c-v1,blast-lite-lfp-gr-250ah-prismatic-2019-v1,blast-lite-b093495-250ah-prismatic-v1,PHYSICS_REFERENCE,NEAR_BOUNDARY,6.833333333333333,2050.0,1904.5084441979836,0.8812914473173082
temperature_45c,temperature-45c-v1,blast-lite-lfp-gr-250ah-prismatic-2019-v1,blast-lite-b093495-250ah-prismatic-v1,PHYSICS_REFERENCE,NEAR_BOUNDARY,6.916666666666667,2075.0,1926.5407303809163,0.880344742418839
temperature_45c,temperature-45c-v1,blast-lite-lfp-gr-250ah-prismatic-2019-v1,blast-lite-b093495-250ah-prismatic-v1,PHYSICS_REFERENCE,NEAR_BOUNDARY,7.0,2100.0,1948.5493489413873,0.8794021825781934
temperature_45c,temperature-45c-v1,blast-lite-lfp-gr-250ah-prismatic-2019-v1,blast-lite-b093495-250ah-prismatic-v1,PHYSICS_REFERENCE,NEAR_BOUNDARY,7.083333333333333,2125.0,1970.5344035058422,0.8784637082738007
temperature_45c,temperature-45c-v1,blast-lite-lfp-gr-250ah-prismatic-2019-v1,blast-lite-b093495-250ah-prismatic-v1,PHYSICS_REFERENCE,NEAR_BOUNDARY,7.166666666666667,2150.0,1992.4959962126873,0.8775292615691311
temperature_45c,temperature-45c-v1,blast-lite-lfp-gr-250ah-prismatic-2019-v1,blast-lite-b093495-250ah-prismatic-v1,PHYSICS_REFERENCE,NEAR_BOUNDARY,7.25,2175.0,2014.4342277519156,0.8765987860518174
temperature_45c,temperature-45c-v1,blast-lite-lfp-gr-250ah-prismatic-2019-v1,blast-lite-b093495-250ah-prismatic-v1,PHYSICS_REFERENCE,NEAR_BOUNDARY,7.333333333333333,2200.0,2036.349197403211,0.8756722267758017
temperature_45c,temperature-45c-v1,blast-lite-lfp-gr-250ah-prismatic-2019-v1,blast-lite-b093495-250ah-prismatic-v1,PHYSICS_REFERENCE,NEAR_BOUNDARY,7.416666666666667,2225.0,2058.241003072606,0.8747495302063248
temperature_45c,temperature-45c-v1,blast-lite-lfp-gr-250ah-prismatic-2019-v1,blast-lite-b093495-250ah-prismatic-v1,PHYSICS_REFERENCE,NEAR_BOUNDARY,7.5,2250.0,2080.109741327764,0.8738306441675863
temperature_45c,temperature-45c-v1,blast-lite-lfp-gr-250ah-prismatic-2019-v1,blast-lite-b093495-250ah-prismatic-v1,PHYSICS_REFERENCE,NEAR_BOUNDARY,7.583333333333333,2275.0,2101.9555074319537,0.8729155177929174
temperature_45c,temperature-45c-v1,blast-lite-lfp-gr-250ah-prismatic-2019-v1,blast-lite-b093495-250ah-prismatic-v1,PHYSICS_REFERENCE,NEAR_BOUNDARY,7.666666666666667,2300.0,2123.7783953767766,0.8720041014773221
temperature_45c,temperature-45c-v1,blast-lite-lfp-gr-250ah-prismatic-2019-v1,blast-lite-b093495-250ah-prismatic-v1,PHYSICS_REFERENCE,NEAR_BOUNDARY,7.75,2325.0,2145.5784979137097,0.8710963468322435
temperature_45c,temperature-45c-v1,blast-lite-lfp-gr-250ah-prismatic-2019-v1,blast-lite-b093495-250ah-prismatic-v1,PHYSICS_REFERENCE,NEAR_BOUNDARY,7.833333333333333,2350.0,2167.3559065845157,0.8701922066424337
temperature_45c,temperature-45c-v1,blast-lite-lfp-gr-250ah-prismatic-2019-v1,blast-lite-b093495-250ah-prismatic-v1,PHYSICS_REFERENCE,NEAR_BOUNDARY,7.916666666666667,2375.0,2189.1107117505767,0.8692916348248044
temperature_45c,temperature-45c-v1,blast-lite-lfp-gr-250ah-prismatic-2019-v1,blast-lite-b093495-250ah-prismatic-v1,PHYSICS_REFERENCE,NEAR_BOUNDARY,8.0,2400.0,2210.843002621197,0.8683945863891482
temperature_45c,temperature-45c-v1,blast-lite-lfp-gr-250ah-prismatic-2019-v1,blast-lite-b093495-250ah-prismatic-v1,PHYSICS_REFERENCE,NEAR_BOUNDARY,8.083333333333334,2425.0,2232.5528672809255,0.8675010174006262
temperature_45c,temperature-45c-v1,blast-lite-lfp-gr-250ah-prismatic-2019-v1,blast-lite-b093495-250ah-prismatic-v1,PHYSICS_REFERENCE,NEAR_BOUNDARY,8.166666666666666,2450.0,2254.240392715941,0.866610884943926
temperature_45c,temperature-45c-v1,blast-lite-lfp-gr-250ah-prismatic-2019-v1,blast-lite-b093495-250ah-prismatic-v1,PHYSICS_REFERENCE,NEAR_BOUNDARY,8.25,2475.0,2275.9056648395394,0.8657241470889975
temperature_45c,temperature-45c-v1,blast-lite-lfp-gr-250ah-prismatic-2019-v1,blast-lite-b093495-250ah-prismatic-v1,PHYSICS_REFERENCE,NEAR_BOUNDARY,8.333333333333334,2500.0,2297.5487685167645,0.8648407628582828
temperature_45c,temperature-45c-v1,blast-lite-lfp-gr-250ah-prismatic-2019-v1,blast-lite-b093495-250ah-prismatic-v1,PHYSICS_REFERENCE,NEAR_BOUNDARY,8.416666666666666,2525.0,2319.1697875882214,0.8639606921953606
temperature_45c,temperature-45c-v1,blast-lite-lfp-gr-250ah-prismatic-2019-v1,blast-lite-b093495-250ah-prismatic-v1,PHYSICS_REFERENCE,NEAR_BOUNDARY,8.5,2550.0,2340.7688048931054,0.8630838959349297
temperature_45c,temperature-45c-v1,blast-lite-lfp-gr-250ah-prismatic-2019-v1,blast-lite-b093495-250ah-prismatic-v1,PHYSICS_REFERENCE,NEAR_BOUNDARY,8.583333333333334,2575.0,2362.3459022914785,0.862210335774062
temperature_45c,temperature-45c-v1,blast-lite-lfp-gr-250ah-prismatic-2019-v1,blast-lite-b093495-250ah-prismatic-v1,PHYSICS_REFERENCE,NEAR_BOUNDARY,8.666666666666666,2600.0,2383.9011606858303,0.8613399742446598
temperature_45c,temperature-45c-v1,blast-lite-lfp-gr-250ah-prismatic-2019-v1,blast-lite-b093495-250ah-prismatic-v1,PHYSICS_REFERENCE,NEAR_BOUNDARY,8.75,2625.0,2405.4346600419467,0.8604727746870551
temperature_45c,temperature-45c-v1,blast-lite-lfp-gr-250ah-prismatic-2019-v1,blast-lite-b093495-250ah-prismatic-v1,PHYSICS_REFERENCE,NEAR_BOUNDARY,8.833333333333334,2650.0,2426.946479409123,0.8596087012246931
temperature_45c,temperature-45c-v1,blast-lite-lfp-gr-250ah-prismatic-2019-v1,blast-lite-b093495-250ah-prismatic-v1,PHYSICS_REFERENCE,NEAR_BOUNDARY,8.916666666666666,2675.0,2448.4366969397406,0.8587477187398458
temperature_45c,temperature-45c-v1,blast-lite-lfp-gr-250ah-prismatic-2019-v1,blast-lite-b093495-250ah-prismatic-v1,PHYSICS_REFERENCE,NEAR_BOUNDARY,9.0,2700.0,2469.905389908237,0.8578897928503035
temperature_45c,temperature-45c-v1,blast-lite-lfp-gr-250ah-prismatic-2019-v1,blast-lite-b093495-250ah-prismatic-v1,PHYSICS_REFERENCE,NEAR_BOUNDARY,9.083333333333334,2725.0,2491.3526347294946,0.8570348898869978
temperature_45c,temperature-45c-v1,blast-lite-lfp-gr-250ah-prismatic-2019-v1,blast-lite-b093495-250ah-prismatic-v1,PHYSICS_REFERENCE,NEAR_BOUNDARY,9.166666666666666,2750.0,2512.7785069766696,0.8561829768725076
temperature_45c,temperature-45c-v1,blast-lite-lfp-gr-250ah-prismatic-2019-v1,blast-lite-b093495-250ah-prismatic-v1,PHYSICS_REFERENCE,NEAR_BOUNDARY,9.25,2775.0,2534.1830813984825,0.855334021500409
temperature_45c,temperature-45c-v1,blast-lite-lfp-gr-250ah-prismatic-2019-v1,blast-lite-b093495-250ah-prismatic-v1,PHYSICS_REFERENCE,NEAR_BOUNDARY,9.333333333333334,2800.0,2555.5664319359926,0.8544879921154261
temperature_45c,temperature-45c-v1,blast-lite-lfp-gr-250ah-prismatic-2019-v1,blast-lite-b093495-250ah-prismatic-v1,PHYSICS_REFERENCE,NEAR_BOUNDARY,9.416666666666666,2825.0,2576.9286317388783,0.8536448576943445
temperature_45c,temperature-45c-v1,blast-lite-lfp-gr-250ah-prismatic-2019-v1,blast-lite-b093495-250ah-prismatic-v1,PHYSICS_REFERENCE,NEAR_BOUNDARY,9.5,2850.0,2598.269753181237,0.8528045878276538
temperature_45c,temperature-45c-v1,blast-lite-lfp-gr-250ah-prismatic-2019-v1,blast-lite-b093495-250ah-prismatic-v1,PHYSICS_REFERENCE,NEAR_BOUNDARY,9.583333333333334,2875.0,2619.589867876928,0.8519671527018828
temperature_45c,temperature-45c-v1,blast-lite-lfp-gr-250ah-prismatic-2019-v1,blast-lite-b093495-250ah-prismatic-v1,PHYSICS_REFERENCE,NEAR_BOUNDARY,9.666666666666666,2900.0,2640.8890466944754,0.8511325230825962
temperature_45c,temperature-45c-v1,blast-lite-lfp-gr-250ah-prismatic-2019-v1,blast-lite-b093495-250ah-prismatic-v1,PHYSICS_REFERENCE,NEAR_BOUNDARY,9.75,2925.0,2662.1673597715403,0.8503006702980234
temperature_45c,temperature-45c-v1,blast-lite-lfp-gr-250ah-prismatic-2019-v1,blast-lite-b093495-250ah-prismatic-v1,PHYSICS_REFERENCE,NEAR_BOUNDARY,9.833333333333334,2950.0,2683.424876528991,0.8494715662232879
temperature_45c,temperature-45c-v1,blast-lite-lfp-gr-250ah-prismatic-2019-v1,blast-lite-b093495-250ah-prismatic-v1,PHYSICS_REFERENCE,NEAR_BOUNDARY,9.916666666666666,2975.0,2704.661665684573,0.8486451832652141
temperature_45c,temperature-45c-v1,blast-lite-lfp-gr-250ah-prismatic-2019-v1,blast-lite-b093495-250ah-prismatic-v1,PHYSICS_REFERENCE,NEAR_BOUNDARY,10.0,3000.0,2725.8777952662035,0.8478214943476822
temperature_45c,temperature-45c-v1,blast-lite-lfp-gr-250ah-prismatic-2019-v1,blast-lite-b093495-250ah-prismatic-v1,PHYSICS_REFERENCE,NEAR_BOUNDARY,10.083333333333334,3025.0,2747.0733326248956,0.8470004728975089
temperature_45c,temperature-45c-v1,blast-lite-lfp-gr-250ah-prismatic-2019-v1,blast-lite-b093495-250ah-prismatic-v1,PHYSICS_REFERENCE,NEAR_BOUNDARY,10.166666666666666,3050.0,2768.2483444473332,0.8461820928308299
temperature_45c,temperature-45c-v1,blast-lite-lfp-gr-250ah-prismatic-2019-v1,blast-lite-b093495-250ah-prismatic-v1,PHYSICS_REFERENCE,NEAR_BOUNDARY,10.25,3075.0,2789.402896768104,0.8453663285399633
temperature_45c,temperature-45c-v1,blast-lite-lfp-gr-250ah-prismatic-2019-v1,blast-lite-b093495-250ah-prismatic-v1,PHYSICS_REFERENCE,NEAR_BOUNDARY,10.333333333333334,3100.0,2810.537054981603,0.8445531548807318
temperature_45c,temperature-45c-v1,blast-lite-lfp-gr-250ah-prismatic-2019-v1,blast-lite-b093495-250ah-prismatic-v1,PHYSICS_REFERENCE,NEAR_BOUNDARY,10.416666666666666,3125.0,2831.650883853621,0.8437425471602243
temperature_45c,temperature-45c-v1,blast-lite-lfp-gr-250ah-prismatic-2019-v1,blast-lite-b093495-250ah-prismatic-v1,PHYSICS_REFERENCE,NEAR_BOUNDARY,10.5,3150.0,2852.7444475326265,0.8429344811249802
temperature_45c,temperature-45c-v1,blast-lite-lfp-gr-250ah-prismatic-2019-v1,blast-lite-b093495-250ah-prismatic-v1,PHYSICS_REFERENCE,NEAR_BOUNDARY,10.583333333333334,3175.0,2873.817809560751,0.8421289329495747
temperature_45c,temperature-45c-v1,blast-lite-lfp-gr-250ah-prismatic-2019-v1,blast-lite-b093495-250ah-prismatic-v1,PHYSICS_REFERENCE,NEAR_BOUNDARY,10.666666666666666,3200.0,2894.8710328844904,0.8413258792255928
temperature_45c,temperature-45c-v1,blast-lite-lfp-gr-250ah-prismatic-2019-v1,blast-lite-b093495-250ah-prismatic-v1,PHYSICS_REFERENCE,NEAR_BOUNDARY,10.75,3225.0,2915.90417986513,0.8405252969509722
temperature_45c,temperature-45c-v1,blast-lite-lfp-gr-250ah-prismatic-2019-v1,blast-lite-b093495-250ah-prismatic-v1,PHYSICS_REFERENCE,NEAR_BOUNDARY,10.833333333333334,3250.0,2936.917312288904,0.8397271635197012
temperature_45c,temperature-45c-v1,blast-lite-lfp-gr-250ah-prismatic-2019-v1,blast-lite-b093495-250ah-prismatic-v1,PHYSICS_REFERENCE,NEAR_BOUNDARY,10.916666666666666,3275.0,2957.9104913768965,0.8389314567118582
temperature_45c,temperature-45c-v1,blast-lite-lfp-gr-250ah-prismatic-2019-v1,blast-lite-b093495-250ah-prismatic-v1,PHYSICS_REFERENCE,NEAR_BOUNDARY,11.0,3300.0,2978.883777794693,0.8381381546839775
temperature_45c,temperature-45c-v1,blast-lite-lfp-gr-250ah-prismatic-2019-v1,blast-lite-b093495-250ah-prismatic-v1,PHYSICS_REFERENCE,NEAR_BOUNDARY,11.083333333333334,3325.0,2999.8372316617924,0.837347235959728
temperature_45c,temperature-45c-v1,blast-lite-lfp-gr-250ah-prismatic-2019-v1,blast-lite-b093495-250ah-prismatic-v1,PHYSICS_REFERENCE,NEAR_BOUNDARY,11.166666666666666,3350.0,3020.7709125607857,0.8365586794208946
temperature_45c,temperature-45c-v1,blast-lite-lfp-gr-250ah-prismatic-2019-v1,blast-lite-b093495-250ah-prismatic-v1,PHYSICS_REFERENCE,NEAR_BOUNDARY,11.25,3375.0,3041.684879546308,0.8357724642986465
temperature_45c,temperature-45c-v1,blast-lite-lfp-gr-250ah-prismatic-2019-v1,blast-lite-b093495-250ah-prismatic-v1,PHYSICS_REFERENCE,NEAR_BOUNDARY,11.333333333333334,3400.0,3062.579191153774,0.8349885701650859
temperature_45c,temperature-45c-v1,blast-lite-lfp-gr-250ah-prismatic-2019-v1,blast-lite-b093495-250ah-prismatic-v1,PHYSICS_REFERENCE,NEAR_BOUNDARY,11.416666666666666,3425.0,3083.453905407901,0.8342069769250613
temperature_45c,temperature-45c-v1,blast-lite-lfp-gr-250ah-prismatic-2019-v1,blast-lite-b093495-250ah-prismatic-v1,PHYSICS_REFERENCE,NEAR_BOUNDARY,11.5,3450.0,3104.3090798310277,0.8334276648082386
temperature_45c,temperature-45c-v1,blast-lite-lfp-gr-250ah-prismatic-2019-v1,blast-lite-b093495-250ah-prismatic-v1,PHYSICS_REFERENCE,NEAR_BOUNDARY,11.583333333333334,3475.0,3125.1447714512337,0.8326506143614186
temperature_45c,temperature-45c-v1,blast-lite-lfp-gr-250ah-prismatic-2019-v1,blast-lite-b093495-250ah-prismatic-v1,PHYSICS_REFERENCE,NEAR_BOUNDARY,11.666666666666666,3500.0,3145.961036810269,0.8318758064410919
temperature_45c,temperature-45c-v1,blast-lite-lfp-gr-250ah-prismatic-2019-v1,blast-lite-b093495-250ah-prismatic-v1,PHYSICS_REFERENCE,NEAR_BOUNDARY,11.75,3525.0,3166.7579319712963,0.8311032222062219
temperature_45c,temperature-45c-v1,blast-lite-lfp-gr-250ah-prismatic-2019-v1,blast-lite-b093495-250ah-prismatic-v1,PHYSICS_REFERENCE,NEAR_BOUNDARY,11.833333333333334,3550.0,3187.535512526452,0.8303328431112472
temperature_45c,temperature-45c-v1,blast-lite-lfp-gr-250ah-prismatic-2019-v1,blast-lite-b093495-250ah-prismatic-v1,PHYSICS_REFERENCE,NEAR_BOUNDARY,11.916666666666666,3575.0,3208.293833604233,0.8295646508992964
temperature_45c,temperature-45c-v1,blast-lite-lfp-gr-250ah-prismatic-2019-v1,blast-lite-b093495-250ah-prismatic-v1,PHYSICS_REFERENCE,NEAR_BOUNDARY,12.0,3600.0,3229.0329498767155,0.8287986275956055
temperature_45c,temperature-45c-v1,blast-lite-lfp-gr-250ah-prismatic-2019-v1,blast-lite-b093495-250ah-prismatic-v1,PHYSICS_REFERENCE,NEAR_BOUNDARY,12.083333333333334,3625.0,3249.7529155666057,0.8280347555011316
temperature_45c,temperature-45c-v1,blast-lite-lfp-gr-250ah-prismatic-2019-v1,blast-lite-b093495-250ah-prismatic-v1,PHYSICS_REFERENCE,NEAR_BOUNDARY,12.166666666666666,3650.0,3270.453784454134,0.8272730171863564
temperature_45c,temperature-45c-v1,blast-lite-lfp-gr-250ah-prismatic-2019-v1,blast-lite-b093495-250ah-prismatic-v1,PHYSICS_REFERENCE,NEAR_BOUNDARY,12.25,3675.0,3291.135609883793,0.8265133954852699
temperature_45c,temperature-45c-v1,blast-lite-lfp-gr-250ah-prismatic-2019-v1,blast-lite-b093495-250ah-prismatic-v1,PHYSICS_REFERENCE,NEAR_BOUNDARY,12.333333333333334,3700.0,3311.798444770925,0.8257558734895325
temperature_45c,temperature-45c-v1,blast-lite-lfp-gr-250ah-prismatic-2019-v1,blast-lite-b093495-250ah-prismatic-v1,PHYSICS_REFERENCE,NEAR_BOUNDARY,12.416666666666666,3725.0,3332.442341608163,0.8250004345428026
temperature_45c,temperature-45c-v1,blast-lite-lfp-gr-250ah-prismatic-2019-v1,blast-lite-b093495-250ah-prismatic-v1,PHYSICS_REFERENCE,NEAR_BOUNDARY,12.5,3750.0,3353.067352471733,0.8242470622352311
temperature_45c,temperature-45c-v1,blast-lite-lfp-gr-250ah-prismatic-2019-v1,blast-lite-b093495-250ah-prismatic-v1,PHYSICS_REFERENCE,NEAR_BOUNDARY,12.583333333333334,3775.0,3373.6735290276138,0.8234957403981102
temperature_45c,temperature-45c-v1,blast-lite-lfp-gr-250ah-prismatic-2019-v1,blast-lite-b093495-250ah-prismatic-v1,PHYSICS_REFERENCE,NEAR_BOUNDARY,12.666666666666666,3800.0,3394.2609225375663,0.8227464530986759
temperature_45c,temperature-45c-v1,blast-lite-lfp-gr-250ah-prismatic-2019-v1,blast-lite-b093495-250ah-prismatic-v1,PHYSICS_REFERENCE,NEAR_BOUNDARY,12.75,3825.0,3414.8295838650333,0.8219991846350565
temperature_45c,temperature-45c-v1,blast-lite-lfp-gr-250ah-prismatic-2019-v1,blast-lite-b093495-250ah-prismatic-v1,PHYSICS_REFERENCE,NEAR_BOUNDARY,12.833333333333334,3850.0,3435.37956348091,0.8212539195313631
temperature_45c,temperature-45c-v1,blast-lite-lfp-gr-250ah-prismatic-2019-v1,blast-lite-b093495-250ah-prismatic-v1,PHYSICS_REFERENCE,NEAR_BOUNDARY,12.916666666666666,3875.0,3455.9109114691937,0.820510642532915
temperature_45c,temperature-45c-v1,blast-lite-lfp-gr-250ah-prismatic-2019-v1,blast-lite-b093495-250ah-prismatic-v1,PHYSICS_REFERENCE,NEAR_BOUNDARY,13.0,3900.0,3476.4236775325166,0.8197693386015996
temperature_45c,temperature-45c-v1,blast-lite-lfp-gr-250ah-prismatic-2019-v1,blast-lite-b093495-250ah-prismatic-v1,PHYSICS_REFERENCE,NEAR_BOUNDARY,13.083333333333334,3925.0,3496.9179109975566,0.8190299929113576
temperature_45c,temperature-45c-v1,blast-lite-lfp-gr-250ah-prismatic-2019-v1,blast-lite-b093495-250ah-prismatic-v1,PHYSICS_REFERENCE,NEAR_BOUNDARY,13.166666666666666,3950.0,3517.3936608203408,0.8182925908437928
temperature_45c,temperature-45c-v1,blast-lite-lfp-gr-250ah-prismatic-2019-v1,blast-lite-b093495-250ah-prismatic-v1,PHYSICS_REFERENCE,NEAR_BOUNDARY,13.25,3975.0,3537.8509755914356,0.8175571179838994
temperature_45c,temperature-45c-v1,blast-lite-lfp-gr-250ah-prismatic-2019-v1,blast-lite-b093495-250ah-prismatic-v1,PHYSICS_REFERENCE,NEAR_BOUNDARY,13.333333333333334,4000.0,3558.2899035410333,0.8168235601159061
temperature_45c,temperature-45c-v1,blast-lite-lfp-gr-250ah-prismatic-2019-v1,blast-lite-b093495-250ah-prismatic-v1,PHYSICS_REFERENCE,NEAR_BOUNDARY,13.416666666666666,4025.0,3578.7104925439307,0.8160919032192301
temperature_45c,temperature-45c-v1,blast-lite-lfp-gr-250ah-prismatic-2019-v1,blast-lite-b093495-250ah-prismatic-v1,PHYSICS_REFERENCE,NEAR_BOUNDARY,13.5,4050.0,3599.1127901244113,0.8153621334645393
temperature_45c,temperature-45c-v1,blast-lite-lfp-gr-250ah-prismatic-2019-v1,blast-lite-b093495-250ah-prismatic-v1,PHYSICS_REFERENCE,NEAR_BOUNDARY,13.583333333333334,4075.0,3619.4968434610246,0.8146342372099182
temperature_45c,temperature-45c-v1,blast-lite-lfp-gr-250ah-prismatic-2019-v1,blast-lite-b093495-250ah-prismatic-v1,PHYSICS_REFERENCE,NEAR_BOUNDARY,13.666666666666666,4100.0,3639.8626993912726,0.813908200997135
temperature_45c,temperature-45c-v1,blast-lite-lfp-gr-250ah-prismatic-2019-v1,blast-lite-b093495-250ah-prismatic-v1,PHYSICS_REFERENCE,NEAR_BOUNDARY,13.75,4125.0,3660.210404416201,0.8131840115480053
temperature_45c,temperature-45c-v1,blast-lite-lfp-gr-250ah-prismatic-2019-v1,blast-lite-b093495-250ah-prismatic-v1,PHYSICS_REFERENCE,NEAR_BOUNDARY,13.833333333333334,4150.0,3680.540004704901,0.8124616557608509
temperature_45c,temperature-45c-v1,blast-lite-lfp-gr-250ah-prismatic-2019-v1,blast-lite-b093495-250ah-prismatic-v1,PHYSICS_REFERENCE,NEAR_BOUNDARY,13.916666666666666,4175.0,3700.8515460989224,0.8117411207070497
temperature_45c,temperature-45c-v1,blast-lite-lfp-gr-250ah-prismatic-2019-v1,blast-lite-b093495-250ah-prismatic-v1,PHYSICS_REFERENCE,NEAR_BOUNDARY,14.0,4200.0,3721.1450741165986,0.8110223936276731
temperature_45c,temperature-45c-v1,blast-lite-lfp-gr-250ah-prismatic-2019-v1,blast-lite-b093495-250ah-prismatic-v1,PHYSICS_REFERENCE,NEAR_BOUNDARY,14.083333333333334,4225.0,3741.4206339572906,0.8103054619302106
temperature_45c,temperature-45c-v1,blast-lite-lfp-gr-250ah-prismatic-2019-v1,blast-lite-b093495-250ah-prismatic-v1,PHYSICS_REFERENCE,NEAR_BOUNDARY,14.166666666666666,4250.0,3761.6782705055457,0.8095903131853757
temperature_45c,temperature-45c-v1,blast-lite-lfp-gr-250ah-prismatic-2019-v1,blast-lite-b093495-250ah-prismatic-v1,PHYSICS_REFERENCE,NEAR_BOUNDARY,14.25,4275.0,3781.91802833518,0.8088769351239931
temperature_45c,temperature-45c-v1,blast-lite-lfp-gr-250ah-prismatic-2019-v1,blast-lite-b093495-250ah-prismatic-v1,PHYSICS_REFERENCE,NEAR_BOUNDARY,14.333333333333334,4300.0,3802.13995171328,0.8081653156339635
temperature_45c,temperature-45c-v1,blast-lite-lfp-gr-250ah-prismatic-2019-v1,blast-lite-b093495-250ah-prismatic-v1,PHYSICS_REFERENCE,NEAR_BOUNDARY,14.416666666666666,4325.0,3822.344084604129,0.8074554427573042
temperature_45c,temperature-45c-v1,blast-lite-lfp-gr-250ah-prismatic-2019-v1,blast-lite-b093495-250ah-prismatic-v1,PHYSICS_REFERENCE,NEAR_BOUNDARY,14.5,4350.0,3842.5304706730617,0.8067473046872617
temperature_45c,temperature-45c-v1,blast-lite-lfp-gr-250ah-prismatic-2019-v1,blast-lite-b093495-250ah-prismatic-v1,PHYSICS_REFERENCE,NEAR_BOUNDARY,14.583333333333334,4375.0,3862.6991532902434,0.8060408897654965
temperature_45c,temperature-45c-v1,blast-lite-lfp-gr-250ah-prismatic-2019-v1,blast-lite-b093495-250ah-prismatic-v1,PHYSICS_REFERENCE,NEAR_BOUNDARY,14.666666666666666,4400.0,3882.850175534381,0.8053361864793359
temperature_45c,temperature-45c-v1,blast-lite-lfp-gr-250ah-prismatic-2019-v1,blast-lite-b093495-250ah-prismatic-v1,PHYSICS_REFERENCE,NEAR_BOUNDARY,14.75,4425.0,3902.9835801963645,0.8046331834590942
temperature_45c,temperature-45c-v1,blast-lite-lfp-gr-250ah-prismatic-2019-v1,blast-lite-b093495-250ah-prismatic-v1,PHYSICS_REFERENCE,NEAR_BOUNDARY,14.833333333333334,4450.0,3923.099409782842,0.8039318694754563
temperature_45c,temperature-45c-v1,blast-lite-lfp-gr-250ah-prismatic-2019-v1,blast-lite-b093495-250ah-prismatic-v1,PHYSICS_REFERENCE,NEAR_BOUNDARY,14.916666666666666,4475.0,3943.1977065197284,0.8032322334369256
temperature_45c,temperature-45c-v1,blast-lite-lfp-gr-250ah-prismatic-2019-v1,blast-lite-b093495-250ah-prismatic-v1,PHYSICS_REFERENCE,NEAR_BOUNDARY,15.0,4500.0,3963.2785123556514,0.8025342643873316
temperature_45c,temperature-45c-v1,blast-lite-lfp-gr-250ah-prismatic-2019-v1,blast-lite-b093495-250ah-prismatic-v1,PHYSICS_REFERENCE,NEAR_BOUNDARY,15.083333333333334,4525.0,3983.3418689653345,0.8018379515033977
temperature_45c,temperature-45c-v1,blast-lite-lfp-gr-250ah-prismatic-2019-v1,blast-lite-b093495-250ah-prismatic-v1,PHYSICS_REFERENCE,NEAR_BOUNDARY,15.166666666666666,4550.0,4003.3878177529195,0.8011432840923652
temperature_45c,temperature-45c-v1,blast-lite-lfp-gr-250ah-prismatic-2019-v1,blast-lite-b093495-250ah-prismatic-v1,PHYSICS_REFERENCE,NEAR_BOUNDARY,15.25,4575.0,4023.4163998552285,0.8004502515896748
temperature_45c,temperature-45c-v1,blast-lite-lfp-gr-250ah-prismatic-2019-v1,blast-lite-b093495-250ah-prismatic-v1,PHYSICS_REFERENCE,NEAR_BOUNDARY,15.333333333333334,4600.0,4043.4276561449706,0.7997588435566992
temperature_45c,temperature-45c-v1,blast-lite-lfp-gr-250ah-prismatic-2019-v1,blast-lite-b093495-250ah-prismatic-v1,PHYSICS_REFERENCE,NEAR_BOUNDARY,15.416666666666666,4625.0,4063.421627233888,0.7990690496785321
temperature_45c,temperature-45c-v1,blast-lite-lfp-gr-250ah-prismatic-2019-v1,blast-lite-b093495-250ah-prismatic-v1,PHYSICS_REFERENCE,NEAR_BOUNDARY,15.5,4650.0,4083.3983534758513,0.7983808597618252
temperature_45c,temperature-45c-v1,blast-lite-lfp-gr-250ah-prismatic-2019-v1,blast-lite-b093495-250ah-prismatic-v1,PHYSICS_REFERENCE,NEAR_BOUNDARY,15.583333333333334,4675.0,4103.357874969897,0.7976942637326759
temperature_45c,temperature-45c-v1,blast-lite-lfp-gr-250ah-prismatic-2019-v1,blast-lite-b093495-250ah-prismatic-v1,PHYSICS_REFERENCE,NEAR_BOUNDARY,15.666666666666666,4700.0,4123.300231563214,0.7970092516345642
temperature_45c,temperature-45c-v1,blast-lite-lfp-gr-250ah-prismatic-2019-v1,blast-lite-b093495-250ah-prismatic-v1,PHYSICS_REFERENCE,NEAR_BOUNDARY,15.75,4725.0,4143.225462854078,0.7963258136263341
temperature_45c,temperature-45c-v1,blast-lite-lfp-gr-250ah-prismatic-2019-v1,blast-lite-b093495-250ah-prismatic-v1,PHYSICS_REFERENCE,NEAR_BOUNDARY,15.833333333333334,4750.0,4163.133608194736,0.7956439399802229
temperature_45c,temperature-45c-v1,blast-lite-lfp-gr-250ah-prismatic-2019-v1,blast-lite-b093495-250ah-prismatic-v1,PHYSICS_REFERENCE,NEAR_BOUNDARY,15.916666666666666,4775.0,4183.024706694241,0.7949636210799335
temperature_45c,temperature-45c-v1,blast-lite-lfp-gr-250ah-prismatic-2019-v1,blast-lite-b093495-250ah-prismatic-v1,PHYSICS_REFERENCE,NEAR_BOUNDARY,16.0,4800.0,4202.89879722124,0.7942848474187498
temperature_45c,temperature-45c-v1,blast-lite-lfp-gr-250ah-prismatic-2019-v1,blast-lite-b093495-250ah-prismatic-v1,PHYSICS_REFERENCE,NEAR_BOUNDARY,16.083333333333332,4825.0,4222.755918406709,0.7936076095976944
temperature_45c,temperature-45c-v1,blast-lite-lfp-gr-250ah-prismatic-2019-v1,blast-lite-b093495-250ah-prismatic-v1,PHYSICS_REFERENCE,NEAR_BOUNDARY,16.166666666666668,4850.0,4242.596108646651,0.7929318983237268
temperature_45c,temperature-45c-v1,blast-lite-lfp-gr-250ah-prismatic-2019-v1,blast-lite-b093495-250ah-prismatic-v1,PHYSICS_REFERENCE,NEAR_BOUNDARY,16.25,4875.0,4262.419406104745,0.7922577044079812
temperature_45c,temperature-45c-v1,blast-lite-lfp-gr-250ah-prismatic-2019-v1,blast-lite-b093495-250ah-prismatic-v1,PHYSICS_REFERENCE,NEAR_BOUNDARY,16.333333333333332,4900.0,4282.225848714944,0.7915850187640423
temperature_45c,temperature-45c-v1,blast-lite-lfp-gr-250ah-prismatic-2019-v1,blast-lite-b093495-250ah-prismatic-v1,PHYSICS_REFERENCE,NEAR_BOUNDARY,16.416666666666668,4925.0,4302.015474184045,0.79091383240626
temperature_45c,temperature-45c-v1,blast-lite-lfp-gr-250ah-prismatic-2019-v1,blast-lite-b093495-250ah-prismatic-v1,PHYSICS_REFERENCE,NEAR_BOUNDARY,16.5,4950.0,4321.788319994202,0.790244136448099
temperature_45c,temperature-45c-v1,blast-lite-lfp-gr-250ah-prismatic-2019-v1,blast-lite-b093495-250ah-prismatic-v1,PHYSICS_REFERENCE,NEAR_BOUNDARY,16.583333333333332,4975.0,4341.544423405404,0.7895759221005247
temperature_45c,temperature-45c-v1,blast-lite-lfp-gr-250ah-prismatic-2019-v1,blast-lite-b093495-250ah-prismatic-v1,PHYSICS_REFERENCE,NEAR_BOUNDARY,16.666666666666668,5000.0,4361.283821457917,0.7889091806704241
temperature_45c,temperature-45c-v1,blast-lite-lfp-gr-250ah-prismatic-2019-v1,blast-lite-b093495-250ah-prismatic-v1,PHYSICS_REFERENCE,NEAR_BOUNDARY,16.75,5025.0,4381.006550974677,0.7882439035590589
temperature_45c,temperature-45c-v1,blast-lite-lfp-gr-250ah-prismatic-2019-v1,blast-lite-b093495-250ah-prismatic-v1,PHYSICS_REFERENCE,NEAR_BOUNDARY,16.833333333333332,5050.0,4400.712648563654,0.787580082260553
temperature_45c,temperature-45c-v1,blast-lite-lfp-gr-250ah-prismatic-2019-v1,blast-lite-b093495-250ah-prismatic-v1,PHYSICS_REFERENCE,NEAR_BOUNDARY,16.916666666666668,5075.0,4420.402150620167,0.7869177083604109
temperature_45c,temperature-45c-v1,blast-lite-lfp-gr-250ah-prismatic-2019-v1,blast-lite-b093495-250ah-prismatic-v1,PHYSICS_REFERENCE,NEAR_BOUNDARY,17.0,5100.0,4440.075093329177,0.7862567735340672
temperature_45c,temperature-45c-v1,blast-lite-lfp-gr-250ah-prismatic-2019-v1,blast-lite-b093495-250ah-prismatic-v1,PHYSICS_REFERENCE,NEAR_BOUNDARY,17.083333333333332,5125.0,4459.731512667529,0.7855972695454677
temperature_45c,temperature-45c-v1,blast-lite-lfp-gr-250ah-prismatic-2019-v1,blast-lite-b093495-250ah-prismatic-v1,PHYSICS_REFERENCE,NEAR_BOUNDARY,17.166666666666668,5150.0,4479.371444406166,0.784939188245678
temperature_45c,temperature-45c-v1,blast-lite-lfp-gr-250ah-prismatic-2019-v1,blast-lite-b093495-250ah-prismatic-v1,PHYSICS_REFERENCE,NEAR_BOUNDARY,17.25,5175.0,4498.994924112308,0.7842825215715212
temperature_45c,temperature-45c-v1,blast-lite-lfp-gr-250ah-prismatic-2019-v1,blast-lite-b093495-250ah-prismatic-v1,PHYSICS_REFERENCE,NEAR_BOUNDARY,17.333333333333332,5200.0,4518.6019871515955,0.7836272615442461
temperature_45c,temperature-45c-v1,blast-lite-lfp-gr-250ah-prismatic-2019-v1,blast-lite-b093495-250ah-prismatic-v1,PHYSICS_REFERENCE,NEAR_BOUNDARY,17.416666666666668,5225.0,4538.192668690202,0.782973400268219
temperature_45c,temperature-45c-v1,blast-lite-lfp-gr-250ah-prismatic-2019-v1,blast-lite-b093495-250ah-prismatic-v1,PHYSICS_REFERENCE,NEAR_BOUNDARY,17.5,5250.0,4557.767003696907,0.7823209299296449
temperature_45c,temperature-45c-v1,blast-lite-lfp-gr-250ah-prismatic-2019-v1,blast-lite-b093495-250ah-prismatic-v1,PHYSICS_REFERENCE,NEAR_BOUNDARY,17.583333333333332,5275.0,4577.325026945147,0.781669842795313
temperature_45c,temperature-45c-v1,blast-lite-lfp-gr-250ah-prismatic-2019-v1,blast-lite-b093495-250ah-prismatic-v1,PHYSICS_REFERENCE,NEAR_BOUNDARY,17.666666666666668,5300.0,4596.86677301503,0.7810201312113687
temperature_45c,temperature-45c-v1,blast-lite-lfp-gr-250ah-prismatic-2019-v1,blast-lite-b093495-250ah-prismatic-v1,PHYSICS_REFERENCE,NEAR_BOUNDARY,17.75,5325.0,4616.392276295314,0.7803717876021093
temperature_45c,temperature-45c-v1,blast-lite-lfp-gr-250ah-prismatic-2019-v1,blast-lite-b093495-250ah-prismatic-v1,PHYSICS_REFERENCE,NEAR_BOUNDARY,17.833333333333332,5350.0,4635.9015709853675,0.7797248044688042
temperature_45c,temperature-45c-v1,blast-lite-lfp-gr-250ah-prismatic-2019-v1,blast-lite-b093495-250ah-prismatic-v1,PHYSICS_REFERENCE,NEAR_BOUNDARY,17.916666666666668,5375.0,4655.394691097087,0.7790791743885381
temperature_45c,temperature-45c-v1,blast-lite-lfp-gr-250ah-prismatic-2019-v1,blast-lite-b093495-250ah-prismatic-v1,PHYSICS_REFERENCE,NEAR_BOUNDARY,18.0,5400.0,4674.8716704568005,0.7784348900130785
temperature_45c,temperature-45c-v1,blast-lite-lfp-gr-250ah-prismatic-2019-v1,blast-lite-b093495-250ah-prismatic-v1,PHYSICS_REFERENCE,NEAR_BOUNDARY,18.083333333333332,5425.0,4694.332542707128,0.7777919440677633
temperature_45c,temperature-45c-v1,blast-lite-lfp-gr-250ah-prismatic-2019-v1,blast-lite-b093495-250ah-prismatic-v1,PHYSICS_REFERENCE,NEAR_BOUNDARY,18.166666666666668,5450.0,4713.777341308822,0.777150329350412
temperature_45c,temperature-45c-v1,blast-lite-lfp-gr-250ah-prismatic-2019-v1,blast-lite-b093495-250ah-prismatic-v1,PHYSICS_REFERENCE,NEAR_BOUNDARY,18.25,5475.0,4733.206099542582,0.7765100387302573
temperature_45c,temperature-45c-v1,blast-lite-lfp-gr-250ah-prismatic-2019-v1,blast-lite-b093495-250ah-prismatic-v1,PHYSICS_REFERENCE,NEAR_BOUNDARY,18.333333333333332,5500.0,4752.6188505108385,0.7758710651468975
temperature_45c,temperature-45c-v1,blast-lite-lfp-gr-250ah-prismatic-2019-v1,blast-lite-b093495-250ah-prismatic-v1,PHYSICS_REFERENCE,NEAR_BOUNDARY,18.416666666666668,5525.0,4772.015627139511,0.7752334016092698
temperature_45c,temperature-45c-v1,blast-lite-lfp-gr-250ah-prismatic-2019-v1,blast-lite-b093495-250ah-prismatic-v1,PHYSICS_REFERENCE,NEAR_BOUNDARY,18.5,5550.0,4791.396462179742,0.7745970411946422
temperature_45c,temperature-45c-v1,blast-lite-lfp-gr-250ah-prismatic-2019-v1,blast-lite-b093495-250ah-prismatic-v1,PHYSICS_REFERENCE,NEAR_BOUNDARY,18.583333333333332,5575.0,4810.761388209608,0.7739619770476256
temperature_45c,temperature-45c-v1,blast-lite-lfp-gr-250ah-prismatic-2019-v1,blast-lite-b093495-250ah-prismatic-v1,PHYSICS_REFERENCE,NEAR_BOUNDARY,18.666666666666668,5600.0,4830.110437635799,0.7733282023792043
temperature_45c,temperature-45c-v1,blast-lite-lfp-gr-250ah-prismatic-2019-v1,blast-lite-b093495-250ah-prismatic-v1,PHYSICS_REFERENCE,NEAR_BOUNDARY,18.75,5625.0,4849.443642695279,0.7726957104657854
temperature_45c,temperature-45c-v1,blast-lite-lfp-gr-250ah-prismatic-2019-v1,blast-lite-b093495-250ah-prismatic-v1,PHYSICS_REFERENCE,NEAR_BOUNDARY,18.833333333333332,5650.0,4868.761035456923,0.7720644946482653
temperature_45c,temperature-45c-v1,blast-lite-lfp-gr-250ah-prismatic-2019-v1,blast-lite-b093495-250ah-prismatic-v1,PHYSICS_REFERENCE,NEAR_BOUNDARY,18.916666666666668,5675.0,4888.06264782313,0.7714345483311144
temperature_45c,temperature-45c-v1,blast-lite-lfp-gr-250ah-prismatic-2019-v1,blast-lite-b093495-250ah-prismatic-v1,PHYSICS_REFERENCE,NEAR_BOUNDARY,19.0,5700.0,4907.348511531408,0.770805864981479
temperature_45c,temperature-45c-v1,blast-lite-lfp-gr-250ah-prismatic-2019-v1,blast-lite-b093495-250ah-prismatic-v1,PHYSICS_REFERENCE,NEAR_BOUNDARY,19.083333333333332,5725.0,4926.618658155945,0.7701784381282993
temperature_45c,temperature-45c-v1,blast-lite-lfp-gr-250ah-prismatic-2019-v1,blast-lite-b093495-250ah-prismatic-v1,PHYSICS_REFERENCE,NEAR_BOUNDARY,19.166666666666668,5750.0,4945.873119109153,0.7695522613614445
temperature_45c,temperature-45c-v1,blast-lite-lfp-gr-250ah-prismatic-2019-v1,blast-lite-b093495-250ah-prismatic-v1,PHYSICS_REFERENCE,NEAR_BOUNDARY,19.25,5775.0,4965.111925643189,0.7689273283308633
temperature_45c,temperature-45c-v1,blast-lite-lfp-gr-250ah-prismatic-2019-v1,blast-lite-b093495-250ah-prismatic-v1,PHYSICS_REFERENCE,NEAR_BOUNDARY,19.333333333333332,5800.0,4984.335108851461,0.7683036327457502
temperature_45c,temperature-45c-v1,blast-lite-lfp-gr-250ah-prismatic-2019-v1,blast-lite-b093495-250ah-prismatic-v1,PHYSICS_REFERENCE,NEAR_BOUNDARY,19.416666666666668,5825.0,5003.542699670104,0.767681168373727
temperature_45c,temperature-45c-v1,blast-lite-lfp-gr-250ah-prismatic-2019-v1,blast-lite-b093495-250ah-prismatic-v1,PHYSICS_REFERENCE,NEAR_BOUNDARY,19.5,5850.0,5022.734728879447,0.7670599290400398
temperature_45c,temperature-45c-v1,blast-lite-lfp-gr-250ah-prismatic-2019-v1,blast-lite-b093495-250ah-prismatic-v1,PHYSICS_REFERENCE,NEAR_BOUNDARY,19.583333333333332,5875.0,5041.911227105448,0.766439908626769
temperature_45c,temperature-45c-v1,blast-lite-lfp-gr-250ah-prismatic-2019-v1,blast-lite-b093495-250ah-prismatic-v1,PHYSICS_REFERENCE,NEAR_BOUNDARY,19.666666666666668,5900.0,5061.072224821118,0.765821101072056
temperature_45c,temperature-45c-v1,blast-lite-lfp-gr-250ah-prismatic-2019-v1,blast-lite-b093495-250ah-prismatic-v1,PHYSICS_REFERENCE,NEAR_BOUNDARY,19.75,5925.0,5080.2177523479195,0.7652035003693411
temperature_45c,temperature-45c-v1,blast-lite-lfp-gr-250ah-prismatic-2019-v1,blast-lite-b093495-250ah-prismatic-v1,PHYSICS_REFERENCE,NEAR_BOUNDARY,19.833333333333332,5950.0,5099.347839857153,0.7645871005666174
temperature_45c,temperature-45c-v1,blast-lite-lfp-gr-250ah-prismatic-2019-v1,blast-lite-b093495-250ah-prismatic-v1,PHYSICS_REFERENCE,NEAR_BOUNDARY,19.916666666666668,5975.0,5118.462517371318,0.7639718957656962
temperature_45c,temperature-45c-v1,blast-lite-lfp-gr-250ah-prismatic-2019-v1,blast-lite-b093495-250ah-prismatic-v1,PHYSICS_REFERENCE,NEAR_BOUNDARY,20.0,6000.0,5137.56181476546,0.7633578801214866
temperature_45c,temperature-45c-v1,blast-lite-lfp-gr-250ah-prismatic-2019-v1,blast-lite-b093495-250ah-prismatic-v1,PHYSICS_REFERENCE,NEAR_BOUNDARY,20.083333333333332,6025.0,5156.645761768497,0.7627450478412874
temperature_45c,temperature-45c-v1,blast-lite-lfp-gr-250ah-prismatic-2019-v1,blast-lite-b093495-250ah-prismatic-v1,PHYSICS_REFERENCE,NEAR_BOUNDARY,20.166666666666668,6050.0,5175.714387964529,0.7621333931840913
temperature_45c,temperature-45c-v1,blast-lite-lfp-gr-250ah-prismatic-2019-v1,blast-lite-b093495-250ah-prismatic-v1,PHYSICS_REFERENCE,NEAR_BOUNDARY,20.25,6075.0,5194.767722794131,0.7615229104599018
temperature_45c,temperature-45c-v1,blast-lite-lfp-gr-250ah-prismatic-2019-v1,blast-lite-b093495-250ah-prismatic-v1,PHYSICS_REFERENCE,NEAR_BOUNDARY,20.333333333333332,6100.0,5213.805795555629,0.7609135940290612
temperature_45c,temperature-45c-v1,blast-lite-lfp-gr-250ah-prismatic-2019-v1,blast-lite-b093495-250ah-prismatic-v1,PHYSICS_REFERENCE,NEAR_BOUNDARY,20.416666666666668,6125.0,5232.828635406355,0.7603054383015916
temperature_45c,temperature-45c-v1,blast-lite-lfp-gr-250ah-prismatic-2019-v1,blast-lite-b093495-250ah-prismatic-v1,PHYSICS_REFERENCE,NEAR_BOUNDARY,20.5,6150.0,5251.836271363894,0.759698437736545
temperature_45c,temperature-45c-v1,blast-lite-lfp-gr-250ah-prismatic-2019-v1,blast-lite-b093495-250ah-prismatic-v1,PHYSICS_REFERENCE,NEAR_BOUNDARY,20.583333333333332,6175.0,5270.828732307308,0.759092586841368
temperature_45c,temperature-45c-v1,blast-lite-lfp-gr-250ah-prismatic-2019-v1,blast-lite-b093495-250ah-prismatic-v1,PHYSICS_REFERENCE,NEAR_BOUNDARY,20.666666666666668,6200.0,5289.806046978342,0.7584878801712741
temperature_45c,temperature-45c-v1,blast-lite-lfp-gr-250ah-prismatic-2019-v1,blast-lite-b093495-250ah-prismatic-v1,PHYSICS_REFERENCE,NEAR_BOUNDARY,20.75,6225.0,5308.768243982624,0.7578843123286284
temperature_45c,temperature-45c-v1,blast-lite-lfp-gr-250ah-prismatic-2019-v1,blast-lite-b093495-250ah-prismatic-v1,PHYSICS_REFERENCE,NEAR_BOUNDARY,20.833333333333332,6250.0,5327.71535179084,0.7572818779623427
temperature_45c,temperature-45c-v1,blast-lite-lfp-gr-250ah-prismatic-2019-v1,blast-lite-b093495-250ah-prismatic-v1,PHYSICS_REFERENCE,NEAR_BOUNDARY,20.916666666666668,6275.0,5346.647398739899,0.7566805717672804
temperature_45c,temperature-45c-v1,blast-lite-lfp-gr-250ah-prismatic-2019-v1,blast-lite-b093495-250ah-prismatic-v1,PHYSICS_REFERENCE,NEAR_BOUNDARY,21.0,6300.0,5365.564413034081,0.7560803884836718
temperature_45c,temperature-45c-v1,blast-lite-lfp-gr-250ah-prismatic-2019-v1,blast-lite-b093495-250ah-prismatic-v1,PHYSICS_REFERENCE,NEAR_BOUNDARY,21.083333333333332,6325.0,5384.466422746173,0.755481322896539
temperature_45c,temperature-45c-v1,blast-lite-lfp-gr-250ah-prismatic-2019-v1,blast-lite-b093495-250ah-prismatic-v1,PHYSICS_REFERENCE,NEAR_BOUNDARY,21.166666666666668,6350.0,5403.353455818586,0.7548833698351305
temperature_45c,temperature-45c-v1,blast-lite-lfp-gr-250ah-prismatic-2019-v1,blast-lite-b093495-250ah-prismatic-v1,PHYSICS_REFERENCE,NEAR_BOUNDARY,21.25,6375.0,5422.2255400644635,0.7542865241723654
temperature_45c,temperature-45c-v1,blast-lite-lfp-gr-250ah-prismatic-2019-v1,blast-lite-b093495-250ah-prismatic-v1,PHYSICS_REFERENCE,NEAR_BOUNDARY,21.333333333333332,6400.0,5441.082703168772,0.7536907808242864
temperature_45c,temperature-45c-v1,blast-lite-lfp-gr-250ah-prismatic-2019-v1,blast-lite-b093495-250ah-prismatic-v1,PHYSICS_REFERENCE,NEAR_BOUNDARY,21.416666666666668,6425.0,5459.9249726893795,0.7530961347495225
temperature_45c,temperature-45c-v1,blast-lite-lfp-gr-250ah-prismatic-2019-v1,blast-lite-b093495-250ah-prismatic-v1,PHYSICS_REFERENCE,NEAR_BOUNDARY,21.5,6450.0,5478.752376058118,0.7525025809487597
temperature_45c,temperature-45c-v1,blast-lite-lfp-gr-250ah-prismatic-2019-v1,blast-lite-b093495-250ah-prismatic-v1,PHYSICS_REFERENCE,NEAR_BOUNDARY,21.583333333333332,6475.0,5497.564940581837,0.7519101144642213
temperature_45c,temperature-45c-v1,blast-lite-lfp-gr-250ah-prismatic-2019-v1,blast-lite-b093495-250ah-prismatic-v1,PHYSICS_REFERENCE,NEAR_BOUNDARY,21.666666666666668,6500.0,5516.362693443442,0.7513187303791558
temperature_45c,temperature-45c-v1,blast-lite-lfp-gr-250ah-prismatic-2019-v1,blast-lite-b093495-250ah-prismatic-v1,PHYSICS_REFERENCE,NEAR_BOUNDARY,21.75,6525.0,5535.145661702922,0.7507284238173338
temperature_45c,temperature-45c-v1,blast-lite-lfp-gr-250ah-prismatic-2019-v1,blast-lite-b093495-250ah-prismatic-v1,PHYSICS_REFERENCE,NEAR_BOUNDARY,21.833333333333332,6550.0,5553.913872298355,0.7501391899425535
temperature_45c,temperature-45c-v1,blast-lite-lfp-gr-250ah-prismatic-2019-v1,blast-lite-b093495-250ah-prismatic-v1,PHYSICS_REFERENCE,NEAR_BOUNDARY,21.916666666666668,6575.0,5572.667352046919,0.7495510239581521
temperature_45c,temperature-45c-v1,blast-lite-lfp-gr-250ah-prismatic-2019-v1,blast-lite-b093495-250ah-prismatic-v1,PHYSICS_REFERENCE,NEAR_BOUNDARY,22.0,6600.0,5591.406127645873,0.7489639211065274
temperature_45c,temperature-45c-v1,blast-lite-lfp-gr-250ah-prismatic-2019-v1,blast-lite-b093495-250ah-prismatic-v1,PHYSICS_REFERENCE,NEAR_BOUNDARY,22.083333333333332,6625.0,5610.130225673536,0.7483778766686664
temperature_45c,temperature-45c-v1,blast-lite-lfp-gr-250ah-prismatic-2019-v1,blast-lite-b093495-250ah-prismatic-v1,PHYSICS_REFERENCE,NEAR_BOUNDARY,22.166666666666668,6650.0,5628.839672590253,0.7477928859636803
temperature_45c,temperature-45c-v1,blast-lite-lfp-gr-250ah-prismatic-2019-v1,blast-lite-b093495-250ah-prismatic-v1,PHYSICS_REFERENCE,NEAR_BOUNDARY,22.25,6675.0,5647.534494739345,0.7472089443483486
temperature_45c,temperature-45c-v1,blast-lite-lfp-gr-250ah-prismatic-2019-v1,blast-lite-b093495-250ah-prismatic-v1,PHYSICS_REFERENCE,NEAR_BOUNDARY,22.333333333333332,6700.0,5666.214718348054,0.7466260472166688
temperature_45c,temperature-45c-v1,blast-lite-lfp-gr-250ah-prismatic-2019-v1,blast-lite-b093495-250ah-prismatic-v1,PHYSICS_REFERENCE,NEAR_BOUNDARY,22.416666666666668,6725.0,5684.8803695284705,0.7460441899994149
temperature_45c,temperature-45c-v1,blast-lite-lfp-gr-250ah-prismatic-2019-v1,blast-lite-b093495-250ah-prismatic-v1,PHYSICS_REFERENCE,NEAR_BOUNDARY,22.5,6750.0,5703.531474278456,0.7454633681637008
temperature_45c,temperature-45c-v1,blast-lite-lfp-gr-250ah-prismatic-2019-v1,blast-lite-b093495-250ah-prismatic-v1,PHYSICS_REFERENCE,NEAR_BOUNDARY,22.583333333333332,6775.0,5722.168058482548,0.7448835772125532
temperature_45c,temperature-45c-v1,blast-lite-lfp-gr-250ah-prismatic-2019-v1,blast-lite-b093495-250ah-prismatic-v1,PHYSICS_REFERENCE,NEAR_BOUNDARY,22.666666666666668,6800.0,5740.790147912862,0.7443048126844876
temperature_45c,temperature-45c-v1,blast-lite-lfp-gr-250ah-prismatic-2019-v1,blast-lite-b093495-250ah-prismatic-v1,PHYSICS_REFERENCE,NEAR_BOUNDARY,22.75,6825.0,5759.397768229975,0.7437270701530946
temperature_45c,temperature-45c-v1,blast-lite-lfp-gr-250ah-prismatic-2019-v1,blast-lite-b093495-250ah-prismatic-v1,PHYSICS_REFERENCE,NEAR_BOUNDARY,22.833333333333332,6850.0,5777.990944983802,0.7431503452266306
temperature_45c,temperature-45c-v1,blast-lite-lfp-gr-250ah-prismatic-2019-v1,blast-lite-b093495-250ah-prismatic-v1,PHYSICS_REFERENCE,NEAR_BOUNDARY,22.916666666666668,6875.0,5796.569703614468,0.7425746335476141
temperature_45c,temperature-45c-v1,blast-lite-lfp-gr-250ah-prismatic-2019-v1,blast-lite-b093495-250ah-prismatic-v1,PHYSICS_REFERENCE,NEAR_BOUNDARY,23.0,6900.0,5815.134069453159,0.7419999307924308
temperature_45c,temperature-45c-v1,blast-lite-lfp-gr-250ah-prismatic-2019-v1,blast-lite-b093495-250ah-prismatic-v1,PHYSICS_REFERENCE,NEAR_BOUNDARY,23.083333333333332,6925.0,5833.68406772297,0.7414262326709418
temperature_45c,temperature-45c-v1,blast-lite-lfp-gr-250ah-prismatic-2019-v1,blast-lite-b093495-250ah-prismatic-v1,PHYSICS_REFERENCE,NEAR_BOUNDARY,23.166666666666668,6950.0,5852.219723539743,0.7408535349260998
temperature_45c,temperature-45c-v1,blast-lite-lfp-gr-250ah-prismatic-2019-v1,blast-lite-b093495-250ah-prismatic-v1,PHYSICS_REFERENCE,NEAR_BOUNDARY,23.25,6975.0,5870.741061912896,0.7402818333335706
temperature_45c,temperature-45c-v1,blast-lite-lfp-gr-250ah-prismatic-2019-v1,blast-lite-b093495-250ah-prismatic-v1,PHYSICS_REFERENCE,NEAR_BOUNDARY,23.333333333333332,7000.0,5889.248107746235,0.7397111237013597
temperature_45c,temperature-45c-v1,blast-lite-lfp-gr-250ah-prismatic-2019-v1,blast-lite-b093495-250ah-prismatic-v1,PHYSICS_REFERENCE,NEAR_BOUNDARY,23.416666666666668,7025.0,5907.740885838769,0.7391414018694455
temperature_45c,temperature-45c-v1,blast-lite-lfp-gr-250ah-prismatic-2019-v1,blast-lite-b093495-250ah-prismatic-v1,PHYSICS_REFERENCE,NEAR_BOUNDARY,23.5,7050.0,5926.219420885505,0.7385726637094173
temperature_45c,temperature-45c-v1,blast-lite-lfp-gr-250ah-prismatic-2019-v1,blast-lite-b093495-250ah-prismatic-v1,PHYSICS_REFERENCE,NEAR_BOUNDARY,23.583333333333332,7075.0,5944.683737478241,0.7380049051241191
temperature_45c,temperature-45c-v1,blast-lite-lfp-gr-250ah-prismatic-2019-v1,blast-lite-b093495-250ah-prismatic-v1,PHYSICS_REFERENCE,NEAR_BOUNDARY,23.666666666666668,7100.0,5963.1338601063435,0.7374381220472985
temperature_45c,temperature-45c-v1,blast-lite-lfp-gr-250ah-prismatic-2019-v1,blast-lite-b093495-250ah-prismatic-v1,PHYSICS_REFERENCE,NEAR_BOUNDARY,23.75,7125.0,5981.569813157526,0.7368723104432611
temperature_45c,temperature-45c-v1,blast-lite-lfp-gr-250ah-prismatic-2019-v1,blast-lite-b093495-250ah-prismatic-v1,PHYSICS_REFERENCE,NEAR_BOUNDARY,23.833333333333332,7150.0,5999.991620918608,0.7363074663065291
temperature_45c,temperature-45c-v1,blast-lite-lfp-gr-250ah-prismatic-2019-v1,blast-lite-b093495-250ah-prismatic-v1,PHYSICS_REFERENCE,NEAR_BOUNDARY,23.916666666666668,7175.0,6018.399307576271,0.7357435856615069
temperature_45c,temperature-45c-v1,blast-lite-lfp-gr-250ah-prismatic-2019-v1,blast-lite-b093495-250ah-prismatic-v1,PHYSICS_REFERENCE,NEAR_BOUNDARY,24.0,7200.0,6036.792897217809,0.735180664562149
temperature_45c,temperature-45c-v1,blast-lite-lfp-gr-250ah-prismatic-2019-v1,blast-lite-b093495-250ah-prismatic-v1,PHYSICS_REFERENCE,NEAR_BOUNDARY,24.083333333333332,7225.0,6055.172413831862,0.7346186990916357
temperature_45c,temperature-45c-v1,blast-lite-lfp-gr-250ah-prismatic-2019-v1,blast-lite-b093495-250ah-prismatic-v1,PHYSICS_REFERENCE,NEAR_BOUNDARY,24.166666666666668,7250.0,6073.537881309153,0.7340576853620498
temperature_45c,temperature-45c-v1,blast-lite-lfp-gr-250ah-prismatic-2019-v1,blast-lite-b093495-250ah-prismatic-v1,PHYSICS_REFERENCE,NEAR_BOUNDARY,24.25,7275.0,6091.889323443204,0.733497619514063
temperature_45c,temperature-45c-v1,blast-lite-lfp-gr-250ah-prismatic-2019-v1,blast-lite-b093495-250ah-prismatic-v1,PHYSICS_REFERENCE,NEAR_BOUNDARY,24.333333333333332,7300.0,6110.226763931056,0.7329384977166211
temperature_45c,temperature-45c-v1,blast-lite-lfp-gr-250ah-prismatic-2019-v1,blast-lite-b093495-250ah-prismatic-v1,PHYSICS_REFERENCE,NEAR_BOUNDARY,24.416666666666668,7325.0,6128.550226373971,0.7323803161666389
temperature_45c,temperature-45c-v1,blast-lite-lfp-gr-250ah-prismatic-2019-v1,blast-lite-b093495-250ah-prismatic-v1,PHYSICS_REFERENCE,NEAR_BOUNDARY,24.5,7350.0,6146.859734278137,0.7318230710886959
temperature_45c,temperature-45c-v1,blast-lite-lfp-gr-250ah-prismatic-2019-v1,blast-lite-b093495-250ah-prismatic-v1,PHYSICS_REFERENCE,NEAR_BOUNDARY,24.583333333333332,7375.0,6165.155311055354,0.7312667587347388
temperature_45c,temperature-45c-v1,blast-lite-lfp-gr-250ah-prismatic-2019-v1,blast-lite-b093495-250ah-prismatic-v1,PHYSICS_REFERENCE,NEAR_BOUNDARY,24.666666666666668,7400.0,6183.436980023723,0.7307113753837859
temperature_45c,temperature-45c-v1,blast-lite-lfp-gr-250ah-prismatic-2019-v1,blast-lite-b093495-250ah-prismatic-v1,PHYSICS_REFERENCE,NEAR_BOUNDARY,24.75,7425.0,6201.704764408318,0.7301569173416381
temperature_45c,temperature-45c-v1,blast-lite-lfp-gr-250ah-prismatic-2019-v1,blast-lite-b093495-250ah-prismatic-v1,PHYSICS_REFERENCE,NEAR_BOUNDARY,24.833333333333332,7450.0,6219.958687341858,0.7296033809405925
temperature_45c,temperature-45c-v1,blast-lite-lfp-gr-250ah-prismatic-2019-v1,blast-lite-b093495-250ah-prismatic-v1,PHYSICS_REFERENCE,NEAR_BOUNDARY,24.916666666666668,7475.0,6238.198771865374,0.7290507625391601
temperature_45c,temperature-45c-v1,blast-lite-lfp-gr-250ah-prismatic-2019-v1,blast-lite-b093495-250ah-prismatic-v1,PHYSICS_REFERENCE,NEAR_BOUNDARY,25.0,7500.0,6256.4250409288525,0.7284990585217884
